'RESERVOIRS' '04/10/2009' '13:12' 
'BORT R' 
'E'  2.37460000E+08  0.00000000E+00  4.07450016E+08  4.72999997E-02 
'APPORTS' 

 0.00000000E+00  0.00000000E+00  0.00000000E+00  0.00000000E+00  0.00000000E+00  0.00000000E+00 
 0.00000000E+00  0.00000000E+00  0.00000000E+00  0.00000000E+00  0.00000000E+00  0.00000000E+00 
 0.00000000E+00  0.00000000E+00  0.00000000E+00  0.00000000E+00  0.00000000E+00  0.00000000E+00 
 0.00000000E+00  0.00000000E+00  0.00000000E+00  0.00000000E+00  0.00000000E+00  0.00000000E+00 
 0.00000000E+00  0.00000000E+00  0.00000000E+00  0.00000000E+00  0.00000000E+00  0.00000000E+00 
 0.00000000E+00  0.00000000E+00  0.00000000E+00  0.00000000E+00  0.00000000E+00  0.00000000E+00 
 0.00000000E+00  0.00000000E+00  0.00000000E+00  0.00000000E+00  0.00000000E+00  0.00000000E+00 
 0.00000000E+00  0.00000000E+00  0.00000000E+00  0.00000000E+00  0.00000000E+00  0.00000000E+00 
 0.00000000E+00  0.00000000E+00  0.00000000E+00  0.00000000E+00  0.00000000E+00  0.00000000E+00 
 0.00000000E+00  0.00000000E+00  0.00000000E+00  0.00000000E+00  0.00000000E+00  0.00000000E+00 
 0.00000000E+00  0.00000000E+00  0.00000000E+00  0.00000000E+00  0.00000000E+00  0.00000000E+00 
 0.00000000E+00  0.00000000E+00  0.00000000E+00  0.00000000E+00  0.00000000E+00  0.00000000E+00 
 0.00000000E+00  0.00000000E+00  0.00000000E+00  0.00000000E+00  0.00000000E+00  0.00000000E+00 
 0.00000000E+00  0.00000000E+00  0.00000000E+00  0.00000000E+00  0.00000000E+00  0.00000000E+00 
 0.00000000E+00  0.00000000E+00  0.00000000E+00  0.00000000E+00  0.00000000E+00  0.00000000E+00 
 0.00000000E+00  0.00000000E+00  0.00000000E+00  0.00000000E+00  0.00000000E+00  0.00000000E+00 
'MAX OPTIMISATION' 

 4.07450016E+08  4.07450016E+08  4.07450016E+08  4.07450016E+08  4.07450016E+08  4.07450016E+08 
 4.07450016E+08  4.07450016E+08  4.07450016E+08  4.07450016E+08  4.07450016E+08  4.07450016E+08 
 4.07450016E+08  4.07450016E+08  4.07450016E+08  4.07450016E+08  4.07450016E+08  4.07450016E+08 
 4.07450016E+08  4.07450016E+08  4.07450016E+08  4.07450016E+08  4.07450016E+08  4.07450016E+08 
 4.07450016E+08  4.07450016E+08  4.07450016E+08  4.07450016E+08  4.07450016E+08  4.07450016E+08 
 4.07450016E+08  4.07450016E+08  4.07450016E+08  4.07450016E+08  4.07450016E+08  4.07450016E+08 
 4.07450016E+08  4.07450016E+08  4.07450016E+08  4.07450016E+08  4.07450016E+08  4.07450016E+08 
 4.07450016E+08  4.07450016E+08  4.07450016E+08  4.07450016E+08  4.07450016E+08  4.07450016E+08 
 4.07450016E+08  4.07450016E+08  4.07450016E+08  4.07450016E+08  4.07450016E+08  4.07450016E+08 
 4.07450016E+08  4.07450016E+08  4.07450016E+08  4.07450016E+08  4.07450016E+08  4.07450016E+08 
 4.07450016E+08  4.07450016E+08  4.07450016E+08  4.07450016E+08  4.07450016E+08  4.07450016E+08 
 4.07450016E+08  4.07450016E+08  4.07450016E+08  4.07450016E+08  4.07450016E+08  4.07450016E+08 
 4.07450016E+08  4.07450016E+08  4.07450016E+08  4.07450016E+08  4.07450016E+08  4.07450016E+08 
 4.07450016E+08  4.07450016E+08  4.07450016E+08  4.07450016E+08  4.07450016E+08  4.07450016E+08 
 4.07450016E+08  4.07450016E+08  4.07450016E+08  4.07450016E+08  4.07450016E+08  4.07450016E+08 
 4.07450016E+08  4.07450016E+08  4.07450016E+08  4.07450016E+08  4.07450016E+08  4.07450016E+08 
'MIN OPTIMISATION' 

 0.00000000E+00  0.00000000E+00  0.00000000E+00  0.00000000E+00  0.00000000E+00  0.00000000E+00 
 0.00000000E+00  0.00000000E+00  0.00000000E+00  0.00000000E+00  0.00000000E+00  0.00000000E+00 
 0.00000000E+00  0.00000000E+00  0.00000000E+00  0.00000000E+00  0.00000000E+00  0.00000000E+00 
 0.00000000E+00  0.00000000E+00  0.00000000E+00  0.00000000E+00  0.00000000E+00  0.00000000E+00 
 0.00000000E+00  0.00000000E+00  0.00000000E+00  0.00000000E+00  0.00000000E+00  0.00000000E+00 
 0.00000000E+00  0.00000000E+00  0.00000000E+00  0.00000000E+00  0.00000000E+00  0.00000000E+00 
 0.00000000E+00  0.00000000E+00  0.00000000E+00  0.00000000E+00  0.00000000E+00  0.00000000E+00 
 0.00000000E+00  0.00000000E+00  0.00000000E+00  0.00000000E+00  0.00000000E+00  0.00000000E+00 
 0.00000000E+00  0.00000000E+00  0.00000000E+00  0.00000000E+00  0.00000000E+00  0.00000000E+00 
 0.00000000E+00  0.00000000E+00  0.00000000E+00  0.00000000E+00  0.00000000E+00  0.00000000E+00 
 0.00000000E+00  0.00000000E+00  0.00000000E+00  0.00000000E+00  0.00000000E+00  0.00000000E+00 
 0.00000000E+00  0.00000000E+00  0.00000000E+00  0.00000000E+00  0.00000000E+00  0.00000000E+00 
 0.00000000E+00  0.00000000E+00  0.00000000E+00  0.00000000E+00  0.00000000E+00  0.00000000E+00 
 0.00000000E+00  0.00000000E+00  0.00000000E+00  0.00000000E+00  0.00000000E+00  0.00000000E+00 
 0.00000000E+00  0.00000000E+00  0.00000000E+00  0.00000000E+00  0.00000000E+00  0.00000000E+00 
 0.00000000E+00  0.00000000E+00  0.00000000E+00  0.00000000E+00  0.00000000E+00  0.00000000E+00 
'MAX LISSAGE' 

 4.07450016E+08  4.07450016E+08  4.07450016E+08  4.07450016E+08  4.07450016E+08  4.07450016E+08 
 4.07450016E+08  4.07450016E+08  4.07450016E+08  4.07450016E+08  4.07450016E+08  4.07450016E+08 
 4.07450016E+08  4.07450016E+08  4.07450016E+08  4.07450016E+08  4.07450016E+08  4.07450016E+08 
 4.07450016E+08  4.07450016E+08  4.07450016E+08  4.07450016E+08  4.07450016E+08  4.07450016E+08 
 4.07450016E+08  4.07450016E+08  4.07450016E+08  4.07450016E+08  4.07450016E+08  4.07450016E+08 
 4.07450016E+08  4.07450016E+08  4.07450016E+08  4.07450016E+08  4.07450016E+08  4.07450016E+08 
 4.07450016E+08  4.07450016E+08  4.07450016E+08  4.07450016E+08  4.07450016E+08  4.07450016E+08 
 4.07450016E+08  4.07450016E+08  4.07450016E+08  4.07450016E+08  4.07450016E+08  4.07450016E+08 
 4.07450016E+08  4.07450016E+08  4.07450016E+08  4.07450016E+08  4.07450016E+08  4.07450016E+08 
 4.07450016E+08  4.07450016E+08  4.07450016E+08  4.07450016E+08  4.07450016E+08  4.07450016E+08 
 4.07450016E+08  4.07450016E+08  4.07450016E+08  4.07450016E+08  4.07450016E+08  4.07450016E+08 
 4.07450016E+08  4.07450016E+08  4.07450016E+08  4.07450016E+08  4.07450016E+08  4.07450016E+08 
 4.07450016E+08  4.07450016E+08  4.07450016E+08  4.07450016E+08  4.07450016E+08  4.07450016E+08 
 4.07450016E+08  4.07450016E+08  4.07450016E+08  4.07450016E+08  4.07450016E+08  4.07450016E+08 
 4.07450016E+08  4.07450016E+08  4.07450016E+08  4.07450016E+08  4.07450016E+08  4.07450016E+08 
 4.07450016E+08  4.07450016E+08  4.07450016E+08  4.07450016E+08  4.07450016E+08  4.07450016E+08 
'MIN LISSAGE' 

 0.00000000E+00  0.00000000E+00  0.00000000E+00  0.00000000E+00  0.00000000E+00  0.00000000E+00 
 0.00000000E+00  0.00000000E+00  0.00000000E+00  0.00000000E+00  0.00000000E+00  0.00000000E+00 
 0.00000000E+00  0.00000000E+00  0.00000000E+00  0.00000000E+00  0.00000000E+00  0.00000000E+00 
 0.00000000E+00  0.00000000E+00  0.00000000E+00  0.00000000E+00  0.00000000E+00  0.00000000E+00 
 0.00000000E+00  0.00000000E+00  0.00000000E+00  0.00000000E+00  0.00000000E+00  0.00000000E+00 
 0.00000000E+00  0.00000000E+00  0.00000000E+00  0.00000000E+00  0.00000000E+00  0.00000000E+00 
 0.00000000E+00  0.00000000E+00  0.00000000E+00  0.00000000E+00  0.00000000E+00  0.00000000E+00 
 0.00000000E+00  0.00000000E+00  0.00000000E+00  0.00000000E+00  0.00000000E+00  0.00000000E+00 
 0.00000000E+00  0.00000000E+00  0.00000000E+00  0.00000000E+00  0.00000000E+00  0.00000000E+00 
 0.00000000E+00  0.00000000E+00  0.00000000E+00  0.00000000E+00  0.00000000E+00  0.00000000E+00 
 0.00000000E+00  0.00000000E+00  0.00000000E+00  0.00000000E+00  0.00000000E+00  0.00000000E+00 
 0.00000000E+00  0.00000000E+00  0.00000000E+00  0.00000000E+00  0.00000000E+00  0.00000000E+00 
 0.00000000E+00  0.00000000E+00  0.00000000E+00  0.00000000E+00  0.00000000E+00  0.00000000E+00 
 0.00000000E+00  0.00000000E+00  0.00000000E+00  0.00000000E+00  0.00000000E+00  0.00000000E+00 
 0.00000000E+00  0.00000000E+00  0.00000000E+00  0.00000000E+00  0.00000000E+00  0.00000000E+00 
 0.00000000E+00  0.00000000E+00  0.00000000E+00  0.00000000E+00  0.00000000E+00  0.00000000E+00 
'MAREFR' 
'X'  1.00000006E+03  1.00000006E+03  1.00000006E+03  0.00000000E+00 
'APPORTS' 

 0.00000000E+00  0.00000000E+00  0.00000000E+00  0.00000000E+00  0.00000000E+00  0.00000000E+00 
 0.00000000E+00  0.00000000E+00  0.00000000E+00  0.00000000E+00  0.00000000E+00  0.00000000E+00 
 0.00000000E+00  0.00000000E+00  0.00000000E+00  0.00000000E+00  0.00000000E+00  0.00000000E+00 
 0.00000000E+00  0.00000000E+00  0.00000000E+00  0.00000000E+00  0.00000000E+00  0.00000000E+00 
 0.00000000E+00  0.00000000E+00  0.00000000E+00  0.00000000E+00  0.00000000E+00  0.00000000E+00 
 0.00000000E+00  0.00000000E+00  0.00000000E+00  0.00000000E+00  0.00000000E+00  0.00000000E+00 
 0.00000000E+00  0.00000000E+00  0.00000000E+00  0.00000000E+00  0.00000000E+00  0.00000000E+00 
 0.00000000E+00  0.00000000E+00  0.00000000E+00  0.00000000E+00  0.00000000E+00  0.00000000E+00 
 0.00000000E+00  0.00000000E+00  0.00000000E+00  0.00000000E+00  0.00000000E+00  0.00000000E+00 
 0.00000000E+00  0.00000000E+00  0.00000000E+00  0.00000000E+00  0.00000000E+00  0.00000000E+00 
 0.00000000E+00  0.00000000E+00  0.00000000E+00  0.00000000E+00  0.00000000E+00  0.00000000E+00 
 0.00000000E+00  0.00000000E+00  0.00000000E+00  0.00000000E+00  0.00000000E+00  0.00000000E+00 
 0.00000000E+00  0.00000000E+00  0.00000000E+00  0.00000000E+00  0.00000000E+00  0.00000000E+00 
 0.00000000E+00  0.00000000E+00  0.00000000E+00  0.00000000E+00  0.00000000E+00  0.00000000E+00 
 0.00000000E+00  0.00000000E+00  0.00000000E+00  0.00000000E+00  0.00000000E+00  0.00000000E+00 
 0.00000000E+00  0.00000000E+00  0.00000000E+00  0.00000000E+00  0.00000000E+00  0.00000000E+00 
'MAX OPTIMISATION' 

 1.00000006E+03  1.00000006E+03  1.00000006E+03  1.00000006E+03  1.00000006E+03  1.00000006E+03 
 1.00000006E+03  1.00000006E+03  1.00000006E+03  1.00000006E+03  1.00000006E+03  1.00000006E+03 
 1.00000006E+03  1.00000006E+03  1.00000006E+03  1.00000006E+03  1.00000006E+03  1.00000006E+03 
 1.00000006E+03  1.00000006E+03  1.00000006E+03  1.00000006E+03  1.00000006E+03  1.00000006E+03 
 1.00000006E+03  1.00000006E+03  1.00000006E+03  1.00000006E+03  1.00000006E+03  1.00000006E+03 
 1.00000006E+03  1.00000006E+03  1.00000006E+03  1.00000006E+03  1.00000006E+03  1.00000006E+03 
 1.00000006E+03  1.00000006E+03  1.00000006E+03  1.00000006E+03  1.00000006E+03  1.00000006E+03 
 1.00000006E+03  1.00000006E+03  1.00000006E+03  1.00000006E+03  1.00000006E+03  1.00000006E+03 
 1.00000006E+03  1.00000006E+03  1.00000006E+03  1.00000006E+03  1.00000006E+03  1.00000006E+03 
 1.00000006E+03  1.00000006E+03  1.00000006E+03  1.00000006E+03  1.00000006E+03  1.00000006E+03 
 1.00000006E+03  1.00000006E+03  1.00000006E+03  1.00000006E+03  1.00000006E+03  1.00000006E+03 
 1.00000006E+03  1.00000006E+03  1.00000006E+03  1.00000006E+03  1.00000006E+03  1.00000006E+03 
 1.00000006E+03  1.00000006E+03  1.00000006E+03  1.00000006E+03  1.00000006E+03  1.00000006E+03 
 1.00000006E+03  1.00000006E+03  1.00000006E+03  1.00000006E+03  1.00000006E+03  1.00000006E+03 
 1.00000006E+03  1.00000006E+03  1.00000006E+03  1.00000006E+03  1.00000006E+03  1.00000006E+03 
 1.00000006E+03  1.00000006E+03  1.00000006E+03  1.00000006E+03  1.00000006E+03  1.00000006E+03 
'MIN OPTIMISATION' 

 0.00000000E+00  0.00000000E+00  0.00000000E+00  0.00000000E+00  0.00000000E+00  0.00000000E+00 
 0.00000000E+00  0.00000000E+00  0.00000000E+00  0.00000000E+00  0.00000000E+00  0.00000000E+00 
 0.00000000E+00  0.00000000E+00  0.00000000E+00  0.00000000E+00  0.00000000E+00  0.00000000E+00 
 0.00000000E+00  0.00000000E+00  0.00000000E+00  0.00000000E+00  0.00000000E+00  0.00000000E+00 
 0.00000000E+00  0.00000000E+00  0.00000000E+00  0.00000000E+00  0.00000000E+00  0.00000000E+00 
 0.00000000E+00  0.00000000E+00  0.00000000E+00  0.00000000E+00  0.00000000E+00  0.00000000E+00 
 0.00000000E+00  0.00000000E+00  0.00000000E+00  0.00000000E+00  0.00000000E+00  0.00000000E+00 
 0.00000000E+00  0.00000000E+00  0.00000000E+00  0.00000000E+00  0.00000000E+00  0.00000000E+00 
 0.00000000E+00  0.00000000E+00  0.00000000E+00  0.00000000E+00  0.00000000E+00  0.00000000E+00 
 0.00000000E+00  0.00000000E+00  0.00000000E+00  0.00000000E+00  0.00000000E+00  0.00000000E+00 
 0.00000000E+00  0.00000000E+00  0.00000000E+00  0.00000000E+00  0.00000000E+00  0.00000000E+00 
 0.00000000E+00  0.00000000E+00  0.00000000E+00  0.00000000E+00  0.00000000E+00  0.00000000E+00 
 0.00000000E+00  0.00000000E+00  0.00000000E+00  0.00000000E+00  0.00000000E+00  0.00000000E+00 
 0.00000000E+00  0.00000000E+00  0.00000000E+00  0.00000000E+00  0.00000000E+00  0.00000000E+00 
 0.00000000E+00  0.00000000E+00  0.00000000E+00  0.00000000E+00  0.00000000E+00  0.00000000E+00 
 0.00000000E+00  0.00000000E+00  0.00000000E+00  0.00000000E+00  0.00000000E+00  0.00000000E+00 
'MAX LISSAGE' 

 1.00000006E+03  1.00000006E+03  1.00000006E+03  1.00000006E+03  1.00000006E+03  1.00000006E+03 
 1.00000006E+03  1.00000006E+03  1.00000006E+03  1.00000006E+03  1.00000006E+03  1.00000006E+03 
 1.00000006E+03  1.00000006E+03  1.00000006E+03  1.00000006E+03  1.00000006E+03  1.00000006E+03 
 1.00000006E+03  1.00000006E+03  1.00000006E+03  1.00000006E+03  1.00000006E+03  1.00000006E+03 
 1.00000006E+03  1.00000006E+03  1.00000006E+03  1.00000006E+03  1.00000006E+03  1.00000006E+03 
 1.00000006E+03  1.00000006E+03  1.00000006E+03  1.00000006E+03  1.00000006E+03  1.00000006E+03 
 1.00000006E+03  1.00000006E+03  1.00000006E+03  1.00000006E+03  1.00000006E+03  1.00000006E+03 
 1.00000006E+03  1.00000006E+03  1.00000006E+03  1.00000006E+03  1.00000006E+03  1.00000006E+03 
 1.00000006E+03  1.00000006E+03  1.00000006E+03  1.00000006E+03  1.00000006E+03  1.00000006E+03 
 1.00000006E+03  1.00000006E+03  1.00000006E+03  1.00000006E+03  1.00000006E+03  1.00000006E+03 
 1.00000006E+03  1.00000006E+03  1.00000006E+03  1.00000006E+03  1.00000006E+03  1.00000006E+03 
 1.00000006E+03  1.00000006E+03  1.00000006E+03  1.00000006E+03  1.00000006E+03  1.00000006E+03 
 1.00000006E+03  1.00000006E+03  1.00000006E+03  1.00000006E+03  1.00000006E+03  1.00000006E+03 
 1.00000006E+03  1.00000006E+03  1.00000006E+03  1.00000006E+03  1.00000006E+03  1.00000006E+03 
 1.00000006E+03  1.00000006E+03  1.00000006E+03  1.00000006E+03  1.00000006E+03  1.00000006E+03 
 1.00000006E+03  1.00000006E+03  1.00000006E+03  1.00000006E+03  1.00000006E+03  1.00000006E+03 
'MIN LISSAGE' 

 0.00000000E+00  0.00000000E+00  0.00000000E+00  0.00000000E+00  0.00000000E+00  0.00000000E+00 
 0.00000000E+00  0.00000000E+00  0.00000000E+00  0.00000000E+00  0.00000000E+00  0.00000000E+00 
 0.00000000E+00  0.00000000E+00  0.00000000E+00  0.00000000E+00  0.00000000E+00  0.00000000E+00 
 0.00000000E+00  0.00000000E+00  0.00000000E+00  0.00000000E+00  0.00000000E+00  0.00000000E+00 
 0.00000000E+00  0.00000000E+00  0.00000000E+00  0.00000000E+00  0.00000000E+00  0.00000000E+00 
 0.00000000E+00  0.00000000E+00  0.00000000E+00  0.00000000E+00  0.00000000E+00  0.00000000E+00 
 0.00000000E+00  0.00000000E+00  0.00000000E+00  0.00000000E+00  0.00000000E+00  0.00000000E+00 
 0.00000000E+00  0.00000000E+00  0.00000000E+00  0.00000000E+00  0.00000000E+00  0.00000000E+00 
 0.00000000E+00  0.00000000E+00  0.00000000E+00  0.00000000E+00  0.00000000E+00  0.00000000E+00 
 0.00000000E+00  0.00000000E+00  0.00000000E+00  0.00000000E+00  0.00000000E+00  0.00000000E+00 
 0.00000000E+00  0.00000000E+00  0.00000000E+00  0.00000000E+00  0.00000000E+00  0.00000000E+00 
 0.00000000E+00  0.00000000E+00  0.00000000E+00  0.00000000E+00  0.00000000E+00  0.00000000E+00 
 0.00000000E+00  0.00000000E+00  0.00000000E+00  0.00000000E+00  0.00000000E+00  0.00000000E+00 
 0.00000000E+00  0.00000000E+00  0.00000000E+00  0.00000000E+00  0.00000000E+00  0.00000000E+00 
 0.00000000E+00  0.00000000E+00  0.00000000E+00  0.00000000E+00  0.00000000E+00  0.00000000E+00 
 0.00000000E+00  0.00000000E+00  0.00000000E+00  0.00000000E+00  0.00000000E+00  0.00000000E+00 
'AIGLER' 
'E'  1.26920000E+08  1.24996000E+08  1.24996000E+08  0.00000000E+00 
'APPORTS' 

 4.00000000E+00  4.00000000E+00  4.00000000E+00  4.00000000E+00  4.00000000E+00  4.00000000E+00 
 4.00000000E+00  4.00000000E+00  4.00000000E+00  4.00000000E+00  4.00000000E+00  4.00000000E+00 
 4.00000000E+00  4.00000000E+00  4.00000000E+00  4.00000000E+00  4.00000000E+00  4.00000000E+00 
 4.00000000E+00  4.00000000E+00  4.00000000E+00  4.00000000E+00  4.00000000E+00  4.00000000E+00 
 4.00000000E+00  4.00000000E+00  4.00000000E+00  4.00000000E+00  4.00000000E+00  4.00000000E+00 
 4.00000000E+00  4.00000000E+00  4.00000000E+00  4.00000000E+00  4.00000000E+00  4.00000000E+00 
 4.00000000E+00  4.00000000E+00  4.00000000E+00  4.00000000E+00  4.00000000E+00  4.00000000E+00 
 4.00000000E+00  4.00000000E+00  4.00000000E+00  4.00000000E+00  4.00000000E+00  4.00000000E+00 
 4.00000000E+00  4.00000000E+00  4.00000000E+00  4.00000000E+00  4.00000000E+00  4.00000000E+00 
 4.00000000E+00  4.00000000E+00  4.00000000E+00  4.00000000E+00  4.00000000E+00  4.00000000E+00 
 4.00000000E+00  4.00000000E+00  4.00000000E+00  4.00000000E+00  4.00000000E+00  4.00000000E+00 
 4.00000000E+00  4.00000000E+00  4.00000000E+00  4.00000000E+00  4.00000000E+00  4.00000000E+00 
 4.00000000E+00  4.00000000E+00  4.00000000E+00  4.00000000E+00  4.00000000E+00  4.00000000E+00 
 4.00000000E+00  4.00000000E+00  4.00000000E+00  4.00000000E+00  4.00000000E+00  4.00000000E+00 
 4.00000000E+00  4.00000000E+00  4.00000000E+00  4.00000000E+00  4.00000000E+00  4.00000000E+00 
 4.00000000E+00  4.00000000E+00  4.00000000E+00  4.00000000E+00  4.00000000E+00  4.00000000E+00 
'MAX OPTIMISATION' 

 1.58400000E+08  1.58400000E+08  1.44400000E+08  1.44400000E+08  1.44400000E+08  1.44400000E+08 
 1.44400000E+08  1.44400000E+08  1.44400000E+08  1.44400000E+08  1.44400000E+08  1.44400000E+08 
 1.44400000E+08  1.44400000E+08  1.44400000E+08  1.44400000E+08  1.44400000E+08  1.44400000E+08 
 1.44400000E+08  1.44400000E+08  1.44400000E+08  1.44400000E+08  1.44400000E+08  1.44400000E+08 
 1.44400000E+08  1.44400000E+08  1.44400000E+08  1.44400000E+08  1.44400000E+08  1.44400000E+08 
 1.44400000E+08  1.44400000E+08  1.44400000E+08  1.44400000E+08  1.44400000E+08  1.44400000E+08 
 1.44400000E+08  1.44400000E+08  1.44400000E+08  1.44400000E+08  1.44400000E+08  1.44400000E+08 
 1.44400000E+08  1.44400000E+08  1.44400000E+08  1.44400000E+08  1.58400000E+08  1.26330080E+08 
 1.58400000E+08  1.58400000E+08  1.44400000E+08  1.44400000E+08  1.44400000E+08  1.44400000E+08 
 1.44400000E+08  1.44400000E+08  1.44400000E+08  1.44400000E+08  1.44400000E+08  1.44400000E+08 
 1.44400000E+08  1.44400000E+08  1.44400000E+08  1.44400000E+08  1.44400000E+08  1.44400000E+08 
 1.44400000E+08  1.44400000E+08  1.44400000E+08  1.44400000E+08  1.44400000E+08  1.44400000E+08 
 1.44400000E+08  1.44400000E+08  1.44400000E+08  1.44400000E+08  1.44400000E+08  1.44400000E+08 
 1.44400000E+08  1.44400000E+08  1.44400000E+08  1.44400000E+08  1.44400000E+08  1.44400000E+08 
 1.44400000E+08  1.44400000E+08  1.44400000E+08  1.44400000E+08  1.44400000E+08  1.44400000E+08 
 1.44400000E+08  1.44400000E+08  1.44400000E+08  1.44400000E+08  1.58400000E+08  1.58400000E+08 
'MIN OPTIMISATION' 

 0.00000000E+00  0.00000000E+00  0.00000000E+00  0.00000000E+00  0.00000000E+00  0.00000000E+00 
 0.00000000E+00  0.00000000E+00  0.00000000E+00  0.00000000E+00  0.00000000E+00  0.00000000E+00 
 0.00000000E+00  0.00000000E+00  0.00000000E+00  0.00000000E+00  0.00000000E+00  0.00000000E+00 
 0.00000000E+00  0.00000000E+00  0.00000000E+00  0.00000000E+00  0.00000000E+00  0.00000000E+00 
 0.00000000E+00  0.00000000E+00  0.00000000E+00  0.00000000E+00  0.00000000E+00  0.00000000E+00 
 0.00000000E+00  0.00000000E+00  0.00000000E+00  0.00000000E+00  0.00000000E+00  0.00000000E+00 
 0.00000000E+00  0.00000000E+00  0.00000000E+00  0.00000000E+00  0.00000000E+00  0.00000000E+00 
 0.00000000E+00  0.00000000E+00  0.00000000E+00  0.00000000E+00  0.00000000E+00  1.25930080E+08 
 0.00000000E+00  0.00000000E+00  0.00000000E+00  0.00000000E+00  0.00000000E+00  0.00000000E+00 
 0.00000000E+00  0.00000000E+00  0.00000000E+00  0.00000000E+00  0.00000000E+00  0.00000000E+00 
 0.00000000E+00  0.00000000E+00  0.00000000E+00  0.00000000E+00  0.00000000E+00  0.00000000E+00 
 0.00000000E+00  0.00000000E+00  0.00000000E+00  0.00000000E+00  0.00000000E+00  0.00000000E+00 
 0.00000000E+00  0.00000000E+00  0.00000000E+00  0.00000000E+00  0.00000000E+00  0.00000000E+00 
 0.00000000E+00  0.00000000E+00  0.00000000E+00  0.00000000E+00  0.00000000E+00  0.00000000E+00 
 0.00000000E+00  0.00000000E+00  0.00000000E+00  0.00000000E+00  0.00000000E+00  0.00000000E+00 
 0.00000000E+00  0.00000000E+00  0.00000000E+00  0.00000000E+00  0.00000000E+00  0.00000000E+00 
'MAX LISSAGE' 

 1.58400000E+08  1.58400000E+08  1.44400000E+08  1.44400000E+08  1.44400000E+08  1.44400000E+08 
 1.44400000E+08  1.44400000E+08  1.44400000E+08  1.44400000E+08  1.44400000E+08  1.44400000E+08 
 1.44400000E+08  1.44400000E+08  1.44400000E+08  1.44400000E+08  1.44400000E+08  1.44400000E+08 
 1.44400000E+08  1.44400000E+08  1.44400000E+08  1.44400000E+08  1.44400000E+08  1.44400000E+08 
 1.44400000E+08  1.44400000E+08  1.44400000E+08  1.44400000E+08  1.44400000E+08  1.44400000E+08 
 1.44400000E+08  1.44400000E+08  1.44400000E+08  1.44400000E+08  1.44400000E+08  1.44400000E+08 
 1.44400000E+08  1.44400000E+08  1.44400000E+08  1.44400000E+08  1.44400000E+08  1.44400000E+08 
 1.44400000E+08  1.44400000E+08  1.44400000E+08  1.44400000E+08  1.58400000E+08  1.58400000E+08 
 1.58400000E+08  1.58400000E+08  1.44400000E+08  1.44400000E+08  1.44400000E+08  1.44400000E+08 
 1.44400000E+08  1.44400000E+08  1.44400000E+08  1.44400000E+08  1.44400000E+08  1.44400000E+08 
 1.44400000E+08  1.44400000E+08  1.44400000E+08  1.44400000E+08  1.44400000E+08  1.44400000E+08 
 1.44400000E+08  1.44400000E+08  1.44400000E+08  1.44400000E+08  1.44400000E+08  1.44400000E+08 
 1.44400000E+08  1.44400000E+08  1.44400000E+08  1.44400000E+08  1.44400000E+08  1.44400000E+08 
 1.44400000E+08  1.44400000E+08  1.44400000E+08  1.44400000E+08  1.44400000E+08  1.44400000E+08 
 1.44400000E+08  1.44400000E+08  1.44400000E+08  1.44400000E+08  1.44400000E+08  1.44400000E+08 
 1.44400000E+08  1.44400000E+08  1.44400000E+08  1.44400000E+08  1.58400000E+08  1.58400000E+08 
'MIN LISSAGE' 

 0.00000000E+00  0.00000000E+00  0.00000000E+00  0.00000000E+00  0.00000000E+00  0.00000000E+00 
 0.00000000E+00  0.00000000E+00  0.00000000E+00  0.00000000E+00  0.00000000E+00  0.00000000E+00 
 0.00000000E+00  0.00000000E+00  0.00000000E+00  0.00000000E+00  0.00000000E+00  0.00000000E+00 
 0.00000000E+00  0.00000000E+00  0.00000000E+00  0.00000000E+00  0.00000000E+00  0.00000000E+00 
 0.00000000E+00  0.00000000E+00  0.00000000E+00  0.00000000E+00  0.00000000E+00  0.00000000E+00 
 0.00000000E+00  0.00000000E+00  0.00000000E+00  0.00000000E+00  0.00000000E+00  0.00000000E+00 
 0.00000000E+00  0.00000000E+00  0.00000000E+00  0.00000000E+00  0.00000000E+00  0.00000000E+00 
 0.00000000E+00  0.00000000E+00  0.00000000E+00  0.00000000E+00  0.00000000E+00  0.00000000E+00 
 0.00000000E+00  0.00000000E+00  0.00000000E+00  0.00000000E+00  0.00000000E+00  0.00000000E+00 
 0.00000000E+00  0.00000000E+00  0.00000000E+00  0.00000000E+00  0.00000000E+00  0.00000000E+00 
 0.00000000E+00  0.00000000E+00  0.00000000E+00  0.00000000E+00  0.00000000E+00  0.00000000E+00 
 0.00000000E+00  0.00000000E+00  0.00000000E+00  0.00000000E+00  0.00000000E+00  0.00000000E+00 
 0.00000000E+00  0.00000000E+00  0.00000000E+00  0.00000000E+00  0.00000000E+00  0.00000000E+00 
 0.00000000E+00  0.00000000E+00  0.00000000E+00  0.00000000E+00  0.00000000E+00  0.00000000E+00 
 0.00000000E+00  0.00000000E+00  0.00000000E+00  0.00000000E+00  0.00000000E+00  0.00000000E+00 
 0.00000000E+00  0.00000000E+00  0.00000000E+00  0.00000000E+00  0.00000000E+00  0.00000000E+00 
'CHASTR' 
'E'  8.81000000E+07  7.59250000E+07  7.59250000E+07  0.00000000E+00 
'APPORTS' 

 1.50000000E+00  1.50000000E+00  1.50000000E+00  1.50000000E+00  1.50000000E+00  1.50000000E+00 
 1.50000000E+00  1.50000000E+00  1.50000000E+00  1.50000000E+00  1.50000000E+00  1.50000000E+00 
 1.50000000E+00  1.50000000E+00  1.50000000E+00  1.50000000E+00  1.50000000E+00  1.50000000E+00 
 1.50000000E+00  1.50000000E+00  1.50000000E+00  1.50000000E+00  1.50000000E+00  1.50000000E+00 
 1.50000000E+00  1.50000000E+00  1.50000000E+00  1.50000000E+00  1.50000000E+00  1.50000000E+00 
 1.50000000E+00  1.50000000E+00  1.50000000E+00  1.50000000E+00  1.50000000E+00  1.50000000E+00 
 1.50000000E+00  1.50000000E+00  1.50000000E+00  1.50000000E+00  1.50000000E+00  1.50000000E+00 
 1.50000000E+00  1.50000000E+00  1.50000000E+00  1.50000000E+00  1.50000000E+00  1.50000000E+00 
 1.50000000E+00  1.50000000E+00  1.50000000E+00  1.50000000E+00  1.50000000E+00  1.50000000E+00 
 1.50000000E+00  1.50000000E+00  1.50000000E+00  1.50000000E+00  1.50000000E+00  1.50000000E+00 
 1.50000000E+00  1.50000000E+00  1.50000000E+00  1.50000000E+00  1.50000000E+00  1.50000000E+00 
 1.50000000E+00  1.50000000E+00  1.50000000E+00  1.50000000E+00  1.50000000E+00  1.50000000E+00 
 1.50000000E+00  1.50000000E+00  1.50000000E+00  1.50000000E+00  1.50000000E+00  1.50000000E+00 
 1.50000000E+00  1.50000000E+00  1.50000000E+00  1.50000000E+00  1.50000000E+00  1.50000000E+00 
 1.50000000E+00  1.50000000E+00  1.50000000E+00  1.50000000E+00  1.50000000E+00  1.50000000E+00 
 1.50000000E+00  1.50000000E+00  1.50000000E+00  1.50000000E+00  1.50000000E+00  1.50000000E+00 
'MAX OPTIMISATION' 

 1.15700000E+08  1.15700000E+08  1.15700000E+08  1.15700000E+08  1.15700000E+08  1.15700000E+08 
 1.15700000E+08  1.15700000E+08  1.15700000E+08  1.15700000E+08  1.15700000E+08  1.15700000E+08 
 1.15700000E+08  1.15700000E+08  1.15700000E+08  1.15700000E+08  1.15700000E+08  1.15700000E+08 
 1.15700000E+08  1.15700000E+08  1.15700000E+08  1.15700000E+08  1.15700000E+08  1.15700000E+08 
 1.15700000E+08  1.15700000E+08  1.15700000E+08  1.15700000E+08  1.15700000E+08  1.15700000E+08 
 1.15700000E+08  1.15700000E+08  1.15700000E+08  1.15700000E+08  1.15700000E+08  1.15700000E+08 
 1.15700000E+08  1.15700000E+08  1.15700000E+08  1.15700000E+08  1.15700000E+08  1.15700000E+08 
 1.15700000E+08  1.15700000E+08  1.15700000E+08  1.15700000E+08  1.15700000E+08  8.36980400E+07 
 1.15700000E+08  1.15700000E+08  1.15700000E+08  1.15700000E+08  1.15700000E+08  1.15700000E+08 
 1.15700000E+08  1.15700000E+08  1.15700000E+08  1.15700000E+08  1.15700000E+08  1.15700000E+08 
 1.15700000E+08  1.15700000E+08  1.15700000E+08  1.15700000E+08  1.15700000E+08  1.15700000E+08 
 1.15700000E+08  1.15700000E+08  1.15700000E+08  1.15700000E+08  1.15700000E+08  1.15700000E+08 
 1.15700000E+08  1.15700000E+08  1.15700000E+08  1.15700000E+08  1.15700000E+08  1.15700000E+08 
 1.15700000E+08  1.15700000E+08  1.15700000E+08  1.15700000E+08  1.15700000E+08  1.15700000E+08 
 1.15700000E+08  1.15700000E+08  1.15700000E+08  1.15700000E+08  1.15700000E+08  1.15700000E+08 
 1.15700000E+08  1.15700000E+08  1.15700000E+08  1.15700000E+08  1.15700000E+08  1.15700000E+08 
'MIN OPTIMISATION' 

 0.00000000E+00  0.00000000E+00  0.00000000E+00  0.00000000E+00  0.00000000E+00  0.00000000E+00 
 0.00000000E+00  0.00000000E+00  0.00000000E+00  0.00000000E+00  0.00000000E+00  0.00000000E+00 
 0.00000000E+00  0.00000000E+00  0.00000000E+00  0.00000000E+00  0.00000000E+00  0.00000000E+00 
 0.00000000E+00  0.00000000E+00  0.00000000E+00  0.00000000E+00  0.00000000E+00  0.00000000E+00 
 0.00000000E+00  0.00000000E+00  0.00000000E+00  0.00000000E+00  0.00000000E+00  0.00000000E+00 
 0.00000000E+00  0.00000000E+00  0.00000000E+00  0.00000000E+00  0.00000000E+00  0.00000000E+00 
 0.00000000E+00  0.00000000E+00  0.00000000E+00  0.00000000E+00  0.00000000E+00  0.00000000E+00 
 0.00000000E+00  0.00000000E+00  0.00000000E+00  0.00000000E+00  0.00000000E+00  8.28979600E+07 
 0.00000000E+00  0.00000000E+00  0.00000000E+00  0.00000000E+00  0.00000000E+00  0.00000000E+00 
 0.00000000E+00  0.00000000E+00  0.00000000E+00  0.00000000E+00  0.00000000E+00  0.00000000E+00 
 0.00000000E+00  0.00000000E+00  0.00000000E+00  0.00000000E+00  0.00000000E+00  0.00000000E+00 
 0.00000000E+00  0.00000000E+00  0.00000000E+00  0.00000000E+00  0.00000000E+00  0.00000000E+00 
 0.00000000E+00  0.00000000E+00  0.00000000E+00  0.00000000E+00  0.00000000E+00  0.00000000E+00 
 0.00000000E+00  0.00000000E+00  0.00000000E+00  0.00000000E+00  0.00000000E+00  0.00000000E+00 
 0.00000000E+00  0.00000000E+00  0.00000000E+00  0.00000000E+00  0.00000000E+00  0.00000000E+00 
 0.00000000E+00  0.00000000E+00  0.00000000E+00  0.00000000E+00  0.00000000E+00  0.00000000E+00 
'MAX LISSAGE' 

 1.15700000E+08  1.15700000E+08  1.15700000E+08  1.15700000E+08  1.15700000E+08  1.15700000E+08 
 1.15700000E+08  1.15700000E+08  1.15700000E+08  1.15700000E+08  1.15700000E+08  1.15700000E+08 
 1.15700000E+08  1.15700000E+08  1.15700000E+08  1.15700000E+08  1.15700000E+08  1.15700000E+08 
 1.15700000E+08  1.15700000E+08  1.15700000E+08  1.15700000E+08  1.15700000E+08  1.15700000E+08 
 1.15700000E+08  1.15700000E+08  1.15700000E+08  1.15700000E+08  1.15700000E+08  1.15700000E+08 
 1.15700000E+08  1.15700000E+08  1.15700000E+08  1.15700000E+08  1.15700000E+08  1.15700000E+08 
 1.15700000E+08  1.15700000E+08  1.15700000E+08  1.15700000E+08  1.15700000E+08  1.15700000E+08 
 1.15700000E+08  1.15700000E+08  1.15700000E+08  1.15700000E+08  1.15700000E+08  1.15700000E+08 
 1.15700000E+08  1.15700000E+08  1.15700000E+08  1.15700000E+08  1.15700000E+08  1.15700000E+08 
 1.15700000E+08  1.15700000E+08  1.15700000E+08  1.15700000E+08  1.15700000E+08  1.15700000E+08 
 1.15700000E+08  1.15700000E+08  1.15700000E+08  1.15700000E+08  1.15700000E+08  1.15700000E+08 
 1.15700000E+08  1.15700000E+08  1.15700000E+08  1.15700000E+08  1.15700000E+08  1.15700000E+08 
 1.15700000E+08  1.15700000E+08  1.15700000E+08  1.15700000E+08  1.15700000E+08  1.15700000E+08 
 1.15700000E+08  1.15700000E+08  1.15700000E+08  1.15700000E+08  1.15700000E+08  1.15700000E+08 
 1.15700000E+08  1.15700000E+08  1.15700000E+08  1.15700000E+08  1.15700000E+08  1.15700000E+08 
 1.15700000E+08  1.15700000E+08  1.15700000E+08  1.15700000E+08  1.15700000E+08  1.15700000E+08 
'MIN LISSAGE' 

 0.00000000E+00  0.00000000E+00  0.00000000E+00  0.00000000E+00  0.00000000E+00  0.00000000E+00 
 0.00000000E+00  0.00000000E+00  0.00000000E+00  0.00000000E+00  0.00000000E+00  0.00000000E+00 
 0.00000000E+00  0.00000000E+00  0.00000000E+00  0.00000000E+00  0.00000000E+00  0.00000000E+00 
 0.00000000E+00  0.00000000E+00  0.00000000E+00  0.00000000E+00  0.00000000E+00  0.00000000E+00 
 0.00000000E+00  0.00000000E+00  0.00000000E+00  0.00000000E+00  0.00000000E+00  0.00000000E+00 
 0.00000000E+00  0.00000000E+00  0.00000000E+00  0.00000000E+00  0.00000000E+00  0.00000000E+00 
 0.00000000E+00  0.00000000E+00  0.00000000E+00  0.00000000E+00  0.00000000E+00  0.00000000E+00 
 0.00000000E+00  0.00000000E+00  0.00000000E+00  0.00000000E+00  0.00000000E+00  0.00000000E+00 
 0.00000000E+00  0.00000000E+00  0.00000000E+00  0.00000000E+00  0.00000000E+00  0.00000000E+00 
 0.00000000E+00  0.00000000E+00  0.00000000E+00  0.00000000E+00  0.00000000E+00  0.00000000E+00 
 0.00000000E+00  0.00000000E+00  0.00000000E+00  0.00000000E+00  0.00000000E+00  0.00000000E+00 
 0.00000000E+00  0.00000000E+00  0.00000000E+00  0.00000000E+00  0.00000000E+00  0.00000000E+00 
 0.00000000E+00  0.00000000E+00  0.00000000E+00  0.00000000E+00  0.00000000E+00  0.00000000E+00 
 0.00000000E+00  0.00000000E+00  0.00000000E+00  0.00000000E+00  0.00000000E+00  0.00000000E+00 
 0.00000000E+00  0.00000000E+00  0.00000000E+00  0.00000000E+00  0.00000000E+00  0.00000000E+00 
 0.00000000E+00  0.00000000E+00  0.00000000E+00  0.00000000E+00  0.00000000E+00  0.00000000E+00 
'ARGE5R' 
'E'  2.65700000E+06  2.20400000E+06  2.20400000E+06  0.00000000E+00 
'APPORTS' 

 4.00000006E-01  4.00000006E-01  4.00000006E-01  4.00000006E-01  4.00000006E-01  4.00000006E-01 
 4.00000006E-01  4.00000006E-01  4.00000006E-01  4.00000006E-01  4.00000006E-01  4.00000006E-01 
 4.00000006E-01  4.00000006E-01  4.00000006E-01  4.00000006E-01  4.00000006E-01  4.00000006E-01 
 4.00000006E-01  4.00000006E-01  4.00000006E-01  4.00000006E-01  4.00000006E-01  4.00000006E-01 
 4.00000006E-01  4.00000006E-01  4.00000006E-01  4.00000006E-01  4.00000006E-01  4.00000006E-01 
 4.00000006E-01  4.00000006E-01  4.00000006E-01  4.00000006E-01  4.00000006E-01  4.00000006E-01 
 4.00000006E-01  4.00000006E-01  4.00000006E-01  4.00000006E-01  4.00000006E-01  4.00000006E-01 
 4.00000006E-01  4.00000006E-01  4.00000006E-01  4.00000006E-01  4.00000006E-01  4.00000006E-01 
 4.00000006E-01  4.00000006E-01  4.00000006E-01  4.00000006E-01  4.00000006E-01  4.00000006E-01 
 4.00000006E-01  4.00000006E-01  4.00000006E-01  4.00000006E-01  4.00000006E-01  4.00000006E-01 
 4.00000006E-01  4.00000006E-01  4.00000006E-01  4.00000006E-01  4.00000006E-01  4.00000006E-01 
 4.00000006E-01  4.00000006E-01  4.00000006E-01  4.00000006E-01  4.00000006E-01  4.00000006E-01 
 4.00000006E-01  4.00000006E-01  4.00000006E-01  4.00000006E-01  4.00000006E-01  4.00000006E-01 
 4.00000006E-01  4.00000006E-01  4.00000006E-01  4.00000006E-01  4.00000006E-01  4.00000006E-01 
 4.00000006E-01  4.00000006E-01  4.00000006E-01  4.00000006E-01  4.00000006E-01  4.00000006E-01 
 4.00000006E-01  4.00000006E-01  4.00000006E-01  4.00000006E-01  4.00000006E-01  4.00000006E-01 
'MAX OPTIMISATION' 

 3.39000550E+06  3.39000550E+06  3.39000550E+06  3.39000550E+06  3.39000550E+06  3.39000550E+06 
 3.39000550E+06  3.39000550E+06  3.39000550E+06  3.39000550E+06  3.39000550E+06  3.39000550E+06 
 3.39000550E+06  3.39000550E+06  3.39000550E+06  3.39000550E+06  3.39000550E+06  3.39000550E+06 
 3.39000550E+06  3.39000550E+06  3.39000550E+06  3.39000550E+06  3.39000550E+06  3.39000550E+06 
 3.39000550E+06  3.39000550E+06  3.39000550E+06  3.39000550E+06  3.39000550E+06  3.39000550E+06 
 3.39000550E+06  3.39000550E+06  3.39000550E+06  3.39000550E+06  3.39000550E+06  3.39000550E+06 
 3.39000550E+06  3.39000550E+06  3.39000550E+06  3.39000550E+06  3.39000550E+06  3.39000550E+06 
 3.39000550E+06  3.39000550E+06  3.39000550E+06  3.39000550E+06  3.39000550E+06  2.79100350E+06 
 3.39000550E+06  3.39000550E+06  3.39000550E+06  3.39000550E+06  3.39000550E+06  3.39000550E+06 
 3.39000550E+06  3.39000550E+06  3.39000550E+06  3.39000550E+06  3.39000550E+06  3.39000550E+06 
 3.39000550E+06  3.39000550E+06  3.39000550E+06  3.39000550E+06  3.39000550E+06  3.39000550E+06 
 3.39000550E+06  3.39000550E+06  3.39000550E+06  3.39000550E+06  3.39000550E+06  3.39000550E+06 
 3.39000550E+06  3.39000550E+06  3.39000550E+06  3.39000550E+06  3.39000550E+06  3.39000550E+06 
 3.39000550E+06  3.39000550E+06  3.39000550E+06  3.39000550E+06  3.39000550E+06  3.39000550E+06 
 3.39000550E+06  3.39000550E+06  3.39000550E+06  3.39000550E+06  3.39000550E+06  3.39000550E+06 
 3.39000550E+06  3.39000550E+06  3.39000550E+06  3.39000550E+06  3.39000550E+06  3.39000550E+06 
'MIN OPTIMISATION' 

 5.20004875E+05  5.20004875E+05  5.20004875E+05  5.20004875E+05  5.20004875E+05  5.20004875E+05 
 5.20004875E+05  5.20004875E+05  5.20004875E+05  5.20004875E+05  5.20004875E+05  5.20004875E+05 
 5.20004875E+05  5.20004875E+05  5.20004875E+05  5.20004875E+05  5.20004875E+05  5.20004875E+05 
 5.20004875E+05  5.20004875E+05  5.20004875E+05  5.20004875E+05  5.20004875E+05  5.20004875E+05 
 5.20004875E+05  5.20004875E+05  5.20004875E+05  5.20004875E+05  5.20004875E+05  5.20004875E+05 
 5.20004875E+05  5.20004875E+05  5.20004875E+05  5.20004875E+05  5.20004875E+05  5.20004875E+05 
 5.20004875E+05  5.20004875E+05  5.20004875E+05  5.20004875E+05  5.20004875E+05  5.20004875E+05 
 5.20004875E+05  5.20004875E+05  5.20004875E+05  5.20004875E+05  5.20004875E+05  2.59100000E+06 
 5.20004875E+05  5.20004875E+05  5.20004875E+05  5.20004875E+05  5.20004875E+05  5.20004875E+05 
 5.20004875E+05  5.20004875E+05  5.20004875E+05  5.20004875E+05  5.20004875E+05  5.20004875E+05 
 5.20004875E+05  5.20004875E+05  5.20004875E+05  5.20004875E+05  5.20004875E+05  5.20004875E+05 
 5.20004875E+05  5.20004875E+05  5.20004875E+05  5.20004875E+05  5.20004875E+05  5.20004875E+05 
 5.20004875E+05  5.20004875E+05  5.20004875E+05  5.20004875E+05  5.20004875E+05  5.20004875E+05 
 5.20004875E+05  5.20004875E+05  5.20004875E+05  5.20004875E+05  5.20004875E+05  5.20004875E+05 
 5.20004875E+05  5.20004875E+05  5.20004875E+05  5.20004875E+05  5.20004875E+05  5.20004875E+05 
 5.20004875E+05  5.20004875E+05  5.20004875E+05  5.20004875E+05  5.20004875E+05  5.20004875E+05 
'MAX LISSAGE' 

 3.61000000E+06  3.61000000E+06  3.61000000E+06  3.61000000E+06  3.61000000E+06  3.61000000E+06 
 3.61000000E+06  3.61000000E+06  3.61000000E+06  3.61000000E+06  3.61000000E+06  3.61000000E+06 
 3.61000000E+06  3.61000000E+06  3.61000000E+06  3.61000000E+06  3.61000000E+06  3.61000000E+06 
 3.61000000E+06  3.61000000E+06  3.61000000E+06  3.61000000E+06  3.61000000E+06  3.61000000E+06 
 3.61000000E+06  3.61000000E+06  3.61000000E+06  3.61000000E+06  3.61000000E+06  3.61000000E+06 
 3.61000000E+06  3.61000000E+06  3.61000000E+06  3.61000000E+06  3.61000000E+06  3.61000000E+06 
 3.61000000E+06  3.61000000E+06  3.61000000E+06  3.61000000E+06  3.61000000E+06  3.61000000E+06 
 3.61000000E+06  3.61000000E+06  3.61000000E+06  3.61000000E+06  3.61000000E+06  3.61000000E+06 
 3.61000000E+06  3.61000000E+06  3.61000000E+06  3.61000000E+06  3.61000000E+06  3.61000000E+06 
 3.61000000E+06  3.61000000E+06  3.61000000E+06  3.61000000E+06  3.61000000E+06  3.61000000E+06 
 3.61000000E+06  3.61000000E+06  3.61000000E+06  3.61000000E+06  3.61000000E+06  3.61000000E+06 
 3.61000000E+06  3.61000000E+06  3.61000000E+06  3.61000000E+06  3.61000000E+06  3.61000000E+06 
 3.61000000E+06  3.61000000E+06  3.61000000E+06  3.61000000E+06  3.61000000E+06  3.61000000E+06 
 3.61000000E+06  3.61000000E+06  3.61000000E+06  3.61000000E+06  3.61000000E+06  3.61000000E+06 
 3.61000000E+06  3.61000000E+06  3.61000000E+06  3.61000000E+06  3.61000000E+06  3.61000000E+06 
 3.61000000E+06  3.61000000E+06  3.61000000E+06  3.61000000E+06  3.61000000E+06  3.61000000E+06 
'MIN LISSAGE' 

 3.00001031E+05  3.00001031E+05  3.00001031E+05  3.00001031E+05  3.00001031E+05  3.00001031E+05 
 3.00001031E+05  3.00001031E+05  3.00001031E+05  3.00001031E+05  3.00001031E+05  3.00001031E+05 
 3.00001031E+05  3.00001031E+05  3.00001031E+05  3.00001031E+05  3.00001031E+05  3.00001031E+05 
 3.00001031E+05  3.00001031E+05  3.00001031E+05  3.00001031E+05  3.00001031E+05  3.00001031E+05 
 3.00001031E+05  3.00001031E+05  3.00001031E+05  3.00001031E+05  3.00001031E+05  3.00001031E+05 
 3.00001031E+05  3.00001031E+05  3.00001031E+05  3.00001031E+05  3.00001031E+05  3.00001031E+05 
 3.00001031E+05  3.00001031E+05  3.00001031E+05  3.00001031E+05  3.00001031E+05  3.00001031E+05 
 3.00001031E+05  3.00001031E+05  3.00001031E+05  3.00001031E+05  3.00001031E+05  3.00001031E+05 
 3.00001031E+05  3.00001031E+05  3.00001031E+05  3.00001031E+05  3.00001031E+05  3.00001031E+05 
 3.00001031E+05  3.00001031E+05  3.00001031E+05  3.00001031E+05  3.00001031E+05  3.00001031E+05 
 3.00001031E+05  3.00001031E+05  3.00001031E+05  3.00001031E+05  3.00001031E+05  3.00001031E+05 
 3.00001031E+05  3.00001031E+05  3.00001031E+05  3.00001031E+05  3.00001031E+05  3.00001031E+05 
 3.00001031E+05  3.00001031E+05  3.00001031E+05  3.00001031E+05  3.00001031E+05  3.00001031E+05 
 3.00001031E+05  3.00001031E+05  3.00001031E+05  3.00001031E+05  3.00001031E+05  3.00001031E+05 
 3.00001031E+05  3.00001031E+05  3.00001031E+05  3.00001031E+05  3.00001031E+05  3.00001031E+05 
 3.00001031E+05  3.00001031E+05  3.00001031E+05  3.00001031E+05  3.00001031E+05  3.00001031E+05 
'GRANDR' 
'E'  1.67139008E+08  0.00000000E+00  2.22950000E+08  1.40000004E-02 
'APPORTS' 

 0.00000000E+00  0.00000000E+00  0.00000000E+00  0.00000000E+00  0.00000000E+00  0.00000000E+00 
 0.00000000E+00  0.00000000E+00  0.00000000E+00  0.00000000E+00  0.00000000E+00  0.00000000E+00 
 0.00000000E+00  0.00000000E+00  0.00000000E+00  0.00000000E+00  0.00000000E+00  0.00000000E+00 
 0.00000000E+00  0.00000000E+00  0.00000000E+00  0.00000000E+00  0.00000000E+00  0.00000000E+00 
 0.00000000E+00  0.00000000E+00  0.00000000E+00  0.00000000E+00  0.00000000E+00  0.00000000E+00 
 0.00000000E+00  0.00000000E+00  0.00000000E+00  0.00000000E+00  0.00000000E+00  0.00000000E+00 
 0.00000000E+00  0.00000000E+00  0.00000000E+00  0.00000000E+00  0.00000000E+00  0.00000000E+00 
 0.00000000E+00  0.00000000E+00  0.00000000E+00  0.00000000E+00  0.00000000E+00  0.00000000E+00 
 0.00000000E+00  0.00000000E+00  0.00000000E+00  0.00000000E+00  0.00000000E+00  0.00000000E+00 
 0.00000000E+00  0.00000000E+00  0.00000000E+00  0.00000000E+00  0.00000000E+00  0.00000000E+00 
 0.00000000E+00  0.00000000E+00  0.00000000E+00  0.00000000E+00  0.00000000E+00  0.00000000E+00 
 0.00000000E+00  0.00000000E+00  0.00000000E+00  0.00000000E+00  0.00000000E+00  0.00000000E+00 
 0.00000000E+00  0.00000000E+00  0.00000000E+00  0.00000000E+00  0.00000000E+00  0.00000000E+00 
 0.00000000E+00  0.00000000E+00  0.00000000E+00  0.00000000E+00  0.00000000E+00  0.00000000E+00 
 0.00000000E+00  0.00000000E+00  0.00000000E+00  0.00000000E+00  0.00000000E+00  0.00000000E+00 
 0.00000000E+00  0.00000000E+00  0.00000000E+00  0.00000000E+00  0.00000000E+00  0.00000000E+00 
'MAX OPTIMISATION' 

 2.22950000E+08  2.22950000E+08  2.22950000E+08  2.22950000E+08  2.22950000E+08  2.22950000E+08 
 2.22950000E+08  2.22950000E+08  2.22950000E+08  2.22950000E+08  2.22950000E+08  2.22950000E+08 
 2.22950000E+08  2.22950000E+08  2.22950000E+08  2.22950000E+08  2.22950000E+08  2.22950000E+08 
 2.22950000E+08  2.22950000E+08  2.22950000E+08  2.22950000E+08  2.22950000E+08  2.22950000E+08 
 2.22950000E+08  2.22950000E+08  2.22950000E+08  2.22950000E+08  2.22950000E+08  2.22950000E+08 
 2.22950000E+08  2.22950000E+08  2.22950000E+08  2.22950000E+08  2.22950000E+08  2.22950000E+08 
 2.22950000E+08  2.22950000E+08  2.22950000E+08  2.22950000E+08  2.22950000E+08  2.22950000E+08 
 2.22950000E+08  2.22950000E+08  2.22950000E+08  2.22950000E+08  2.22950000E+08  2.22950000E+08 
 2.22950000E+08  2.22950000E+08  2.22950000E+08  2.22950000E+08  2.22950000E+08  2.22950000E+08 
 2.22950000E+08  2.22950000E+08  2.22950000E+08  2.22950000E+08  2.22950000E+08  2.22950000E+08 
 2.22950000E+08  2.22950000E+08  2.22950000E+08  2.22950000E+08  2.22950000E+08  2.22950000E+08 
 2.22950000E+08  2.22950000E+08  2.22950000E+08  2.22950000E+08  2.22950000E+08  2.22950000E+08 
 2.22950000E+08  2.22950000E+08  2.22950000E+08  2.22950000E+08  2.22950000E+08  2.22950000E+08 
 2.22950000E+08  2.22950000E+08  2.22950000E+08  2.22950000E+08  2.22950000E+08  2.22950000E+08 
 2.22950000E+08  2.22950000E+08  2.22950000E+08  2.22950000E+08  2.22950000E+08  2.22950000E+08 
 2.22950000E+08  2.22950000E+08  2.22950000E+08  2.22950000E+08  2.22950000E+08  2.22950000E+08 
'MIN OPTIMISATION' 

 0.00000000E+00  0.00000000E+00  0.00000000E+00  0.00000000E+00  0.00000000E+00  0.00000000E+00 
 0.00000000E+00  0.00000000E+00  0.00000000E+00  0.00000000E+00  0.00000000E+00  0.00000000E+00 
 0.00000000E+00  0.00000000E+00  0.00000000E+00  0.00000000E+00  0.00000000E+00  0.00000000E+00 
 0.00000000E+00  0.00000000E+00  0.00000000E+00  0.00000000E+00  0.00000000E+00  0.00000000E+00 
 0.00000000E+00  0.00000000E+00  0.00000000E+00  0.00000000E+00  0.00000000E+00  0.00000000E+00 
 0.00000000E+00  0.00000000E+00  0.00000000E+00  0.00000000E+00  0.00000000E+00  0.00000000E+00 
 0.00000000E+00  0.00000000E+00  0.00000000E+00  0.00000000E+00  0.00000000E+00  0.00000000E+00 
 0.00000000E+00  0.00000000E+00  0.00000000E+00  0.00000000E+00  0.00000000E+00  0.00000000E+00 
 0.00000000E+00  0.00000000E+00  0.00000000E+00  0.00000000E+00  0.00000000E+00  0.00000000E+00 
 0.00000000E+00  0.00000000E+00  0.00000000E+00  0.00000000E+00  0.00000000E+00  0.00000000E+00 
 0.00000000E+00  0.00000000E+00  0.00000000E+00  0.00000000E+00  0.00000000E+00  0.00000000E+00 
 0.00000000E+00  0.00000000E+00  0.00000000E+00  0.00000000E+00  0.00000000E+00  0.00000000E+00 
 0.00000000E+00  0.00000000E+00  0.00000000E+00  0.00000000E+00  0.00000000E+00  0.00000000E+00 
 0.00000000E+00  0.00000000E+00  0.00000000E+00  0.00000000E+00  0.00000000E+00  0.00000000E+00 
 0.00000000E+00  0.00000000E+00  0.00000000E+00  0.00000000E+00  0.00000000E+00  0.00000000E+00 
 0.00000000E+00  0.00000000E+00  0.00000000E+00  0.00000000E+00  0.00000000E+00  0.00000000E+00 
'MAX LISSAGE' 

 2.22950000E+08  2.22950000E+08  2.22950000E+08  2.22950000E+08  2.22950000E+08  2.22950000E+08 
 2.22950000E+08  2.22950000E+08  2.22950000E+08  2.22950000E+08  2.22950000E+08  2.22950000E+08 
 2.22950000E+08  2.22950000E+08  2.22950000E+08  2.22950000E+08  2.22950000E+08  2.22950000E+08 
 2.22950000E+08  2.22950000E+08  2.22950000E+08  2.22950000E+08  2.22950000E+08  2.22950000E+08 
 2.22950000E+08  2.22950000E+08  2.22950000E+08  2.22950000E+08  2.22950000E+08  2.22950000E+08 
 2.22950000E+08  2.22950000E+08  2.22950000E+08  2.22950000E+08  2.22950000E+08  2.22950000E+08 
 2.22950000E+08  2.22950000E+08  2.22950000E+08  2.22950000E+08  2.22950000E+08  2.22950000E+08 
 2.22950000E+08  2.22950000E+08  2.22950000E+08  2.22950000E+08  2.22950000E+08  2.22950000E+08 
 2.22950000E+08  2.22950000E+08  2.22950000E+08  2.22950000E+08  2.22950000E+08  2.22950000E+08 
 2.22950000E+08  2.22950000E+08  2.22950000E+08  2.22950000E+08  2.22950000E+08  2.22950000E+08 
 2.22950000E+08  2.22950000E+08  2.22950000E+08  2.22950000E+08  2.22950000E+08  2.22950000E+08 
 2.22950000E+08  2.22950000E+08  2.22950000E+08  2.22950000E+08  2.22950000E+08  2.22950000E+08 
 2.22950000E+08  2.22950000E+08  2.22950000E+08  2.22950000E+08  2.22950000E+08  2.22950000E+08 
 2.22950000E+08  2.22950000E+08  2.22950000E+08  2.22950000E+08  2.22950000E+08  2.22950000E+08 
 2.22950000E+08  2.22950000E+08  2.22950000E+08  2.22950000E+08  2.22950000E+08  2.22950000E+08 
 2.22950000E+08  2.22950000E+08  2.22950000E+08  2.22950000E+08  2.22950000E+08  2.22950000E+08 
'MIN LISSAGE' 

 0.00000000E+00  0.00000000E+00  0.00000000E+00  0.00000000E+00  0.00000000E+00  0.00000000E+00 
 0.00000000E+00  0.00000000E+00  0.00000000E+00  0.00000000E+00  0.00000000E+00  0.00000000E+00 
 0.00000000E+00  0.00000000E+00  0.00000000E+00  0.00000000E+00  0.00000000E+00  0.00000000E+00 
 0.00000000E+00  0.00000000E+00  0.00000000E+00  0.00000000E+00  0.00000000E+00  0.00000000E+00 
 0.00000000E+00  0.00000000E+00  0.00000000E+00  0.00000000E+00  0.00000000E+00  0.00000000E+00 
 0.00000000E+00  0.00000000E+00  0.00000000E+00  0.00000000E+00  0.00000000E+00  0.00000000E+00 
 0.00000000E+00  0.00000000E+00  0.00000000E+00  0.00000000E+00  0.00000000E+00  0.00000000E+00 
 0.00000000E+00  0.00000000E+00  0.00000000E+00  0.00000000E+00  0.00000000E+00  0.00000000E+00 
 0.00000000E+00  0.00000000E+00  0.00000000E+00  0.00000000E+00  0.00000000E+00  0.00000000E+00 
 0.00000000E+00  0.00000000E+00  0.00000000E+00  0.00000000E+00  0.00000000E+00  0.00000000E+00 
 0.00000000E+00  0.00000000E+00  0.00000000E+00  0.00000000E+00  0.00000000E+00  0.00000000E+00 
 0.00000000E+00  0.00000000E+00  0.00000000E+00  0.00000000E+00  0.00000000E+00  0.00000000E+00 
 0.00000000E+00  0.00000000E+00  0.00000000E+00  0.00000000E+00  0.00000000E+00  0.00000000E+00 
 0.00000000E+00  0.00000000E+00  0.00000000E+00  0.00000000E+00  0.00000000E+00  0.00000000E+00 
 0.00000000E+00  0.00000000E+00  0.00000000E+00  0.00000000E+00  0.00000000E+00  0.00000000E+00 
 0.00000000E+00  0.00000000E+00  0.00000000E+00  0.00000000E+00  0.00000000E+00  0.00000000E+00 
'LANAUR' 
'X'  0.00000000E+00  0.00000000E+00  0.00000000E+00  0.00000000E+00 
'APPORTS' 

 0.00000000E+00  0.00000000E+00  0.00000000E+00  0.00000000E+00  0.00000000E+00  0.00000000E+00 
 0.00000000E+00  0.00000000E+00  0.00000000E+00  0.00000000E+00  0.00000000E+00  0.00000000E+00 
 0.00000000E+00  0.00000000E+00  0.00000000E+00  0.00000000E+00  0.00000000E+00  0.00000000E+00 
 0.00000000E+00  0.00000000E+00  0.00000000E+00  0.00000000E+00  0.00000000E+00  0.00000000E+00 
 0.00000000E+00  0.00000000E+00  0.00000000E+00  0.00000000E+00  0.00000000E+00  0.00000000E+00 
 0.00000000E+00  0.00000000E+00  0.00000000E+00  0.00000000E+00  0.00000000E+00  0.00000000E+00 
 0.00000000E+00  0.00000000E+00  0.00000000E+00  0.00000000E+00  0.00000000E+00  0.00000000E+00 
 0.00000000E+00  0.00000000E+00  0.00000000E+00  0.00000000E+00  0.00000000E+00  0.00000000E+00 
 0.00000000E+00  0.00000000E+00  0.00000000E+00  0.00000000E+00  0.00000000E+00  0.00000000E+00 
 0.00000000E+00  0.00000000E+00  0.00000000E+00  0.00000000E+00  0.00000000E+00  0.00000000E+00 
 0.00000000E+00  0.00000000E+00  0.00000000E+00  0.00000000E+00  0.00000000E+00  0.00000000E+00 
 0.00000000E+00  0.00000000E+00  0.00000000E+00  0.00000000E+00  0.00000000E+00  0.00000000E+00 
 0.00000000E+00  0.00000000E+00  0.00000000E+00  0.00000000E+00  0.00000000E+00  0.00000000E+00 
 0.00000000E+00  0.00000000E+00  0.00000000E+00  0.00000000E+00  0.00000000E+00  0.00000000E+00 
 0.00000000E+00  0.00000000E+00  0.00000000E+00  0.00000000E+00  0.00000000E+00  0.00000000E+00 
 0.00000000E+00  0.00000000E+00  0.00000000E+00  0.00000000E+00  0.00000000E+00  0.00000000E+00 
'MAX OPTIMISATION' 

 0.00000000E+00  0.00000000E+00  0.00000000E+00  0.00000000E+00  0.00000000E+00  0.00000000E+00 
 0.00000000E+00  0.00000000E+00  0.00000000E+00  0.00000000E+00  0.00000000E+00  0.00000000E+00 
 0.00000000E+00  0.00000000E+00  0.00000000E+00  0.00000000E+00  0.00000000E+00  0.00000000E+00 
 0.00000000E+00  0.00000000E+00  0.00000000E+00  0.00000000E+00  0.00000000E+00  0.00000000E+00 
 0.00000000E+00  0.00000000E+00  0.00000000E+00  0.00000000E+00  0.00000000E+00  0.00000000E+00 
 0.00000000E+00  0.00000000E+00  0.00000000E+00  0.00000000E+00  0.00000000E+00  0.00000000E+00 
 0.00000000E+00  0.00000000E+00  0.00000000E+00  0.00000000E+00  0.00000000E+00  0.00000000E+00 
 0.00000000E+00  0.00000000E+00  0.00000000E+00  0.00000000E+00  0.00000000E+00  0.00000000E+00 
 0.00000000E+00  0.00000000E+00  0.00000000E+00  0.00000000E+00  0.00000000E+00  0.00000000E+00 
 0.00000000E+00  0.00000000E+00  0.00000000E+00  0.00000000E+00  0.00000000E+00  0.00000000E+00 
 0.00000000E+00  0.00000000E+00  0.00000000E+00  0.00000000E+00  0.00000000E+00  0.00000000E+00 
 0.00000000E+00  0.00000000E+00  0.00000000E+00  0.00000000E+00  0.00000000E+00  0.00000000E+00 
 0.00000000E+00  0.00000000E+00  0.00000000E+00  0.00000000E+00  0.00000000E+00  0.00000000E+00 
 0.00000000E+00  0.00000000E+00  0.00000000E+00  0.00000000E+00  0.00000000E+00  0.00000000E+00 
 0.00000000E+00  0.00000000E+00  0.00000000E+00  0.00000000E+00  0.00000000E+00  0.00000000E+00 
 0.00000000E+00  0.00000000E+00  0.00000000E+00  0.00000000E+00  0.00000000E+00  0.00000000E+00 
'MIN OPTIMISATION' 

 0.00000000E+00  0.00000000E+00  0.00000000E+00  0.00000000E+00  0.00000000E+00  0.00000000E+00 
 0.00000000E+00  0.00000000E+00  0.00000000E+00  0.00000000E+00  0.00000000E+00  0.00000000E+00 
 0.00000000E+00  0.00000000E+00  0.00000000E+00  0.00000000E+00  0.00000000E+00  0.00000000E+00 
 0.00000000E+00  0.00000000E+00  0.00000000E+00  0.00000000E+00  0.00000000E+00  0.00000000E+00 
 0.00000000E+00  0.00000000E+00  0.00000000E+00  0.00000000E+00  0.00000000E+00  0.00000000E+00 
 0.00000000E+00  0.00000000E+00  0.00000000E+00  0.00000000E+00  0.00000000E+00  0.00000000E+00 
 0.00000000E+00  0.00000000E+00  0.00000000E+00  0.00000000E+00  0.00000000E+00  0.00000000E+00 
 0.00000000E+00  0.00000000E+00  0.00000000E+00  0.00000000E+00  0.00000000E+00  0.00000000E+00 
 0.00000000E+00  0.00000000E+00  0.00000000E+00  0.00000000E+00  0.00000000E+00  0.00000000E+00 
 0.00000000E+00  0.00000000E+00  0.00000000E+00  0.00000000E+00  0.00000000E+00  0.00000000E+00 
 0.00000000E+00  0.00000000E+00  0.00000000E+00  0.00000000E+00  0.00000000E+00  0.00000000E+00 
 0.00000000E+00  0.00000000E+00  0.00000000E+00  0.00000000E+00  0.00000000E+00  0.00000000E+00 
 0.00000000E+00  0.00000000E+00  0.00000000E+00  0.00000000E+00  0.00000000E+00  0.00000000E+00 
 0.00000000E+00  0.00000000E+00  0.00000000E+00  0.00000000E+00  0.00000000E+00  0.00000000E+00 
 0.00000000E+00  0.00000000E+00  0.00000000E+00  0.00000000E+00  0.00000000E+00  0.00000000E+00 
 0.00000000E+00  0.00000000E+00  0.00000000E+00  0.00000000E+00  0.00000000E+00  0.00000000E+00 
'MAX LISSAGE' 

 0.00000000E+00  0.00000000E+00  0.00000000E+00  0.00000000E+00  0.00000000E+00  0.00000000E+00 
 0.00000000E+00  0.00000000E+00  0.00000000E+00  0.00000000E+00  0.00000000E+00  0.00000000E+00 
 0.00000000E+00  0.00000000E+00  0.00000000E+00  0.00000000E+00  0.00000000E+00  0.00000000E+00 
 0.00000000E+00  0.00000000E+00  0.00000000E+00  0.00000000E+00  0.00000000E+00  0.00000000E+00 
 0.00000000E+00  0.00000000E+00  0.00000000E+00  0.00000000E+00  0.00000000E+00  0.00000000E+00 
 0.00000000E+00  0.00000000E+00  0.00000000E+00  0.00000000E+00  0.00000000E+00  0.00000000E+00 
 0.00000000E+00  0.00000000E+00  0.00000000E+00  0.00000000E+00  0.00000000E+00  0.00000000E+00 
 0.00000000E+00  0.00000000E+00  0.00000000E+00  0.00000000E+00  0.00000000E+00  0.00000000E+00 
 0.00000000E+00  0.00000000E+00  0.00000000E+00  0.00000000E+00  0.00000000E+00  0.00000000E+00 
 0.00000000E+00  0.00000000E+00  0.00000000E+00  0.00000000E+00  0.00000000E+00  0.00000000E+00 
 0.00000000E+00  0.00000000E+00  0.00000000E+00  0.00000000E+00  0.00000000E+00  0.00000000E+00 
 0.00000000E+00  0.00000000E+00  0.00000000E+00  0.00000000E+00  0.00000000E+00  0.00000000E+00 
 0.00000000E+00  0.00000000E+00  0.00000000E+00  0.00000000E+00  0.00000000E+00  0.00000000E+00 
 0.00000000E+00  0.00000000E+00  0.00000000E+00  0.00000000E+00  0.00000000E+00  0.00000000E+00 
 0.00000000E+00  0.00000000E+00  0.00000000E+00  0.00000000E+00  0.00000000E+00  0.00000000E+00 
 0.00000000E+00  0.00000000E+00  0.00000000E+00  0.00000000E+00  0.00000000E+00  0.00000000E+00 
'MIN LISSAGE' 

 0.00000000E+00  0.00000000E+00  0.00000000E+00  0.00000000E+00  0.00000000E+00  0.00000000E+00 
 0.00000000E+00  0.00000000E+00  0.00000000E+00  0.00000000E+00  0.00000000E+00  0.00000000E+00 
 0.00000000E+00  0.00000000E+00  0.00000000E+00  0.00000000E+00  0.00000000E+00  0.00000000E+00 
 0.00000000E+00  0.00000000E+00  0.00000000E+00  0.00000000E+00  0.00000000E+00  0.00000000E+00 
 0.00000000E+00  0.00000000E+00  0.00000000E+00  0.00000000E+00  0.00000000E+00  0.00000000E+00 
 0.00000000E+00  0.00000000E+00  0.00000000E+00  0.00000000E+00  0.00000000E+00  0.00000000E+00 
 0.00000000E+00  0.00000000E+00  0.00000000E+00  0.00000000E+00  0.00000000E+00  0.00000000E+00 
 0.00000000E+00  0.00000000E+00  0.00000000E+00  0.00000000E+00  0.00000000E+00  0.00000000E+00 
 0.00000000E+00  0.00000000E+00  0.00000000E+00  0.00000000E+00  0.00000000E+00  0.00000000E+00 
 0.00000000E+00  0.00000000E+00  0.00000000E+00  0.00000000E+00  0.00000000E+00  0.00000000E+00 
 0.00000000E+00  0.00000000E+00  0.00000000E+00  0.00000000E+00  0.00000000E+00  0.00000000E+00 
 0.00000000E+00  0.00000000E+00  0.00000000E+00  0.00000000E+00  0.00000000E+00  0.00000000E+00 
 0.00000000E+00  0.00000000E+00  0.00000000E+00  0.00000000E+00  0.00000000E+00  0.00000000E+00 
 0.00000000E+00  0.00000000E+00  0.00000000E+00  0.00000000E+00  0.00000000E+00  0.00000000E+00 
 0.00000000E+00  0.00000000E+00  0.00000000E+00  0.00000000E+00  0.00000000E+00  0.00000000E+00 
 0.00000000E+00  0.00000000E+00  0.00000000E+00  0.00000000E+00  0.00000000E+00  0.00000000E+00 
'SARRAR' 
'E'  1.36464992E+08  0.00000000E+00  2.57790016E+08  6.65000007E-02 
'APPORTS' 

 0.00000000E+00  0.00000000E+00  0.00000000E+00  0.00000000E+00  0.00000000E+00  0.00000000E+00 
 0.00000000E+00  0.00000000E+00  0.00000000E+00  0.00000000E+00  0.00000000E+00  0.00000000E+00 
 0.00000000E+00  0.00000000E+00  0.00000000E+00  0.00000000E+00  0.00000000E+00  0.00000000E+00 
 0.00000000E+00  0.00000000E+00  0.00000000E+00  0.00000000E+00  0.00000000E+00  0.00000000E+00 
 0.00000000E+00  0.00000000E+00  0.00000000E+00  0.00000000E+00  0.00000000E+00  0.00000000E+00 
 0.00000000E+00  0.00000000E+00  0.00000000E+00  0.00000000E+00  0.00000000E+00  0.00000000E+00 
 0.00000000E+00  0.00000000E+00  0.00000000E+00  0.00000000E+00  0.00000000E+00  0.00000000E+00 
 0.00000000E+00  0.00000000E+00  0.00000000E+00  0.00000000E+00  0.00000000E+00  0.00000000E+00 
 0.00000000E+00  0.00000000E+00  0.00000000E+00  0.00000000E+00  0.00000000E+00  0.00000000E+00 
 0.00000000E+00  0.00000000E+00  0.00000000E+00  0.00000000E+00  0.00000000E+00  0.00000000E+00 
 0.00000000E+00  0.00000000E+00  0.00000000E+00  0.00000000E+00  0.00000000E+00  0.00000000E+00 
 0.00000000E+00  0.00000000E+00  0.00000000E+00  0.00000000E+00  0.00000000E+00  0.00000000E+00 
 0.00000000E+00  0.00000000E+00  0.00000000E+00  0.00000000E+00  0.00000000E+00  0.00000000E+00 
 0.00000000E+00  0.00000000E+00  0.00000000E+00  0.00000000E+00  0.00000000E+00  0.00000000E+00 
 0.00000000E+00  0.00000000E+00  0.00000000E+00  0.00000000E+00  0.00000000E+00  0.00000000E+00 
 0.00000000E+00  0.00000000E+00  0.00000000E+00  0.00000000E+00  0.00000000E+00  0.00000000E+00 
'MAX OPTIMISATION' 

 2.57790016E+08  2.57790016E+08  2.57790016E+08  2.57790016E+08  2.57790016E+08  2.57790016E+08 
 2.57790016E+08  2.57790016E+08  2.57790016E+08  2.57790016E+08  2.57790016E+08  2.57790016E+08 
 2.57790016E+08  2.57790016E+08  2.57790016E+08  2.57790016E+08  2.57790016E+08  2.57790016E+08 
 2.57790016E+08  2.57790016E+08  2.57790016E+08  2.57790016E+08  2.57790016E+08  2.57790016E+08 
 2.57790016E+08  2.57790016E+08  2.57790016E+08  2.57790016E+08  2.57790016E+08  2.57790016E+08 
 2.57790016E+08  2.57790016E+08  2.57790016E+08  2.57790016E+08  2.57790016E+08  2.57790016E+08 
 2.57790016E+08  2.57790016E+08  2.57790016E+08  2.57790016E+08  2.57790016E+08  2.57790016E+08 
 2.57790016E+08  2.57790016E+08  2.57790016E+08  2.57790016E+08  2.57790016E+08  2.57790016E+08 
 2.57790016E+08  2.57790016E+08  2.57790016E+08  2.57790016E+08  2.57790016E+08  2.57790016E+08 
 2.57790016E+08  2.57790016E+08  2.57790016E+08  2.57790016E+08  2.57790016E+08  2.57790016E+08 
 2.57790016E+08  2.57790016E+08  2.57790016E+08  2.57790016E+08  2.57790016E+08  2.57790016E+08 
 2.57790016E+08  2.57790016E+08  2.57790016E+08  2.57790016E+08  2.57790016E+08  2.57790016E+08 
 2.57790016E+08  2.57790016E+08  2.57790016E+08  2.57790016E+08  2.57790016E+08  2.57790016E+08 
 2.57790016E+08  2.57790016E+08  2.57790016E+08  2.57790016E+08  2.57790016E+08  2.57790016E+08 
 2.57790016E+08  2.57790016E+08  2.57790016E+08  2.57790016E+08  2.57790016E+08  2.57790016E+08 
 2.57790016E+08  2.57790016E+08  2.57790016E+08  2.57790016E+08  2.57790016E+08  2.57790016E+08 
'MIN OPTIMISATION' 

 0.00000000E+00  0.00000000E+00  0.00000000E+00  0.00000000E+00  0.00000000E+00  0.00000000E+00 
 0.00000000E+00  0.00000000E+00  0.00000000E+00  0.00000000E+00  0.00000000E+00  0.00000000E+00 
 0.00000000E+00  0.00000000E+00  0.00000000E+00  0.00000000E+00  0.00000000E+00  0.00000000E+00 
 0.00000000E+00  0.00000000E+00  0.00000000E+00  0.00000000E+00  0.00000000E+00  0.00000000E+00 
 0.00000000E+00  0.00000000E+00  0.00000000E+00  0.00000000E+00  0.00000000E+00  0.00000000E+00 
 0.00000000E+00  0.00000000E+00  0.00000000E+00  0.00000000E+00  0.00000000E+00  0.00000000E+00 
 0.00000000E+00  0.00000000E+00  0.00000000E+00  0.00000000E+00  0.00000000E+00  0.00000000E+00 
 0.00000000E+00  0.00000000E+00  0.00000000E+00  0.00000000E+00  0.00000000E+00  0.00000000E+00 
 0.00000000E+00  0.00000000E+00  0.00000000E+00  0.00000000E+00  0.00000000E+00  0.00000000E+00 
 0.00000000E+00  0.00000000E+00  0.00000000E+00  0.00000000E+00  0.00000000E+00  0.00000000E+00 
 0.00000000E+00  0.00000000E+00  0.00000000E+00  0.00000000E+00  0.00000000E+00  0.00000000E+00 
 0.00000000E+00  0.00000000E+00  0.00000000E+00  0.00000000E+00  0.00000000E+00  0.00000000E+00 
 0.00000000E+00  0.00000000E+00  0.00000000E+00  0.00000000E+00  0.00000000E+00  0.00000000E+00 
 0.00000000E+00  0.00000000E+00  0.00000000E+00  0.00000000E+00  0.00000000E+00  0.00000000E+00 
 0.00000000E+00  0.00000000E+00  0.00000000E+00  0.00000000E+00  0.00000000E+00  0.00000000E+00 
 0.00000000E+00  0.00000000E+00  0.00000000E+00  0.00000000E+00  0.00000000E+00  0.00000000E+00 
'MAX LISSAGE' 

 2.57790016E+08  2.57790016E+08  2.57790016E+08  2.57790016E+08  2.57790016E+08  2.57790016E+08 
 2.57790016E+08  2.57790016E+08  2.57790016E+08  2.57790016E+08  2.57790016E+08  2.57790016E+08 
 2.57790016E+08  2.57790016E+08  2.57790016E+08  2.57790016E+08  2.57790016E+08  2.57790016E+08 
 2.57790016E+08  2.57790016E+08  2.57790016E+08  2.57790016E+08  2.57790016E+08  2.57790016E+08 
 2.57790016E+08  2.57790016E+08  2.57790016E+08  2.57790016E+08  2.57790016E+08  2.57790016E+08 
 2.57790016E+08  2.57790016E+08  2.57790016E+08  2.57790016E+08  2.57790016E+08  2.57790016E+08 
 2.57790016E+08  2.57790016E+08  2.57790016E+08  2.57790016E+08  2.57790016E+08  2.57790016E+08 
 2.57790016E+08  2.57790016E+08  2.57790016E+08  2.57790016E+08  2.57790016E+08  2.57790016E+08 
 2.57790016E+08  2.57790016E+08  2.57790016E+08  2.57790016E+08  2.57790016E+08  2.57790016E+08 
 2.57790016E+08  2.57790016E+08  2.57790016E+08  2.57790016E+08  2.57790016E+08  2.57790016E+08 
 2.57790016E+08  2.57790016E+08  2.57790016E+08  2.57790016E+08  2.57790016E+08  2.57790016E+08 
 2.57790016E+08  2.57790016E+08  2.57790016E+08  2.57790016E+08  2.57790016E+08  2.57790016E+08 
 2.57790016E+08  2.57790016E+08  2.57790016E+08  2.57790016E+08  2.57790016E+08  2.57790016E+08 
 2.57790016E+08  2.57790016E+08  2.57790016E+08  2.57790016E+08  2.57790016E+08  2.57790016E+08 
 2.57790016E+08  2.57790016E+08  2.57790016E+08  2.57790016E+08  2.57790016E+08  2.57790016E+08 
 2.57790016E+08  2.57790016E+08  2.57790016E+08  2.57790016E+08  2.57790016E+08  2.57790016E+08 
'MIN LISSAGE' 

 0.00000000E+00  0.00000000E+00  0.00000000E+00  0.00000000E+00  0.00000000E+00  0.00000000E+00 
 0.00000000E+00  0.00000000E+00  0.00000000E+00  0.00000000E+00  0.00000000E+00  0.00000000E+00 
 0.00000000E+00  0.00000000E+00  0.00000000E+00  0.00000000E+00  0.00000000E+00  0.00000000E+00 
 0.00000000E+00  0.00000000E+00  0.00000000E+00  0.00000000E+00  0.00000000E+00  0.00000000E+00 
 0.00000000E+00  0.00000000E+00  0.00000000E+00  0.00000000E+00  0.00000000E+00  0.00000000E+00 
 0.00000000E+00  0.00000000E+00  0.00000000E+00  0.00000000E+00  0.00000000E+00  0.00000000E+00 
 0.00000000E+00  0.00000000E+00  0.00000000E+00  0.00000000E+00  0.00000000E+00  0.00000000E+00 
 0.00000000E+00  0.00000000E+00  0.00000000E+00  0.00000000E+00  0.00000000E+00  0.00000000E+00 
 0.00000000E+00  0.00000000E+00  0.00000000E+00  0.00000000E+00  0.00000000E+00  0.00000000E+00 
 0.00000000E+00  0.00000000E+00  0.00000000E+00  0.00000000E+00  0.00000000E+00  0.00000000E+00 
 0.00000000E+00  0.00000000E+00  0.00000000E+00  0.00000000E+00  0.00000000E+00  0.00000000E+00 
 0.00000000E+00  0.00000000E+00  0.00000000E+00  0.00000000E+00  0.00000000E+00  0.00000000E+00 
 0.00000000E+00  0.00000000E+00  0.00000000E+00  0.00000000E+00  0.00000000E+00  0.00000000E+00 
 0.00000000E+00  0.00000000E+00  0.00000000E+00  0.00000000E+00  0.00000000E+00  0.00000000E+00 
 0.00000000E+00  0.00000000E+00  0.00000000E+00  0.00000000E+00  0.00000000E+00  0.00000000E+00 
 0.00000000E+00  0.00000000E+00  0.00000000E+00  0.00000000E+00  0.00000000E+00  0.00000000E+00 
'LABARR' 
'E'  2.10600000E+06  1.70900000E+06  1.70900000E+06  0.00000000E+00 
'APPORTS' 

 1.00000001E-01  1.00000001E-01  1.00000001E-01  1.00000001E-01  1.00000001E-01  1.00000001E-01 
 1.00000001E-01  1.00000001E-01  1.00000001E-01  1.00000001E-01  1.00000001E-01  1.00000001E-01 
 1.00000001E-01  1.00000001E-01  1.00000001E-01  1.00000001E-01  1.00000001E-01  1.00000001E-01 
 1.00000001E-01  1.00000001E-01  1.00000001E-01  1.00000001E-01  1.00000001E-01  1.00000001E-01 
 1.00000001E-01  1.00000001E-01  1.00000001E-01  1.00000001E-01  1.00000001E-01  1.00000001E-01 
 1.00000001E-01  1.00000001E-01  1.00000001E-01  1.00000001E-01  1.00000001E-01  1.00000001E-01 
 1.00000001E-01  1.00000001E-01  1.00000001E-01  1.00000001E-01  1.00000001E-01  1.00000001E-01 
 1.00000001E-01  1.00000001E-01  1.00000001E-01  1.00000001E-01  1.00000001E-01  1.00000001E-01 
 1.00000001E-01  1.00000001E-01  1.00000001E-01  1.00000001E-01  1.00000001E-01  1.00000001E-01 
 1.00000001E-01  1.00000001E-01  1.00000001E-01  1.00000001E-01  1.00000001E-01  1.00000001E-01 
 1.00000001E-01  1.00000001E-01  1.00000001E-01  1.00000001E-01  1.00000001E-01  1.00000001E-01 
 1.00000001E-01  1.00000001E-01  1.00000001E-01  1.00000001E-01  1.00000001E-01  1.00000001E-01 
 1.00000001E-01  1.00000001E-01  1.00000001E-01  1.00000001E-01  1.00000001E-01  1.00000001E-01 
 1.00000001E-01  1.00000001E-01  1.00000001E-01  1.00000001E-01  1.00000001E-01  1.00000001E-01 
 1.00000001E-01  1.00000001E-01  1.00000001E-01  1.00000001E-01  1.00000001E-01  1.00000001E-01 
 1.00000001E-01  1.00000001E-01  1.00000001E-01  1.00000001E-01  1.00000001E-01  1.00000001E-01 
'MAX OPTIMISATION' 

 2.96400000E+06  2.96400000E+06  2.96400000E+06  2.96400000E+06  2.96400000E+06  2.96400000E+06 
 2.96400000E+06  2.96400000E+06  2.96400000E+06  2.96400000E+06  2.96400000E+06  2.96400000E+06 
 2.96400000E+06  2.96400000E+06  2.96400000E+06  2.96400000E+06  2.96400000E+06  2.96400000E+06 
 2.96400000E+06  2.96400000E+06  2.96400000E+06  2.96400000E+06  2.96400000E+06  2.96400000E+06 
 2.96400000E+06  2.96400000E+06  2.96400000E+06  2.96400000E+06  2.96400000E+06  2.96400000E+06 
 2.96400000E+06  2.96400000E+06  2.96400000E+06  2.96400000E+06  2.96400000E+06  2.96400000E+06 
 2.96400000E+06  2.96400000E+06  2.96400000E+06  2.96400000E+06  2.96400000E+06  2.96400000E+06 
 2.96400000E+06  2.96400000E+06  2.96400000E+06  2.96400000E+06  2.96400000E+06  2.22000900E+06 
 2.96400000E+06  2.96400000E+06  2.96400000E+06  2.96400000E+06  2.96400000E+06  2.96400000E+06 
 2.96400000E+06  2.96400000E+06  2.96400000E+06  2.96400000E+06  2.96400000E+06  2.96400000E+06 
 2.96400000E+06  2.96400000E+06  2.96400000E+06  2.96400000E+06  2.96400000E+06  2.96400000E+06 
 2.96400000E+06  2.96400000E+06  2.96400000E+06  2.96400000E+06  2.96400000E+06  2.96400000E+06 
 2.96400000E+06  2.96400000E+06  2.96400000E+06  2.96400000E+06  2.96400000E+06  2.96400000E+06 
 2.96400000E+06  2.96400000E+06  2.96400000E+06  2.96400000E+06  2.96400000E+06  2.96400000E+06 
 2.96400000E+06  2.96400000E+06  2.96400000E+06  2.96400000E+06  2.96400000E+06  2.96400000E+06 
 2.96400000E+06  2.96400000E+06  2.96400000E+06  2.96400000E+06  2.96400000E+06  2.96400000E+06 
'MIN OPTIMISATION' 

 1.70899950E+06  1.70899950E+06  1.70899950E+06  1.70899950E+06  1.70899950E+06  1.70899950E+06 
 1.70899950E+06  1.70899950E+06  1.70899950E+06  1.70899950E+06  1.70899950E+06  1.70899950E+06 
 1.70899950E+06  1.70899950E+06  1.70899950E+06  1.70899950E+06  1.70899950E+06  1.70899950E+06 
 1.70899950E+06  1.70899950E+06  1.70899950E+06  1.70899950E+06  1.70899950E+06  1.70899950E+06 
 1.70899950E+06  1.70899950E+06  1.70899950E+06  1.70899950E+06  1.70899950E+06  1.70899950E+06 
 1.70899950E+06  1.70899950E+06  1.70899950E+06  1.70899950E+06  1.70899950E+06  1.70899950E+06 
 1.70899950E+06  1.70899950E+06  1.70899950E+06  1.70899950E+06  1.70899950E+06  1.70899950E+06 
 1.70899950E+06  1.70899950E+06  1.70899950E+06  1.70899950E+06  1.70899950E+06  2.02000600E+06 
 1.70899950E+06  1.70899950E+06  1.70899950E+06  1.70899950E+06  1.70899950E+06  1.70899950E+06 
 1.70899950E+06  1.70899950E+06  1.70899950E+06  1.70899950E+06  1.70899950E+06  1.70899950E+06 
 1.70899950E+06  1.70899950E+06  1.70899950E+06  1.70899950E+06  1.70899950E+06  1.70899950E+06 
 1.70899950E+06  1.70899950E+06  1.70899950E+06  1.70899950E+06  1.70899950E+06  1.70899950E+06 
 1.70899950E+06  1.70899950E+06  1.70899950E+06  1.70899950E+06  1.70899950E+06  1.70899950E+06 
 1.70899950E+06  1.70899950E+06  1.70899950E+06  1.70899950E+06  1.70899950E+06  1.70899950E+06 
 1.70899950E+06  1.70899950E+06  1.70899950E+06  1.70899950E+06  1.70899950E+06  1.70899950E+06 
 1.70899950E+06  1.70899950E+06  1.70899950E+06  1.70899950E+06  1.70899950E+06  1.70899950E+06 
'MAX LISSAGE' 

 3.13200000E+06  3.13200000E+06  3.13200000E+06  3.13200000E+06  3.13200000E+06  3.13200000E+06 
 3.13200000E+06  3.13200000E+06  3.13200000E+06  3.13200000E+06  3.13200000E+06  3.13200000E+06 
 3.13200000E+06  3.13200000E+06  3.13200000E+06  3.13200000E+06  3.13200000E+06  3.13200000E+06 
 3.13200000E+06  3.13200000E+06  3.13200000E+06  3.13200000E+06  3.13200000E+06  3.13200000E+06 
 3.13200000E+06  3.13200000E+06  3.13200000E+06  3.13200000E+06  3.13200000E+06  3.13200000E+06 
 3.13200000E+06  3.13200000E+06  3.13200000E+06  3.13200000E+06  3.13200000E+06  3.13200000E+06 
 3.13200000E+06  3.13200000E+06  3.13200000E+06  3.13200000E+06  3.13200000E+06  3.13200000E+06 
 3.13200000E+06  3.13200000E+06  3.13200000E+06  3.13200000E+06  3.13200000E+06  3.13200000E+06 
 3.13200000E+06  3.13200000E+06  3.13200000E+06  3.13200000E+06  3.13200000E+06  3.13200000E+06 
 3.13200000E+06  3.13200000E+06  3.13200000E+06  3.13200000E+06  3.13200000E+06  3.13200000E+06 
 3.13200000E+06  3.13200000E+06  3.13200000E+06  3.13200000E+06  3.13200000E+06  3.13200000E+06 
 3.13200000E+06  3.13200000E+06  3.13200000E+06  3.13200000E+06  3.13200000E+06  3.13200000E+06 
 3.13200000E+06  3.13200000E+06  3.13200000E+06  3.13200000E+06  3.13200000E+06  3.13200000E+06 
 3.13200000E+06  3.13200000E+06  3.13200000E+06  3.13200000E+06  3.13200000E+06  3.13200000E+06 
 3.13200000E+06  3.13200000E+06  3.13200000E+06  3.13200000E+06  3.13200000E+06  3.13200000E+06 
 3.13200000E+06  3.13200000E+06  3.13200000E+06  3.13200000E+06  3.13200000E+06  3.13200000E+06 
'MIN LISSAGE' 

 1.47900000E+06  1.47900000E+06  1.47900000E+06  1.47900000E+06  1.47900000E+06  1.47900000E+06 
 1.47900000E+06  1.47900000E+06  1.47900000E+06  1.47900000E+06  1.47900000E+06  1.47900000E+06 
 1.47900000E+06  1.47900000E+06  1.47900000E+06  1.47900000E+06  1.47900000E+06  1.47900000E+06 
 1.47900000E+06  1.47900000E+06  1.47900000E+06  1.47900000E+06  1.47900000E+06  1.47900000E+06 
 1.47900000E+06  1.47900000E+06  1.47900000E+06  1.47900000E+06  1.47900000E+06  1.47900000E+06 
 1.47900000E+06  1.47900000E+06  1.47900000E+06  1.47900000E+06  1.47900000E+06  1.47900000E+06 
 1.47900000E+06  1.47900000E+06  1.47900000E+06  1.47900000E+06  1.47900000E+06  1.47900000E+06 
 1.47900000E+06  1.47900000E+06  1.47900000E+06  1.47900000E+06  1.47900000E+06  1.47900000E+06 
 1.47900000E+06  1.47900000E+06  1.47900000E+06  1.47900000E+06  1.47900000E+06  1.47900000E+06 
 1.47900000E+06  1.47900000E+06  1.47900000E+06  1.47900000E+06  1.47900000E+06  1.47900000E+06 
 1.47900000E+06  1.47900000E+06  1.47900000E+06  1.47900000E+06  1.47900000E+06  1.47900000E+06 
 1.47900000E+06  1.47900000E+06  1.47900000E+06  1.47900000E+06  1.47900000E+06  1.47900000E+06 
 1.47900000E+06  1.47900000E+06  1.47900000E+06  1.47900000E+06  1.47900000E+06  1.47900000E+06 
 1.47900000E+06  1.47900000E+06  1.47900000E+06  1.47900000E+06  1.47900000E+06  1.47900000E+06 
 1.47900000E+06  1.47900000E+06  1.47900000E+06  1.47900000E+06  1.47900000E+06  1.47900000E+06 
 1.47900000E+06  1.47900000E+06  1.47900000E+06  1.47900000E+06  1.47900000E+06  1.47900000E+06 
'COUESR' 
'E'  8.00000000E+06  1.60000000E+07  1.60000000E+07  0.00000000E+00 
'APPORTS' 

 4.00000006E-01  4.00000006E-01  4.00000006E-01  4.00000006E-01  4.00000006E-01  4.00000006E-01 
 4.00000006E-01  4.00000006E-01  4.00000006E-01  4.00000006E-01  4.00000006E-01  4.00000006E-01 
 4.00000006E-01  4.00000006E-01  4.00000006E-01  4.00000006E-01  4.00000006E-01  4.00000006E-01 
 4.00000006E-01  4.00000006E-01  4.00000006E-01  4.00000006E-01  4.00000006E-01  4.00000006E-01 
 4.00000006E-01  4.00000006E-01  4.00000006E-01  4.00000006E-01  4.00000006E-01  4.00000006E-01 
 4.00000006E-01  4.00000006E-01  4.00000006E-01  4.00000006E-01  4.00000006E-01  4.00000006E-01 
 4.00000006E-01  4.00000006E-01  4.00000006E-01  4.00000006E-01  4.00000006E-01  4.00000006E-01 
 4.00000006E-01  4.00000006E-01  4.00000006E-01  4.00000006E-01  4.00000006E-01  4.00000006E-01 
 4.00000006E-01  4.00000006E-01  4.00000006E-01  4.00000006E-01  4.00000006E-01  4.00000006E-01 
 4.00000006E-01  4.00000006E-01  4.00000006E-01  4.00000006E-01  4.00000006E-01  4.00000006E-01 
 4.00000006E-01  4.00000006E-01  4.00000006E-01  4.00000006E-01  4.00000006E-01  4.00000006E-01 
 4.00000006E-01  4.00000006E-01  4.00000006E-01  4.00000006E-01  4.00000006E-01  4.00000006E-01 
 4.00000006E-01  4.00000006E-01  4.00000006E-01  4.00000006E-01  4.00000006E-01  4.00000006E-01 
 4.00000006E-01  4.00000006E-01  4.00000006E-01  4.00000006E-01  4.00000006E-01  4.00000006E-01 
 4.00000006E-01  4.00000006E-01  4.00000006E-01  4.00000006E-01  4.00000006E-01  4.00000006E-01 
 4.00000006E-01  4.00000006E-01  4.00000006E-01  4.00000006E-01  4.00000006E-01  4.00000006E-01 
'MAX OPTIMISATION' 

 2.89520000E+07  2.89520000E+07  2.89520000E+07  2.89520000E+07  2.89520000E+07  2.89520000E+07 
 2.89520000E+07  2.89520000E+07  2.89520000E+07  2.89520000E+07  2.89520000E+07  2.89520000E+07 
 2.89520000E+07  2.89520000E+07  2.89520000E+07  2.89520000E+07  2.89520000E+07  2.89520000E+07 
 2.89520000E+07  2.89520000E+07  2.89520000E+07  2.89520000E+07  2.89520000E+07  2.89520000E+07 
 2.89520000E+07  2.89520000E+07  2.89520000E+07  2.89520000E+07  2.89520000E+07  2.89520000E+07 
 2.89520000E+07  2.89520000E+07  2.89520000E+07  2.89520000E+07  2.89520000E+07  2.89520000E+07 
 2.89520000E+07  2.89520000E+07  2.89520000E+07  2.89520000E+07  2.89520000E+07  2.89520000E+07 
 2.89520000E+07  2.89520000E+07  2.89520000E+07  2.89520000E+07  2.89520000E+07  2.89520000E+07 
 2.89520000E+07  2.89520000E+07  2.89520000E+07  2.89520000E+07  2.89520000E+07  2.89520000E+07 
 2.89520000E+07  2.89520000E+07  2.89520000E+07  2.89520000E+07  2.89520000E+07  2.89520000E+07 
 2.89520000E+07  2.89520000E+07  2.89520000E+07  2.89520000E+07  2.89520000E+07  2.89520000E+07 
 2.89520000E+07  2.89520000E+07  2.89520000E+07  2.89520000E+07  2.89520000E+07  2.89520000E+07 
 2.89520000E+07  2.89520000E+07  2.89520000E+07  2.89520000E+07  2.89520000E+07  2.89520000E+07 
 2.89520000E+07  2.89520000E+07  2.89520000E+07  2.89520000E+07  2.89520000E+07  2.89520000E+07 
 2.89520000E+07  2.89520000E+07  2.89520000E+07  2.89520000E+07  2.89520000E+07  2.89520000E+07 
 2.89520000E+07  2.89520000E+07  2.89520000E+07  2.89520000E+07  2.89520000E+07  2.89520000E+07 
'MIN OPTIMISATION' 

 1.43500000E+06  1.43500000E+06  1.43500000E+06  1.43500000E+06  1.43500000E+06  1.43500000E+06 
 1.43500000E+06  1.43500000E+06  1.43500000E+06  1.43500000E+06  1.43500000E+06  1.43500000E+06 
 1.43500000E+06  1.43500000E+06  1.43500000E+06  1.43500000E+06  1.43500000E+06  1.43500000E+06 
 1.43500000E+06  1.43500000E+06  1.43500000E+06  1.43500000E+06  1.43500000E+06  1.43500000E+06 
 1.43500000E+06  1.43500000E+06  1.43500000E+06  1.43500000E+06  1.43500000E+06  1.43500000E+06 
 1.43500000E+06  1.43500000E+06  1.43500000E+06  1.43500000E+06  1.43500000E+06  1.43500000E+06 
 1.43500000E+06  1.43500000E+06  1.43500000E+06  1.43500000E+06  1.43500000E+06  1.43500000E+06 
 1.43500000E+06  1.43500000E+06  1.43500000E+06  1.43500000E+06  1.43500000E+06  1.43500000E+06 
 1.43500000E+06  1.43500000E+06  1.43500000E+06  1.43500000E+06  1.43500000E+06  1.43500000E+06 
 1.43500000E+06  1.43500000E+06  1.43500000E+06  1.43500000E+06  1.43500000E+06  1.43500000E+06 
 1.43500000E+06  1.43500000E+06  1.43500000E+06  1.43500000E+06  1.43500000E+06  1.43500000E+06 
 1.43500000E+06  1.43500000E+06  1.43500000E+06  1.43500000E+06  1.43500000E+06  1.43500000E+06 
 1.43500000E+06  1.43500000E+06  1.43500000E+06  1.43500000E+06  1.43500000E+06  1.43500000E+06 
 1.43500000E+06  1.43500000E+06  1.43500000E+06  1.43500000E+06  1.43500000E+06  1.43500000E+06 
 1.43500000E+06  1.43500000E+06  1.43500000E+06  1.43500000E+06  1.43500000E+06  1.43500000E+06 
 1.43500000E+06  1.43500000E+06  1.43500000E+06  1.43500000E+06  1.43500000E+06  1.43500000E+06 
'MAX LISSAGE' 

 2.94600000E+07  2.94600000E+07  2.94600000E+07  2.94600000E+07  2.94600000E+07  2.94600000E+07 
 2.94600000E+07  2.94600000E+07  2.94600000E+07  2.94600000E+07  2.94600000E+07  2.94600000E+07 
 2.94600000E+07  2.94600000E+07  2.94600000E+07  2.94600000E+07  2.94600000E+07  2.94600000E+07 
 2.94600000E+07  2.94600000E+07  2.94600000E+07  2.94600000E+07  2.94600000E+07  2.94600000E+07 
 2.94600000E+07  2.94600000E+07  2.94600000E+07  2.94600000E+07  2.94600000E+07  2.94600000E+07 
 2.94600000E+07  2.94600000E+07  2.94600000E+07  2.94600000E+07  2.94600000E+07  2.94600000E+07 
 2.94600000E+07  2.94600000E+07  2.94600000E+07  2.94600000E+07  2.94600000E+07  2.94600000E+07 
 2.94600000E+07  2.94600000E+07  2.94600000E+07  2.94600000E+07  2.94600000E+07  2.94600000E+07 
 2.94600000E+07  2.94600000E+07  2.94600000E+07  2.94600000E+07  2.94600000E+07  2.94600000E+07 
 2.94600000E+07  2.94600000E+07  2.94600000E+07  2.94600000E+07  2.94600000E+07  2.94600000E+07 
 2.94600000E+07  2.94600000E+07  2.94600000E+07  2.94600000E+07  2.94600000E+07  2.94600000E+07 
 2.94600000E+07  2.94600000E+07  2.94600000E+07  2.94600000E+07  2.94600000E+07  2.94600000E+07 
 2.94600000E+07  2.94600000E+07  2.94600000E+07  2.94600000E+07  2.94600000E+07  2.94600000E+07 
 2.94600000E+07  2.94600000E+07  2.94600000E+07  2.94600000E+07  2.94600000E+07  2.94600000E+07 
 2.94600000E+07  2.94600000E+07  2.94600000E+07  2.94600000E+07  2.94600000E+07  2.94600000E+07 
 2.94600000E+07  2.94600000E+07  2.94600000E+07  2.94600000E+07  2.94600000E+07  2.94600000E+07 
'MIN LISSAGE' 

 8.00000000E+05  8.00000000E+05  8.00000000E+05  8.00000000E+05  8.00000000E+05  8.00000000E+05 
 8.00000000E+05  8.00000000E+05  8.00000000E+05  8.00000000E+05  8.00000000E+05  8.00000000E+05 
 8.00000000E+05  8.00000000E+05  8.00000000E+05  8.00000000E+05  8.00000000E+05  8.00000000E+05 
 8.00000000E+05  8.00000000E+05  8.00000000E+05  8.00000000E+05  8.00000000E+05  8.00000000E+05 
 8.00000000E+05  8.00000000E+05  8.00000000E+05  8.00000000E+05  8.00000000E+05  8.00000000E+05 
 8.00000000E+05  8.00000000E+05  8.00000000E+05  8.00000000E+05  8.00000000E+05  8.00000000E+05 
 8.00000000E+05  8.00000000E+05  8.00000000E+05  8.00000000E+05  8.00000000E+05  8.00000000E+05 
 8.00000000E+05  8.00000000E+05  8.00000000E+05  8.00000000E+05  8.00000000E+05  8.00000000E+05 
 8.00000000E+05  8.00000000E+05  8.00000000E+05  8.00000000E+05  8.00000000E+05  8.00000000E+05 
 8.00000000E+05  8.00000000E+05  8.00000000E+05  8.00000000E+05  8.00000000E+05  8.00000000E+05 
 8.00000000E+05  8.00000000E+05  8.00000000E+05  8.00000000E+05  8.00000000E+05  8.00000000E+05 
 8.00000000E+05  8.00000000E+05  8.00000000E+05  8.00000000E+05  8.00000000E+05  8.00000000E+05 
 8.00000000E+05  8.00000000E+05  8.00000000E+05  8.00000000E+05  8.00000000E+05  8.00000000E+05 
 8.00000000E+05  8.00000000E+05  8.00000000E+05  8.00000000E+05  8.00000000E+05  8.00000000E+05 
 8.00000000E+05  8.00000000E+05  8.00000000E+05  8.00000000E+05  8.00000000E+05  8.00000000E+05 
 8.00000000E+05  8.00000000E+05  8.00000000E+05  8.00000000E+05  8.00000000E+05  8.00000000E+05 
'MTEZIR' 
'E'  2.30000000E+07  1.40000009E+07  1.40000009E+07  6.41999990E-02 
'APPORTS' 

 0.00000000E+00  0.00000000E+00  0.00000000E+00  0.00000000E+00  0.00000000E+00  0.00000000E+00 
 0.00000000E+00  0.00000000E+00  0.00000000E+00  0.00000000E+00  0.00000000E+00  0.00000000E+00 
 0.00000000E+00  0.00000000E+00  0.00000000E+00  0.00000000E+00  0.00000000E+00  0.00000000E+00 
 0.00000000E+00  0.00000000E+00  0.00000000E+00  0.00000000E+00  0.00000000E+00  0.00000000E+00 
 0.00000000E+00  0.00000000E+00  0.00000000E+00  0.00000000E+00  0.00000000E+00  0.00000000E+00 
 0.00000000E+00  0.00000000E+00  0.00000000E+00  0.00000000E+00  0.00000000E+00  0.00000000E+00 
 0.00000000E+00  0.00000000E+00  0.00000000E+00  0.00000000E+00  0.00000000E+00  0.00000000E+00 
 0.00000000E+00  0.00000000E+00  0.00000000E+00  0.00000000E+00  0.00000000E+00  0.00000000E+00 
 0.00000000E+00  0.00000000E+00  0.00000000E+00  0.00000000E+00  0.00000000E+00  0.00000000E+00 
 0.00000000E+00  0.00000000E+00  0.00000000E+00  0.00000000E+00  0.00000000E+00  0.00000000E+00 
 0.00000000E+00  0.00000000E+00  0.00000000E+00  0.00000000E+00  0.00000000E+00  0.00000000E+00 
 0.00000000E+00  0.00000000E+00  0.00000000E+00  0.00000000E+00  0.00000000E+00  0.00000000E+00 
 0.00000000E+00  0.00000000E+00  0.00000000E+00  0.00000000E+00  0.00000000E+00  0.00000000E+00 
 0.00000000E+00  0.00000000E+00  0.00000000E+00  0.00000000E+00  0.00000000E+00  0.00000000E+00 
 0.00000000E+00  0.00000000E+00  0.00000000E+00  0.00000000E+00  0.00000000E+00  0.00000000E+00 
 0.00000000E+00  0.00000000E+00  0.00000000E+00  0.00000000E+00  0.00000000E+00  0.00000000E+00 
'MAX OPTIMISATION' 

 3.01500000E+07  3.01500000E+07  3.01500000E+07  3.01500000E+07  3.01500000E+07  3.01500000E+07 
 3.01500000E+07  3.01500000E+07  3.01500000E+07  3.01500000E+07  3.01500000E+07  3.01500000E+07 
 3.01500000E+07  3.01500000E+07  3.01500000E+07  3.01500000E+07  3.01500000E+07  3.01500000E+07 
 3.01500000E+07  3.01500000E+07  3.01500000E+07  3.01500000E+07  3.01500000E+07  3.01500000E+07 
 3.01500000E+07  3.01500000E+07  3.01500000E+07  3.01500000E+07  3.01500000E+07  3.01500000E+07 
 3.01500000E+07  3.01500000E+07  3.01500000E+07  3.01500000E+07  3.01500000E+07  3.01500000E+07 
 3.01500000E+07  3.01500000E+07  3.01500000E+07  3.01500000E+07  3.01500000E+07  3.01500000E+07 
 3.01500000E+07  3.01500000E+07  3.01500000E+07  3.01500000E+07  3.01500000E+07  3.01500000E+07 
 3.01500000E+07  3.01500000E+07  3.01500000E+07  3.01500000E+07  3.01500000E+07  3.01500000E+07 
 3.01500000E+07  3.01500000E+07  3.01500000E+07  3.01500000E+07  3.01500000E+07  3.01500000E+07 
 3.01500000E+07  3.01500000E+07  3.01500000E+07  3.01500000E+07  3.01500000E+07  3.01500000E+07 
 3.01500000E+07  3.01500000E+07  3.01500000E+07  3.01500000E+07  3.01500000E+07  3.01500000E+07 
 3.01500000E+07  3.01500000E+07  3.01500000E+07  3.01500000E+07  3.01500000E+07  3.01500000E+07 
 3.01500000E+07  3.01500000E+07  3.01500000E+07  3.01500000E+07  3.01500000E+07  3.01500000E+07 
 3.01500000E+07  3.01500000E+07  3.01500000E+07  3.01500000E+07  3.01500000E+07  3.01500000E+07 
 3.01500000E+07  3.01500000E+07  3.01500000E+07  3.01500000E+07  3.01500000E+07  3.01500000E+07 
'MIN OPTIMISATION' 

 1.85000000E+06  1.85000000E+06  1.85000000E+06  1.85000000E+06  1.85000000E+06  1.85000000E+06 
 1.85000000E+06  1.85000000E+06  1.85000000E+06  1.85000000E+06  1.85000000E+06  1.85000000E+06 
 1.85000000E+06  1.85000000E+06  1.85000000E+06  1.85000000E+06  1.85000000E+06  1.85000000E+06 
 1.85000000E+06  1.85000000E+06  1.85000000E+06  1.85000000E+06  1.85000000E+06  1.85000000E+06 
 1.85000000E+06  1.85000000E+06  1.85000000E+06  1.85000000E+06  1.85000000E+06  1.85000000E+06 
 1.85000000E+06  1.85000000E+06  1.85000000E+06  1.85000000E+06  1.85000000E+06  1.85000000E+06 
 1.85000000E+06  1.85000000E+06  1.85000000E+06  1.85000000E+06  1.85000000E+06  1.85000000E+06 
 1.85000000E+06  1.85000000E+06  1.85000000E+06  1.85000000E+06  1.85000000E+06  1.85000000E+06 
 1.85000000E+06  1.85000000E+06  1.85000000E+06  1.85000000E+06  1.85000000E+06  1.85000000E+06 
 1.85000000E+06  1.85000000E+06  1.85000000E+06  1.85000000E+06  1.85000000E+06  1.85000000E+06 
 1.85000000E+06  1.85000000E+06  1.85000000E+06  1.85000000E+06  1.85000000E+06  1.85000000E+06 
 1.85000000E+06  1.85000000E+06  1.85000000E+06  1.85000000E+06  1.85000000E+06  1.85000000E+06 
 1.85000000E+06  1.85000000E+06  1.85000000E+06  1.85000000E+06  1.85000000E+06  1.85000000E+06 
 1.85000000E+06  1.85000000E+06  1.85000000E+06  1.85000000E+06  1.85000000E+06  1.85000000E+06 
 1.85000000E+06  1.85000000E+06  1.85000000E+06  1.85000000E+06  1.85000000E+06  1.85000000E+06 
 1.85000000E+06  1.85000000E+06  1.85000000E+06  1.85000000E+06  1.85000000E+06  1.85000000E+06 
'MAX LISSAGE' 

 3.03800000E+07  3.03800000E+07  3.03800000E+07  3.03800000E+07  3.03800000E+07  3.03800000E+07 
 3.03800000E+07  3.03800000E+07  3.03800000E+07  3.03800000E+07  3.03800000E+07  3.03800000E+07 
 3.03800000E+07  3.03800000E+07  3.03800000E+07  3.03800000E+07  3.03800000E+07  3.03800000E+07 
 3.03800000E+07  3.03800000E+07  3.03800000E+07  3.03800000E+07  3.03800000E+07  3.03800000E+07 
 3.03800000E+07  3.03800000E+07  3.03800000E+07  3.03800000E+07  3.03800000E+07  3.03800000E+07 
 3.03800000E+07  3.03800000E+07  3.03800000E+07  3.03800000E+07  3.03800000E+07  3.03800000E+07 
 3.03800000E+07  3.03800000E+07  3.03800000E+07  3.03800000E+07  3.03800000E+07  3.03800000E+07 
 3.03800000E+07  3.03800000E+07  3.03800000E+07  3.03800000E+07  3.03800000E+07  3.03800000E+07 
 3.03800000E+07  3.03800000E+07  3.03800000E+07  3.03800000E+07  3.03800000E+07  3.03800000E+07 
 3.03800000E+07  3.03800000E+07  3.03800000E+07  3.03800000E+07  3.03800000E+07  3.03800000E+07 
 3.03800000E+07  3.03800000E+07  3.03800000E+07  3.03800000E+07  3.03800000E+07  3.03800000E+07 
 3.03800000E+07  3.03800000E+07  3.03800000E+07  3.03800000E+07  3.03800000E+07  3.03800000E+07 
 3.03800000E+07  3.03800000E+07  3.03800000E+07  3.03800000E+07  3.03800000E+07  3.03800000E+07 
 3.03800000E+07  3.03800000E+07  3.03800000E+07  3.03800000E+07  3.03800000E+07  3.03800000E+07 
 3.03800000E+07  3.03800000E+07  3.03800000E+07  3.03800000E+07  3.03800000E+07  3.03800000E+07 
 3.03800000E+07  3.03800000E+07  3.03800000E+07  3.03800000E+07  3.03800000E+07  3.03800000E+07 
'MIN LISSAGE' 

 1.54000000E+06  1.54000000E+06  1.54000000E+06  1.54000000E+06  1.54000000E+06  1.54000000E+06 
 1.54000000E+06  1.54000000E+06  1.54000000E+06  1.54000000E+06  1.54000000E+06  1.54000000E+06 
 1.54000000E+06  1.54000000E+06  1.54000000E+06  1.54000000E+06  1.54000000E+06  1.54000000E+06 
 1.54000000E+06  1.54000000E+06  1.54000000E+06  1.54000000E+06  1.54000000E+06  1.54000000E+06 
 1.54000000E+06  1.54000000E+06  1.54000000E+06  1.54000000E+06  1.54000000E+06  1.54000000E+06 
 1.54000000E+06  1.54000000E+06  1.54000000E+06  1.54000000E+06  1.54000000E+06  1.54000000E+06 
 1.54000000E+06  1.54000000E+06  1.54000000E+06  1.54000000E+06  1.54000000E+06  1.54000000E+06 
 1.54000000E+06  1.54000000E+06  1.54000000E+06  1.54000000E+06  1.54000000E+06  1.54000000E+06 
 1.54000000E+06  1.54000000E+06  1.54000000E+06  1.54000000E+06  1.54000000E+06  1.54000000E+06 
 1.54000000E+06  1.54000000E+06  1.54000000E+06  1.54000000E+06  1.54000000E+06  1.54000000E+06 
 1.54000000E+06  1.54000000E+06  1.54000000E+06  1.54000000E+06  1.54000000E+06  1.54000000E+06 
 1.54000000E+06  1.54000000E+06  1.54000000E+06  1.54000000E+06  1.54000000E+06  1.54000000E+06 
 1.54000000E+06  1.54000000E+06  1.54000000E+06  1.54000000E+06  1.54000000E+06  1.54000000E+06 
 1.54000000E+06  1.54000000E+06  1.54000000E+06  1.54000000E+06  1.54000000E+06  1.54000000E+06 
 1.54000000E+06  1.54000000E+06  1.54000000E+06  1.54000000E+06  1.54000000E+06  1.54000000E+06 
 1.54000000E+06  1.54000000E+06  1.54000000E+06  1.54000000E+06  1.54000000E+06  1.54000000E+06 
'CAMBER' 
'E'  1.04400000E+06  1.04400000E+06  1.04400000E+06  0.00000000E+00 
'APPORTS' 

 2.00000003E-01  2.00000003E-01  2.00000003E-01  2.00000003E-01  2.00000003E-01  2.00000003E-01 
 2.00000003E-01  2.00000003E-01  2.00000003E-01  2.00000003E-01  2.00000003E-01  2.00000003E-01 
 2.00000003E-01  2.00000003E-01  2.00000003E-01  2.00000003E-01  2.00000003E-01  2.00000003E-01 
 2.00000003E-01  2.00000003E-01  2.00000003E-01  2.00000003E-01  2.00000003E-01  2.00000003E-01 
 2.00000003E-01  2.00000003E-01  2.00000003E-01  2.00000003E-01  2.00000003E-01  2.00000003E-01 
 2.00000003E-01  2.00000003E-01  2.00000003E-01  2.00000003E-01  2.00000003E-01  2.00000003E-01 
 2.00000003E-01  2.00000003E-01  2.00000003E-01  2.00000003E-01  2.00000003E-01  2.00000003E-01 
 2.00000003E-01  2.00000003E-01  2.00000003E-01  2.00000003E-01  2.00000003E-01  2.00000003E-01 
 2.00000003E-01  2.00000003E-01  2.00000003E-01  2.00000003E-01  2.00000003E-01  2.00000003E-01 
 2.00000003E-01  2.00000003E-01  2.00000003E-01  2.00000003E-01  2.00000003E-01  2.00000003E-01 
 2.00000003E-01  2.00000003E-01  2.00000003E-01  2.00000003E-01  2.00000003E-01  2.00000003E-01 
 2.00000003E-01  2.00000003E-01  2.00000003E-01  2.00000003E-01  2.00000003E-01  2.00000003E-01 
 2.00000003E-01  2.00000003E-01  2.00000003E-01  2.00000003E-01  2.00000003E-01  2.00000003E-01 
 2.00000003E-01  2.00000003E-01  2.00000003E-01  2.00000003E-01  2.00000003E-01  2.00000003E-01 
 2.00000003E-01  2.00000003E-01  2.00000003E-01  2.00000003E-01  2.00000003E-01  2.00000003E-01 
 2.00000003E-01  2.00000003E-01  2.00000003E-01  2.00000003E-01  2.00000003E-01  2.00000003E-01 
'MAX OPTIMISATION' 

 1.24000000E+06  1.24000000E+06  1.24000000E+06  1.24000000E+06  1.24000000E+06  1.24000000E+06 
 1.24000000E+06  1.24000000E+06  1.24000000E+06  1.24000000E+06  1.24000000E+06  1.24000000E+06 
 1.24000000E+06  1.24000000E+06  1.24000000E+06  1.24000000E+06  1.24000000E+06  1.24000000E+06 
 1.24000000E+06  1.24000000E+06  1.24000000E+06  1.24000000E+06  1.24000000E+06  1.24000000E+06 
 1.24000000E+06  1.24000000E+06  1.24000000E+06  1.24000000E+06  1.24000000E+06  1.24000000E+06 
 1.24000000E+06  1.24000000E+06  1.24000000E+06  1.24000000E+06  1.24000000E+06  1.24000000E+06 
 1.24000000E+06  1.24000000E+06  1.24000000E+06  1.24000000E+06  1.24000000E+06  1.24000000E+06 
 1.24000000E+06  1.24000000E+06  1.24000000E+06  1.24000000E+06  1.24000000E+06  1.24000000E+06 
 1.24000000E+06  1.24000000E+06  1.24000000E+06  1.24000000E+06  1.24000000E+06  1.24000000E+06 
 1.24000000E+06  1.24000000E+06  1.24000000E+06  1.24000000E+06  1.24000000E+06  1.24000000E+06 
 1.24000000E+06  1.24000000E+06  1.24000000E+06  1.24000000E+06  1.24000000E+06  1.24000000E+06 
 1.24000000E+06  1.24000000E+06  1.24000000E+06  1.24000000E+06  1.24000000E+06  1.24000000E+06 
 1.24000000E+06  1.24000000E+06  1.24000000E+06  1.24000000E+06  1.24000000E+06  1.24000000E+06 
 1.24000000E+06  1.24000000E+06  1.24000000E+06  1.24000000E+06  1.24000000E+06  1.24000000E+06 
 1.24000000E+06  1.24000000E+06  1.24000000E+06  1.24000000E+06  1.24000000E+06  1.24000000E+06 
 1.24000000E+06  1.24000000E+06  1.24000000E+06  1.24000000E+06  1.24000000E+06  1.24000000E+06 
'MIN OPTIMISATION' 

 6.80000000E+05  6.80000000E+05  6.80000000E+05  6.80000000E+05  6.80000000E+05  6.80000000E+05 
 6.80000000E+05  6.80000000E+05  6.80000000E+05  6.80000000E+05  6.80000000E+05  6.80000000E+05 
 6.80000000E+05  6.80000000E+05  6.80000000E+05  6.80000000E+05  6.80000000E+05  6.80000000E+05 
 6.80000000E+05  6.80000000E+05  6.80000000E+05  6.80000000E+05  6.80000000E+05  6.80000000E+05 
 6.80000000E+05  6.80000000E+05  6.80000000E+05  6.80000000E+05  6.80000000E+05  6.80000000E+05 
 6.80000000E+05  6.80000000E+05  6.80000000E+05  6.80000000E+05  6.80000000E+05  6.80000000E+05 
 6.80000000E+05  6.80000000E+05  6.80000000E+05  6.80000000E+05  6.80000000E+05  6.80000000E+05 
 6.80000000E+05  6.80000000E+05  6.80000000E+05  6.80000000E+05  6.80000000E+05  6.80000000E+05 
 6.80000000E+05  6.80000000E+05  6.80000000E+05  6.80000000E+05  6.80000000E+05  6.80000000E+05 
 6.80000000E+05  6.80000000E+05  6.80000000E+05  6.80000000E+05  6.80000000E+05  6.80000000E+05 
 6.80000000E+05  6.80000000E+05  6.80000000E+05  6.80000000E+05  6.80000000E+05  6.80000000E+05 
 6.80000000E+05  6.80000000E+05  6.80000000E+05  6.80000000E+05  6.80000000E+05  6.80000000E+05 
 6.80000000E+05  6.80000000E+05  6.80000000E+05  6.80000000E+05  6.80000000E+05  6.80000000E+05 
 6.80000000E+05  6.80000000E+05  6.80000000E+05  6.80000000E+05  6.80000000E+05  6.80000000E+05 
 6.80000000E+05  6.80000000E+05  6.80000000E+05  6.80000000E+05  6.80000000E+05  6.80000000E+05 
 6.80000000E+05  6.80000000E+05  6.80000000E+05  6.80000000E+05  6.80000000E+05  6.80000000E+05 
'MAX LISSAGE' 

 1.40000000E+06  1.40000000E+06  1.40000000E+06  1.40000000E+06  1.40000000E+06  1.40000000E+06 
 1.40000000E+06  1.40000000E+06  1.40000000E+06  1.40000000E+06  1.40000000E+06  1.40000000E+06 
 1.40000000E+06  1.40000000E+06  1.40000000E+06  1.40000000E+06  1.40000000E+06  1.40000000E+06 
 1.40000000E+06  1.40000000E+06  1.40000000E+06  1.40000000E+06  1.40000000E+06  1.40000000E+06 
 1.40000000E+06  1.40000000E+06  1.40000000E+06  1.40000000E+06  1.40000000E+06  1.40000000E+06 
 1.40000000E+06  1.40000000E+06  1.40000000E+06  1.40000000E+06  1.40000000E+06  1.40000000E+06 
 1.40000000E+06  1.40000000E+06  1.40000000E+06  1.40000000E+06  1.40000000E+06  1.40000000E+06 
 1.40000000E+06  1.40000000E+06  1.40000000E+06  1.40000000E+06  1.40000000E+06  1.40000000E+06 
 1.40000000E+06  1.40000000E+06  1.40000000E+06  1.40000000E+06  1.40000000E+06  1.40000000E+06 
 1.40000000E+06  1.40000000E+06  1.40000000E+06  1.40000000E+06  1.40000000E+06  1.40000000E+06 
 1.40000000E+06  1.40000000E+06  1.40000000E+06  1.40000000E+06  1.40000000E+06  1.40000000E+06 
 1.40000000E+06  1.40000000E+06  1.40000000E+06  1.40000000E+06  1.40000000E+06  1.40000000E+06 
 1.40000000E+06  1.40000000E+06  1.40000000E+06  1.40000000E+06  1.40000000E+06  1.40000000E+06 
 1.40000000E+06  1.40000000E+06  1.40000000E+06  1.40000000E+06  1.40000000E+06  1.40000000E+06 
 1.40000000E+06  1.40000000E+06  1.40000000E+06  1.40000000E+06  1.40000000E+06  1.40000000E+06 
 1.40000000E+06  1.40000000E+06  1.40000000E+06  1.40000000E+06  1.40000000E+06  1.40000000E+06 
'MIN LISSAGE' 

 5.30000000E+05  5.30000000E+05  5.30000000E+05  5.30000000E+05  5.30000000E+05  5.30000000E+05 
 5.30000000E+05  5.30000000E+05  5.30000000E+05  5.30000000E+05  5.30000000E+05  5.30000000E+05 
 5.30000000E+05  5.30000000E+05  5.30000000E+05  5.30000000E+05  5.30000000E+05  5.30000000E+05 
 5.30000000E+05  5.30000000E+05  5.30000000E+05  5.30000000E+05  5.30000000E+05  5.30000000E+05 
 5.30000000E+05  5.30000000E+05  5.30000000E+05  5.30000000E+05  5.30000000E+05  5.30000000E+05 
 5.30000000E+05  5.30000000E+05  5.30000000E+05  5.30000000E+05  5.30000000E+05  5.30000000E+05 
 5.30000000E+05  5.30000000E+05  5.30000000E+05  5.30000000E+05  5.30000000E+05  5.30000000E+05 
 5.30000000E+05  5.30000000E+05  5.30000000E+05  5.30000000E+05  5.30000000E+05  5.30000000E+05 
 5.30000000E+05  5.30000000E+05  5.30000000E+05  5.30000000E+05  5.30000000E+05  5.30000000E+05 
 5.30000000E+05  5.30000000E+05  5.30000000E+05  5.30000000E+05  5.30000000E+05  5.30000000E+05 
 5.30000000E+05  5.30000000E+05  5.30000000E+05  5.30000000E+05  5.30000000E+05  5.30000000E+05 
 5.30000000E+05  5.30000000E+05  5.30000000E+05  5.30000000E+05  5.30000000E+05  5.30000000E+05 
 5.30000000E+05  5.30000000E+05  5.30000000E+05  5.30000000E+05  5.30000000E+05  5.30000000E+05 
 5.30000000E+05  5.30000000E+05  5.30000000E+05  5.30000000E+05  5.30000000E+05  5.30000000E+05 
 5.30000000E+05  5.30000000E+05  5.30000000E+05  5.30000000E+05  5.30000000E+05  5.30000000E+05 
 5.30000000E+05  5.30000000E+05  5.30000000E+05  5.30000000E+05  5.30000000E+05  5.30000000E+05 
'VOUGLR' 
'E'  1.69192000E+08  8.80001062E+05  4.17840000E+08  3.02000009E-02 
'APPORTS' 

 0.00000000E+00  0.00000000E+00  0.00000000E+00  0.00000000E+00  0.00000000E+00  0.00000000E+00 
 0.00000000E+00  0.00000000E+00  0.00000000E+00  0.00000000E+00  0.00000000E+00  0.00000000E+00 
 0.00000000E+00  0.00000000E+00  0.00000000E+00  0.00000000E+00  0.00000000E+00  0.00000000E+00 
 0.00000000E+00  0.00000000E+00  0.00000000E+00  0.00000000E+00  0.00000000E+00  0.00000000E+00 
 0.00000000E+00  0.00000000E+00  0.00000000E+00  0.00000000E+00  0.00000000E+00  0.00000000E+00 
 0.00000000E+00  0.00000000E+00  0.00000000E+00  0.00000000E+00  0.00000000E+00  0.00000000E+00 
 0.00000000E+00  0.00000000E+00  0.00000000E+00  0.00000000E+00  0.00000000E+00  0.00000000E+00 
 0.00000000E+00  0.00000000E+00  0.00000000E+00  0.00000000E+00  0.00000000E+00  0.00000000E+00 
 0.00000000E+00  0.00000000E+00  0.00000000E+00  0.00000000E+00  0.00000000E+00  0.00000000E+00 
 0.00000000E+00  0.00000000E+00  0.00000000E+00  0.00000000E+00  0.00000000E+00  0.00000000E+00 
 0.00000000E+00  0.00000000E+00  0.00000000E+00  0.00000000E+00  0.00000000E+00  0.00000000E+00 
 0.00000000E+00  0.00000000E+00  0.00000000E+00  0.00000000E+00  0.00000000E+00  0.00000000E+00 
 0.00000000E+00  0.00000000E+00  0.00000000E+00  0.00000000E+00  0.00000000E+00  0.00000000E+00 
 0.00000000E+00  0.00000000E+00  0.00000000E+00  0.00000000E+00  0.00000000E+00  0.00000000E+00 
 0.00000000E+00  0.00000000E+00  0.00000000E+00  0.00000000E+00  0.00000000E+00  0.00000000E+00 
 0.00000000E+00  0.00000000E+00  0.00000000E+00  0.00000000E+00  0.00000000E+00  0.00000000E+00 
'MAX OPTIMISATION' 

 4.17840000E+08  4.17840000E+08  4.17840000E+08  4.17840000E+08  4.17840000E+08  4.17840000E+08 
 4.17840000E+08  4.17840000E+08  4.17840000E+08  4.17840000E+08  4.17840000E+08  4.17840000E+08 
 4.17840000E+08  4.17840000E+08  4.17840000E+08  4.17840000E+08  4.17840000E+08  4.17840000E+08 
 4.17840000E+08  4.17840000E+08  4.17840000E+08  4.17840000E+08  4.17840000E+08  4.17840000E+08 
 4.17840000E+08  4.17840000E+08  4.17840000E+08  4.17840000E+08  4.17840000E+08  4.17840000E+08 
 4.17840000E+08  4.17840000E+08  4.17840000E+08  4.17840000E+08  4.17840000E+08  4.17840000E+08 
 4.17840000E+08  4.17840000E+08  4.17840000E+08  4.17840000E+08  4.17840000E+08  4.17840000E+08 
 4.17840000E+08  4.17840000E+08  4.17840000E+08  4.17840000E+08  4.17840000E+08  1.66268160E+08 
 4.17840000E+08  4.17840000E+08  4.17840000E+08  4.17840000E+08  4.17840000E+08  4.17840000E+08 
 4.17840000E+08  4.17840000E+08  4.17840000E+08  4.17840000E+08  4.17840000E+08  4.17840000E+08 
 4.17840000E+08  4.17840000E+08  4.17840000E+08  4.17840000E+08  4.17840000E+08  4.17840000E+08 
 4.17840000E+08  4.17840000E+08  4.17840000E+08  4.17840000E+08  4.17840000E+08  4.17840000E+08 
 4.17840000E+08  4.17840000E+08  4.17840000E+08  4.17840000E+08  4.17840000E+08  4.17840000E+08 
 4.17840000E+08  4.17840000E+08  4.17840000E+08  4.17840000E+08  4.17840000E+08  4.17840000E+08 
 4.17840000E+08  4.17840000E+08  4.17840000E+08  4.17840000E+08  4.17840000E+08  4.17840000E+08 
 4.17840000E+08  4.17840000E+08  4.17840000E+08  4.17840000E+08  4.17840000E+08  4.17840000E+08 
'MIN OPTIMISATION' 

 8.80001062E+05  8.80001062E+05  8.80001062E+05  8.80001062E+05  8.80001062E+05  8.80001062E+05 
 8.80001062E+05  8.80001062E+05  8.80001062E+05  8.80001062E+05  8.80001062E+05  8.80001062E+05 
 8.80001062E+05  8.80001062E+05  8.80001062E+05  8.80001062E+05  8.80001062E+05  8.80001062E+05 
 8.80001062E+05  8.80001062E+05  8.80001062E+05  8.80001062E+05  8.80001062E+05  8.80001062E+05 
 8.80001062E+05  8.80001062E+05  8.80001062E+05  8.80001062E+05  8.80001062E+05  8.80001062E+05 
 8.80001062E+05  8.80001062E+05  8.80001062E+05  8.80001062E+05  8.80001062E+05  8.80001062E+05 
 8.80001062E+05  8.80001062E+05  8.80001062E+05  8.80001062E+05  8.80001062E+05  8.80001062E+05 
 8.80001062E+05  8.80001062E+05  8.80001062E+05  8.80001062E+05  8.80001062E+05  1.66068016E+08 
 8.80001062E+05  8.80001062E+05  8.80001062E+05  8.80001062E+05  8.80001062E+05  8.80001062E+05 
 8.80001062E+05  8.80001062E+05  8.80001062E+05  8.80001062E+05  8.80001062E+05  8.80001062E+05 
 8.80001062E+05  8.80001062E+05  8.80001062E+05  8.80001062E+05  8.80001062E+05  8.80001062E+05 
 8.80001062E+05  8.80001062E+05  8.80001062E+05  8.80001062E+05  8.80001062E+05  8.80001062E+05 
 8.80001062E+05  8.80001062E+05  8.80001062E+05  8.80001062E+05  8.80001062E+05  8.80001062E+05 
 8.80001062E+05  8.80001062E+05  8.80001062E+05  8.80001062E+05  8.80001062E+05  8.80001062E+05 
 8.80001062E+05  8.80001062E+05  8.80001062E+05  8.80001062E+05  8.80001062E+05  8.80001062E+05 
 8.80001062E+05  8.80001062E+05  8.80001062E+05  8.80001062E+05  8.80001062E+05  8.80001062E+05 
'MAX LISSAGE' 

 4.17840000E+08  4.17840000E+08  4.17840000E+08  4.17840000E+08  4.17840000E+08  4.17840000E+08 
 4.17840000E+08  4.17840000E+08  4.17840000E+08  4.17840000E+08  4.17840000E+08  4.17840000E+08 
 4.17840000E+08  4.17840000E+08  4.17840000E+08  4.17840000E+08  4.17840000E+08  4.17840000E+08 
 4.17840000E+08  4.17840000E+08  4.17840000E+08  4.17840000E+08  4.17840000E+08  4.17840000E+08 
 4.17840000E+08  4.17840000E+08  4.17840000E+08  4.17840000E+08  4.17840000E+08  4.17840000E+08 
 4.17840000E+08  4.17840000E+08  4.17840000E+08  4.17840000E+08  4.17840000E+08  4.17840000E+08 
 4.17840000E+08  4.17840000E+08  4.17840000E+08  4.17840000E+08  4.17840000E+08  4.17840000E+08 
 4.17840000E+08  4.17840000E+08  4.17840000E+08  4.17840000E+08  4.17840000E+08  4.17840000E+08 
 4.17840000E+08  4.17840000E+08  4.17840000E+08  4.17840000E+08  4.17840000E+08  4.17840000E+08 
 4.17840000E+08  4.17840000E+08  4.17840000E+08  4.17840000E+08  4.17840000E+08  4.17840000E+08 
 4.17840000E+08  4.17840000E+08  4.17840000E+08  4.17840000E+08  4.17840000E+08  4.17840000E+08 
 4.17840000E+08  4.17840000E+08  4.17840000E+08  4.17840000E+08  4.17840000E+08  4.17840000E+08 
 4.17840000E+08  4.17840000E+08  4.17840000E+08  4.17840000E+08  4.17840000E+08  4.17840000E+08 
 4.17840000E+08  4.17840000E+08  4.17840000E+08  4.17840000E+08  4.17840000E+08  4.17840000E+08 
 4.17840000E+08  4.17840000E+08  4.17840000E+08  4.17840000E+08  4.17840000E+08  4.17840000E+08 
 4.17840000E+08  4.17840000E+08  4.17840000E+08  4.17840000E+08  4.17840000E+08  4.17840000E+08 
'MIN LISSAGE' 

 8.80001062E+05  8.80001062E+05  8.80001062E+05  8.80001062E+05  8.80001062E+05  8.80001062E+05 
 8.80001062E+05  8.80001062E+05  8.80001062E+05  8.80001062E+05  8.80001062E+05  8.80001062E+05 
 8.80001062E+05  8.80001062E+05  8.80001062E+05  8.80001062E+05  8.80001062E+05  8.80001062E+05 
 8.80001062E+05  8.80001062E+05  8.80001062E+05  8.80001062E+05  8.80001062E+05  8.80001062E+05 
 8.80001062E+05  8.80001062E+05  8.80001062E+05  8.80001062E+05  8.80001062E+05  8.80001062E+05 
 8.80001062E+05  8.80001062E+05  8.80001062E+05  8.80001062E+05  8.80001062E+05  8.80001062E+05 
 8.80001062E+05  8.80001062E+05  8.80001062E+05  8.80001062E+05  8.80001062E+05  8.80001062E+05 
 8.80001062E+05  8.80001062E+05  8.80001062E+05  8.80001062E+05  8.80001062E+05  8.80001062E+05 
 8.80001062E+05  8.80001062E+05  8.80001062E+05  8.80001062E+05  8.80001062E+05  8.80001062E+05 
 8.80001062E+05  8.80001062E+05  8.80001062E+05  8.80001062E+05  8.80001062E+05  8.80001062E+05 
 8.80001062E+05  8.80001062E+05  8.80001062E+05  8.80001062E+05  8.80001062E+05  8.80001062E+05 
 8.80001062E+05  8.80001062E+05  8.80001062E+05  8.80001062E+05  8.80001062E+05  8.80001062E+05 
 8.80001062E+05  8.80001062E+05  8.80001062E+05  8.80001062E+05  8.80001062E+05  8.80001062E+05 
 8.80001062E+05  8.80001062E+05  8.80001062E+05  8.80001062E+05  8.80001062E+05  8.80001062E+05 
 8.80001062E+05  8.80001062E+05  8.80001062E+05  8.80001062E+05  8.80001062E+05  8.80001062E+05 
 8.80001062E+05  8.80001062E+05  8.80001062E+05  8.80001062E+05  8.80001062E+05  8.80001062E+05 
'S.MORR' 
'E'  9.60000000E+05  9.60000000E+05  9.60000000E+05  0.00000000E+00 
'APPORTS' 

 0.00000000E+00  0.00000000E+00  0.00000000E+00  0.00000000E+00  0.00000000E+00  0.00000000E+00 
 0.00000000E+00  0.00000000E+00  0.00000000E+00  0.00000000E+00  0.00000000E+00  0.00000000E+00 
 0.00000000E+00  0.00000000E+00  0.00000000E+00  0.00000000E+00  0.00000000E+00  0.00000000E+00 
 0.00000000E+00  0.00000000E+00  0.00000000E+00  0.00000000E+00  0.00000000E+00  0.00000000E+00 
 0.00000000E+00  0.00000000E+00  0.00000000E+00  0.00000000E+00  0.00000000E+00  0.00000000E+00 
 0.00000000E+00  0.00000000E+00  0.00000000E+00  0.00000000E+00  0.00000000E+00  0.00000000E+00 
 0.00000000E+00  0.00000000E+00  0.00000000E+00  0.00000000E+00  0.00000000E+00  0.00000000E+00 
 0.00000000E+00  0.00000000E+00  0.00000000E+00  0.00000000E+00  0.00000000E+00  0.00000000E+00 
 0.00000000E+00  0.00000000E+00  0.00000000E+00  0.00000000E+00  0.00000000E+00  0.00000000E+00 
 0.00000000E+00  0.00000000E+00  0.00000000E+00  0.00000000E+00  0.00000000E+00  0.00000000E+00 
 0.00000000E+00  0.00000000E+00  0.00000000E+00  0.00000000E+00  0.00000000E+00  0.00000000E+00 
 0.00000000E+00  0.00000000E+00  0.00000000E+00  0.00000000E+00  0.00000000E+00  0.00000000E+00 
 0.00000000E+00  0.00000000E+00  0.00000000E+00  0.00000000E+00  0.00000000E+00  0.00000000E+00 
 0.00000000E+00  0.00000000E+00  0.00000000E+00  0.00000000E+00  0.00000000E+00  0.00000000E+00 
 0.00000000E+00  0.00000000E+00  0.00000000E+00  0.00000000E+00  0.00000000E+00  0.00000000E+00 
 0.00000000E+00  0.00000000E+00  0.00000000E+00  0.00000000E+00  0.00000000E+00  0.00000000E+00 
'MAX OPTIMISATION' 

 1.50000000E+06  1.50000000E+06  1.50000000E+06  1.50000000E+06  1.50000000E+06  1.50000000E+06 
 1.50000000E+06  1.50000000E+06  1.50000000E+06  1.50000000E+06  1.50000000E+06  1.50000000E+06 
 1.50000000E+06  1.50000000E+06  1.50000000E+06  1.50000000E+06  1.50000000E+06  1.50000000E+06 
 1.50000000E+06  1.50000000E+06  1.50000000E+06  1.50000000E+06  1.50000000E+06  1.50000000E+06 
 1.50000000E+06  1.50000000E+06  1.50000000E+06  1.50000000E+06  1.50000000E+06  1.50000000E+06 
 1.50000000E+06  1.50000000E+06  1.50000000E+06  1.50000000E+06  1.50000000E+06  1.50000000E+06 
 1.50000000E+06  1.50000000E+06  1.50000000E+06  1.50000000E+06  1.50000000E+06  1.50000000E+06 
 1.50000000E+06  1.50000000E+06  1.50000000E+06  1.50000000E+06  1.50000000E+06  1.50000000E+06 
 1.50000000E+06  1.50000000E+06  1.50000000E+06  1.50000000E+06  1.50000000E+06  1.50000000E+06 
 1.50000000E+06  1.50000000E+06  1.50000000E+06  1.50000000E+06  1.50000000E+06  1.50000000E+06 
 1.50000000E+06  1.50000000E+06  1.50000000E+06  1.50000000E+06  1.50000000E+06  1.50000000E+06 
 1.50000000E+06  1.50000000E+06  1.50000000E+06  1.50000000E+06  1.50000000E+06  1.50000000E+06 
 1.50000000E+06  1.50000000E+06  1.50000000E+06  1.50000000E+06  1.50000000E+06  1.50000000E+06 
 1.50000000E+06  1.50000000E+06  1.50000000E+06  1.50000000E+06  1.50000000E+06  1.50000000E+06 
 1.50000000E+06  1.50000000E+06  1.50000000E+06  1.50000000E+06  1.50000000E+06  1.50000000E+06 
 1.50000000E+06  1.50000000E+06  1.50000000E+06  1.50000000E+06  1.50000000E+06  1.50000000E+06 
'MIN OPTIMISATION' 

 9.60000000E+05  9.60000000E+05  9.60000000E+05  9.60000000E+05  9.60000000E+05  9.60000000E+05 
 9.60000000E+05  9.60000000E+05  9.60000000E+05  9.60000000E+05  9.60000000E+05  9.60000000E+05 
 9.60000000E+05  9.60000000E+05  9.60000000E+05  9.60000000E+05  9.60000000E+05  9.60000000E+05 
 9.60000000E+05  9.60000000E+05  9.60000000E+05  9.60000000E+05  9.60000000E+05  9.60000000E+05 
 9.60000000E+05  9.60000000E+05  9.60000000E+05  9.60000000E+05  9.60000000E+05  9.60000000E+05 
 9.60000000E+05  9.60000000E+05  9.60000000E+05  9.60000000E+05  9.60000000E+05  9.60000000E+05 
 9.60000000E+05  9.60000000E+05  9.60000000E+05  9.60000000E+05  9.60000000E+05  9.60000000E+05 
 9.60000000E+05  9.60000000E+05  9.60000000E+05  9.60000000E+05  9.60000000E+05  9.60000000E+05 
 9.60000000E+05  9.60000000E+05  9.60000000E+05  9.60000000E+05  9.60000000E+05  9.60000000E+05 
 9.60000000E+05  9.60000000E+05  9.60000000E+05  9.60000000E+05  9.60000000E+05  9.60000000E+05 
 9.60000000E+05  9.60000000E+05  9.60000000E+05  9.60000000E+05  9.60000000E+05  9.60000000E+05 
 9.60000000E+05  9.60000000E+05  9.60000000E+05  9.60000000E+05  9.60000000E+05  9.60000000E+05 
 9.60000000E+05  9.60000000E+05  9.60000000E+05  9.60000000E+05  9.60000000E+05  9.60000000E+05 
 9.60000000E+05  9.60000000E+05  9.60000000E+05  9.60000000E+05  9.60000000E+05  9.60000000E+05 
 9.60000000E+05  9.60000000E+05  9.60000000E+05  9.60000000E+05  9.60000000E+05  9.60000000E+05 
 9.60000000E+05  9.60000000E+05  9.60000000E+05  9.60000000E+05  9.60000000E+05  9.60000000E+05 
'MAX LISSAGE' 

 1.64000000E+06  1.64000000E+06  1.64000000E+06  1.64000000E+06  1.64000000E+06  1.64000000E+06 
 1.64000000E+06  1.64000000E+06  1.64000000E+06  1.64000000E+06  1.64000000E+06  1.64000000E+06 
 1.64000000E+06  1.64000000E+06  1.64000000E+06  1.64000000E+06  1.64000000E+06  1.64000000E+06 
 1.64000000E+06  1.64000000E+06  1.64000000E+06  1.64000000E+06  1.64000000E+06  1.64000000E+06 
 1.64000000E+06  1.64000000E+06  1.64000000E+06  1.64000000E+06  1.64000000E+06  1.64000000E+06 
 1.64000000E+06  1.64000000E+06  1.64000000E+06  1.64000000E+06  1.64000000E+06  1.64000000E+06 
 1.64000000E+06  1.64000000E+06  1.64000000E+06  1.64000000E+06  1.64000000E+06  1.64000000E+06 
 1.64000000E+06  1.64000000E+06  1.64000000E+06  1.64000000E+06  1.64000000E+06  1.64000000E+06 
 1.64000000E+06  1.64000000E+06  1.64000000E+06  1.64000000E+06  1.64000000E+06  1.64000000E+06 
 1.64000000E+06  1.64000000E+06  1.64000000E+06  1.64000000E+06  1.64000000E+06  1.64000000E+06 
 1.64000000E+06  1.64000000E+06  1.64000000E+06  1.64000000E+06  1.64000000E+06  1.64000000E+06 
 1.64000000E+06  1.64000000E+06  1.64000000E+06  1.64000000E+06  1.64000000E+06  1.64000000E+06 
 1.64000000E+06  1.64000000E+06  1.64000000E+06  1.64000000E+06  1.64000000E+06  1.64000000E+06 
 1.64000000E+06  1.64000000E+06  1.64000000E+06  1.64000000E+06  1.64000000E+06  1.64000000E+06 
 1.64000000E+06  1.64000000E+06  1.64000000E+06  1.64000000E+06  1.64000000E+06  1.64000000E+06 
 1.64000000E+06  1.64000000E+06  1.64000000E+06  1.64000000E+06  1.64000000E+06  1.64000000E+06 
'MIN LISSAGE' 

 8.60000000E+05  8.60000000E+05  8.60000000E+05  8.60000000E+05  8.60000000E+05  8.60000000E+05 
 8.60000000E+05  8.60000000E+05  8.60000000E+05  8.60000000E+05  8.60000000E+05  8.60000000E+05 
 8.60000000E+05  8.60000000E+05  8.60000000E+05  8.60000000E+05  8.60000000E+05  8.60000000E+05 
 8.60000000E+05  8.60000000E+05  8.60000000E+05  8.60000000E+05  8.60000000E+05  8.60000000E+05 
 8.60000000E+05  8.60000000E+05  8.60000000E+05  8.60000000E+05  8.60000000E+05  8.60000000E+05 
 8.60000000E+05  8.60000000E+05  8.60000000E+05  8.60000000E+05  8.60000000E+05  8.60000000E+05 
 8.60000000E+05  8.60000000E+05  8.60000000E+05  8.60000000E+05  8.60000000E+05  8.60000000E+05 
 8.60000000E+05  8.60000000E+05  8.60000000E+05  8.60000000E+05  8.60000000E+05  8.60000000E+05 
 8.60000000E+05  8.60000000E+05  8.60000000E+05  8.60000000E+05  8.60000000E+05  8.60000000E+05 
 8.60000000E+05  8.60000000E+05  8.60000000E+05  8.60000000E+05  8.60000000E+05  8.60000000E+05 
 8.60000000E+05  8.60000000E+05  8.60000000E+05  8.60000000E+05  8.60000000E+05  8.60000000E+05 
 8.60000000E+05  8.60000000E+05  8.60000000E+05  8.60000000E+05  8.60000000E+05  8.60000000E+05 
 8.60000000E+05  8.60000000E+05  8.60000000E+05  8.60000000E+05  8.60000000E+05  8.60000000E+05 
 8.60000000E+05  8.60000000E+05  8.60000000E+05  8.60000000E+05  8.60000000E+05  8.60000000E+05 
 8.60000000E+05  8.60000000E+05  8.60000000E+05  8.60000000E+05  8.60000000E+05  8.60000000E+05 
 8.60000000E+05  8.60000000E+05  8.60000000E+05  8.60000000E+05  8.60000000E+05  8.60000000E+05 
'COISER' 
'E'  3.43800000E+07  3.43800000E+07  3.43800000E+07  0.00000000E+00 
'APPORTS' 

 5.00000000E+00  5.00000000E+00  5.00000000E+00  5.00000000E+00  5.00000000E+00  5.00000000E+00 
 5.00000000E+00  5.00000000E+00  5.00000000E+00  5.00000000E+00  5.00000000E+00  5.00000000E+00 
 5.00000000E+00  5.00000000E+00  5.00000000E+00  5.00000000E+00  5.00000000E+00  5.00000000E+00 
 5.00000000E+00  5.00000000E+00  5.00000000E+00  5.00000000E+00  5.00000000E+00  5.00000000E+00 
 5.00000000E+00  5.00000000E+00  5.00000000E+00  5.00000000E+00  5.00000000E+00  5.00000000E+00 
 5.00000000E+00  5.00000000E+00  5.00000000E+00  5.00000000E+00  5.00000000E+00  5.00000000E+00 
 5.00000000E+00  5.00000000E+00  5.00000000E+00  5.00000000E+00  5.00000000E+00  5.00000000E+00 
 5.00000000E+00  5.00000000E+00  5.00000000E+00  5.00000000E+00  5.00000000E+00  5.00000000E+00 
 5.00000000E+00  5.00000000E+00  5.00000000E+00  5.00000000E+00  5.00000000E+00  5.00000000E+00 
 5.00000000E+00  5.00000000E+00  5.00000000E+00  5.00000000E+00  5.00000000E+00  5.00000000E+00 
 5.00000000E+00  5.00000000E+00  5.00000000E+00  5.00000000E+00  5.00000000E+00  5.00000000E+00 
 5.00000000E+00  5.00000000E+00  5.00000000E+00  5.00000000E+00  5.00000000E+00  5.00000000E+00 
 5.00000000E+00  5.00000000E+00  5.00000000E+00  5.00000000E+00  5.00000000E+00  5.00000000E+00 
 5.00000000E+00  5.00000000E+00  5.00000000E+00  5.00000000E+00  5.00000000E+00  5.00000000E+00 
 5.00000000E+00  5.00000000E+00  5.00000000E+00  5.00000000E+00  5.00000000E+00  5.00000000E+00 
 5.00000000E+00  5.00000000E+00  5.00000000E+00  5.00000000E+00  5.00000000E+00  5.00000000E+00 
'MAX OPTIMISATION' 

 3.51200000E+07  3.51200000E+07  3.51200000E+07  3.51200000E+07  3.51200000E+07  3.51200000E+07 
 3.51200000E+07  3.51200000E+07  3.51200000E+07  3.51200000E+07  3.51200000E+07  3.51200000E+07 
 3.51200000E+07  3.51200000E+07  3.51200000E+07  3.51200000E+07  3.51200000E+07  3.51200000E+07 
 3.51200000E+07  3.51200000E+07  3.51200000E+07  3.51200000E+07  3.51200000E+07  3.51200000E+07 
 3.51200000E+07  3.51200000E+07  3.51200000E+07  3.51200000E+07  3.51200000E+07  3.51200000E+07 
 3.51200000E+07  3.51200000E+07  3.51200000E+07  3.51200000E+07  3.51200000E+07  3.51200000E+07 
 3.51200000E+07  3.51200000E+07  3.51200000E+07  3.51200000E+07  3.51200000E+07  3.51200000E+07 
 3.51200000E+07  3.51200000E+07  3.51200000E+07  3.51200000E+07  3.51200000E+07  3.44000560E+07 
 3.51200000E+07  3.51200000E+07  3.51200000E+07  3.51200000E+07  3.51200000E+07  3.51200000E+07 
 3.51200000E+07  3.51200000E+07  3.51200000E+07  3.51200000E+07  3.51200000E+07  3.51200000E+07 
 3.51200000E+07  3.51200000E+07  3.51200000E+07  3.51200000E+07  3.51200000E+07  3.51200000E+07 
 3.51200000E+07  3.51200000E+07  3.51200000E+07  3.51200000E+07  3.51200000E+07  3.51200000E+07 
 3.51200000E+07  3.51200000E+07  3.51200000E+07  3.51200000E+07  3.51200000E+07  3.51200000E+07 
 3.51200000E+07  3.51200000E+07  3.51200000E+07  3.51200000E+07  3.51200000E+07  3.51200000E+07 
 3.51200000E+07  3.51200000E+07  3.51200000E+07  3.51200000E+07  3.51200000E+07  3.51200000E+07 
 3.51200000E+07  3.51200000E+07  3.51200000E+07  3.51200000E+07  3.51200000E+07  3.51200000E+07 
'MIN OPTIMISATION' 

 3.32700000E+07  3.32700000E+07  3.32700000E+07  3.32700000E+07  3.32700000E+07  3.32700000E+07 
 3.32700000E+07  3.32700000E+07  3.32700000E+07  3.32700000E+07  3.32700000E+07  3.32700000E+07 
 3.32700000E+07  3.32700000E+07  3.32700000E+07  3.32700000E+07  3.32700000E+07  3.32700000E+07 
 3.32700000E+07  3.32700000E+07  3.32700000E+07  3.32700000E+07  3.32700000E+07  3.32700000E+07 
 3.32700000E+07  3.32700000E+07  3.32700000E+07  3.32700000E+07  3.32700000E+07  3.32700000E+07 
 3.32700000E+07  3.32700000E+07  3.32700000E+07  3.32700000E+07  3.32700000E+07  3.32700000E+07 
 3.32700000E+07  3.32700000E+07  3.32700000E+07  3.32700000E+07  3.32700000E+07  3.32700000E+07 
 3.32700000E+07  3.32700000E+07  3.32700000E+07  3.32700000E+07  3.32700000E+07  3.43599720E+07 
 3.32700000E+07  3.32700000E+07  3.32700000E+07  3.32700000E+07  3.32700000E+07  3.32700000E+07 
 3.32700000E+07  3.32700000E+07  3.32700000E+07  3.32700000E+07  3.32700000E+07  3.32700000E+07 
 3.32700000E+07  3.32700000E+07  3.32700000E+07  3.32700000E+07  3.32700000E+07  3.32700000E+07 
 3.32700000E+07  3.32700000E+07  3.32700000E+07  3.32700000E+07  3.32700000E+07  3.32700000E+07 
 3.32700000E+07  3.32700000E+07  3.32700000E+07  3.32700000E+07  3.32700000E+07  3.32700000E+07 
 3.32700000E+07  3.32700000E+07  3.32700000E+07  3.32700000E+07  3.32700000E+07  3.32700000E+07 
 3.32700000E+07  3.32700000E+07  3.32700000E+07  3.32700000E+07  3.32700000E+07  3.32700000E+07 
 3.32700000E+07  3.32700000E+07  3.32700000E+07  3.32700000E+07  3.32700000E+07  3.32700000E+07 
'MAX LISSAGE' 

 3.53100000E+07  3.53100000E+07  3.53100000E+07  3.53100000E+07  3.53100000E+07  3.53100000E+07 
 3.53100000E+07  3.53100000E+07  3.53100000E+07  3.53100000E+07  3.53100000E+07  3.53100000E+07 
 3.53100000E+07  3.53100000E+07  3.53100000E+07  3.53100000E+07  3.53100000E+07  3.53100000E+07 
 3.53100000E+07  3.53100000E+07  3.53100000E+07  3.53100000E+07  3.53100000E+07  3.53100000E+07 
 3.53100000E+07  3.53100000E+07  3.53100000E+07  3.53100000E+07  3.53100000E+07  3.53100000E+07 
 3.53100000E+07  3.53100000E+07  3.53100000E+07  3.53100000E+07  3.53100000E+07  3.53100000E+07 
 3.53100000E+07  3.53100000E+07  3.53100000E+07  3.53100000E+07  3.53100000E+07  3.53100000E+07 
 3.53100000E+07  3.53100000E+07  3.53100000E+07  3.53100000E+07  3.53100000E+07  3.53100000E+07 
 3.53100000E+07  3.53100000E+07  3.53100000E+07  3.53100000E+07  3.53100000E+07  3.53100000E+07 
 3.53100000E+07  3.53100000E+07  3.53100000E+07  3.53100000E+07  3.53100000E+07  3.53100000E+07 
 3.53100000E+07  3.53100000E+07  3.53100000E+07  3.53100000E+07  3.53100000E+07  3.53100000E+07 
 3.53100000E+07  3.53100000E+07  3.53100000E+07  3.53100000E+07  3.53100000E+07  3.53100000E+07 
 3.53100000E+07  3.53100000E+07  3.53100000E+07  3.53100000E+07  3.53100000E+07  3.53100000E+07 
 3.53100000E+07  3.53100000E+07  3.53100000E+07  3.53100000E+07  3.53100000E+07  3.53100000E+07 
 3.53100000E+07  3.53100000E+07  3.53100000E+07  3.53100000E+07  3.53100000E+07  3.53100000E+07 
 3.53100000E+07  3.53100000E+07  3.53100000E+07  3.53100000E+07  3.53100000E+07  3.53100000E+07 
'MIN LISSAGE' 

 3.30900000E+07  3.30900000E+07  3.30900000E+07  3.30900000E+07  3.30900000E+07  3.30900000E+07 
 3.30900000E+07  3.30900000E+07  3.30900000E+07  3.30900000E+07  3.30900000E+07  3.30900000E+07 
 3.30900000E+07  3.30900000E+07  3.30900000E+07  3.30900000E+07  3.30900000E+07  3.30900000E+07 
 3.30900000E+07  3.30900000E+07  3.30900000E+07  3.30900000E+07  3.30900000E+07  3.30900000E+07 
 3.30900000E+07  3.30900000E+07  3.30900000E+07  3.30900000E+07  3.30900000E+07  3.30900000E+07 
 3.30900000E+07  3.30900000E+07  3.30900000E+07  3.30900000E+07  3.30900000E+07  3.30900000E+07 
 3.30900000E+07  3.30900000E+07  3.30900000E+07  3.30900000E+07  3.30900000E+07  3.30900000E+07 
 3.30900000E+07  3.30900000E+07  3.30900000E+07  3.30900000E+07  3.30900000E+07  3.30900000E+07 
 3.30900000E+07  3.30900000E+07  3.30900000E+07  3.30900000E+07  3.30900000E+07  3.30900000E+07 
 3.30900000E+07  3.30900000E+07  3.30900000E+07  3.30900000E+07  3.30900000E+07  3.30900000E+07 
 3.30900000E+07  3.30900000E+07  3.30900000E+07  3.30900000E+07  3.30900000E+07  3.30900000E+07 
 3.30900000E+07  3.30900000E+07  3.30900000E+07  3.30900000E+07  3.30900000E+07  3.30900000E+07 
 3.30900000E+07  3.30900000E+07  3.30900000E+07  3.30900000E+07  3.30900000E+07  3.30900000E+07 
 3.30900000E+07  3.30900000E+07  3.30900000E+07  3.30900000E+07  3.30900000E+07  3.30900000E+07 
 3.30900000E+07  3.30900000E+07  3.30900000E+07  3.30900000E+07  3.30900000E+07  3.30900000E+07 
 3.30900000E+07  3.30900000E+07  3.30900000E+07  3.30900000E+07  3.30900000E+07  3.30900000E+07 
'BOLOZR' 
'E'  1.31740000E+07  1.31740000E+07  1.31740000E+07  0.00000000E+00 
'APPORTS' 

 5.00000000E-01  5.00000000E-01  5.00000000E-01  5.00000000E-01  5.00000000E-01  5.00000000E-01 
 5.00000000E-01  5.00000000E-01  5.00000000E-01  5.00000000E-01  5.00000000E-01  5.00000000E-01 
 5.00000000E-01  5.00000000E-01  5.00000000E-01  5.00000000E-01  5.00000000E-01  5.00000000E-01 
 5.00000000E-01  5.00000000E-01  5.00000000E-01  5.00000000E-01  5.00000000E-01  5.00000000E-01 
 5.00000000E-01  5.00000000E-01  5.00000000E-01  5.00000000E-01  5.00000000E-01  5.00000000E-01 
 5.00000000E-01  5.00000000E-01  5.00000000E-01  5.00000000E-01  5.00000000E-01  5.00000000E-01 
 5.00000000E-01  5.00000000E-01  5.00000000E-01  5.00000000E-01  5.00000000E-01  5.00000000E-01 
 5.00000000E-01  5.00000000E-01  5.00000000E-01  5.00000000E-01  5.00000000E-01  5.00000000E-01 
 5.00000000E-01  5.00000000E-01  5.00000000E-01  5.00000000E-01  5.00000000E-01  5.00000000E-01 
 5.00000000E-01  5.00000000E-01  5.00000000E-01  5.00000000E-01  5.00000000E-01  5.00000000E-01 
 5.00000000E-01  5.00000000E-01  5.00000000E-01  5.00000000E-01  5.00000000E-01  5.00000000E-01 
 5.00000000E-01  5.00000000E-01  5.00000000E-01  5.00000000E-01  5.00000000E-01  5.00000000E-01 
 5.00000000E-01  5.00000000E-01  5.00000000E-01  5.00000000E-01  5.00000000E-01  5.00000000E-01 
 5.00000000E-01  5.00000000E-01  5.00000000E-01  5.00000000E-01  5.00000000E-01  5.00000000E-01 
 5.00000000E-01  5.00000000E-01  5.00000000E-01  5.00000000E-01  5.00000000E-01  5.00000000E-01 
 5.00000000E-01  5.00000000E-01  5.00000000E-01  5.00000000E-01  5.00000000E-01  5.00000000E-01 
'MAX OPTIMISATION' 

 1.35900000E+07  1.35900000E+07  1.35900000E+07  1.35900000E+07  1.35900000E+07  1.35900000E+07 
 1.35900000E+07  1.35900000E+07  1.35900000E+07  1.35900000E+07  1.35900000E+07  1.35900000E+07 
 1.35900000E+07  1.35900000E+07  1.35900000E+07  1.35900000E+07  1.35900000E+07  1.35900000E+07 
 1.35900000E+07  1.35900000E+07  1.35900000E+07  1.35900000E+07  1.35900000E+07  1.35900000E+07 
 1.35900000E+07  1.35900000E+07  1.35900000E+07  1.35900000E+07  1.35900000E+07  1.35900000E+07 
 1.35900000E+07  1.35900000E+07  1.35900000E+07  1.35900000E+07  1.35900000E+07  1.35900000E+07 
 1.35900000E+07  1.35900000E+07  1.35900000E+07  1.35900000E+07  1.35900000E+07  1.35900000E+07 
 1.35900000E+07  1.35900000E+07  1.35900000E+07  1.35900000E+07  1.35900000E+07  1.35900000E+07 
 1.35900000E+07  1.35900000E+07  1.35900000E+07  1.35900000E+07  1.35900000E+07  1.35900000E+07 
 1.35900000E+07  1.35900000E+07  1.35900000E+07  1.35900000E+07  1.35900000E+07  1.35900000E+07 
 1.35900000E+07  1.35900000E+07  1.35900000E+07  1.35900000E+07  1.35900000E+07  1.35900000E+07 
 1.35900000E+07  1.35900000E+07  1.35900000E+07  1.35900000E+07  1.35900000E+07  1.35900000E+07 
 1.35900000E+07  1.35900000E+07  1.35900000E+07  1.35900000E+07  1.35900000E+07  1.35900000E+07 
 1.35900000E+07  1.35900000E+07  1.35900000E+07  1.35900000E+07  1.35900000E+07  1.35900000E+07 
 1.35900000E+07  1.35900000E+07  1.35900000E+07  1.35900000E+07  1.35900000E+07  1.35900000E+07 
 1.35900000E+07  1.35900000E+07  1.35900000E+07  1.35900000E+07  1.35900000E+07  1.35900000E+07 
'MIN OPTIMISATION' 

 1.17700130E+07  1.17700130E+07  1.17700130E+07  1.17700130E+07  1.17700130E+07  1.17700130E+07 
 1.17700130E+07  1.17700130E+07  1.17700130E+07  1.17700130E+07  1.17700130E+07  1.17700130E+07 
 1.17700130E+07  1.17700130E+07  1.17700130E+07  1.17700130E+07  1.17700130E+07  1.17700130E+07 
 1.17700130E+07  1.17700130E+07  1.17700130E+07  1.17700130E+07  1.17700130E+07  1.17700130E+07 
 1.17700130E+07  1.17700130E+07  1.17700130E+07  1.17700130E+07  1.17700130E+07  1.17700130E+07 
 1.17700130E+07  1.17700130E+07  1.17700130E+07  1.17700130E+07  1.17700130E+07  1.17700130E+07 
 1.17700130E+07  1.17700130E+07  1.17700130E+07  1.17700130E+07  1.17700130E+07  1.17700130E+07 
 1.17700130E+07  1.17700130E+07  1.17700130E+07  1.17700130E+07  1.17700130E+07  1.17700130E+07 
 1.17700130E+07  1.17700130E+07  1.17700130E+07  1.17700130E+07  1.17700130E+07  1.17700130E+07 
 1.17700130E+07  1.17700130E+07  1.17700130E+07  1.17700130E+07  1.17700130E+07  1.17700130E+07 
 1.17700130E+07  1.17700130E+07  1.17700130E+07  1.17700130E+07  1.17700130E+07  1.17700130E+07 
 1.17700130E+07  1.17700130E+07  1.17700130E+07  1.17700130E+07  1.17700130E+07  1.17700130E+07 
 1.17700130E+07  1.17700130E+07  1.17700130E+07  1.17700130E+07  1.17700130E+07  1.17700130E+07 
 1.17700130E+07  1.17700130E+07  1.17700130E+07  1.17700130E+07  1.17700130E+07  1.17700130E+07 
 1.17700130E+07  1.17700130E+07  1.17700130E+07  1.17700130E+07  1.17700130E+07  1.17700130E+07 
 1.17700130E+07  1.17700130E+07  1.17700130E+07  1.17700130E+07  1.17700130E+07  1.17700130E+07 
'MAX LISSAGE' 

 1.37300000E+07  1.37300000E+07  1.37300000E+07  1.37300000E+07  1.37300000E+07  1.37300000E+07 
 1.37300000E+07  1.37300000E+07  1.37300000E+07  1.37300000E+07  1.37300000E+07  1.37300000E+07 
 1.37300000E+07  1.37300000E+07  1.37300000E+07  1.37300000E+07  1.37300000E+07  1.37300000E+07 
 1.37300000E+07  1.37300000E+07  1.37300000E+07  1.37300000E+07  1.37300000E+07  1.37300000E+07 
 1.37300000E+07  1.37300000E+07  1.37300000E+07  1.37300000E+07  1.37300000E+07  1.37300000E+07 
 1.37300000E+07  1.37300000E+07  1.37300000E+07  1.37300000E+07  1.37300000E+07  1.37300000E+07 
 1.37300000E+07  1.37300000E+07  1.37300000E+07  1.37300000E+07  1.37300000E+07  1.37300000E+07 
 1.37300000E+07  1.37300000E+07  1.37300000E+07  1.37300000E+07  1.37300000E+07  1.37300000E+07 
 1.37300000E+07  1.37300000E+07  1.37300000E+07  1.37300000E+07  1.37300000E+07  1.37300000E+07 
 1.37300000E+07  1.37300000E+07  1.37300000E+07  1.37300000E+07  1.37300000E+07  1.37300000E+07 
 1.37300000E+07  1.37300000E+07  1.37300000E+07  1.37300000E+07  1.37300000E+07  1.37300000E+07 
 1.37300000E+07  1.37300000E+07  1.37300000E+07  1.37300000E+07  1.37300000E+07  1.37300000E+07 
 1.37300000E+07  1.37300000E+07  1.37300000E+07  1.37300000E+07  1.37300000E+07  1.37300000E+07 
 1.37300000E+07  1.37300000E+07  1.37300000E+07  1.37300000E+07  1.37300000E+07  1.37300000E+07 
 1.37300000E+07  1.37300000E+07  1.37300000E+07  1.37300000E+07  1.37300000E+07  1.37300000E+07 
 1.37300000E+07  1.37300000E+07  1.37300000E+07  1.37300000E+07  1.37300000E+07  1.37300000E+07 
'MIN LISSAGE' 

 1.16500000E+07  1.16500000E+07  1.16500000E+07  1.16500000E+07  1.16500000E+07  1.16500000E+07 
 1.16500000E+07  1.16500000E+07  1.16500000E+07  1.16500000E+07  1.16500000E+07  1.16500000E+07 
 1.16500000E+07  1.16500000E+07  1.16500000E+07  1.16500000E+07  1.16500000E+07  1.16500000E+07 
 1.16500000E+07  1.16500000E+07  1.16500000E+07  1.16500000E+07  1.16500000E+07  1.16500000E+07 
 1.16500000E+07  1.16500000E+07  1.16500000E+07  1.16500000E+07  1.16500000E+07  1.16500000E+07 
 1.16500000E+07  1.16500000E+07  1.16500000E+07  1.16500000E+07  1.16500000E+07  1.16500000E+07 
 1.16500000E+07  1.16500000E+07  1.16500000E+07  1.16500000E+07  1.16500000E+07  1.16500000E+07 
 1.16500000E+07  1.16500000E+07  1.16500000E+07  1.16500000E+07  1.16500000E+07  1.16500000E+07 
 1.16500000E+07  1.16500000E+07  1.16500000E+07  1.16500000E+07  1.16500000E+07  1.16500000E+07 
 1.16500000E+07  1.16500000E+07  1.16500000E+07  1.16500000E+07  1.16500000E+07  1.16500000E+07 
 1.16500000E+07  1.16500000E+07  1.16500000E+07  1.16500000E+07  1.16500000E+07  1.16500000E+07 
 1.16500000E+07  1.16500000E+07  1.16500000E+07  1.16500000E+07  1.16500000E+07  1.16500000E+07 
 1.16500000E+07  1.16500000E+07  1.16500000E+07  1.16500000E+07  1.16500000E+07  1.16500000E+07 
 1.16500000E+07  1.16500000E+07  1.16500000E+07  1.16500000E+07  1.16500000E+07  1.16500000E+07 
 1.16500000E+07  1.16500000E+07  1.16500000E+07  1.16500000E+07  1.16500000E+07  1.16500000E+07 
 1.16500000E+07  1.16500000E+07  1.16500000E+07  1.16500000E+07  1.16500000E+07  1.16500000E+07 
'MOUX R' 
'E'  2.49200000E+06  2.49200000E+06  2.49200000E+06  3.02000009E-02 
'APPORTS' 

 5.00000000E-01  5.00000000E-01  5.00000000E-01  5.00000000E-01  5.00000000E-01  5.00000000E-01 
 5.00000000E-01  5.00000000E-01  5.00000000E-01  5.00000000E-01  5.00000000E-01  5.00000000E-01 
 5.00000000E-01  5.00000000E-01  5.00000000E-01  5.00000000E-01  5.00000000E-01  5.00000000E-01 
 5.00000000E-01  5.00000000E-01  5.00000000E-01  5.00000000E-01  5.00000000E-01  5.00000000E-01 
 5.00000000E-01  5.00000000E-01  5.00000000E-01  5.00000000E-01  5.00000000E-01  5.00000000E-01 
 5.00000000E-01  5.00000000E-01  5.00000000E-01  5.00000000E-01  5.00000000E-01  5.00000000E-01 
 5.00000000E-01  5.00000000E-01  5.00000000E-01  5.00000000E-01  5.00000000E-01  5.00000000E-01 
 5.00000000E-01  5.00000000E-01  5.00000000E-01  5.00000000E-01  5.00000000E-01  5.00000000E-01 
 5.00000000E-01  5.00000000E-01  5.00000000E-01  5.00000000E-01  5.00000000E-01  5.00000000E-01 
 5.00000000E-01  5.00000000E-01  5.00000000E-01  5.00000000E-01  5.00000000E-01  5.00000000E-01 
 5.00000000E-01  5.00000000E-01  5.00000000E-01  5.00000000E-01  5.00000000E-01  5.00000000E-01 
 5.00000000E-01  5.00000000E-01  5.00000000E-01  5.00000000E-01  5.00000000E-01  5.00000000E-01 
 5.00000000E-01  5.00000000E-01  5.00000000E-01  5.00000000E-01  5.00000000E-01  5.00000000E-01 
 5.00000000E-01  5.00000000E-01  5.00000000E-01  5.00000000E-01  5.00000000E-01  5.00000000E-01 
 5.00000000E-01  5.00000000E-01  5.00000000E-01  5.00000000E-01  5.00000000E-01  5.00000000E-01 
 5.00000000E-01  5.00000000E-01  5.00000000E-01  5.00000000E-01  5.00000000E-01  5.00000000E-01 
'MAX OPTIMISATION' 

 2.49200000E+06  2.49200000E+06  2.49200000E+06  2.49200000E+06  2.49200000E+06  2.49200000E+06 
 2.49200000E+06  2.49200000E+06  2.49200000E+06  2.49200000E+06  2.49200000E+06  2.49200000E+06 
 2.49200000E+06  2.49200000E+06  2.49200000E+06  2.49200000E+06  2.49200000E+06  2.49200000E+06 
 2.49200000E+06  2.49200000E+06  2.49200000E+06  2.49200000E+06  2.49200000E+06  2.49200000E+06 
 2.49200000E+06  2.49200000E+06  2.49200000E+06  2.49200000E+06  2.49200000E+06  2.49200000E+06 
 2.49200000E+06  2.49200000E+06  2.49200000E+06  2.49200000E+06  2.49200000E+06  2.49200000E+06 
 2.49200000E+06  2.49200000E+06  2.49200000E+06  2.49200000E+06  2.49200000E+06  2.49200000E+06 
 2.49200000E+06  2.49200000E+06  2.49200000E+06  2.49200000E+06  2.49200000E+06  2.49200000E+06 
 2.49200000E+06  2.49200000E+06  2.49200000E+06  2.49200000E+06  2.49200000E+06  2.49200000E+06 
 2.49200000E+06  2.49200000E+06  2.49200000E+06  2.49200000E+06  2.49200000E+06  2.49200000E+06 
 2.49200000E+06  2.49200000E+06  2.49200000E+06  2.49200000E+06  2.49200000E+06  2.49200000E+06 
 2.49200000E+06  2.49200000E+06  2.49200000E+06  2.49200000E+06  2.49200000E+06  2.49200000E+06 
 2.49200000E+06  2.49200000E+06  2.49200000E+06  2.49200000E+06  2.49200000E+06  2.49200000E+06 
 2.49200000E+06  2.49200000E+06  2.49200000E+06  2.49200000E+06  2.49200000E+06  2.49200000E+06 
 2.49200000E+06  2.49200000E+06  2.49200000E+06  2.49200000E+06  2.49200000E+06  2.49200000E+06 
 2.49200000E+06  2.49200000E+06  2.49200000E+06  2.49200000E+06  2.49200000E+06  2.49200000E+06 
'MIN OPTIMISATION' 

 1.66000000E+06  1.66000000E+06  1.66000000E+06  1.66000000E+06  1.66000000E+06  1.66000000E+06 
 1.66000000E+06  1.66000000E+06  1.66000000E+06  1.66000000E+06  1.66000000E+06  1.66000000E+06 
 1.66000000E+06  1.66000000E+06  1.66000000E+06  1.66000000E+06  1.66000000E+06  1.66000000E+06 
 1.66000000E+06  1.66000000E+06  1.66000000E+06  1.66000000E+06  1.66000000E+06  1.66000000E+06 
 1.66000000E+06  1.66000000E+06  1.66000000E+06  1.66000000E+06  1.66000000E+06  1.66000000E+06 
 1.66000000E+06  1.66000000E+06  1.66000000E+06  1.66000000E+06  1.66000000E+06  1.66000000E+06 
 1.66000000E+06  1.66000000E+06  1.66000000E+06  1.66000000E+06  1.66000000E+06  1.66000000E+06 
 1.66000000E+06  1.66000000E+06  1.66000000E+06  1.66000000E+06  1.66000000E+06  2.47200000E+06 
 1.66000000E+06  1.66000000E+06  1.66000000E+06  1.66000000E+06  1.66000000E+06  1.66000000E+06 
 1.66000000E+06  1.66000000E+06  1.66000000E+06  1.66000000E+06  1.66000000E+06  1.66000000E+06 
 1.66000000E+06  1.66000000E+06  1.66000000E+06  1.66000000E+06  1.66000000E+06  1.66000000E+06 
 1.66000000E+06  1.66000000E+06  1.66000000E+06  1.66000000E+06  1.66000000E+06  1.66000000E+06 
 1.66000000E+06  1.66000000E+06  1.66000000E+06  1.66000000E+06  1.66000000E+06  1.66000000E+06 
 1.66000000E+06  1.66000000E+06  1.66000000E+06  1.66000000E+06  1.66000000E+06  1.66000000E+06 
 1.66000000E+06  1.66000000E+06  1.66000000E+06  1.66000000E+06  1.66000000E+06  1.66000000E+06 
 1.66000000E+06  1.66000000E+06  1.66000000E+06  1.66000000E+06  1.66000000E+06  1.66000000E+06 
'MAX LISSAGE' 

 2.59000000E+06  2.59000000E+06  2.59000000E+06  2.59000000E+06  2.59000000E+06  2.59000000E+06 
 2.59000000E+06  2.59000000E+06  2.59000000E+06  2.59000000E+06  2.59000000E+06  2.59000000E+06 
 2.59000000E+06  2.59000000E+06  2.59000000E+06  2.59000000E+06  2.59000000E+06  2.59000000E+06 
 2.59000000E+06  2.59000000E+06  2.59000000E+06  2.59000000E+06  2.59000000E+06  2.59000000E+06 
 2.59000000E+06  2.59000000E+06  2.59000000E+06  2.59000000E+06  2.59000000E+06  2.59000000E+06 
 2.59000000E+06  2.59000000E+06  2.59000000E+06  2.59000000E+06  2.59000000E+06  2.59000000E+06 
 2.59000000E+06  2.59000000E+06  2.59000000E+06  2.59000000E+06  2.59000000E+06  2.59000000E+06 
 2.59000000E+06  2.59000000E+06  2.59000000E+06  2.59000000E+06  2.59000000E+06  2.59000000E+06 
 2.59000000E+06  2.59000000E+06  2.59000000E+06  2.59000000E+06  2.59000000E+06  2.59000000E+06 
 2.59000000E+06  2.59000000E+06  2.59000000E+06  2.59000000E+06  2.59000000E+06  2.59000000E+06 
 2.59000000E+06  2.59000000E+06  2.59000000E+06  2.59000000E+06  2.59000000E+06  2.59000000E+06 
 2.59000000E+06  2.59000000E+06  2.59000000E+06  2.59000000E+06  2.59000000E+06  2.59000000E+06 
 2.59000000E+06  2.59000000E+06  2.59000000E+06  2.59000000E+06  2.59000000E+06  2.59000000E+06 
 2.59000000E+06  2.59000000E+06  2.59000000E+06  2.59000000E+06  2.59000000E+06  2.59000000E+06 
 2.59000000E+06  2.59000000E+06  2.59000000E+06  2.59000000E+06  2.59000000E+06  2.59000000E+06 
 2.59000000E+06  2.59000000E+06  2.59000000E+06  2.59000000E+06  2.59000000E+06  2.59000000E+06 
'MIN LISSAGE' 

 1.60000000E+06  1.60000000E+06  1.60000000E+06  1.60000000E+06  1.60000000E+06  1.60000000E+06 
 1.60000000E+06  1.60000000E+06  1.60000000E+06  1.60000000E+06  1.60000000E+06  1.60000000E+06 
 1.60000000E+06  1.60000000E+06  1.60000000E+06  1.60000000E+06  1.60000000E+06  1.60000000E+06 
 1.60000000E+06  1.60000000E+06  1.60000000E+06  1.60000000E+06  1.60000000E+06  1.60000000E+06 
 1.60000000E+06  1.60000000E+06  1.60000000E+06  1.60000000E+06  1.60000000E+06  1.60000000E+06 
 1.60000000E+06  1.60000000E+06  1.60000000E+06  1.60000000E+06  1.60000000E+06  1.60000000E+06 
 1.60000000E+06  1.60000000E+06  1.60000000E+06  1.60000000E+06  1.60000000E+06  1.60000000E+06 
 1.60000000E+06  1.60000000E+06  1.60000000E+06  1.60000000E+06  1.60000000E+06  1.60000000E+06 
 1.60000000E+06  1.60000000E+06  1.60000000E+06  1.60000000E+06  1.60000000E+06  1.60000000E+06 
 1.60000000E+06  1.60000000E+06  1.60000000E+06  1.60000000E+06  1.60000000E+06  1.60000000E+06 
 1.60000000E+06  1.60000000E+06  1.60000000E+06  1.60000000E+06  1.60000000E+06  1.60000000E+06 
 1.60000000E+06  1.60000000E+06  1.60000000E+06  1.60000000E+06  1.60000000E+06  1.60000000E+06 
 1.60000000E+06  1.60000000E+06  1.60000000E+06  1.60000000E+06  1.60000000E+06  1.60000000E+06 
 1.60000000E+06  1.60000000E+06  1.60000000E+06  1.60000000E+06  1.60000000E+06  1.60000000E+06 
 1.60000000E+06  1.60000000E+06  1.60000000E+06  1.60000000E+06  1.60000000E+06  1.60000000E+06 
 1.60000000E+06  1.60000000E+06  1.60000000E+06  1.60000000E+06  1.60000000E+06  1.60000000E+06 
'ALLEMR' 
'E'  1.82000000E+07  1.82000000E+07  1.82000000E+07  0.00000000E+00 
'APPORTS' 

 0.00000000E+00  0.00000000E+00  0.00000000E+00  0.00000000E+00  0.00000000E+00  0.00000000E+00 
 0.00000000E+00  0.00000000E+00  0.00000000E+00  0.00000000E+00  0.00000000E+00  0.00000000E+00 
 0.00000000E+00  0.00000000E+00  0.00000000E+00  0.00000000E+00  0.00000000E+00  0.00000000E+00 
 0.00000000E+00  0.00000000E+00  0.00000000E+00  0.00000000E+00  0.00000000E+00  0.00000000E+00 
 0.00000000E+00  0.00000000E+00  0.00000000E+00  0.00000000E+00  0.00000000E+00  0.00000000E+00 
 0.00000000E+00  0.00000000E+00  0.00000000E+00  0.00000000E+00  0.00000000E+00  0.00000000E+00 
 0.00000000E+00  0.00000000E+00  0.00000000E+00  0.00000000E+00  0.00000000E+00  0.00000000E+00 
 0.00000000E+00  0.00000000E+00  0.00000000E+00  0.00000000E+00  0.00000000E+00  0.00000000E+00 
 0.00000000E+00  0.00000000E+00  0.00000000E+00  0.00000000E+00  0.00000000E+00  0.00000000E+00 
 0.00000000E+00  0.00000000E+00  0.00000000E+00  0.00000000E+00  0.00000000E+00  0.00000000E+00 
 0.00000000E+00  0.00000000E+00  0.00000000E+00  0.00000000E+00  0.00000000E+00  0.00000000E+00 
 0.00000000E+00  0.00000000E+00  0.00000000E+00  0.00000000E+00  0.00000000E+00  0.00000000E+00 
 0.00000000E+00  0.00000000E+00  0.00000000E+00  0.00000000E+00  0.00000000E+00  0.00000000E+00 
 0.00000000E+00  0.00000000E+00  0.00000000E+00  0.00000000E+00  0.00000000E+00  0.00000000E+00 
 0.00000000E+00  0.00000000E+00  0.00000000E+00  0.00000000E+00  0.00000000E+00  0.00000000E+00 
 0.00000000E+00  0.00000000E+00  0.00000000E+00  0.00000000E+00  0.00000000E+00  0.00000000E+00 
'MAX OPTIMISATION' 

 1.82000000E+07  1.82000000E+07  1.82000000E+07  1.82000000E+07  1.82000000E+07  1.82000000E+07 
 1.82000000E+07  1.82000000E+07  1.82000000E+07  1.82000000E+07  1.82000000E+07  1.82000000E+07 
 1.82000000E+07  1.82000000E+07  1.82000000E+07  1.82000000E+07  1.82000000E+07  1.82000000E+07 
 1.82000000E+07  1.82000000E+07  1.82000000E+07  1.82000000E+07  1.82000000E+07  1.82000000E+07 
 1.82000000E+07  1.82000000E+07  1.82000000E+07  1.82000000E+07  1.82000000E+07  1.82000000E+07 
 1.82000000E+07  1.82000000E+07  1.82000000E+07  1.82000000E+07  1.82000000E+07  1.82000000E+07 
 1.82000000E+07  1.82000000E+07  1.82000000E+07  1.82000000E+07  1.82000000E+07  1.82000000E+07 
 1.82000000E+07  1.82000000E+07  1.82000000E+07  1.82000000E+07  1.82000000E+07  1.82000000E+07 
 1.82000000E+07  1.82000000E+07  1.82000000E+07  1.82000000E+07  1.82000000E+07  1.82000000E+07 
 1.82000000E+07  1.82000000E+07  1.82000000E+07  1.82000000E+07  1.82000000E+07  1.82000000E+07 
 1.82000000E+07  1.82000000E+07  1.82000000E+07  1.82000000E+07  1.82000000E+07  1.82000000E+07 
 1.82000000E+07  1.82000000E+07  1.82000000E+07  1.82000000E+07  1.82000000E+07  1.82000000E+07 
 1.82000000E+07  1.82000000E+07  1.82000000E+07  1.82000000E+07  1.82000000E+07  1.82000000E+07 
 1.82000000E+07  1.82000000E+07  1.82000000E+07  1.82000000E+07  1.82000000E+07  1.82000000E+07 
 1.82000000E+07  1.82000000E+07  1.82000000E+07  1.82000000E+07  1.82000000E+07  1.82000000E+07 
 1.82000000E+07  1.82000000E+07  1.82000000E+07  1.82000000E+07  1.82000000E+07  1.82000000E+07 
'MIN OPTIMISATION' 

 1.76000000E+07  1.76000000E+07  1.76000000E+07  1.76000000E+07  1.76000000E+07  1.76000000E+07 
 1.76000000E+07  1.76000000E+07  1.76000000E+07  1.76000000E+07  1.76000000E+07  1.76000000E+07 
 1.76000000E+07  1.76000000E+07  1.76000000E+07  1.76000000E+07  1.76000000E+07  1.76000000E+07 
 1.76000000E+07  1.76000000E+07  1.76000000E+07  1.76000000E+07  1.76000000E+07  1.76000000E+07 
 1.76000000E+07  1.76000000E+07  1.76000000E+07  1.76000000E+07  1.76000000E+07  1.76000000E+07 
 1.76000000E+07  1.76000000E+07  1.76000000E+07  1.76000000E+07  1.76000000E+07  1.76000000E+07 
 1.76000000E+07  1.76000000E+07  1.76000000E+07  1.76000000E+07  1.76000000E+07  1.76000000E+07 
 1.76000000E+07  1.76000000E+07  1.76000000E+07  1.76000000E+07  1.76000000E+07  1.81799840E+07 
 1.76000000E+07  1.76000000E+07  1.76000000E+07  1.76000000E+07  1.76000000E+07  1.76000000E+07 
 1.76000000E+07  1.76000000E+07  1.76000000E+07  1.76000000E+07  1.76000000E+07  1.76000000E+07 
 1.76000000E+07  1.76000000E+07  1.76000000E+07  1.76000000E+07  1.76000000E+07  1.76000000E+07 
 1.76000000E+07  1.76000000E+07  1.76000000E+07  1.76000000E+07  1.76000000E+07  1.76000000E+07 
 1.76000000E+07  1.76000000E+07  1.76000000E+07  1.76000000E+07  1.76000000E+07  1.76000000E+07 
 1.76000000E+07  1.76000000E+07  1.76000000E+07  1.76000000E+07  1.76000000E+07  1.76000000E+07 
 1.76000000E+07  1.76000000E+07  1.76000000E+07  1.76000000E+07  1.76000000E+07  1.76000000E+07 
 1.76000000E+07  1.76000000E+07  1.76000000E+07  1.76000000E+07  1.76000000E+07  1.76000000E+07 
'MAX LISSAGE' 

 1.83000000E+07  1.83000000E+07  1.83000000E+07  1.83000000E+07  1.83000000E+07  1.83000000E+07 
 1.83000000E+07  1.83000000E+07  1.83000000E+07  1.83000000E+07  1.83000000E+07  1.83000000E+07 
 1.83000000E+07  1.83000000E+07  1.83000000E+07  1.83000000E+07  1.83000000E+07  1.83000000E+07 
 1.83000000E+07  1.83000000E+07  1.83000000E+07  1.83000000E+07  1.83000000E+07  1.83000000E+07 
 1.83000000E+07  1.83000000E+07  1.83000000E+07  1.83000000E+07  1.83000000E+07  1.83000000E+07 
 1.83000000E+07  1.83000000E+07  1.83000000E+07  1.83000000E+07  1.83000000E+07  1.83000000E+07 
 1.83000000E+07  1.83000000E+07  1.83000000E+07  1.83000000E+07  1.83000000E+07  1.83000000E+07 
 1.83000000E+07  1.83000000E+07  1.83000000E+07  1.83000000E+07  1.83000000E+07  1.83000000E+07 
 1.83000000E+07  1.83000000E+07  1.83000000E+07  1.83000000E+07  1.83000000E+07  1.83000000E+07 
 1.83000000E+07  1.83000000E+07  1.83000000E+07  1.83000000E+07  1.83000000E+07  1.83000000E+07 
 1.83000000E+07  1.83000000E+07  1.83000000E+07  1.83000000E+07  1.83000000E+07  1.83000000E+07 
 1.83000000E+07  1.83000000E+07  1.83000000E+07  1.83000000E+07  1.83000000E+07  1.83000000E+07 
 1.83000000E+07  1.83000000E+07  1.83000000E+07  1.83000000E+07  1.83000000E+07  1.83000000E+07 
 1.83000000E+07  1.83000000E+07  1.83000000E+07  1.83000000E+07  1.83000000E+07  1.83000000E+07 
 1.83000000E+07  1.83000000E+07  1.83000000E+07  1.83000000E+07  1.83000000E+07  1.83000000E+07 
 1.83000000E+07  1.83000000E+07  1.83000000E+07  1.83000000E+07  1.83000000E+07  1.83000000E+07 
'MIN LISSAGE' 

 1.75000000E+07  1.75000000E+07  1.75000000E+07  1.75000000E+07  1.75000000E+07  1.75000000E+07 
 1.75000000E+07  1.75000000E+07  1.75000000E+07  1.75000000E+07  1.75000000E+07  1.75000000E+07 
 1.75000000E+07  1.75000000E+07  1.75000000E+07  1.75000000E+07  1.75000000E+07  1.75000000E+07 
 1.75000000E+07  1.75000000E+07  1.75000000E+07  1.75000000E+07  1.75000000E+07  1.75000000E+07 
 1.75000000E+07  1.75000000E+07  1.75000000E+07  1.75000000E+07  1.75000000E+07  1.75000000E+07 
 1.75000000E+07  1.75000000E+07  1.75000000E+07  1.75000000E+07  1.75000000E+07  1.75000000E+07 
 1.75000000E+07  1.75000000E+07  1.75000000E+07  1.75000000E+07  1.75000000E+07  1.75000000E+07 
 1.75000000E+07  1.75000000E+07  1.75000000E+07  1.75000000E+07  1.75000000E+07  1.75000000E+07 
 1.75000000E+07  1.75000000E+07  1.75000000E+07  1.75000000E+07  1.75000000E+07  1.75000000E+07 
 1.75000000E+07  1.75000000E+07  1.75000000E+07  1.75000000E+07  1.75000000E+07  1.75000000E+07 
 1.75000000E+07  1.75000000E+07  1.75000000E+07  1.75000000E+07  1.75000000E+07  1.75000000E+07 
 1.75000000E+07  1.75000000E+07  1.75000000E+07  1.75000000E+07  1.75000000E+07  1.75000000E+07 
 1.75000000E+07  1.75000000E+07  1.75000000E+07  1.75000000E+07  1.75000000E+07  1.75000000E+07 
 1.75000000E+07  1.75000000E+07  1.75000000E+07  1.75000000E+07  1.75000000E+07  1.75000000E+07 
 1.75000000E+07  1.75000000E+07  1.75000000E+07  1.75000000E+07  1.75000000E+07  1.75000000E+07 
 1.75000000E+07  1.75000000E+07  1.75000000E+07  1.75000000E+07  1.75000000E+07  1.75000000E+07 
'CUSSER' 
'X'  0.00000000E+00  0.00000000E+00  0.00000000E+00  0.00000000E+00 
'APPORTS' 

 1.94000000E+02  2.09000000E+02  2.23899994E+02  2.23899994E+02  2.23899994E+02  2.23899994E+02 
 2.23899994E+02  2.23899994E+02  2.23899994E+02  2.23899994E+02  2.23899994E+02  2.23899994E+02 
 2.23899994E+02  2.23899994E+02  2.23899994E+02  2.23899994E+02  2.23899994E+02  1.29000000E+02 
 1.29000000E+02  1.29000000E+02  1.29000000E+02  1.29000000E+02  1.29000000E+02  1.29000000E+02 
 1.29000000E+02  1.29000000E+02  1.29000000E+02  1.29000000E+02  1.29000000E+02  1.29000000E+02 
 1.29000000E+02  1.29000000E+02  1.29000000E+02  1.29000000E+02  1.29000000E+02  1.29000000E+02 
 1.29000000E+02  1.29000000E+02  1.29000000E+02  1.29000000E+02  1.29000000E+02  1.29000000E+02 
 1.29000000E+02  1.29000000E+02  1.29000000E+02  1.29000000E+02  1.29000000E+02  1.29000000E+02 
 1.29000000E+02  1.29000000E+02  1.29000000E+02  1.29000000E+02  1.29000000E+02  1.29000000E+02 
 1.29000000E+02  1.29000000E+02  1.29000000E+02  1.29000000E+02  1.29000000E+02  1.29000000E+02 
 1.29000000E+02  1.29000000E+02  1.29000000E+02  1.29000000E+02  1.29000000E+02  1.29000000E+02 
 1.29000000E+02  1.29000000E+02  1.29000000E+02  1.29000000E+02  1.29000000E+02  1.29000000E+02 
 1.29000000E+02  1.29000000E+02  1.29000000E+02  1.29000000E+02  1.29000000E+02  1.29000000E+02 
 1.29000000E+02  1.29000000E+02  1.29000000E+02  1.29000000E+02  1.29000000E+02  1.29000000E+02 
 1.29000000E+02  1.29000000E+02  1.29000000E+02  1.29000000E+02  1.29000000E+02  1.29000000E+02 
 1.29000000E+02  1.29000000E+02  1.29000000E+02  1.29000000E+02  1.29000000E+02  1.29000000E+02 
'MAX OPTIMISATION' 

 0.00000000E+00  0.00000000E+00  0.00000000E+00  0.00000000E+00  0.00000000E+00  0.00000000E+00 
 0.00000000E+00  0.00000000E+00  0.00000000E+00  0.00000000E+00  0.00000000E+00  0.00000000E+00 
 0.00000000E+00  0.00000000E+00  0.00000000E+00  0.00000000E+00  0.00000000E+00  0.00000000E+00 
 0.00000000E+00  0.00000000E+00  0.00000000E+00  0.00000000E+00  0.00000000E+00  0.00000000E+00 
 0.00000000E+00  0.00000000E+00  0.00000000E+00  0.00000000E+00  0.00000000E+00  0.00000000E+00 
 0.00000000E+00  0.00000000E+00  0.00000000E+00  0.00000000E+00  0.00000000E+00  0.00000000E+00 
 0.00000000E+00  0.00000000E+00  0.00000000E+00  0.00000000E+00  0.00000000E+00  0.00000000E+00 
 0.00000000E+00  0.00000000E+00  0.00000000E+00  0.00000000E+00  0.00000000E+00  0.00000000E+00 
 0.00000000E+00  0.00000000E+00  0.00000000E+00  0.00000000E+00  0.00000000E+00  0.00000000E+00 
 0.00000000E+00  0.00000000E+00  0.00000000E+00  0.00000000E+00  0.00000000E+00  0.00000000E+00 
 0.00000000E+00  0.00000000E+00  0.00000000E+00  0.00000000E+00  0.00000000E+00  0.00000000E+00 
 0.00000000E+00  0.00000000E+00  0.00000000E+00  0.00000000E+00  0.00000000E+00  0.00000000E+00 
 0.00000000E+00  0.00000000E+00  0.00000000E+00  0.00000000E+00  0.00000000E+00  0.00000000E+00 
 0.00000000E+00  0.00000000E+00  0.00000000E+00  0.00000000E+00  0.00000000E+00  0.00000000E+00 
 0.00000000E+00  0.00000000E+00  0.00000000E+00  0.00000000E+00  0.00000000E+00  0.00000000E+00 
 0.00000000E+00  0.00000000E+00  0.00000000E+00  0.00000000E+00  0.00000000E+00  0.00000000E+00 
'MIN OPTIMISATION' 

 0.00000000E+00  0.00000000E+00  0.00000000E+00  0.00000000E+00  0.00000000E+00  0.00000000E+00 
 0.00000000E+00  0.00000000E+00  0.00000000E+00  0.00000000E+00  0.00000000E+00  0.00000000E+00 
 0.00000000E+00  0.00000000E+00  0.00000000E+00  0.00000000E+00  0.00000000E+00  0.00000000E+00 
 0.00000000E+00  0.00000000E+00  0.00000000E+00  0.00000000E+00  0.00000000E+00  0.00000000E+00 
 0.00000000E+00  0.00000000E+00  0.00000000E+00  0.00000000E+00  0.00000000E+00  0.00000000E+00 
 0.00000000E+00  0.00000000E+00  0.00000000E+00  0.00000000E+00  0.00000000E+00  0.00000000E+00 
 0.00000000E+00  0.00000000E+00  0.00000000E+00  0.00000000E+00  0.00000000E+00  0.00000000E+00 
 0.00000000E+00  0.00000000E+00  0.00000000E+00  0.00000000E+00  0.00000000E+00  0.00000000E+00 
 0.00000000E+00  0.00000000E+00  0.00000000E+00  0.00000000E+00  0.00000000E+00  0.00000000E+00 
 0.00000000E+00  0.00000000E+00  0.00000000E+00  0.00000000E+00  0.00000000E+00  0.00000000E+00 
 0.00000000E+00  0.00000000E+00  0.00000000E+00  0.00000000E+00  0.00000000E+00  0.00000000E+00 
 0.00000000E+00  0.00000000E+00  0.00000000E+00  0.00000000E+00  0.00000000E+00  0.00000000E+00 
 0.00000000E+00  0.00000000E+00  0.00000000E+00  0.00000000E+00  0.00000000E+00  0.00000000E+00 
 0.00000000E+00  0.00000000E+00  0.00000000E+00  0.00000000E+00  0.00000000E+00  0.00000000E+00 
 0.00000000E+00  0.00000000E+00  0.00000000E+00  0.00000000E+00  0.00000000E+00  0.00000000E+00 
 0.00000000E+00  0.00000000E+00  0.00000000E+00  0.00000000E+00  0.00000000E+00  0.00000000E+00 
'MAX LISSAGE' 

 0.00000000E+00  0.00000000E+00  0.00000000E+00  0.00000000E+00  0.00000000E+00  0.00000000E+00 
 0.00000000E+00  0.00000000E+00  0.00000000E+00  0.00000000E+00  0.00000000E+00  0.00000000E+00 
 0.00000000E+00  0.00000000E+00  0.00000000E+00  0.00000000E+00  0.00000000E+00  0.00000000E+00 
 0.00000000E+00  0.00000000E+00  0.00000000E+00  0.00000000E+00  0.00000000E+00  0.00000000E+00 
 0.00000000E+00  0.00000000E+00  0.00000000E+00  0.00000000E+00  0.00000000E+00  0.00000000E+00 
 0.00000000E+00  0.00000000E+00  0.00000000E+00  0.00000000E+00  0.00000000E+00  0.00000000E+00 
 0.00000000E+00  0.00000000E+00  0.00000000E+00  0.00000000E+00  0.00000000E+00  0.00000000E+00 
 0.00000000E+00  0.00000000E+00  0.00000000E+00  0.00000000E+00  0.00000000E+00  0.00000000E+00 
 0.00000000E+00  0.00000000E+00  0.00000000E+00  0.00000000E+00  0.00000000E+00  0.00000000E+00 
 0.00000000E+00  0.00000000E+00  0.00000000E+00  0.00000000E+00  0.00000000E+00  0.00000000E+00 
 0.00000000E+00  0.00000000E+00  0.00000000E+00  0.00000000E+00  0.00000000E+00  0.00000000E+00 
 0.00000000E+00  0.00000000E+00  0.00000000E+00  0.00000000E+00  0.00000000E+00  0.00000000E+00 
 0.00000000E+00  0.00000000E+00  0.00000000E+00  0.00000000E+00  0.00000000E+00  0.00000000E+00 
 0.00000000E+00  0.00000000E+00  0.00000000E+00  0.00000000E+00  0.00000000E+00  0.00000000E+00 
 0.00000000E+00  0.00000000E+00  0.00000000E+00  0.00000000E+00  0.00000000E+00  0.00000000E+00 
 0.00000000E+00  0.00000000E+00  0.00000000E+00  0.00000000E+00  0.00000000E+00  0.00000000E+00 
'MIN LISSAGE' 

 0.00000000E+00  0.00000000E+00  0.00000000E+00  0.00000000E+00  0.00000000E+00  0.00000000E+00 
 0.00000000E+00  0.00000000E+00  0.00000000E+00  0.00000000E+00  0.00000000E+00  0.00000000E+00 
 0.00000000E+00  0.00000000E+00  0.00000000E+00  0.00000000E+00  0.00000000E+00  0.00000000E+00 
 0.00000000E+00  0.00000000E+00  0.00000000E+00  0.00000000E+00  0.00000000E+00  0.00000000E+00 
 0.00000000E+00  0.00000000E+00  0.00000000E+00  0.00000000E+00  0.00000000E+00  0.00000000E+00 
 0.00000000E+00  0.00000000E+00  0.00000000E+00  0.00000000E+00  0.00000000E+00  0.00000000E+00 
 0.00000000E+00  0.00000000E+00  0.00000000E+00  0.00000000E+00  0.00000000E+00  0.00000000E+00 
 0.00000000E+00  0.00000000E+00  0.00000000E+00  0.00000000E+00  0.00000000E+00  0.00000000E+00 
 0.00000000E+00  0.00000000E+00  0.00000000E+00  0.00000000E+00  0.00000000E+00  0.00000000E+00 
 0.00000000E+00  0.00000000E+00  0.00000000E+00  0.00000000E+00  0.00000000E+00  0.00000000E+00 
 0.00000000E+00  0.00000000E+00  0.00000000E+00  0.00000000E+00  0.00000000E+00  0.00000000E+00 
 0.00000000E+00  0.00000000E+00  0.00000000E+00  0.00000000E+00  0.00000000E+00  0.00000000E+00 
 0.00000000E+00  0.00000000E+00  0.00000000E+00  0.00000000E+00  0.00000000E+00  0.00000000E+00 
 0.00000000E+00  0.00000000E+00  0.00000000E+00  0.00000000E+00  0.00000000E+00  0.00000000E+00 
 0.00000000E+00  0.00000000E+00  0.00000000E+00  0.00000000E+00  0.00000000E+00  0.00000000E+00 
 0.00000000E+00  0.00000000E+00  0.00000000E+00  0.00000000E+00  0.00000000E+00  0.00000000E+00 
'P.AVAR' 
'E'  2.11400000E+06  2.45800005E+06  2.45800005E+06  3.80000006E-03 
'APPORTS' 

 4.00000000E+00  4.00000000E+00  4.00000000E+00  4.00000000E+00  4.00000000E+00  4.00000000E+00 
 4.00000000E+00  4.00000000E+00  4.00000000E+00  4.00000000E+00  4.00000000E+00  4.00000000E+00 
 4.00000000E+00  4.00000000E+00  4.00000000E+00  4.00000000E+00  4.00000000E+00  4.00000000E+00 
 4.00000000E+00  4.00000000E+00  4.00000000E+00  4.00000000E+00  4.00000000E+00  4.00000000E+00 
 4.00000000E+00  4.00000000E+00  4.00000000E+00  4.00000000E+00  4.00000000E+00  4.00000000E+00 
 4.00000000E+00  4.00000000E+00  4.00000000E+00  4.00000000E+00  4.00000000E+00  4.00000000E+00 
 4.00000000E+00  4.00000000E+00  4.00000000E+00  4.00000000E+00  4.00000000E+00  4.00000000E+00 
 4.00000000E+00  4.00000000E+00  4.00000000E+00  4.00000000E+00  4.00000000E+00  4.00000000E+00 
 4.00000000E+00  4.00000000E+00  4.00000000E+00  4.00000000E+00  4.00000000E+00  4.00000000E+00 
 4.00000000E+00  4.00000000E+00  4.00000000E+00  4.00000000E+00  4.00000000E+00  4.00000000E+00 
 4.00000000E+00  4.00000000E+00  4.00000000E+00  4.00000000E+00  4.00000000E+00  4.00000000E+00 
 4.00000000E+00  4.00000000E+00  4.00000000E+00  4.00000000E+00  4.00000000E+00  4.00000000E+00 
 4.00000000E+00  4.00000000E+00  4.00000000E+00  4.00000000E+00  4.00000000E+00  4.00000000E+00 
 4.00000000E+00  4.00000000E+00  4.00000000E+00  4.00000000E+00  4.00000000E+00  4.00000000E+00 
 4.00000000E+00  4.00000000E+00  4.00000000E+00  4.00000000E+00  4.00000000E+00  4.00000000E+00 
 4.00000000E+00  4.00000000E+00  4.00000000E+00  4.00000000E+00  4.00000000E+00  4.00000000E+00 
'MAX OPTIMISATION' 

 3.33000000E+06  3.33000000E+06  3.33000000E+06  3.33000000E+06  3.33000000E+06  3.33000000E+06 
 3.33000000E+06  3.33000000E+06  3.33000000E+06  3.33000000E+06  3.33000000E+06  3.33000000E+06 
 3.33000000E+06  3.33000000E+06  3.33000000E+06  3.33000000E+06  3.33000000E+06  3.33000000E+06 
 3.33000000E+06  3.33000000E+06  3.33000000E+06  3.33000000E+06  3.33000000E+06  3.33000000E+06 
 3.33000000E+06  3.33000000E+06  3.33000000E+06  3.33000000E+06  3.33000000E+06  3.33000000E+06 
 3.33000000E+06  3.33000000E+06  3.33000000E+06  3.33000000E+06  3.33000000E+06  3.33000000E+06 
 3.33000000E+06  3.33000000E+06  3.33000000E+06  3.33000000E+06  3.33000000E+06  3.33000000E+06 
 3.33000000E+06  3.33000000E+06  3.33000000E+06  3.33000000E+06  3.33000000E+06  2.37200000E+06 
 3.33000000E+06  3.33000000E+06  3.33000000E+06  3.33000000E+06  3.33000000E+06  3.33000000E+06 
 3.33000000E+06  3.33000000E+06  3.33000000E+06  3.33000000E+06  3.33000000E+06  3.33000000E+06 
 3.33000000E+06  3.33000000E+06  3.33000000E+06  3.33000000E+06  3.33000000E+06  3.33000000E+06 
 3.33000000E+06  3.33000000E+06  3.33000000E+06  3.33000000E+06  3.33000000E+06  3.33000000E+06 
 3.33000000E+06  3.33000000E+06  3.33000000E+06  3.33000000E+06  3.33000000E+06  3.33000000E+06 
 3.33000000E+06  3.33000000E+06  3.33000000E+06  3.33000000E+06  3.33000000E+06  3.33000000E+06 
 3.33000000E+06  3.33000000E+06  3.33000000E+06  3.33000000E+06  3.33000000E+06  3.33000000E+06 
 3.33000000E+06  3.33000000E+06  3.33000000E+06  3.33000000E+06  3.33000000E+06  3.33000000E+06 
'MIN OPTIMISATION' 

 1.29999992E+05  1.29999992E+05  1.29999992E+05  1.29999992E+05  1.29999992E+05  1.29999992E+05 
 1.29999992E+05  1.29999992E+05  1.29999992E+05  1.29999992E+05  1.29999992E+05  1.29999992E+05 
 1.29999992E+05  1.29999992E+05  1.29999992E+05  1.29999992E+05  1.29999992E+05  1.29999992E+05 
 1.29999992E+05  1.29999992E+05  1.29999992E+05  1.29999992E+05  1.29999992E+05  1.29999992E+05 
 1.29999992E+05  1.29999992E+05  1.29999992E+05  1.29999992E+05  1.29999992E+05  1.29999992E+05 
 1.29999992E+05  1.29999992E+05  1.29999992E+05  1.29999992E+05  1.29999992E+05  1.29999992E+05 
 1.29999992E+05  1.29999992E+05  1.29999992E+05  1.29999992E+05  1.29999992E+05  1.29999992E+05 
 1.29999992E+05  1.29999992E+05  1.29999992E+05  1.29999992E+05  1.29999992E+05  2.20000000E+06 
 1.29999992E+05  1.29999992E+05  1.29999992E+05  1.29999992E+05  1.29999992E+05  1.29999992E+05 
 1.29999992E+05  1.29999992E+05  1.29999992E+05  1.29999992E+05  1.29999992E+05  1.29999992E+05 
 1.29999992E+05  1.29999992E+05  1.29999992E+05  1.29999992E+05  1.29999992E+05  1.29999992E+05 
 1.29999992E+05  1.29999992E+05  1.29999992E+05  1.29999992E+05  1.29999992E+05  1.29999992E+05 
 1.29999992E+05  1.29999992E+05  1.29999992E+05  1.29999992E+05  1.29999992E+05  1.29999992E+05 
 1.29999992E+05  1.29999992E+05  1.29999992E+05  1.29999992E+05  1.29999992E+05  1.29999992E+05 
 1.29999992E+05  1.29999992E+05  1.29999992E+05  1.29999992E+05  1.29999992E+05  1.29999992E+05 
 1.29999992E+05  1.29999992E+05  1.29999992E+05  1.29999992E+05  1.29999992E+05  1.29999992E+05 
'MAX LISSAGE' 

 3.41000000E+06  3.41000000E+06  3.41000000E+06  3.41000000E+06  3.41000000E+06  3.41000000E+06 
 3.41000000E+06  3.41000000E+06  3.41000000E+06  3.41000000E+06  3.41000000E+06  3.41000000E+06 
 3.41000000E+06  3.41000000E+06  3.41000000E+06  3.41000000E+06  3.41000000E+06  3.41000000E+06 
 3.41000000E+06  3.41000000E+06  3.41000000E+06  3.41000000E+06  3.41000000E+06  3.41000000E+06 
 3.41000000E+06  3.41000000E+06  3.41000000E+06  3.41000000E+06  3.41000000E+06  3.41000000E+06 
 3.41000000E+06  3.41000000E+06  3.41000000E+06  3.41000000E+06  3.41000000E+06  3.41000000E+06 
 3.41000000E+06  3.41000000E+06  3.41000000E+06  3.41000000E+06  3.41000000E+06  3.41000000E+06 
 3.41000000E+06  3.41000000E+06  3.41000000E+06  3.41000000E+06  3.41000000E+06  3.41000000E+06 
 3.41000000E+06  3.41000000E+06  3.41000000E+06  3.41000000E+06  3.41000000E+06  3.41000000E+06 
 3.41000000E+06  3.41000000E+06  3.41000000E+06  3.41000000E+06  3.41000000E+06  3.41000000E+06 
 3.41000000E+06  3.41000000E+06  3.41000000E+06  3.41000000E+06  3.41000000E+06  3.41000000E+06 
 3.41000000E+06  3.41000000E+06  3.41000000E+06  3.41000000E+06  3.41000000E+06  3.41000000E+06 
 3.41000000E+06  3.41000000E+06  3.41000000E+06  3.41000000E+06  3.41000000E+06  3.41000000E+06 
 3.41000000E+06  3.41000000E+06  3.41000000E+06  3.41000000E+06  3.41000000E+06  3.41000000E+06 
 3.41000000E+06  3.41000000E+06  3.41000000E+06  3.41000000E+06  3.41000000E+06  3.41000000E+06 
 3.41000000E+06  3.41000000E+06  3.41000000E+06  3.41000000E+06  3.41000000E+06  3.41000000E+06 
'MIN LISSAGE' 

 5.00000000E+04  5.00000000E+04  5.00000000E+04  5.00000000E+04  5.00000000E+04  5.00000000E+04 
 5.00000000E+04  5.00000000E+04  5.00000000E+04  5.00000000E+04  5.00000000E+04  5.00000000E+04 
 5.00000000E+04  5.00000000E+04  5.00000000E+04  5.00000000E+04  5.00000000E+04  5.00000000E+04 
 5.00000000E+04  5.00000000E+04  5.00000000E+04  5.00000000E+04  5.00000000E+04  5.00000000E+04 
 5.00000000E+04  5.00000000E+04  5.00000000E+04  5.00000000E+04  5.00000000E+04  5.00000000E+04 
 5.00000000E+04  5.00000000E+04  5.00000000E+04  5.00000000E+04  5.00000000E+04  5.00000000E+04 
 5.00000000E+04  5.00000000E+04  5.00000000E+04  5.00000000E+04  5.00000000E+04  5.00000000E+04 
 5.00000000E+04  5.00000000E+04  5.00000000E+04  5.00000000E+04  5.00000000E+04  5.00000000E+04 
 5.00000000E+04  5.00000000E+04  5.00000000E+04  5.00000000E+04  5.00000000E+04  5.00000000E+04 
 5.00000000E+04  5.00000000E+04  5.00000000E+04  5.00000000E+04  5.00000000E+04  5.00000000E+04 
 5.00000000E+04  5.00000000E+04  5.00000000E+04  5.00000000E+04  5.00000000E+04  5.00000000E+04 
 5.00000000E+04  5.00000000E+04  5.00000000E+04  5.00000000E+04  5.00000000E+04  5.00000000E+04 
 5.00000000E+04  5.00000000E+04  5.00000000E+04  5.00000000E+04  5.00000000E+04  5.00000000E+04 
 5.00000000E+04  5.00000000E+04  5.00000000E+04  5.00000000E+04  5.00000000E+04  5.00000000E+04 
 5.00000000E+04  5.00000000E+04  5.00000000E+04  5.00000000E+04  5.00000000E+04  5.00000000E+04 
 5.00000000E+04  5.00000000E+04  5.00000000E+04  5.00000000E+04  5.00000000E+04  5.00000000E+04 
'FRENER' 
'X'  1.00000000E+05  1.00000000E+05  1.00000000E+05  0.00000000E+00 
'APPORTS' 

 6.50000000E+00  6.50000000E+00  6.50000000E+00  6.50000000E+00  6.50000000E+00  6.50000000E+00 
 6.50000000E+00  6.50000000E+00  6.50000000E+00  6.50000000E+00  6.50000000E+00  6.50000000E+00 
 6.50000000E+00  6.50000000E+00  6.50000000E+00  6.50000000E+00  6.50000000E+00  6.50000000E+00 
 6.50000000E+00  6.50000000E+00  6.50000000E+00  6.50000000E+00  6.50000000E+00  6.50000000E+00 
 6.50000000E+00  6.50000000E+00  6.50000000E+00  6.50000000E+00  6.50000000E+00  6.50000000E+00 
 6.50000000E+00  6.50000000E+00  6.50000000E+00  6.50000000E+00  6.50000000E+00  6.50000000E+00 
 6.50000000E+00  6.50000000E+00  6.50000000E+00  6.50000000E+00  6.50000000E+00  6.50000000E+00 
 6.50000000E+00  6.50000000E+00  6.50000000E+00  6.50000000E+00  6.50000000E+00  6.50000000E+00 
 6.50000000E+00  6.50000000E+00  6.50000000E+00  6.50000000E+00  6.50000000E+00  6.50000000E+00 
 6.50000000E+00  6.50000000E+00  6.50000000E+00  6.50000000E+00  6.50000000E+00  6.50000000E+00 
 6.50000000E+00  6.50000000E+00  6.50000000E+00  6.50000000E+00  6.50000000E+00  6.50000000E+00 
 6.50000000E+00  6.50000000E+00  6.50000000E+00  6.50000000E+00  6.50000000E+00  6.50000000E+00 
 6.50000000E+00  6.50000000E+00  6.50000000E+00  6.50000000E+00  6.50000000E+00  6.50000000E+00 
 6.50000000E+00  6.50000000E+00  6.50000000E+00  6.50000000E+00  6.50000000E+00  6.50000000E+00 
 6.50000000E+00  6.50000000E+00  6.50000000E+00  6.50000000E+00  6.50000000E+00  6.50000000E+00 
 6.50000000E+00  6.50000000E+00  6.50000000E+00  6.50000000E+00  6.50000000E+00  6.50000000E+00 
'MAX OPTIMISATION' 

 1.90000000E+05  1.90000000E+05  1.90000000E+05  1.90000000E+05  1.90000000E+05  1.90000000E+05 
 1.90000000E+05  1.90000000E+05  1.90000000E+05  1.90000000E+05  1.90000000E+05  1.90000000E+05 
 1.90000000E+05  1.90000000E+05  1.90000000E+05  1.90000000E+05  1.90000000E+05  1.90000000E+05 
 1.90000000E+05  1.90000000E+05  1.90000000E+05  1.90000000E+05  1.90000000E+05  1.90000000E+05 
 1.90000000E+05  1.90000000E+05  1.90000000E+05  1.90000000E+05  1.90000000E+05  1.90000000E+05 
 1.90000000E+05  1.90000000E+05  1.90000000E+05  1.90000000E+05  1.90000000E+05  1.90000000E+05 
 1.90000000E+05  1.90000000E+05  1.90000000E+05  1.90000000E+05  1.90000000E+05  1.90000000E+05 
 1.90000000E+05  1.90000000E+05  1.90000000E+05  1.90000000E+05  1.90000000E+05  1.90000000E+05 
 1.90000000E+05  1.90000000E+05  1.90000000E+05  1.90000000E+05  1.90000000E+05  1.90000000E+05 
 1.90000000E+05  1.90000000E+05  1.90000000E+05  1.90000000E+05  1.90000000E+05  1.90000000E+05 
 1.90000000E+05  1.90000000E+05  1.90000000E+05  1.90000000E+05  1.90000000E+05  1.90000000E+05 
 1.90000000E+05  1.90000000E+05  1.90000000E+05  1.90000000E+05  1.90000000E+05  1.90000000E+05 
 1.90000000E+05  1.90000000E+05  1.90000000E+05  1.90000000E+05  1.90000000E+05  1.90000000E+05 
 1.90000000E+05  1.90000000E+05  1.90000000E+05  1.90000000E+05  1.90000000E+05  1.90000000E+05 
 1.90000000E+05  1.90000000E+05  1.90000000E+05  1.90000000E+05  1.90000000E+05  1.90000000E+05 
 1.90000000E+05  1.90000000E+05  1.90000000E+05  1.90000000E+05  1.90000000E+05  1.90000000E+05 
'MIN OPTIMISATION' 

 1.00000000E+05  1.00000000E+05  1.00000000E+05  1.00000000E+05  1.00000000E+05  1.00000000E+05 
 1.00000000E+05  1.00000000E+05  1.00000000E+05  1.00000000E+05  1.00000000E+05  1.00000000E+05 
 1.00000000E+05  1.00000000E+05  1.00000000E+05  1.00000000E+05  1.00000000E+05  1.00000000E+05 
 1.00000000E+05  1.00000000E+05  1.00000000E+05  1.00000000E+05  1.00000000E+05  1.00000000E+05 
 1.00000000E+05  1.00000000E+05  1.00000000E+05  1.00000000E+05  1.00000000E+05  1.00000000E+05 
 1.00000000E+05  1.00000000E+05  1.00000000E+05  1.00000000E+05  1.00000000E+05  1.00000000E+05 
 1.00000000E+05  1.00000000E+05  1.00000000E+05  1.00000000E+05  1.00000000E+05  1.00000000E+05 
 1.00000000E+05  1.00000000E+05  1.00000000E+05  1.00000000E+05  1.00000000E+05  1.00000000E+05 
 1.00000000E+05  1.00000000E+05  1.00000000E+05  1.00000000E+05  1.00000000E+05  1.00000000E+05 
 1.00000000E+05  1.00000000E+05  1.00000000E+05  1.00000000E+05  1.00000000E+05  1.00000000E+05 
 1.00000000E+05  1.00000000E+05  1.00000000E+05  1.00000000E+05  1.00000000E+05  1.00000000E+05 
 1.00000000E+05  1.00000000E+05  1.00000000E+05  1.00000000E+05  1.00000000E+05  1.00000000E+05 
 1.00000000E+05  1.00000000E+05  1.00000000E+05  1.00000000E+05  1.00000000E+05  1.00000000E+05 
 1.00000000E+05  1.00000000E+05  1.00000000E+05  1.00000000E+05  1.00000000E+05  1.00000000E+05 
 1.00000000E+05  1.00000000E+05  1.00000000E+05  1.00000000E+05  1.00000000E+05  1.00000000E+05 
 1.00000000E+05  1.00000000E+05  1.00000000E+05  1.00000000E+05  1.00000000E+05  1.00000000E+05 
'MAX LISSAGE' 

 2.20000000E+05  2.20000000E+05  2.20000000E+05  2.20000000E+05  2.20000000E+05  2.20000000E+05 
 2.20000000E+05  2.20000000E+05  2.20000000E+05  2.20000000E+05  2.20000000E+05  2.20000000E+05 
 2.20000000E+05  2.20000000E+05  2.20000000E+05  2.20000000E+05  2.20000000E+05  2.20000000E+05 
 2.20000000E+05  2.20000000E+05  2.20000000E+05  2.20000000E+05  2.20000000E+05  2.20000000E+05 
 2.20000000E+05  2.20000000E+05  2.20000000E+05  2.20000000E+05  2.20000000E+05  2.20000000E+05 
 2.20000000E+05  2.20000000E+05  2.20000000E+05  2.20000000E+05  2.20000000E+05  2.20000000E+05 
 2.20000000E+05  2.20000000E+05  2.20000000E+05  2.20000000E+05  2.20000000E+05  2.20000000E+05 
 2.20000000E+05  2.20000000E+05  2.20000000E+05  2.20000000E+05  2.20000000E+05  2.20000000E+05 
 2.20000000E+05  2.20000000E+05  2.20000000E+05  2.20000000E+05  2.20000000E+05  2.20000000E+05 
 2.20000000E+05  2.20000000E+05  2.20000000E+05  2.20000000E+05  2.20000000E+05  2.20000000E+05 
 2.20000000E+05  2.20000000E+05  2.20000000E+05  2.20000000E+05  2.20000000E+05  2.20000000E+05 
 2.20000000E+05  2.20000000E+05  2.20000000E+05  2.20000000E+05  2.20000000E+05  2.20000000E+05 
 2.20000000E+05  2.20000000E+05  2.20000000E+05  2.20000000E+05  2.20000000E+05  2.20000000E+05 
 2.20000000E+05  2.20000000E+05  2.20000000E+05  2.20000000E+05  2.20000000E+05  2.20000000E+05 
 2.20000000E+05  2.20000000E+05  2.20000000E+05  2.20000000E+05  2.20000000E+05  2.20000000E+05 
 2.20000000E+05  2.20000000E+05  2.20000000E+05  2.20000000E+05  2.20000000E+05  2.20000000E+05 
'MIN LISSAGE' 

 1.00000000E+05  1.00000000E+05  1.00000000E+05  1.00000000E+05  1.00000000E+05  1.00000000E+05 
 1.00000000E+05  1.00000000E+05  1.00000000E+05  1.00000000E+05  1.00000000E+05  1.00000000E+05 
 1.00000000E+05  1.00000000E+05  1.00000000E+05  1.00000000E+05  1.00000000E+05  1.00000000E+05 
 1.00000000E+05  1.00000000E+05  1.00000000E+05  1.00000000E+05  1.00000000E+05  1.00000000E+05 
 1.00000000E+05  1.00000000E+05  1.00000000E+05  1.00000000E+05  1.00000000E+05  1.00000000E+05 
 1.00000000E+05  1.00000000E+05  1.00000000E+05  1.00000000E+05  1.00000000E+05  1.00000000E+05 
 1.00000000E+05  1.00000000E+05  1.00000000E+05  1.00000000E+05  1.00000000E+05  1.00000000E+05 
 1.00000000E+05  1.00000000E+05  1.00000000E+05  1.00000000E+05  1.00000000E+05  1.00000000E+05 
 1.00000000E+05  1.00000000E+05  1.00000000E+05  1.00000000E+05  1.00000000E+05  1.00000000E+05 
 1.00000000E+05  1.00000000E+05  1.00000000E+05  1.00000000E+05  1.00000000E+05  1.00000000E+05 
 1.00000000E+05  1.00000000E+05  1.00000000E+05  1.00000000E+05  1.00000000E+05  1.00000000E+05 
 1.00000000E+05  1.00000000E+05  1.00000000E+05  1.00000000E+05  1.00000000E+05  1.00000000E+05 
 1.00000000E+05  1.00000000E+05  1.00000000E+05  1.00000000E+05  1.00000000E+05  1.00000000E+05 
 1.00000000E+05  1.00000000E+05  1.00000000E+05  1.00000000E+05  1.00000000E+05  1.00000000E+05 
 1.00000000E+05  1.00000000E+05  1.00000000E+05  1.00000000E+05  1.00000000E+05  1.00000000E+05 
 1.00000000E+05  1.00000000E+05  1.00000000E+05  1.00000000E+05  1.00000000E+05  1.00000000E+05 
'MTCENR' 
'E'  2.59470000E+08  0.00000000E+00  3.15390016E+08  2.35200003E-01 
'APPORTS' 

 0.00000000E+00  0.00000000E+00  0.00000000E+00  0.00000000E+00  0.00000000E+00  0.00000000E+00 
 0.00000000E+00  0.00000000E+00  0.00000000E+00  0.00000000E+00  0.00000000E+00  0.00000000E+00 
 0.00000000E+00  0.00000000E+00  0.00000000E+00  0.00000000E+00  0.00000000E+00  0.00000000E+00 
 0.00000000E+00  0.00000000E+00  0.00000000E+00  0.00000000E+00  0.00000000E+00  0.00000000E+00 
 0.00000000E+00  0.00000000E+00  0.00000000E+00  0.00000000E+00  0.00000000E+00  0.00000000E+00 
 0.00000000E+00  0.00000000E+00  0.00000000E+00  0.00000000E+00  0.00000000E+00  0.00000000E+00 
 0.00000000E+00  0.00000000E+00  0.00000000E+00  0.00000000E+00  0.00000000E+00  0.00000000E+00 
 0.00000000E+00  0.00000000E+00  0.00000000E+00  0.00000000E+00  0.00000000E+00  0.00000000E+00 
 0.00000000E+00  0.00000000E+00  0.00000000E+00  0.00000000E+00  0.00000000E+00  0.00000000E+00 
 0.00000000E+00  0.00000000E+00  0.00000000E+00  0.00000000E+00  0.00000000E+00  0.00000000E+00 
 0.00000000E+00  0.00000000E+00  0.00000000E+00  0.00000000E+00  0.00000000E+00  0.00000000E+00 
 0.00000000E+00  0.00000000E+00  0.00000000E+00  0.00000000E+00  0.00000000E+00  0.00000000E+00 
 0.00000000E+00  0.00000000E+00  0.00000000E+00  0.00000000E+00  0.00000000E+00  0.00000000E+00 
 0.00000000E+00  0.00000000E+00  0.00000000E+00  0.00000000E+00  0.00000000E+00  0.00000000E+00 
 0.00000000E+00  0.00000000E+00  0.00000000E+00  0.00000000E+00  0.00000000E+00  0.00000000E+00 
 0.00000000E+00  0.00000000E+00  0.00000000E+00  0.00000000E+00  0.00000000E+00  0.00000000E+00 
'MAX OPTIMISATION' 

 3.15390016E+08  3.15390016E+08  3.15390016E+08  3.15390016E+08  3.15390016E+08  3.15390016E+08 
 3.15390016E+08  3.15390016E+08  3.15390016E+08  3.15390016E+08  3.15390016E+08  3.15390016E+08 
 3.15390016E+08  3.15390016E+08  3.15390016E+08  3.15390016E+08  3.15390016E+08  3.15390016E+08 
 3.15390016E+08  3.15390016E+08  3.15390016E+08  3.15390016E+08  3.15390016E+08  3.15390016E+08 
 3.15390016E+08  3.15390016E+08  3.15390016E+08  3.15390016E+08  3.15390016E+08  3.15390016E+08 
 3.15390016E+08  3.15390016E+08  3.15390016E+08  3.15390016E+08  3.15390016E+08  3.15390016E+08 
 3.15390016E+08  3.15390016E+08  3.15390016E+08  3.15390016E+08  3.15390016E+08  3.15390016E+08 
 3.15390016E+08  3.15390016E+08  3.15390016E+08  3.15390016E+08  3.15390016E+08  3.15390016E+08 
 3.15390016E+08  3.15390016E+08  3.15390016E+08  3.15390016E+08  3.15390016E+08  3.15390016E+08 
 3.15390016E+08  3.15390016E+08  3.15390016E+08  3.15390016E+08  3.15390016E+08  3.15390016E+08 
 3.15390016E+08  3.15390016E+08  3.15390016E+08  3.15390016E+08  3.15390016E+08  3.15390016E+08 
 3.15390016E+08  3.15390016E+08  3.15390016E+08  3.15390016E+08  3.15390016E+08  3.15390016E+08 
 3.15390016E+08  3.15390016E+08  3.15390016E+08  3.15390016E+08  3.15390016E+08  3.15390016E+08 
 3.15390016E+08  3.15390016E+08  3.15390016E+08  3.15390016E+08  3.15390016E+08  3.15390016E+08 
 3.15390016E+08  3.15390016E+08  3.15390016E+08  3.15390016E+08  3.15390016E+08  3.15390016E+08 
 3.15390016E+08  3.15390016E+08  3.15390016E+08  3.15390016E+08  3.15390016E+08  3.15390016E+08 
'MIN OPTIMISATION' 

 0.00000000E+00  0.00000000E+00  0.00000000E+00  0.00000000E+00  0.00000000E+00  0.00000000E+00 
 0.00000000E+00  0.00000000E+00  0.00000000E+00  0.00000000E+00  0.00000000E+00  0.00000000E+00 
 0.00000000E+00  0.00000000E+00  0.00000000E+00  0.00000000E+00  0.00000000E+00  0.00000000E+00 
 0.00000000E+00  0.00000000E+00  0.00000000E+00  0.00000000E+00  0.00000000E+00  0.00000000E+00 
 0.00000000E+00  0.00000000E+00  0.00000000E+00  0.00000000E+00  0.00000000E+00  0.00000000E+00 
 0.00000000E+00  0.00000000E+00  0.00000000E+00  0.00000000E+00  0.00000000E+00  0.00000000E+00 
 0.00000000E+00  0.00000000E+00  0.00000000E+00  0.00000000E+00  0.00000000E+00  0.00000000E+00 
 0.00000000E+00  0.00000000E+00  0.00000000E+00  0.00000000E+00  0.00000000E+00  0.00000000E+00 
 0.00000000E+00  0.00000000E+00  0.00000000E+00  0.00000000E+00  0.00000000E+00  0.00000000E+00 
 0.00000000E+00  0.00000000E+00  0.00000000E+00  0.00000000E+00  0.00000000E+00  0.00000000E+00 
 0.00000000E+00  0.00000000E+00  0.00000000E+00  0.00000000E+00  0.00000000E+00  0.00000000E+00 
 0.00000000E+00  0.00000000E+00  0.00000000E+00  0.00000000E+00  0.00000000E+00  0.00000000E+00 
 0.00000000E+00  0.00000000E+00  0.00000000E+00  0.00000000E+00  0.00000000E+00  0.00000000E+00 
 0.00000000E+00  0.00000000E+00  0.00000000E+00  0.00000000E+00  0.00000000E+00  0.00000000E+00 
 0.00000000E+00  0.00000000E+00  0.00000000E+00  0.00000000E+00  0.00000000E+00  0.00000000E+00 
 0.00000000E+00  0.00000000E+00  0.00000000E+00  0.00000000E+00  0.00000000E+00  0.00000000E+00 
'MAX LISSAGE' 

 3.15390016E+08  3.15390016E+08  3.15390016E+08  3.15390016E+08  3.15390016E+08  3.15390016E+08 
 3.15390016E+08  3.15390016E+08  3.15390016E+08  3.15390016E+08  3.15390016E+08  3.15390016E+08 
 3.15390016E+08  3.15390016E+08  3.15390016E+08  3.15390016E+08  3.15390016E+08  3.15390016E+08 
 3.15390016E+08  3.15390016E+08  3.15390016E+08  3.15390016E+08  3.15390016E+08  3.15390016E+08 
 3.15390016E+08  3.15390016E+08  3.15390016E+08  3.15390016E+08  3.15390016E+08  3.15390016E+08 
 3.15390016E+08  3.15390016E+08  3.15390016E+08  3.15390016E+08  3.15390016E+08  3.15390016E+08 
 3.15390016E+08  3.15390016E+08  3.15390016E+08  3.15390016E+08  3.15390016E+08  3.15390016E+08 
 3.15390016E+08  3.15390016E+08  3.15390016E+08  3.15390016E+08  3.15390016E+08  3.15390016E+08 
 3.15390016E+08  3.15390016E+08  3.15390016E+08  3.15390016E+08  3.15390016E+08  3.15390016E+08 
 3.15390016E+08  3.15390016E+08  3.15390016E+08  3.15390016E+08  3.15390016E+08  3.15390016E+08 
 3.15390016E+08  3.15390016E+08  3.15390016E+08  3.15390016E+08  3.15390016E+08  3.15390016E+08 
 3.15390016E+08  3.15390016E+08  3.15390016E+08  3.15390016E+08  3.15390016E+08  3.15390016E+08 
 3.15390016E+08  3.15390016E+08  3.15390016E+08  3.15390016E+08  3.15390016E+08  3.15390016E+08 
 3.15390016E+08  3.15390016E+08  3.15390016E+08  3.15390016E+08  3.15390016E+08  3.15390016E+08 
 3.15390016E+08  3.15390016E+08  3.15390016E+08  3.15390016E+08  3.15390016E+08  3.15390016E+08 
 3.15390016E+08  3.15390016E+08  3.15390016E+08  3.15390016E+08  3.15390016E+08  3.15390016E+08 
'MIN LISSAGE' 

 0.00000000E+00  0.00000000E+00  0.00000000E+00  0.00000000E+00  0.00000000E+00  0.00000000E+00 
 0.00000000E+00  0.00000000E+00  0.00000000E+00  0.00000000E+00  0.00000000E+00  0.00000000E+00 
 0.00000000E+00  0.00000000E+00  0.00000000E+00  0.00000000E+00  0.00000000E+00  0.00000000E+00 
 0.00000000E+00  0.00000000E+00  0.00000000E+00  0.00000000E+00  0.00000000E+00  0.00000000E+00 
 0.00000000E+00  0.00000000E+00  0.00000000E+00  0.00000000E+00  0.00000000E+00  0.00000000E+00 
 0.00000000E+00  0.00000000E+00  0.00000000E+00  0.00000000E+00  0.00000000E+00  0.00000000E+00 
 0.00000000E+00  0.00000000E+00  0.00000000E+00  0.00000000E+00  0.00000000E+00  0.00000000E+00 
 0.00000000E+00  0.00000000E+00  0.00000000E+00  0.00000000E+00  0.00000000E+00  0.00000000E+00 
 0.00000000E+00  0.00000000E+00  0.00000000E+00  0.00000000E+00  0.00000000E+00  0.00000000E+00 
 0.00000000E+00  0.00000000E+00  0.00000000E+00  0.00000000E+00  0.00000000E+00  0.00000000E+00 
 0.00000000E+00  0.00000000E+00  0.00000000E+00  0.00000000E+00  0.00000000E+00  0.00000000E+00 
 0.00000000E+00  0.00000000E+00  0.00000000E+00  0.00000000E+00  0.00000000E+00  0.00000000E+00 
 0.00000000E+00  0.00000000E+00  0.00000000E+00  0.00000000E+00  0.00000000E+00  0.00000000E+00 
 0.00000000E+00  0.00000000E+00  0.00000000E+00  0.00000000E+00  0.00000000E+00  0.00000000E+00 
 0.00000000E+00  0.00000000E+00  0.00000000E+00  0.00000000E+00  0.00000000E+00  0.00000000E+00 
 0.00000000E+00  0.00000000E+00  0.00000000E+00  0.00000000E+00  0.00000000E+00  0.00000000E+00 
'P.CHER' 
'E'  3.98000000E+05  3.98000000E+05  3.98000000E+05  0.00000000E+00 
'APPORTS' 

 0.00000000E+00  0.00000000E+00  0.00000000E+00  0.00000000E+00  0.00000000E+00  0.00000000E+00 
 0.00000000E+00  0.00000000E+00  0.00000000E+00  0.00000000E+00  0.00000000E+00  0.00000000E+00 
 0.00000000E+00  0.00000000E+00  0.00000000E+00  0.00000000E+00  0.00000000E+00  0.00000000E+00 
 0.00000000E+00  0.00000000E+00  0.00000000E+00  0.00000000E+00  0.00000000E+00  0.00000000E+00 
 0.00000000E+00  0.00000000E+00  0.00000000E+00  0.00000000E+00  0.00000000E+00  0.00000000E+00 
 0.00000000E+00  0.00000000E+00  0.00000000E+00  0.00000000E+00  0.00000000E+00  0.00000000E+00 
 0.00000000E+00  0.00000000E+00  0.00000000E+00  0.00000000E+00  0.00000000E+00  0.00000000E+00 
 0.00000000E+00  0.00000000E+00  0.00000000E+00  0.00000000E+00  0.00000000E+00  0.00000000E+00 
 0.00000000E+00  0.00000000E+00  0.00000000E+00  0.00000000E+00  0.00000000E+00  0.00000000E+00 
 0.00000000E+00  0.00000000E+00  0.00000000E+00  0.00000000E+00  0.00000000E+00  0.00000000E+00 
 0.00000000E+00  0.00000000E+00  0.00000000E+00  0.00000000E+00  0.00000000E+00  0.00000000E+00 
 0.00000000E+00  0.00000000E+00  0.00000000E+00  0.00000000E+00  0.00000000E+00  0.00000000E+00 
 0.00000000E+00  0.00000000E+00  0.00000000E+00  0.00000000E+00  0.00000000E+00  0.00000000E+00 
 0.00000000E+00  0.00000000E+00  0.00000000E+00  0.00000000E+00  0.00000000E+00  0.00000000E+00 
 0.00000000E+00  0.00000000E+00  0.00000000E+00  0.00000000E+00  0.00000000E+00  0.00000000E+00 
 0.00000000E+00  0.00000000E+00  0.00000000E+00  0.00000000E+00  0.00000000E+00  0.00000000E+00 
'MAX OPTIMISATION' 

 3.98000000E+05  3.98000000E+05  3.98000000E+05  3.98000000E+05  3.98000000E+05  3.98000000E+05 
 3.98000000E+05  3.98000000E+05  3.98000000E+05  3.98000000E+05  3.98000000E+05  3.98000000E+05 
 3.98000000E+05  3.98000000E+05  3.98000000E+05  3.98000000E+05  3.98000000E+05  3.98000000E+05 
 3.98000000E+05  3.98000000E+05  3.98000000E+05  3.98000000E+05  3.98000000E+05  3.98000000E+05 
 3.98000000E+05  3.98000000E+05  3.98000000E+05  3.98000000E+05  3.98000000E+05  3.98000000E+05 
 3.98000000E+05  3.98000000E+05  3.98000000E+05  3.98000000E+05  3.98000000E+05  3.98000000E+05 
 3.98000000E+05  3.98000000E+05  3.98000000E+05  3.98000000E+05  3.98000000E+05  3.98000000E+05 
 3.98000000E+05  3.98000000E+05  3.98000000E+05  3.98000000E+05  3.98000000E+05  3.98000000E+05 
 3.98000000E+05  3.98000000E+05  3.98000000E+05  3.98000000E+05  3.98000000E+05  3.98000000E+05 
 3.98000000E+05  3.98000000E+05  3.98000000E+05  3.98000000E+05  3.98000000E+05  3.98000000E+05 
 3.98000000E+05  3.98000000E+05  3.98000000E+05  3.98000000E+05  3.98000000E+05  3.98000000E+05 
 3.98000000E+05  3.98000000E+05  3.98000000E+05  3.98000000E+05  3.98000000E+05  3.98000000E+05 
 3.98000000E+05  3.98000000E+05  3.98000000E+05  3.98000000E+05  3.98000000E+05  3.98000000E+05 
 3.98000000E+05  3.98000000E+05  3.98000000E+05  3.98000000E+05  3.98000000E+05  3.98000000E+05 
 3.98000000E+05  3.98000000E+05  3.98000000E+05  3.98000000E+05  3.98000000E+05  3.98000000E+05 
 3.98000000E+05  3.98000000E+05  3.98000000E+05  3.98000000E+05  3.98000000E+05  3.98000000E+05 
'MIN OPTIMISATION' 

 3.20000000E+05  3.20000000E+05  3.20000000E+05  3.20000000E+05  3.20000000E+05  3.20000000E+05 
 3.20000000E+05  3.20000000E+05  3.20000000E+05  3.20000000E+05  3.20000000E+05  3.20000000E+05 
 3.20000000E+05  3.20000000E+05  3.20000000E+05  3.20000000E+05  3.20000000E+05  3.20000000E+05 
 3.20000000E+05  3.20000000E+05  3.20000000E+05  3.20000000E+05  3.20000000E+05  3.20000000E+05 
 3.20000000E+05  3.20000000E+05  3.20000000E+05  3.20000000E+05  3.20000000E+05  3.20000000E+05 
 3.20000000E+05  3.20000000E+05  3.20000000E+05  3.20000000E+05  3.20000000E+05  3.20000000E+05 
 3.20000000E+05  3.20000000E+05  3.20000000E+05  3.20000000E+05  3.20000000E+05  3.20000000E+05 
 3.20000000E+05  3.20000000E+05  3.20000000E+05  3.20000000E+05  3.20000000E+05  3.48000000E+05 
 3.20000000E+05  3.20000000E+05  3.20000000E+05  3.20000000E+05  3.20000000E+05  3.20000000E+05 
 3.20000000E+05  3.20000000E+05  3.20000000E+05  3.20000000E+05  3.20000000E+05  3.20000000E+05 
 3.20000000E+05  3.20000000E+05  3.20000000E+05  3.20000000E+05  3.20000000E+05  3.20000000E+05 
 3.20000000E+05  3.20000000E+05  3.20000000E+05  3.20000000E+05  3.20000000E+05  3.20000000E+05 
 3.20000000E+05  3.20000000E+05  3.20000000E+05  3.20000000E+05  3.20000000E+05  3.20000000E+05 
 3.20000000E+05  3.20000000E+05  3.20000000E+05  3.20000000E+05  3.20000000E+05  3.20000000E+05 
 3.20000000E+05  3.20000000E+05  3.20000000E+05  3.20000000E+05  3.20000000E+05  3.20000000E+05 
 3.20000000E+05  3.20000000E+05  3.20000000E+05  3.20000000E+05  3.20000000E+05  3.20000000E+05 
'MAX LISSAGE' 

 4.50000000E+05  4.50000000E+05  4.50000000E+05  4.50000000E+05  4.50000000E+05  4.50000000E+05 
 4.50000000E+05  4.50000000E+05  4.50000000E+05  4.50000000E+05  4.50000000E+05  4.50000000E+05 
 4.50000000E+05  4.50000000E+05  4.50000000E+05  4.50000000E+05  4.50000000E+05  4.50000000E+05 
 4.50000000E+05  4.50000000E+05  4.50000000E+05  4.50000000E+05  4.50000000E+05  4.50000000E+05 
 4.50000000E+05  4.50000000E+05  4.50000000E+05  4.50000000E+05  4.50000000E+05  4.50000000E+05 
 4.50000000E+05  4.50000000E+05  4.50000000E+05  4.50000000E+05  4.50000000E+05  4.50000000E+05 
 4.50000000E+05  4.50000000E+05  4.50000000E+05  4.50000000E+05  4.50000000E+05  4.50000000E+05 
 4.50000000E+05  4.50000000E+05  4.50000000E+05  4.50000000E+05  4.50000000E+05  4.50000000E+05 
 4.50000000E+05  4.50000000E+05  4.50000000E+05  4.50000000E+05  4.50000000E+05  4.50000000E+05 
 4.50000000E+05  4.50000000E+05  4.50000000E+05  4.50000000E+05  4.50000000E+05  4.50000000E+05 
 4.50000000E+05  4.50000000E+05  4.50000000E+05  4.50000000E+05  4.50000000E+05  4.50000000E+05 
 4.50000000E+05  4.50000000E+05  4.50000000E+05  4.50000000E+05  4.50000000E+05  4.50000000E+05 
 4.50000000E+05  4.50000000E+05  4.50000000E+05  4.50000000E+05  4.50000000E+05  4.50000000E+05 
 4.50000000E+05  4.50000000E+05  4.50000000E+05  4.50000000E+05  4.50000000E+05  4.50000000E+05 
 4.50000000E+05  4.50000000E+05  4.50000000E+05  4.50000000E+05  4.50000000E+05  4.50000000E+05 
 4.50000000E+05  4.50000000E+05  4.50000000E+05  4.50000000E+05  4.50000000E+05  4.50000000E+05 
'MIN LISSAGE' 

 2.90000000E+05  2.90000000E+05  2.90000000E+05  2.90000000E+05  2.90000000E+05  2.90000000E+05 
 2.90000000E+05  2.90000000E+05  2.90000000E+05  2.90000000E+05  2.90000000E+05  2.90000000E+05 
 2.90000000E+05  2.90000000E+05  2.90000000E+05  2.90000000E+05  2.90000000E+05  2.90000000E+05 
 2.90000000E+05  2.90000000E+05  2.90000000E+05  2.90000000E+05  2.90000000E+05  2.90000000E+05 
 2.90000000E+05  2.90000000E+05  2.90000000E+05  2.90000000E+05  2.90000000E+05  2.90000000E+05 
 2.90000000E+05  2.90000000E+05  2.90000000E+05  2.90000000E+05  2.90000000E+05  2.90000000E+05 
 2.90000000E+05  2.90000000E+05  2.90000000E+05  2.90000000E+05  2.90000000E+05  2.90000000E+05 
 2.90000000E+05  2.90000000E+05  2.90000000E+05  2.90000000E+05  2.90000000E+05  2.90000000E+05 
 2.90000000E+05  2.90000000E+05  2.90000000E+05  2.90000000E+05  2.90000000E+05  2.90000000E+05 
 2.90000000E+05  2.90000000E+05  2.90000000E+05  2.90000000E+05  2.90000000E+05  2.90000000E+05 
 2.90000000E+05  2.90000000E+05  2.90000000E+05  2.90000000E+05  2.90000000E+05  2.90000000E+05 
 2.90000000E+05  2.90000000E+05  2.90000000E+05  2.90000000E+05  2.90000000E+05  2.90000000E+05 
 2.90000000E+05  2.90000000E+05  2.90000000E+05  2.90000000E+05  2.90000000E+05  2.90000000E+05 
 2.90000000E+05  2.90000000E+05  2.90000000E+05  2.90000000E+05  2.90000000E+05  2.90000000E+05 
 2.90000000E+05  2.90000000E+05  2.90000000E+05  2.90000000E+05  2.90000000E+05  2.90000000E+05 
 2.90000000E+05  2.90000000E+05  2.90000000E+05  2.90000000E+05  2.90000000E+05  2.90000000E+05 
'BISSOR' 
'E'  1.65770000E+07  0.00000000E+00  3.95520000E+07  2.51599997E-01 
'APPORTS' 

 0.00000000E+00  0.00000000E+00  0.00000000E+00  0.00000000E+00  0.00000000E+00  0.00000000E+00 
 0.00000000E+00  0.00000000E+00  0.00000000E+00  0.00000000E+00  0.00000000E+00  0.00000000E+00 
 0.00000000E+00  0.00000000E+00  0.00000000E+00  0.00000000E+00  0.00000000E+00  0.00000000E+00 
 0.00000000E+00  0.00000000E+00  0.00000000E+00  0.00000000E+00  0.00000000E+00  0.00000000E+00 
 0.00000000E+00  0.00000000E+00  0.00000000E+00  0.00000000E+00  0.00000000E+00  0.00000000E+00 
 0.00000000E+00  0.00000000E+00  0.00000000E+00  0.00000000E+00  0.00000000E+00  0.00000000E+00 
 0.00000000E+00  0.00000000E+00  0.00000000E+00  0.00000000E+00  0.00000000E+00  0.00000000E+00 
 0.00000000E+00  0.00000000E+00  0.00000000E+00  0.00000000E+00  0.00000000E+00  0.00000000E+00 
 0.00000000E+00  0.00000000E+00  0.00000000E+00  0.00000000E+00  0.00000000E+00  0.00000000E+00 
 0.00000000E+00  0.00000000E+00  0.00000000E+00  0.00000000E+00  0.00000000E+00  0.00000000E+00 
 0.00000000E+00  0.00000000E+00  0.00000000E+00  0.00000000E+00  0.00000000E+00  0.00000000E+00 
 0.00000000E+00  0.00000000E+00  0.00000000E+00  0.00000000E+00  0.00000000E+00  0.00000000E+00 
 0.00000000E+00  0.00000000E+00  0.00000000E+00  0.00000000E+00  0.00000000E+00  0.00000000E+00 
 0.00000000E+00  0.00000000E+00  0.00000000E+00  0.00000000E+00  0.00000000E+00  0.00000000E+00 
 0.00000000E+00  0.00000000E+00  0.00000000E+00  0.00000000E+00  0.00000000E+00  0.00000000E+00 
 0.00000000E+00  0.00000000E+00  0.00000000E+00  0.00000000E+00  0.00000000E+00  0.00000000E+00 
'MAX OPTIMISATION' 

 3.95520000E+07  3.95520000E+07  3.95520000E+07  3.95520000E+07  3.95520000E+07  3.95520000E+07 
 3.95520000E+07  3.95520000E+07  3.95520000E+07  3.95520000E+07  3.95520000E+07  3.95520000E+07 
 3.95520000E+07  3.95520000E+07  3.95520000E+07  3.95520000E+07  3.95520000E+07  3.95520000E+07 
 3.95520000E+07  3.95520000E+07  3.95520000E+07  3.95520000E+07  3.95520000E+07  3.95520000E+07 
 3.95520000E+07  3.95520000E+07  3.95520000E+07  3.95520000E+07  3.95520000E+07  3.95520000E+07 
 3.95520000E+07  3.95520000E+07  3.95520000E+07  3.95520000E+07  3.95520000E+07  3.95520000E+07 
 3.95520000E+07  3.95520000E+07  3.95520000E+07  3.95520000E+07  3.95520000E+07  3.95520000E+07 
 3.95520000E+07  3.95520000E+07  3.95520000E+07  3.95520000E+07  3.95520000E+07  3.95520000E+07 
 3.95520000E+07  3.95520000E+07  3.95520000E+07  3.95520000E+07  3.95520000E+07  3.95520000E+07 
 3.95520000E+07  3.95520000E+07  3.95520000E+07  3.95520000E+07  3.95520000E+07  3.95520000E+07 
 3.95520000E+07  3.95520000E+07  3.95520000E+07  3.95520000E+07  3.95520000E+07  3.95520000E+07 
 3.95520000E+07  3.95520000E+07  3.95520000E+07  3.95520000E+07  3.95520000E+07  3.95520000E+07 
 3.95520000E+07  3.95520000E+07  3.95520000E+07  3.95520000E+07  3.95520000E+07  3.95520000E+07 
 3.95520000E+07  3.95520000E+07  3.95520000E+07  3.95520000E+07  3.95520000E+07  3.95520000E+07 
 3.95520000E+07  3.95520000E+07  3.95520000E+07  3.95520000E+07  3.95520000E+07  3.95520000E+07 
 3.95520000E+07  3.95520000E+07  3.95520000E+07  3.95520000E+07  3.95520000E+07  3.95520000E+07 
'MIN OPTIMISATION' 

 0.00000000E+00  0.00000000E+00  0.00000000E+00  0.00000000E+00  0.00000000E+00  0.00000000E+00 
 0.00000000E+00  0.00000000E+00  0.00000000E+00  0.00000000E+00  0.00000000E+00  0.00000000E+00 
 0.00000000E+00  0.00000000E+00  0.00000000E+00  0.00000000E+00  0.00000000E+00  0.00000000E+00 
 0.00000000E+00  0.00000000E+00  0.00000000E+00  0.00000000E+00  0.00000000E+00  0.00000000E+00 
 0.00000000E+00  0.00000000E+00  0.00000000E+00  0.00000000E+00  0.00000000E+00  0.00000000E+00 
 0.00000000E+00  0.00000000E+00  0.00000000E+00  0.00000000E+00  0.00000000E+00  0.00000000E+00 
 0.00000000E+00  0.00000000E+00  0.00000000E+00  0.00000000E+00  0.00000000E+00  0.00000000E+00 
 0.00000000E+00  0.00000000E+00  0.00000000E+00  0.00000000E+00  0.00000000E+00  0.00000000E+00 
 0.00000000E+00  0.00000000E+00  0.00000000E+00  0.00000000E+00  0.00000000E+00  0.00000000E+00 
 0.00000000E+00  0.00000000E+00  0.00000000E+00  0.00000000E+00  0.00000000E+00  0.00000000E+00 
 0.00000000E+00  0.00000000E+00  0.00000000E+00  0.00000000E+00  0.00000000E+00  0.00000000E+00 
 0.00000000E+00  0.00000000E+00  0.00000000E+00  0.00000000E+00  0.00000000E+00  0.00000000E+00 
 0.00000000E+00  0.00000000E+00  0.00000000E+00  0.00000000E+00  0.00000000E+00  0.00000000E+00 
 0.00000000E+00  0.00000000E+00  0.00000000E+00  0.00000000E+00  0.00000000E+00  0.00000000E+00 
 0.00000000E+00  0.00000000E+00  0.00000000E+00  0.00000000E+00  0.00000000E+00  0.00000000E+00 
 0.00000000E+00  0.00000000E+00  0.00000000E+00  0.00000000E+00  0.00000000E+00  0.00000000E+00 
'MAX LISSAGE' 

 3.95520000E+07  3.95520000E+07  3.95520000E+07  3.95520000E+07  3.95520000E+07  3.95520000E+07 
 3.95520000E+07  3.95520000E+07  3.95520000E+07  3.95520000E+07  3.95520000E+07  3.95520000E+07 
 3.95520000E+07  3.95520000E+07  3.95520000E+07  3.95520000E+07  3.95520000E+07  3.95520000E+07 
 3.95520000E+07  3.95520000E+07  3.95520000E+07  3.95520000E+07  3.95520000E+07  3.95520000E+07 
 3.95520000E+07  3.95520000E+07  3.95520000E+07  3.95520000E+07  3.95520000E+07  3.95520000E+07 
 3.95520000E+07  3.95520000E+07  3.95520000E+07  3.95520000E+07  3.95520000E+07  3.95520000E+07 
 3.95520000E+07  3.95520000E+07  3.95520000E+07  3.95520000E+07  3.95520000E+07  3.95520000E+07 
 3.95520000E+07  3.95520000E+07  3.95520000E+07  3.95520000E+07  3.95520000E+07  3.95520000E+07 
 3.95520000E+07  3.95520000E+07  3.95520000E+07  3.95520000E+07  3.95520000E+07  3.95520000E+07 
 3.95520000E+07  3.95520000E+07  3.95520000E+07  3.95520000E+07  3.95520000E+07  3.95520000E+07 
 3.95520000E+07  3.95520000E+07  3.95520000E+07  3.95520000E+07  3.95520000E+07  3.95520000E+07 
 3.95520000E+07  3.95520000E+07  3.95520000E+07  3.95520000E+07  3.95520000E+07  3.95520000E+07 
 3.95520000E+07  3.95520000E+07  3.95520000E+07  3.95520000E+07  3.95520000E+07  3.95520000E+07 
 3.95520000E+07  3.95520000E+07  3.95520000E+07  3.95520000E+07  3.95520000E+07  3.95520000E+07 
 3.95520000E+07  3.95520000E+07  3.95520000E+07  3.95520000E+07  3.95520000E+07  3.95520000E+07 
 3.95520000E+07  3.95520000E+07  3.95520000E+07  3.95520000E+07  3.95520000E+07  3.95520000E+07 
'MIN LISSAGE' 

 0.00000000E+00  0.00000000E+00  0.00000000E+00  0.00000000E+00  0.00000000E+00  0.00000000E+00 
 0.00000000E+00  0.00000000E+00  0.00000000E+00  0.00000000E+00  0.00000000E+00  0.00000000E+00 
 0.00000000E+00  0.00000000E+00  0.00000000E+00  0.00000000E+00  0.00000000E+00  0.00000000E+00 
 0.00000000E+00  0.00000000E+00  0.00000000E+00  0.00000000E+00  0.00000000E+00  0.00000000E+00 
 0.00000000E+00  0.00000000E+00  0.00000000E+00  0.00000000E+00  0.00000000E+00  0.00000000E+00 
 0.00000000E+00  0.00000000E+00  0.00000000E+00  0.00000000E+00  0.00000000E+00  0.00000000E+00 
 0.00000000E+00  0.00000000E+00  0.00000000E+00  0.00000000E+00  0.00000000E+00  0.00000000E+00 
 0.00000000E+00  0.00000000E+00  0.00000000E+00  0.00000000E+00  0.00000000E+00  0.00000000E+00 
 0.00000000E+00  0.00000000E+00  0.00000000E+00  0.00000000E+00  0.00000000E+00  0.00000000E+00 
 0.00000000E+00  0.00000000E+00  0.00000000E+00  0.00000000E+00  0.00000000E+00  0.00000000E+00 
 0.00000000E+00  0.00000000E+00  0.00000000E+00  0.00000000E+00  0.00000000E+00  0.00000000E+00 
 0.00000000E+00  0.00000000E+00  0.00000000E+00  0.00000000E+00  0.00000000E+00  0.00000000E+00 
 0.00000000E+00  0.00000000E+00  0.00000000E+00  0.00000000E+00  0.00000000E+00  0.00000000E+00 
 0.00000000E+00  0.00000000E+00  0.00000000E+00  0.00000000E+00  0.00000000E+00  0.00000000E+00 
 0.00000000E+00  0.00000000E+00  0.00000000E+00  0.00000000E+00  0.00000000E+00  0.00000000E+00 
 0.00000000E+00  0.00000000E+00  0.00000000E+00  0.00000000E+00  0.00000000E+00  0.00000000E+00 
'SSMARR' 
'X'  7.00000000E+04  7.00000000E+04  7.00000000E+04  0.00000000E+00 
'APPORTS' 

 0.00000000E+00  0.00000000E+00  0.00000000E+00  0.00000000E+00  0.00000000E+00  0.00000000E+00 
 0.00000000E+00  0.00000000E+00  0.00000000E+00  0.00000000E+00  0.00000000E+00  0.00000000E+00 
 0.00000000E+00  0.00000000E+00  0.00000000E+00  0.00000000E+00  0.00000000E+00  0.00000000E+00 
 0.00000000E+00  0.00000000E+00  0.00000000E+00  0.00000000E+00  0.00000000E+00  0.00000000E+00 
 0.00000000E+00  0.00000000E+00  0.00000000E+00  0.00000000E+00  0.00000000E+00  0.00000000E+00 
 0.00000000E+00  0.00000000E+00  0.00000000E+00  0.00000000E+00  0.00000000E+00  0.00000000E+00 
 0.00000000E+00  0.00000000E+00  0.00000000E+00  0.00000000E+00  0.00000000E+00  0.00000000E+00 
 0.00000000E+00  0.00000000E+00  0.00000000E+00  0.00000000E+00  0.00000000E+00  0.00000000E+00 
 0.00000000E+00  0.00000000E+00  0.00000000E+00  0.00000000E+00  0.00000000E+00  0.00000000E+00 
 0.00000000E+00  0.00000000E+00  0.00000000E+00  0.00000000E+00  0.00000000E+00  0.00000000E+00 
 0.00000000E+00  0.00000000E+00  0.00000000E+00  0.00000000E+00  0.00000000E+00  0.00000000E+00 
 0.00000000E+00  0.00000000E+00  0.00000000E+00  0.00000000E+00  0.00000000E+00  0.00000000E+00 
 0.00000000E+00  0.00000000E+00  0.00000000E+00  0.00000000E+00  0.00000000E+00  0.00000000E+00 
 0.00000000E+00  0.00000000E+00  0.00000000E+00  0.00000000E+00  0.00000000E+00  0.00000000E+00 
 0.00000000E+00  0.00000000E+00  0.00000000E+00  0.00000000E+00  0.00000000E+00  0.00000000E+00 
 0.00000000E+00  0.00000000E+00  0.00000000E+00  0.00000000E+00  0.00000000E+00  0.00000000E+00 
'MAX OPTIMISATION' 

 7.00000000E+04  7.00000000E+04  7.00000000E+04  7.00000000E+04  7.00000000E+04  7.00000000E+04 
 7.00000000E+04  7.00000000E+04  7.00000000E+04  7.00000000E+04  7.00000000E+04  7.00000000E+04 
 7.00000000E+04  7.00000000E+04  7.00000000E+04  7.00000000E+04  7.00000000E+04  7.00000000E+04 
 7.00000000E+04  7.00000000E+04  7.00000000E+04  7.00000000E+04  7.00000000E+04  7.00000000E+04 
 7.00000000E+04  7.00000000E+04  7.00000000E+04  7.00000000E+04  7.00000000E+04  7.00000000E+04 
 7.00000000E+04  7.00000000E+04  7.00000000E+04  7.00000000E+04  7.00000000E+04  7.00000000E+04 
 7.00000000E+04  7.00000000E+04  7.00000000E+04  7.00000000E+04  7.00000000E+04  7.00000000E+04 
 7.00000000E+04  7.00000000E+04  7.00000000E+04  7.00000000E+04  7.00000000E+04  7.00000000E+04 
 7.00000000E+04  7.00000000E+04  7.00000000E+04  7.00000000E+04  7.00000000E+04  7.00000000E+04 
 7.00000000E+04  7.00000000E+04  7.00000000E+04  7.00000000E+04  7.00000000E+04  7.00000000E+04 
 7.00000000E+04  7.00000000E+04  7.00000000E+04  7.00000000E+04  7.00000000E+04  7.00000000E+04 
 7.00000000E+04  7.00000000E+04  7.00000000E+04  7.00000000E+04  7.00000000E+04  7.00000000E+04 
 7.00000000E+04  7.00000000E+04  7.00000000E+04  7.00000000E+04  7.00000000E+04  7.00000000E+04 
 7.00000000E+04  7.00000000E+04  7.00000000E+04  7.00000000E+04  7.00000000E+04  7.00000000E+04 
 7.00000000E+04  7.00000000E+04  7.00000000E+04  7.00000000E+04  7.00000000E+04  7.00000000E+04 
 7.00000000E+04  7.00000000E+04  7.00000000E+04  7.00000000E+04  7.00000000E+04  7.00000000E+04 
'MIN OPTIMISATION' 

 7.00000000E+04  7.00000000E+04  7.00000000E+04  7.00000000E+04  7.00000000E+04  7.00000000E+04 
 7.00000000E+04  7.00000000E+04  7.00000000E+04  7.00000000E+04  7.00000000E+04  7.00000000E+04 
 7.00000000E+04  7.00000000E+04  7.00000000E+04  7.00000000E+04  7.00000000E+04  7.00000000E+04 
 7.00000000E+04  7.00000000E+04  7.00000000E+04  7.00000000E+04  7.00000000E+04  7.00000000E+04 
 7.00000000E+04  7.00000000E+04  7.00000000E+04  7.00000000E+04  7.00000000E+04  7.00000000E+04 
 7.00000000E+04  7.00000000E+04  7.00000000E+04  7.00000000E+04  7.00000000E+04  7.00000000E+04 
 7.00000000E+04  7.00000000E+04  7.00000000E+04  7.00000000E+04  7.00000000E+04  7.00000000E+04 
 7.00000000E+04  7.00000000E+04  7.00000000E+04  7.00000000E+04  7.00000000E+04  7.00000000E+04 
 7.00000000E+04  7.00000000E+04  7.00000000E+04  7.00000000E+04  7.00000000E+04  7.00000000E+04 
 7.00000000E+04  7.00000000E+04  7.00000000E+04  7.00000000E+04  7.00000000E+04  7.00000000E+04 
 7.00000000E+04  7.00000000E+04  7.00000000E+04  7.00000000E+04  7.00000000E+04  7.00000000E+04 
 7.00000000E+04  7.00000000E+04  7.00000000E+04  7.00000000E+04  7.00000000E+04  7.00000000E+04 
 7.00000000E+04  7.00000000E+04  7.00000000E+04  7.00000000E+04  7.00000000E+04  7.00000000E+04 
 7.00000000E+04  7.00000000E+04  7.00000000E+04  7.00000000E+04  7.00000000E+04  7.00000000E+04 
 7.00000000E+04  7.00000000E+04  7.00000000E+04  7.00000000E+04  7.00000000E+04  7.00000000E+04 
 7.00000000E+04  7.00000000E+04  7.00000000E+04  7.00000000E+04  7.00000000E+04  7.00000000E+04 
'MAX LISSAGE' 

 7.00000000E+04  7.00000000E+04  7.00000000E+04  7.00000000E+04  7.00000000E+04  7.00000000E+04 
 7.00000000E+04  7.00000000E+04  7.00000000E+04  7.00000000E+04  7.00000000E+04  7.00000000E+04 
 7.00000000E+04  7.00000000E+04  7.00000000E+04  7.00000000E+04  7.00000000E+04  7.00000000E+04 
 7.00000000E+04  7.00000000E+04  7.00000000E+04  7.00000000E+04  7.00000000E+04  7.00000000E+04 
 7.00000000E+04  7.00000000E+04  7.00000000E+04  7.00000000E+04  7.00000000E+04  7.00000000E+04 
 7.00000000E+04  7.00000000E+04  7.00000000E+04  7.00000000E+04  7.00000000E+04  7.00000000E+04 
 7.00000000E+04  7.00000000E+04  7.00000000E+04  7.00000000E+04  7.00000000E+04  7.00000000E+04 
 7.00000000E+04  7.00000000E+04  7.00000000E+04  7.00000000E+04  7.00000000E+04  7.00000000E+04 
 7.00000000E+04  7.00000000E+04  7.00000000E+04  7.00000000E+04  7.00000000E+04  7.00000000E+04 
 7.00000000E+04  7.00000000E+04  7.00000000E+04  7.00000000E+04  7.00000000E+04  7.00000000E+04 
 7.00000000E+04  7.00000000E+04  7.00000000E+04  7.00000000E+04  7.00000000E+04  7.00000000E+04 
 7.00000000E+04  7.00000000E+04  7.00000000E+04  7.00000000E+04  7.00000000E+04  7.00000000E+04 
 7.00000000E+04  7.00000000E+04  7.00000000E+04  7.00000000E+04  7.00000000E+04  7.00000000E+04 
 7.00000000E+04  7.00000000E+04  7.00000000E+04  7.00000000E+04  7.00000000E+04  7.00000000E+04 
 7.00000000E+04  7.00000000E+04  7.00000000E+04  7.00000000E+04  7.00000000E+04  7.00000000E+04 
 7.00000000E+04  7.00000000E+04  7.00000000E+04  7.00000000E+04  7.00000000E+04  7.00000000E+04 
'MIN LISSAGE' 

 7.00000000E+04  7.00000000E+04  7.00000000E+04  7.00000000E+04  7.00000000E+04  7.00000000E+04 
 7.00000000E+04  7.00000000E+04  7.00000000E+04  7.00000000E+04  7.00000000E+04  7.00000000E+04 
 7.00000000E+04  7.00000000E+04  7.00000000E+04  7.00000000E+04  7.00000000E+04  7.00000000E+04 
 7.00000000E+04  7.00000000E+04  7.00000000E+04  7.00000000E+04  7.00000000E+04  7.00000000E+04 
 7.00000000E+04  7.00000000E+04  7.00000000E+04  7.00000000E+04  7.00000000E+04  7.00000000E+04 
 7.00000000E+04  7.00000000E+04  7.00000000E+04  7.00000000E+04  7.00000000E+04  7.00000000E+04 
 7.00000000E+04  7.00000000E+04  7.00000000E+04  7.00000000E+04  7.00000000E+04  7.00000000E+04 
 7.00000000E+04  7.00000000E+04  7.00000000E+04  7.00000000E+04  7.00000000E+04  7.00000000E+04 
 7.00000000E+04  7.00000000E+04  7.00000000E+04  7.00000000E+04  7.00000000E+04  7.00000000E+04 
 7.00000000E+04  7.00000000E+04  7.00000000E+04  7.00000000E+04  7.00000000E+04  7.00000000E+04 
 7.00000000E+04  7.00000000E+04  7.00000000E+04  7.00000000E+04  7.00000000E+04  7.00000000E+04 
 7.00000000E+04  7.00000000E+04  7.00000000E+04  7.00000000E+04  7.00000000E+04  7.00000000E+04 
 7.00000000E+04  7.00000000E+04  7.00000000E+04  7.00000000E+04  7.00000000E+04  7.00000000E+04 
 7.00000000E+04  7.00000000E+04  7.00000000E+04  7.00000000E+04  7.00000000E+04  7.00000000E+04 
 7.00000000E+04  7.00000000E+04  7.00000000E+04  7.00000000E+04  7.00000000E+04  7.00000000E+04 
 7.00000000E+04  7.00000000E+04  7.00000000E+04  7.00000000E+04  7.00000000E+04  7.00000000E+04 
'LONGER' 
'E'  7.30000000E+04  1.00000000E+04  1.00000000E+04  0.00000000E+00 
'APPORTS' 

 1.00000000E+00  1.00000000E+00  1.00000000E+00  1.00000000E+00  1.00000000E+00  1.00000000E+00 
 1.00000000E+00  1.00000000E+00  1.00000000E+00  1.00000000E+00  1.00000000E+00  1.00000000E+00 
 1.00000000E+00  1.00000000E+00  1.00000000E+00  1.00000000E+00  1.00000000E+00  1.00000000E+00 
 1.00000000E+00  1.00000000E+00  1.00000000E+00  1.00000000E+00  1.00000000E+00  1.00000000E+00 
 1.00000000E+00  1.00000000E+00  1.00000000E+00  1.00000000E+00  1.00000000E+00  1.00000000E+00 
 1.00000000E+00  1.00000000E+00  1.00000000E+00  1.00000000E+00  1.00000000E+00  1.00000000E+00 
 1.00000000E+00  1.00000000E+00  1.00000000E+00  1.00000000E+00  1.00000000E+00  1.00000000E+00 
 1.00000000E+00  1.00000000E+00  1.00000000E+00  1.00000000E+00  1.00000000E+00  1.00000000E+00 
 1.00000000E+00  1.00000000E+00  1.00000000E+00  1.00000000E+00  1.00000000E+00  1.00000000E+00 
 1.00000000E+00  1.00000000E+00  1.00000000E+00  1.00000000E+00  1.00000000E+00  1.00000000E+00 
 1.00000000E+00  1.00000000E+00  1.00000000E+00  1.00000000E+00  1.00000000E+00  1.00000000E+00 
 1.00000000E+00  1.00000000E+00  1.00000000E+00  1.00000000E+00  1.00000000E+00  1.00000000E+00 
 1.00000000E+00  1.00000000E+00  1.00000000E+00  1.00000000E+00  1.00000000E+00  1.00000000E+00 
 1.00000000E+00  1.00000000E+00  1.00000000E+00  1.00000000E+00  1.00000000E+00  1.00000000E+00 
 1.00000000E+00  1.00000000E+00  1.00000000E+00  1.00000000E+00  1.00000000E+00  1.00000000E+00 
 1.00000000E+00  1.00000000E+00  1.00000000E+00  1.00000000E+00  1.00000000E+00  1.00000000E+00 
'MAX OPTIMISATION' 

 4.70000000E+05  4.70000000E+05  4.70000000E+05  4.70000000E+05  4.70000000E+05  4.70000000E+05 
 4.70000000E+05  4.70000000E+05  4.70000000E+05  4.70000000E+05  4.70000000E+05  4.70000000E+05 
 4.70000000E+05  4.70000000E+05  4.70000000E+05  4.70000000E+05  4.70000000E+05  4.70000000E+05 
 4.70000000E+05  4.70000000E+05  4.70000000E+05  4.70000000E+05  4.70000000E+05  4.70000000E+05 
 4.70000000E+05  4.70000000E+05  4.70000000E+05  4.70000000E+05  4.70000000E+05  4.70000000E+05 
 4.70000000E+05  4.70000000E+05  4.70000000E+05  4.70000000E+05  4.70000000E+05  4.70000000E+05 
 4.70000000E+05  4.70000000E+05  4.70000000E+05  4.70000000E+05  4.70000000E+05  4.70000000E+05 
 4.70000000E+05  4.70000000E+05  4.70000000E+05  4.70000000E+05  4.70000000E+05  4.70000000E+05 
 4.70000000E+05  4.70000000E+05  4.70000000E+05  4.70000000E+05  4.70000000E+05  4.70000000E+05 
 4.70000000E+05  4.70000000E+05  4.70000000E+05  4.70000000E+05  4.70000000E+05  4.70000000E+05 
 4.70000000E+05  4.70000000E+05  4.70000000E+05  4.70000000E+05  4.70000000E+05  4.70000000E+05 
 4.70000000E+05  4.70000000E+05  4.70000000E+05  4.70000000E+05  4.70000000E+05  4.70000000E+05 
 4.70000000E+05  4.70000000E+05  4.70000000E+05  4.70000000E+05  4.70000000E+05  4.70000000E+05 
 4.70000000E+05  4.70000000E+05  4.70000000E+05  4.70000000E+05  4.70000000E+05  4.70000000E+05 
 4.70000000E+05  4.70000000E+05  4.70000000E+05  4.70000000E+05  4.70000000E+05  4.70000000E+05 
 4.70000000E+05  4.70000000E+05  4.70000000E+05  4.70000000E+05  4.70000000E+05  4.70000000E+05 
'MIN OPTIMISATION' 

 1.00000000E+04  1.00000000E+04  1.00000000E+04  1.00000000E+04  1.00000000E+04  1.00000000E+04 
 1.00000000E+04  1.00000000E+04  1.00000000E+04  1.00000000E+04  1.00000000E+04  1.00000000E+04 
 1.00000000E+04  1.00000000E+04  1.00000000E+04  1.00000000E+04  1.00000000E+04  1.00000000E+04 
 1.00000000E+04  1.00000000E+04  1.00000000E+04  1.00000000E+04  1.00000000E+04  1.00000000E+04 
 1.00000000E+04  1.00000000E+04  1.00000000E+04  1.00000000E+04  1.00000000E+04  1.00000000E+04 
 1.00000000E+04  1.00000000E+04  1.00000000E+04  1.00000000E+04  1.00000000E+04  1.00000000E+04 
 1.00000000E+04  1.00000000E+04  1.00000000E+04  1.00000000E+04  1.00000000E+04  1.00000000E+04 
 1.00000000E+04  1.00000000E+04  1.00000000E+04  1.00000000E+04  1.00000000E+04  1.00000000E+04 
 1.00000000E+04  1.00000000E+04  1.00000000E+04  1.00000000E+04  1.00000000E+04  1.00000000E+04 
 1.00000000E+04  1.00000000E+04  1.00000000E+04  1.00000000E+04  1.00000000E+04  1.00000000E+04 
 1.00000000E+04  1.00000000E+04  1.00000000E+04  1.00000000E+04  1.00000000E+04  1.00000000E+04 
 1.00000000E+04  1.00000000E+04  1.00000000E+04  1.00000000E+04  1.00000000E+04  1.00000000E+04 
 1.00000000E+04  1.00000000E+04  1.00000000E+04  1.00000000E+04  1.00000000E+04  1.00000000E+04 
 1.00000000E+04  1.00000000E+04  1.00000000E+04  1.00000000E+04  1.00000000E+04  1.00000000E+04 
 1.00000000E+04  1.00000000E+04  1.00000000E+04  1.00000000E+04  1.00000000E+04  1.00000000E+04 
 1.00000000E+04  1.00000000E+04  1.00000000E+04  1.00000000E+04  1.00000000E+04  1.00000000E+04 
'MAX LISSAGE' 

 1.65000000E+06  1.65000000E+06  1.65000000E+06  1.65000000E+06  1.65000000E+06  1.65000000E+06 
 1.65000000E+06  1.65000000E+06  1.65000000E+06  1.65000000E+06  1.65000000E+06  1.65000000E+06 
 1.65000000E+06  1.65000000E+06  1.65000000E+06  1.65000000E+06  1.65000000E+06  1.65000000E+06 
 1.65000000E+06  1.65000000E+06  1.65000000E+06  1.65000000E+06  1.65000000E+06  1.65000000E+06 
 1.65000000E+06  1.65000000E+06  1.65000000E+06  1.65000000E+06  1.65000000E+06  1.65000000E+06 
 1.65000000E+06  1.65000000E+06  1.65000000E+06  1.65000000E+06  1.65000000E+06  1.65000000E+06 
 1.65000000E+06  1.65000000E+06  1.65000000E+06  1.65000000E+06  1.65000000E+06  1.65000000E+06 
 1.65000000E+06  1.65000000E+06  1.65000000E+06  1.65000000E+06  1.65000000E+06  1.65000000E+06 
 1.65000000E+06  1.65000000E+06  1.65000000E+06  1.65000000E+06  1.65000000E+06  1.65000000E+06 
 1.65000000E+06  1.65000000E+06  1.65000000E+06  1.65000000E+06  1.65000000E+06  1.65000000E+06 
 1.65000000E+06  1.65000000E+06  1.65000000E+06  1.65000000E+06  1.65000000E+06  1.65000000E+06 
 1.65000000E+06  1.65000000E+06  1.65000000E+06  1.65000000E+06  1.65000000E+06  1.65000000E+06 
 1.65000000E+06  1.65000000E+06  1.65000000E+06  1.65000000E+06  1.65000000E+06  1.65000000E+06 
 1.65000000E+06  1.65000000E+06  1.65000000E+06  1.65000000E+06  1.65000000E+06  1.65000000E+06 
 1.65000000E+06  1.65000000E+06  1.65000000E+06  1.65000000E+06  1.65000000E+06  1.65000000E+06 
 1.65000000E+06  1.65000000E+06  1.65000000E+06  1.65000000E+06  1.65000000E+06  1.65000000E+06 
'MIN LISSAGE' 

 1.00000000E+04  1.00000000E+04  1.00000000E+04  1.00000000E+04  1.00000000E+04  1.00000000E+04 
 1.00000000E+04  1.00000000E+04  1.00000000E+04  1.00000000E+04  1.00000000E+04  1.00000000E+04 
 1.00000000E+04  1.00000000E+04  1.00000000E+04  1.00000000E+04  1.00000000E+04  1.00000000E+04 
 1.00000000E+04  1.00000000E+04  1.00000000E+04  1.00000000E+04  1.00000000E+04  1.00000000E+04 
 1.00000000E+04  1.00000000E+04  1.00000000E+04  1.00000000E+04  1.00000000E+04  1.00000000E+04 
 1.00000000E+04  1.00000000E+04  1.00000000E+04  1.00000000E+04  1.00000000E+04  1.00000000E+04 
 1.00000000E+04  1.00000000E+04  1.00000000E+04  1.00000000E+04  1.00000000E+04  1.00000000E+04 
 1.00000000E+04  1.00000000E+04  1.00000000E+04  1.00000000E+04  1.00000000E+04  1.00000000E+04 
 1.00000000E+04  1.00000000E+04  1.00000000E+04  1.00000000E+04  1.00000000E+04  1.00000000E+04 
 1.00000000E+04  1.00000000E+04  1.00000000E+04  1.00000000E+04  1.00000000E+04  1.00000000E+04 
 1.00000000E+04  1.00000000E+04  1.00000000E+04  1.00000000E+04  1.00000000E+04  1.00000000E+04 
 1.00000000E+04  1.00000000E+04  1.00000000E+04  1.00000000E+04  1.00000000E+04  1.00000000E+04 
 1.00000000E+04  1.00000000E+04  1.00000000E+04  1.00000000E+04  1.00000000E+04  1.00000000E+04 
 1.00000000E+04  1.00000000E+04  1.00000000E+04  1.00000000E+04  1.00000000E+04  1.00000000E+04 
 1.00000000E+04  1.00000000E+04  1.00000000E+04  1.00000000E+04  1.00000000E+04  1.00000000E+04 
 1.00000000E+04  1.00000000E+04  1.00000000E+04  1.00000000E+04  1.00000000E+04  1.00000000E+04 
'V.ARCR' 
'F'  0.00000000E+00  0.00000000E+00  0.00000000E+00  0.00000000E+00 
'APPORTS' 

 0.00000000E+00  0.00000000E+00  0.00000000E+00  0.00000000E+00  0.00000000E+00  0.00000000E+00 
 0.00000000E+00  0.00000000E+00  0.00000000E+00  0.00000000E+00  0.00000000E+00  0.00000000E+00 
 0.00000000E+00  0.00000000E+00  0.00000000E+00  0.00000000E+00  0.00000000E+00  0.00000000E+00 
 0.00000000E+00  0.00000000E+00  0.00000000E+00  0.00000000E+00  0.00000000E+00  0.00000000E+00 
 0.00000000E+00  0.00000000E+00  0.00000000E+00  0.00000000E+00  0.00000000E+00  0.00000000E+00 
 0.00000000E+00  0.00000000E+00  0.00000000E+00  0.00000000E+00  0.00000000E+00  0.00000000E+00 
 0.00000000E+00  0.00000000E+00  0.00000000E+00  0.00000000E+00  0.00000000E+00  0.00000000E+00 
 0.00000000E+00  0.00000000E+00  0.00000000E+00  0.00000000E+00  0.00000000E+00  0.00000000E+00 
 0.00000000E+00  0.00000000E+00  0.00000000E+00  0.00000000E+00  0.00000000E+00  0.00000000E+00 
 0.00000000E+00  0.00000000E+00  0.00000000E+00  0.00000000E+00  0.00000000E+00  0.00000000E+00 
 0.00000000E+00  0.00000000E+00  0.00000000E+00  0.00000000E+00  0.00000000E+00  0.00000000E+00 
 0.00000000E+00  0.00000000E+00  0.00000000E+00  0.00000000E+00  0.00000000E+00  0.00000000E+00 
 0.00000000E+00  0.00000000E+00  0.00000000E+00  0.00000000E+00  0.00000000E+00  0.00000000E+00 
 0.00000000E+00  0.00000000E+00  0.00000000E+00  0.00000000E+00  0.00000000E+00  0.00000000E+00 
 0.00000000E+00  0.00000000E+00  0.00000000E+00  0.00000000E+00  0.00000000E+00  0.00000000E+00 
 0.00000000E+00  0.00000000E+00  0.00000000E+00  0.00000000E+00  0.00000000E+00  0.00000000E+00 
'MAX OPTIMISATION' 

 0.00000000E+00  0.00000000E+00  0.00000000E+00  0.00000000E+00  0.00000000E+00  0.00000000E+00 
 0.00000000E+00  0.00000000E+00  0.00000000E+00  0.00000000E+00  0.00000000E+00  0.00000000E+00 
 0.00000000E+00  0.00000000E+00  0.00000000E+00  0.00000000E+00  0.00000000E+00  0.00000000E+00 
 0.00000000E+00  0.00000000E+00  0.00000000E+00  0.00000000E+00  0.00000000E+00  0.00000000E+00 
 0.00000000E+00  0.00000000E+00  0.00000000E+00  0.00000000E+00  0.00000000E+00  0.00000000E+00 
 0.00000000E+00  0.00000000E+00  0.00000000E+00  0.00000000E+00  0.00000000E+00  0.00000000E+00 
 0.00000000E+00  0.00000000E+00  0.00000000E+00  0.00000000E+00  0.00000000E+00  0.00000000E+00 
 0.00000000E+00  0.00000000E+00  0.00000000E+00  0.00000000E+00  0.00000000E+00  0.00000000E+00 
 0.00000000E+00  0.00000000E+00  0.00000000E+00  0.00000000E+00  0.00000000E+00  0.00000000E+00 
 0.00000000E+00  0.00000000E+00  0.00000000E+00  0.00000000E+00  0.00000000E+00  0.00000000E+00 
 0.00000000E+00  0.00000000E+00  0.00000000E+00  0.00000000E+00  0.00000000E+00  0.00000000E+00 
 0.00000000E+00  0.00000000E+00  0.00000000E+00  0.00000000E+00  0.00000000E+00  0.00000000E+00 
 0.00000000E+00  0.00000000E+00  0.00000000E+00  0.00000000E+00  0.00000000E+00  0.00000000E+00 
 0.00000000E+00  0.00000000E+00  0.00000000E+00  0.00000000E+00  0.00000000E+00  0.00000000E+00 
 0.00000000E+00  0.00000000E+00  0.00000000E+00  0.00000000E+00  0.00000000E+00  0.00000000E+00 
 0.00000000E+00  0.00000000E+00  0.00000000E+00  0.00000000E+00  0.00000000E+00  0.00000000E+00 
'MIN OPTIMISATION' 

 0.00000000E+00  0.00000000E+00  0.00000000E+00  0.00000000E+00  0.00000000E+00  0.00000000E+00 
 0.00000000E+00  0.00000000E+00  0.00000000E+00  0.00000000E+00  0.00000000E+00  0.00000000E+00 
 0.00000000E+00  0.00000000E+00  0.00000000E+00  0.00000000E+00  0.00000000E+00  0.00000000E+00 
 0.00000000E+00  0.00000000E+00  0.00000000E+00  0.00000000E+00  0.00000000E+00  0.00000000E+00 
 0.00000000E+00  0.00000000E+00  0.00000000E+00  0.00000000E+00  0.00000000E+00  0.00000000E+00 
 0.00000000E+00  0.00000000E+00  0.00000000E+00  0.00000000E+00  0.00000000E+00  0.00000000E+00 
 0.00000000E+00  0.00000000E+00  0.00000000E+00  0.00000000E+00  0.00000000E+00  0.00000000E+00 
 0.00000000E+00  0.00000000E+00  0.00000000E+00  0.00000000E+00  0.00000000E+00  0.00000000E+00 
 0.00000000E+00  0.00000000E+00  0.00000000E+00  0.00000000E+00  0.00000000E+00  0.00000000E+00 
 0.00000000E+00  0.00000000E+00  0.00000000E+00  0.00000000E+00  0.00000000E+00  0.00000000E+00 
 0.00000000E+00  0.00000000E+00  0.00000000E+00  0.00000000E+00  0.00000000E+00  0.00000000E+00 
 0.00000000E+00  0.00000000E+00  0.00000000E+00  0.00000000E+00  0.00000000E+00  0.00000000E+00 
 0.00000000E+00  0.00000000E+00  0.00000000E+00  0.00000000E+00  0.00000000E+00  0.00000000E+00 
 0.00000000E+00  0.00000000E+00  0.00000000E+00  0.00000000E+00  0.00000000E+00  0.00000000E+00 
 0.00000000E+00  0.00000000E+00  0.00000000E+00  0.00000000E+00  0.00000000E+00  0.00000000E+00 
 0.00000000E+00  0.00000000E+00  0.00000000E+00  0.00000000E+00  0.00000000E+00  0.00000000E+00 
'MAX LISSAGE' 

 0.00000000E+00  0.00000000E+00  0.00000000E+00  0.00000000E+00  0.00000000E+00  0.00000000E+00 
 0.00000000E+00  0.00000000E+00  0.00000000E+00  0.00000000E+00  0.00000000E+00  0.00000000E+00 
 0.00000000E+00  0.00000000E+00  0.00000000E+00  0.00000000E+00  0.00000000E+00  0.00000000E+00 
 0.00000000E+00  0.00000000E+00  0.00000000E+00  0.00000000E+00  0.00000000E+00  0.00000000E+00 
 0.00000000E+00  0.00000000E+00  0.00000000E+00  0.00000000E+00  0.00000000E+00  0.00000000E+00 
 0.00000000E+00  0.00000000E+00  0.00000000E+00  0.00000000E+00  0.00000000E+00  0.00000000E+00 
 0.00000000E+00  0.00000000E+00  0.00000000E+00  0.00000000E+00  0.00000000E+00  0.00000000E+00 
 0.00000000E+00  0.00000000E+00  0.00000000E+00  0.00000000E+00  0.00000000E+00  0.00000000E+00 
 0.00000000E+00  0.00000000E+00  0.00000000E+00  0.00000000E+00  0.00000000E+00  0.00000000E+00 
 0.00000000E+00  0.00000000E+00  0.00000000E+00  0.00000000E+00  0.00000000E+00  0.00000000E+00 
 0.00000000E+00  0.00000000E+00  0.00000000E+00  0.00000000E+00  0.00000000E+00  0.00000000E+00 
 0.00000000E+00  0.00000000E+00  0.00000000E+00  0.00000000E+00  0.00000000E+00  0.00000000E+00 
 0.00000000E+00  0.00000000E+00  0.00000000E+00  0.00000000E+00  0.00000000E+00  0.00000000E+00 
 0.00000000E+00  0.00000000E+00  0.00000000E+00  0.00000000E+00  0.00000000E+00  0.00000000E+00 
 0.00000000E+00  0.00000000E+00  0.00000000E+00  0.00000000E+00  0.00000000E+00  0.00000000E+00 
 0.00000000E+00  0.00000000E+00  0.00000000E+00  0.00000000E+00  0.00000000E+00  0.00000000E+00 
'MIN LISSAGE' 

 0.00000000E+00  0.00000000E+00  0.00000000E+00  0.00000000E+00  0.00000000E+00  0.00000000E+00 
 0.00000000E+00  0.00000000E+00  0.00000000E+00  0.00000000E+00  0.00000000E+00  0.00000000E+00 
 0.00000000E+00  0.00000000E+00  0.00000000E+00  0.00000000E+00  0.00000000E+00  0.00000000E+00 
 0.00000000E+00  0.00000000E+00  0.00000000E+00  0.00000000E+00  0.00000000E+00  0.00000000E+00 
 0.00000000E+00  0.00000000E+00  0.00000000E+00  0.00000000E+00  0.00000000E+00  0.00000000E+00 
 0.00000000E+00  0.00000000E+00  0.00000000E+00  0.00000000E+00  0.00000000E+00  0.00000000E+00 
 0.00000000E+00  0.00000000E+00  0.00000000E+00  0.00000000E+00  0.00000000E+00  0.00000000E+00 
 0.00000000E+00  0.00000000E+00  0.00000000E+00  0.00000000E+00  0.00000000E+00  0.00000000E+00 
 0.00000000E+00  0.00000000E+00  0.00000000E+00  0.00000000E+00  0.00000000E+00  0.00000000E+00 
 0.00000000E+00  0.00000000E+00  0.00000000E+00  0.00000000E+00  0.00000000E+00  0.00000000E+00 
 0.00000000E+00  0.00000000E+00  0.00000000E+00  0.00000000E+00  0.00000000E+00  0.00000000E+00 
 0.00000000E+00  0.00000000E+00  0.00000000E+00  0.00000000E+00  0.00000000E+00  0.00000000E+00 
 0.00000000E+00  0.00000000E+00  0.00000000E+00  0.00000000E+00  0.00000000E+00  0.00000000E+00 
 0.00000000E+00  0.00000000E+00  0.00000000E+00  0.00000000E+00  0.00000000E+00  0.00000000E+00 
 0.00000000E+00  0.00000000E+00  0.00000000E+00  0.00000000E+00  0.00000000E+00  0.00000000E+00 
 0.00000000E+00  0.00000000E+00  0.00000000E+00  0.00000000E+00  0.00000000E+00  0.00000000E+00 
'FLUMER' 
'E'  1.46900000E+06  1.46900000E+06  1.46900000E+06  0.00000000E+00 
'APPORTS' 

-4.50000000E+00 -4.50000000E+00 -4.50000000E+00 -4.50000000E+00 -4.50000000E+00 -4.50000000E+00 
-4.50000000E+00 -4.50000000E+00 -4.50000000E+00 -4.50000000E+00 -4.50000000E+00 -4.50000000E+00 
-4.50000000E+00 -4.50000000E+00 -4.50000000E+00 -4.50000000E+00 -4.50000000E+00 -4.50000000E+00 
-4.50000000E+00 -4.50000000E+00 -4.50000000E+00 -4.50000000E+00 -4.50000000E+00 -4.50000000E+00 
-4.50000000E+00 -4.50000000E+00 -4.50000000E+00 -4.50000000E+00 -4.50000000E+00 -4.50000000E+00 
-4.50000000E+00 -4.50000000E+00 -4.50000000E+00 -4.50000000E+00 -4.50000000E+00 -4.50000000E+00 
-4.50000000E+00 -4.50000000E+00 -4.50000000E+00 -4.50000000E+00 -4.50000000E+00 -4.50000000E+00 
-4.50000000E+00 -4.50000000E+00 -4.50000000E+00 -4.50000000E+00 -4.50000000E+00 -4.50000000E+00 
-4.50000000E+00 -4.50000000E+00 -4.50000000E+00 -4.50000000E+00 -4.50000000E+00 -4.50000000E+00 
-4.50000000E+00 -4.50000000E+00 -4.50000000E+00 -4.50000000E+00 -4.50000000E+00 -4.50000000E+00 
-4.50000000E+00 -4.50000000E+00 -4.50000000E+00 -4.50000000E+00 -4.50000000E+00 -4.50000000E+00 
-4.50000000E+00 -4.50000000E+00 -4.50000000E+00 -4.50000000E+00 -4.50000000E+00 -4.50000000E+00 
-4.50000000E+00 -4.50000000E+00 -4.50000000E+00 -4.50000000E+00 -4.50000000E+00 -4.50000000E+00 
-4.50000000E+00 -4.50000000E+00 -4.50000000E+00 -4.50000000E+00 -4.50000000E+00 -4.50000000E+00 
-4.50000000E+00 -4.50000000E+00 -4.50000000E+00 -4.50000000E+00 -4.50000000E+00 -4.50000000E+00 
-4.50000000E+00 -4.50000000E+00 -4.50000000E+00 -4.50000000E+00 -4.50000000E+00 -4.50000000E+00 
'MAX OPTIMISATION' 

 3.04000000E+06  3.04000000E+06  3.04000000E+06  3.04000000E+06  3.04000000E+06  3.04000000E+06 
 3.04000000E+06  3.04000000E+06  3.04000000E+06  3.04000000E+06  3.04000000E+06  3.04000000E+06 
 3.04000000E+06  3.04000000E+06  3.04000000E+06  3.04000000E+06  3.04000000E+06  3.04000000E+06 
 3.04000000E+06  3.04000000E+06  3.04000000E+06  3.04000000E+06  3.04000000E+06  3.04000000E+06 
 3.04000000E+06  3.04000000E+06  3.04000000E+06  3.04000000E+06  3.04000000E+06  3.04000000E+06 
 3.04000000E+06  3.04000000E+06  3.04000000E+06  3.04000000E+06  3.04000000E+06  3.04000000E+06 
 3.04000000E+06  3.04000000E+06  3.04000000E+06  3.04000000E+06  3.04000000E+06  3.04000000E+06 
 3.04000000E+06  3.04000000E+06  3.04000000E+06  3.04000000E+06  3.04000000E+06  1.66900000E+06 
 3.04000000E+06  3.04000000E+06  3.04000000E+06  3.04000000E+06  3.04000000E+06  3.04000000E+06 
 3.04000000E+06  3.04000000E+06  3.04000000E+06  3.04000000E+06  3.04000000E+06  3.04000000E+06 
 3.04000000E+06  3.04000000E+06  3.04000000E+06  3.04000000E+06  3.04000000E+06  3.04000000E+06 
 3.04000000E+06  3.04000000E+06  3.04000000E+06  3.04000000E+06  3.04000000E+06  3.04000000E+06 
 3.04000000E+06  3.04000000E+06  3.04000000E+06  3.04000000E+06  3.04000000E+06  3.04000000E+06 
 3.04000000E+06  3.04000000E+06  3.04000000E+06  3.04000000E+06  3.04000000E+06  3.04000000E+06 
 3.04000000E+06  3.04000000E+06  3.04000000E+06  3.04000000E+06  3.04000000E+06  3.04000000E+06 
 3.04000000E+06  3.04000000E+06  3.04000000E+06  3.04000000E+06  3.04000000E+06  3.04000000E+06 
'MIN OPTIMISATION' 

 6.20000000E+05  6.20000000E+05  6.20000000E+05  6.20000000E+05  6.20000000E+05  6.20000000E+05 
 6.20000000E+05  6.20000000E+05  6.20000000E+05  6.20000000E+05  6.20000000E+05  6.20000000E+05 
 6.20000000E+05  6.20000000E+05  6.20000000E+05  6.20000000E+05  6.20000000E+05  6.20000000E+05 
 6.20000000E+05  6.20000000E+05  6.20000000E+05  6.20000000E+05  6.20000000E+05  6.20000000E+05 
 6.20000000E+05  6.20000000E+05  6.20000000E+05  6.20000000E+05  6.20000000E+05  6.20000000E+05 
 6.20000000E+05  6.20000000E+05  6.20000000E+05  6.20000000E+05  6.20000000E+05  6.20000000E+05 
 6.20000000E+05  6.20000000E+05  6.20000000E+05  6.20000000E+05  6.20000000E+05  6.20000000E+05 
 6.20000000E+05  6.20000000E+05  6.20000000E+05  6.20000000E+05  6.20000000E+05  1.26900000E+06 
 6.20000000E+05  6.20000000E+05  6.20000000E+05  6.20000000E+05  6.20000000E+05  6.20000000E+05 
 6.20000000E+05  6.20000000E+05  6.20000000E+05  6.20000000E+05  6.20000000E+05  6.20000000E+05 
 6.20000000E+05  6.20000000E+05  6.20000000E+05  6.20000000E+05  6.20000000E+05  6.20000000E+05 
 6.20000000E+05  6.20000000E+05  6.20000000E+05  6.20000000E+05  6.20000000E+05  6.20000000E+05 
 6.20000000E+05  6.20000000E+05  6.20000000E+05  6.20000000E+05  6.20000000E+05  6.20000000E+05 
 6.20000000E+05  6.20000000E+05  6.20000000E+05  6.20000000E+05  6.20000000E+05  6.20000000E+05 
 6.20000000E+05  6.20000000E+05  6.20000000E+05  6.20000000E+05  6.20000000E+05  6.20000000E+05 
 6.20000000E+05  6.20000000E+05  6.20000000E+05  6.20000000E+05  6.20000000E+05  6.20000000E+05 
'MAX LISSAGE' 

 3.10000000E+06  3.10000000E+06  3.10000000E+06  3.10000000E+06  3.10000000E+06  3.10000000E+06 
 3.10000000E+06  3.10000000E+06  3.10000000E+06  3.10000000E+06  3.10000000E+06  3.10000000E+06 
 3.10000000E+06  3.10000000E+06  3.10000000E+06  3.10000000E+06  3.10000000E+06  3.10000000E+06 
 3.10000000E+06  3.10000000E+06  3.10000000E+06  3.10000000E+06  3.10000000E+06  3.10000000E+06 
 3.10000000E+06  3.10000000E+06  3.10000000E+06  3.10000000E+06  3.10000000E+06  3.10000000E+06 
 3.10000000E+06  3.10000000E+06  3.10000000E+06  3.10000000E+06  3.10000000E+06  3.10000000E+06 
 3.10000000E+06  3.10000000E+06  3.10000000E+06  3.10000000E+06  3.10000000E+06  3.10000000E+06 
 3.10000000E+06  3.10000000E+06  3.10000000E+06  3.10000000E+06  3.10000000E+06  3.10000000E+06 
 3.10000000E+06  3.10000000E+06  3.10000000E+06  3.10000000E+06  3.10000000E+06  3.10000000E+06 
 3.10000000E+06  3.10000000E+06  3.10000000E+06  3.10000000E+06  3.10000000E+06  3.10000000E+06 
 3.10000000E+06  3.10000000E+06  3.10000000E+06  3.10000000E+06  3.10000000E+06  3.10000000E+06 
 3.10000000E+06  3.10000000E+06  3.10000000E+06  3.10000000E+06  3.10000000E+06  3.10000000E+06 
 3.10000000E+06  3.10000000E+06  3.10000000E+06  3.10000000E+06  3.10000000E+06  3.10000000E+06 
 3.10000000E+06  3.10000000E+06  3.10000000E+06  3.10000000E+06  3.10000000E+06  3.10000000E+06 
 3.10000000E+06  3.10000000E+06  3.10000000E+06  3.10000000E+06  3.10000000E+06  3.10000000E+06 
 3.10000000E+06  3.10000000E+06  3.10000000E+06  3.10000000E+06  3.10000000E+06  3.10000000E+06 
'MIN LISSAGE' 

 6.00000000E+05  6.00000000E+05  6.00000000E+05  6.00000000E+05  6.00000000E+05  6.00000000E+05 
 6.00000000E+05  6.00000000E+05  6.00000000E+05  6.00000000E+05  6.00000000E+05  6.00000000E+05 
 6.00000000E+05  6.00000000E+05  6.00000000E+05  6.00000000E+05  6.00000000E+05  6.00000000E+05 
 6.00000000E+05  6.00000000E+05  6.00000000E+05  6.00000000E+05  6.00000000E+05  6.00000000E+05 
 6.00000000E+05  6.00000000E+05  6.00000000E+05  6.00000000E+05  6.00000000E+05  6.00000000E+05 
 6.00000000E+05  6.00000000E+05  6.00000000E+05  6.00000000E+05  6.00000000E+05  6.00000000E+05 
 6.00000000E+05  6.00000000E+05  6.00000000E+05  6.00000000E+05  6.00000000E+05  6.00000000E+05 
 6.00000000E+05  6.00000000E+05  6.00000000E+05  6.00000000E+05  6.00000000E+05  6.00000000E+05 
 6.00000000E+05  6.00000000E+05  6.00000000E+05  6.00000000E+05  6.00000000E+05  6.00000000E+05 
 6.00000000E+05  6.00000000E+05  6.00000000E+05  6.00000000E+05  6.00000000E+05  6.00000000E+05 
 6.00000000E+05  6.00000000E+05  6.00000000E+05  6.00000000E+05  6.00000000E+05  6.00000000E+05 
 6.00000000E+05  6.00000000E+05  6.00000000E+05  6.00000000E+05  6.00000000E+05  6.00000000E+05 
 6.00000000E+05  6.00000000E+05  6.00000000E+05  6.00000000E+05  6.00000000E+05  6.00000000E+05 
 6.00000000E+05  6.00000000E+05  6.00000000E+05  6.00000000E+05  6.00000000E+05  6.00000000E+05 
 6.00000000E+05  6.00000000E+05  6.00000000E+05  6.00000000E+05  6.00000000E+05  6.00000000E+05 
 6.00000000E+05  6.00000000E+05  6.00000000E+05  6.00000000E+05  6.00000000E+05  6.00000000E+05 
'B.CHER' 
'E'  2.25000000E+06  2.25000000E+06  2.25000000E+06  0.00000000E+00 
'APPORTS' 

 0.00000000E+00  0.00000000E+00  0.00000000E+00  0.00000000E+00  0.00000000E+00  0.00000000E+00 
 0.00000000E+00  0.00000000E+00  0.00000000E+00  0.00000000E+00  0.00000000E+00  0.00000000E+00 
 0.00000000E+00  0.00000000E+00  0.00000000E+00  0.00000000E+00  0.00000000E+00  0.00000000E+00 
 0.00000000E+00  0.00000000E+00  0.00000000E+00  0.00000000E+00  0.00000000E+00  0.00000000E+00 
 0.00000000E+00  0.00000000E+00  0.00000000E+00  0.00000000E+00  0.00000000E+00  0.00000000E+00 
 0.00000000E+00  0.00000000E+00  0.00000000E+00  0.00000000E+00  0.00000000E+00  0.00000000E+00 
 0.00000000E+00  0.00000000E+00  0.00000000E+00  0.00000000E+00  0.00000000E+00  0.00000000E+00 
 0.00000000E+00  0.00000000E+00  0.00000000E+00  0.00000000E+00  0.00000000E+00  0.00000000E+00 
 0.00000000E+00  0.00000000E+00  0.00000000E+00  0.00000000E+00  0.00000000E+00  0.00000000E+00 
 0.00000000E+00  0.00000000E+00  0.00000000E+00  0.00000000E+00  0.00000000E+00  0.00000000E+00 
 0.00000000E+00  0.00000000E+00  0.00000000E+00  0.00000000E+00  0.00000000E+00  0.00000000E+00 
 0.00000000E+00  0.00000000E+00  0.00000000E+00  0.00000000E+00  0.00000000E+00  0.00000000E+00 
 0.00000000E+00  0.00000000E+00  0.00000000E+00  0.00000000E+00  0.00000000E+00  0.00000000E+00 
 0.00000000E+00  0.00000000E+00  0.00000000E+00  0.00000000E+00  0.00000000E+00  0.00000000E+00 
 0.00000000E+00  0.00000000E+00  0.00000000E+00  0.00000000E+00  0.00000000E+00  0.00000000E+00 
 0.00000000E+00  0.00000000E+00  0.00000000E+00  0.00000000E+00  0.00000000E+00  0.00000000E+00 
'MAX OPTIMISATION' 

 3.29000000E+06  3.29000000E+06  3.29000000E+06  3.29000000E+06  3.29000000E+06  3.29000000E+06 
 3.29000000E+06  3.29000000E+06  3.29000000E+06  3.29000000E+06  3.29000000E+06  3.29000000E+06 
 3.29000000E+06  3.29000000E+06  3.29000000E+06  3.29000000E+06  3.29000000E+06  3.29000000E+06 
 3.29000000E+06  3.29000000E+06  3.29000000E+06  3.29000000E+06  3.29000000E+06  3.29000000E+06 
 3.29000000E+06  3.29000000E+06  3.29000000E+06  3.29000000E+06  3.29000000E+06  3.29000000E+06 
 3.29000000E+06  3.29000000E+06  3.29000000E+06  3.29000000E+06  3.29000000E+06  3.29000000E+06 
 3.29000000E+06  3.29000000E+06  3.29000000E+06  3.29000000E+06  3.29000000E+06  3.29000000E+06 
 3.29000000E+06  3.29000000E+06  3.29000000E+06  3.29000000E+06  3.29000000E+06  2.44999975E+06 
 3.29000000E+06  3.29000000E+06  3.29000000E+06  3.29000000E+06  3.29000000E+06  3.29000000E+06 
 3.29000000E+06  3.29000000E+06  3.29000000E+06  3.29000000E+06  3.29000000E+06  3.29000000E+06 
 3.29000000E+06  3.29000000E+06  3.29000000E+06  3.29000000E+06  3.29000000E+06  3.29000000E+06 
 3.29000000E+06  3.29000000E+06  3.29000000E+06  3.29000000E+06  3.29000000E+06  3.29000000E+06 
 3.29000000E+06  3.29000000E+06  3.29000000E+06  3.29000000E+06  3.29000000E+06  3.29000000E+06 
 3.29000000E+06  3.29000000E+06  3.29000000E+06  3.29000000E+06  3.29000000E+06  3.29000000E+06 
 3.29000000E+06  3.29000000E+06  3.29000000E+06  3.29000000E+06  3.29000000E+06  3.29000000E+06 
 3.29000000E+06  3.29000000E+06  3.29000000E+06  3.29000000E+06  3.29000000E+06  3.29000000E+06 
'MIN OPTIMISATION' 

 1.01999881E+06  1.01999881E+06  1.01999881E+06  1.01999881E+06  1.01999881E+06  1.01999881E+06 
 1.01999881E+06  1.01999881E+06  1.01999881E+06  1.01999881E+06  1.01999881E+06  1.01999881E+06 
 1.01999881E+06  1.01999881E+06  1.01999881E+06  1.01999881E+06  1.01999881E+06  1.01999881E+06 
 1.01999881E+06  1.01999881E+06  1.01999881E+06  1.01999881E+06  1.01999881E+06  1.01999881E+06 
 1.01999881E+06  1.01999881E+06  1.01999881E+06  1.01999881E+06  1.01999881E+06  1.01999881E+06 
 1.01999881E+06  1.01999881E+06  1.01999881E+06  1.01999881E+06  1.01999881E+06  1.01999881E+06 
 1.01999881E+06  1.01999881E+06  1.01999881E+06  1.01999881E+06  1.01999881E+06  1.01999881E+06 
 1.01999881E+06  1.01999881E+06  1.01999881E+06  1.01999881E+06  1.01999881E+06  2.05000162E+06 
 1.01999881E+06  1.01999881E+06  1.01999881E+06  1.01999881E+06  1.01999881E+06  1.01999881E+06 
 1.01999881E+06  1.01999881E+06  1.01999881E+06  1.01999881E+06  1.01999881E+06  1.01999881E+06 
 1.01999881E+06  1.01999881E+06  1.01999881E+06  1.01999881E+06  1.01999881E+06  1.01999881E+06 
 1.01999881E+06  1.01999881E+06  1.01999881E+06  1.01999881E+06  1.01999881E+06  1.01999881E+06 
 1.01999881E+06  1.01999881E+06  1.01999881E+06  1.01999881E+06  1.01999881E+06  1.01999881E+06 
 1.01999881E+06  1.01999881E+06  1.01999881E+06  1.01999881E+06  1.01999881E+06  1.01999881E+06 
 1.01999881E+06  1.01999881E+06  1.01999881E+06  1.01999881E+06  1.01999881E+06  1.01999881E+06 
 1.01999881E+06  1.01999881E+06  1.01999881E+06  1.01999881E+06  1.01999881E+06  1.01999881E+06 
'MAX LISSAGE' 

 3.86000000E+06  3.86000000E+06  3.86000000E+06  3.86000000E+06  3.86000000E+06  3.86000000E+06 
 3.86000000E+06  3.86000000E+06  3.86000000E+06  3.86000000E+06  3.86000000E+06  3.86000000E+06 
 3.86000000E+06  3.86000000E+06  3.86000000E+06  3.86000000E+06  3.86000000E+06  3.86000000E+06 
 3.86000000E+06  3.86000000E+06  3.86000000E+06  3.86000000E+06  3.86000000E+06  3.86000000E+06 
 3.86000000E+06  3.86000000E+06  3.86000000E+06  3.86000000E+06  3.86000000E+06  3.86000000E+06 
 3.86000000E+06  3.86000000E+06  3.86000000E+06  3.86000000E+06  3.86000000E+06  3.86000000E+06 
 3.86000000E+06  3.86000000E+06  3.86000000E+06  3.86000000E+06  3.86000000E+06  3.86000000E+06 
 3.86000000E+06  3.86000000E+06  3.86000000E+06  3.86000000E+06  3.86000000E+06  3.86000000E+06 
 3.86000000E+06  3.86000000E+06  3.86000000E+06  3.86000000E+06  3.86000000E+06  3.86000000E+06 
 3.86000000E+06  3.86000000E+06  3.86000000E+06  3.86000000E+06  3.86000000E+06  3.86000000E+06 
 3.86000000E+06  3.86000000E+06  3.86000000E+06  3.86000000E+06  3.86000000E+06  3.86000000E+06 
 3.86000000E+06  3.86000000E+06  3.86000000E+06  3.86000000E+06  3.86000000E+06  3.86000000E+06 
 3.86000000E+06  3.86000000E+06  3.86000000E+06  3.86000000E+06  3.86000000E+06  3.86000000E+06 
 3.86000000E+06  3.86000000E+06  3.86000000E+06  3.86000000E+06  3.86000000E+06  3.86000000E+06 
 3.86000000E+06  3.86000000E+06  3.86000000E+06  3.86000000E+06  3.86000000E+06  3.86000000E+06 
 3.86000000E+06  3.86000000E+06  3.86000000E+06  3.86000000E+06  3.86000000E+06  3.86000000E+06 
'MIN LISSAGE' 

 4.50003062E+05  4.50003062E+05  4.50003062E+05  4.50003062E+05  4.50003062E+05  4.50003062E+05 
 4.50003062E+05  4.50003062E+05  4.50003062E+05  4.50003062E+05  4.50003062E+05  4.50003062E+05 
 4.50003062E+05  4.50003062E+05  4.50003062E+05  4.50003062E+05  4.50003062E+05  4.50003062E+05 
 4.50003062E+05  4.50003062E+05  4.50003062E+05  4.50003062E+05  4.50003062E+05  4.50003062E+05 
 4.50003062E+05  4.50003062E+05  4.50003062E+05  4.50003062E+05  4.50003062E+05  4.50003062E+05 
 4.50003062E+05  4.50003062E+05  4.50003062E+05  4.50003062E+05  4.50003062E+05  4.50003062E+05 
 4.50003062E+05  4.50003062E+05  4.50003062E+05  4.50003062E+05  4.50003062E+05  4.50003062E+05 
 4.50003062E+05  4.50003062E+05  4.50003062E+05  4.50003062E+05  4.50003062E+05  4.50003062E+05 
 4.50003062E+05  4.50003062E+05  4.50003062E+05  4.50003062E+05  4.50003062E+05  4.50003062E+05 
 4.50003062E+05  4.50003062E+05  4.50003062E+05  4.50003062E+05  4.50003062E+05  4.50003062E+05 
 4.50003062E+05  4.50003062E+05  4.50003062E+05  4.50003062E+05  4.50003062E+05  4.50003062E+05 
 4.50003062E+05  4.50003062E+05  4.50003062E+05  4.50003062E+05  4.50003062E+05  4.50003062E+05 
 4.50003062E+05  4.50003062E+05  4.50003062E+05  4.50003062E+05  4.50003062E+05  4.50003062E+05 
 4.50003062E+05  4.50003062E+05  4.50003062E+05  4.50003062E+05  4.50003062E+05  4.50003062E+05 
 4.50003062E+05  4.50003062E+05  4.50003062E+05  4.50003062E+05  4.50003062E+05  4.50003062E+05 
 4.50003062E+05  4.50003062E+05  4.50003062E+05  4.50003062E+05  4.50003062E+05  4.50003062E+05 
'G.MARR' 
'E'  6.91300000E+07  0.00000000E+00  1.34811008E+08  2.06799999E-01 
'APPORTS' 

 0.00000000E+00  0.00000000E+00  0.00000000E+00  0.00000000E+00  0.00000000E+00  0.00000000E+00 
 0.00000000E+00  0.00000000E+00  0.00000000E+00  0.00000000E+00  0.00000000E+00  0.00000000E+00 
 0.00000000E+00  0.00000000E+00  0.00000000E+00  0.00000000E+00  0.00000000E+00  0.00000000E+00 
 0.00000000E+00  0.00000000E+00  0.00000000E+00  0.00000000E+00  0.00000000E+00  0.00000000E+00 
 0.00000000E+00  0.00000000E+00  0.00000000E+00  0.00000000E+00  0.00000000E+00  0.00000000E+00 
 0.00000000E+00  0.00000000E+00  0.00000000E+00  0.00000000E+00  0.00000000E+00  0.00000000E+00 
 0.00000000E+00  0.00000000E+00  0.00000000E+00  0.00000000E+00  0.00000000E+00  0.00000000E+00 
 0.00000000E+00  0.00000000E+00  0.00000000E+00  0.00000000E+00  0.00000000E+00  0.00000000E+00 
 0.00000000E+00  0.00000000E+00  0.00000000E+00  0.00000000E+00  0.00000000E+00  0.00000000E+00 
 0.00000000E+00  0.00000000E+00  0.00000000E+00  0.00000000E+00  0.00000000E+00  0.00000000E+00 
 0.00000000E+00  0.00000000E+00  0.00000000E+00  0.00000000E+00  0.00000000E+00  0.00000000E+00 
 0.00000000E+00  0.00000000E+00  0.00000000E+00  0.00000000E+00  0.00000000E+00  0.00000000E+00 
 0.00000000E+00  0.00000000E+00  0.00000000E+00  0.00000000E+00  0.00000000E+00  0.00000000E+00 
 0.00000000E+00  0.00000000E+00  0.00000000E+00  0.00000000E+00  0.00000000E+00  0.00000000E+00 
 0.00000000E+00  0.00000000E+00  0.00000000E+00  0.00000000E+00  0.00000000E+00  0.00000000E+00 
 0.00000000E+00  0.00000000E+00  0.00000000E+00  0.00000000E+00  0.00000000E+00  0.00000000E+00 
'MAX OPTIMISATION' 

 1.34811008E+08  1.34811008E+08  1.34811008E+08  1.34811008E+08  1.34811008E+08  1.34811008E+08 
 1.34811008E+08  1.34811008E+08  1.34811008E+08  1.34811008E+08  1.34811008E+08  1.34811008E+08 
 1.34811008E+08  1.34811008E+08  1.34811008E+08  1.34811008E+08  1.34811008E+08  1.34811008E+08 
 1.34811008E+08  1.34811008E+08  1.34811008E+08  1.34811008E+08  1.34811008E+08  1.34811008E+08 
 1.34811008E+08  1.34811008E+08  1.34811008E+08  1.34811008E+08  1.34811008E+08  1.34811008E+08 
 1.34811008E+08  1.34811008E+08  1.34811008E+08  1.34811008E+08  1.34811008E+08  1.34811008E+08 
 1.34811008E+08  1.34811008E+08  1.34811008E+08  1.34811008E+08  1.34811008E+08  1.34811008E+08 
 1.34811008E+08  1.34811008E+08  1.34811008E+08  1.34811008E+08  1.34811008E+08  1.34811008E+08 
 1.34811008E+08  1.34811008E+08  1.34811008E+08  1.34811008E+08  1.34811008E+08  1.34811008E+08 
 1.34811008E+08  1.34811008E+08  1.34811008E+08  1.34811008E+08  1.34811008E+08  1.34811008E+08 
 1.34811008E+08  1.34811008E+08  1.34811008E+08  1.34811008E+08  1.34811008E+08  1.34811008E+08 
 1.34811008E+08  1.34811008E+08  1.34811008E+08  1.34811008E+08  1.34811008E+08  1.34811008E+08 
 1.34811008E+08  1.34811008E+08  1.34811008E+08  1.34811008E+08  1.34811008E+08  1.34811008E+08 
 1.34811008E+08  1.34811008E+08  1.34811008E+08  1.34811008E+08  1.34811008E+08  1.34811008E+08 
 1.34811008E+08  1.34811008E+08  1.34811008E+08  1.34811008E+08  1.34811008E+08  1.34811008E+08 
 1.34811008E+08  1.34811008E+08  1.34811008E+08  1.34811008E+08  1.34811008E+08  1.34811008E+08 
'MIN OPTIMISATION' 

 0.00000000E+00  0.00000000E+00  0.00000000E+00  0.00000000E+00  0.00000000E+00  0.00000000E+00 
 0.00000000E+00  0.00000000E+00  0.00000000E+00  0.00000000E+00  0.00000000E+00  0.00000000E+00 
 0.00000000E+00  0.00000000E+00  0.00000000E+00  0.00000000E+00  0.00000000E+00  0.00000000E+00 
 0.00000000E+00  0.00000000E+00  0.00000000E+00  0.00000000E+00  0.00000000E+00  0.00000000E+00 
 0.00000000E+00  0.00000000E+00  0.00000000E+00  0.00000000E+00  0.00000000E+00  0.00000000E+00 
 0.00000000E+00  0.00000000E+00  0.00000000E+00  0.00000000E+00  0.00000000E+00  0.00000000E+00 
 0.00000000E+00  0.00000000E+00  0.00000000E+00  0.00000000E+00  0.00000000E+00  0.00000000E+00 
 0.00000000E+00  0.00000000E+00  0.00000000E+00  0.00000000E+00  0.00000000E+00  0.00000000E+00 
 0.00000000E+00  0.00000000E+00  0.00000000E+00  0.00000000E+00  0.00000000E+00  0.00000000E+00 
 0.00000000E+00  0.00000000E+00  0.00000000E+00  0.00000000E+00  0.00000000E+00  0.00000000E+00 
 0.00000000E+00  0.00000000E+00  0.00000000E+00  0.00000000E+00  0.00000000E+00  0.00000000E+00 
 0.00000000E+00  0.00000000E+00  0.00000000E+00  0.00000000E+00  0.00000000E+00  0.00000000E+00 
 0.00000000E+00  0.00000000E+00  0.00000000E+00  0.00000000E+00  0.00000000E+00  0.00000000E+00 
 0.00000000E+00  0.00000000E+00  0.00000000E+00  0.00000000E+00  0.00000000E+00  0.00000000E+00 
 0.00000000E+00  0.00000000E+00  0.00000000E+00  0.00000000E+00  0.00000000E+00  0.00000000E+00 
 0.00000000E+00  0.00000000E+00  0.00000000E+00  0.00000000E+00  0.00000000E+00  0.00000000E+00 
'MAX LISSAGE' 

 1.34811008E+08  1.34811008E+08  1.34811008E+08  1.34811008E+08  1.34811008E+08  1.34811008E+08 
 1.34811008E+08  1.34811008E+08  1.34811008E+08  1.34811008E+08  1.34811008E+08  1.34811008E+08 
 1.34811008E+08  1.34811008E+08  1.34811008E+08  1.34811008E+08  1.34811008E+08  1.34811008E+08 
 1.34811008E+08  1.34811008E+08  1.34811008E+08  1.34811008E+08  1.34811008E+08  1.34811008E+08 
 1.34811008E+08  1.34811008E+08  1.34811008E+08  1.34811008E+08  1.34811008E+08  1.34811008E+08 
 1.34811008E+08  1.34811008E+08  1.34811008E+08  1.34811008E+08  1.34811008E+08  1.34811008E+08 
 1.34811008E+08  1.34811008E+08  1.34811008E+08  1.34811008E+08  1.34811008E+08  1.34811008E+08 
 1.34811008E+08  1.34811008E+08  1.34811008E+08  1.34811008E+08  1.34811008E+08  1.34811008E+08 
 1.34811008E+08  1.34811008E+08  1.34811008E+08  1.34811008E+08  1.34811008E+08  1.34811008E+08 
 1.34811008E+08  1.34811008E+08  1.34811008E+08  1.34811008E+08  1.34811008E+08  1.34811008E+08 
 1.34811008E+08  1.34811008E+08  1.34811008E+08  1.34811008E+08  1.34811008E+08  1.34811008E+08 
 1.34811008E+08  1.34811008E+08  1.34811008E+08  1.34811008E+08  1.34811008E+08  1.34811008E+08 
 1.34811008E+08  1.34811008E+08  1.34811008E+08  1.34811008E+08  1.34811008E+08  1.34811008E+08 
 1.34811008E+08  1.34811008E+08  1.34811008E+08  1.34811008E+08  1.34811008E+08  1.34811008E+08 
 1.34811008E+08  1.34811008E+08  1.34811008E+08  1.34811008E+08  1.34811008E+08  1.34811008E+08 
 1.34811008E+08  1.34811008E+08  1.34811008E+08  1.34811008E+08  1.34811008E+08  1.34811008E+08 
'MIN LISSAGE' 

 0.00000000E+00  0.00000000E+00  0.00000000E+00  0.00000000E+00  0.00000000E+00  0.00000000E+00 
 0.00000000E+00  0.00000000E+00  0.00000000E+00  0.00000000E+00  0.00000000E+00  0.00000000E+00 
 0.00000000E+00  0.00000000E+00  0.00000000E+00  0.00000000E+00  0.00000000E+00  0.00000000E+00 
 0.00000000E+00  0.00000000E+00  0.00000000E+00  0.00000000E+00  0.00000000E+00  0.00000000E+00 
 0.00000000E+00  0.00000000E+00  0.00000000E+00  0.00000000E+00  0.00000000E+00  0.00000000E+00 
 0.00000000E+00  0.00000000E+00  0.00000000E+00  0.00000000E+00  0.00000000E+00  0.00000000E+00 
 0.00000000E+00  0.00000000E+00  0.00000000E+00  0.00000000E+00  0.00000000E+00  0.00000000E+00 
 0.00000000E+00  0.00000000E+00  0.00000000E+00  0.00000000E+00  0.00000000E+00  0.00000000E+00 
 0.00000000E+00  0.00000000E+00  0.00000000E+00  0.00000000E+00  0.00000000E+00  0.00000000E+00 
 0.00000000E+00  0.00000000E+00  0.00000000E+00  0.00000000E+00  0.00000000E+00  0.00000000E+00 
 0.00000000E+00  0.00000000E+00  0.00000000E+00  0.00000000E+00  0.00000000E+00  0.00000000E+00 
 0.00000000E+00  0.00000000E+00  0.00000000E+00  0.00000000E+00  0.00000000E+00  0.00000000E+00 
 0.00000000E+00  0.00000000E+00  0.00000000E+00  0.00000000E+00  0.00000000E+00  0.00000000E+00 
 0.00000000E+00  0.00000000E+00  0.00000000E+00  0.00000000E+00  0.00000000E+00  0.00000000E+00 
 0.00000000E+00  0.00000000E+00  0.00000000E+00  0.00000000E+00  0.00000000E+00  0.00000000E+00 
 0.00000000E+00  0.00000000E+00  0.00000000E+00  0.00000000E+00  0.00000000E+00  0.00000000E+00 
'VERN7R' 
'E'  3.32800000E+06  7.00000000E+06  7.00000000E+06  0.00000000E+00 
'APPORTS' 

 1.00000000E+00  1.00000000E+00  1.00000000E+00  1.00000000E+00  1.00000000E+00  1.00000000E+00 
 1.00000000E+00  1.00000000E+00  1.00000000E+00  1.00000000E+00  1.00000000E+00  1.00000000E+00 
 1.00000000E+00  1.00000000E+00  1.00000000E+00  1.00000000E+00  1.00000000E+00  1.00000000E+00 
 1.00000000E+00  1.00000000E+00  1.00000000E+00  1.00000000E+00  1.00000000E+00  1.00000000E+00 
 1.00000000E+00  1.00000000E+00  1.00000000E+00  1.00000000E+00  1.00000000E+00  1.00000000E+00 
 1.00000000E+00  1.00000000E+00  1.00000000E+00  1.00000000E+00  1.00000000E+00  1.00000000E+00 
 1.00000000E+00  1.00000000E+00  1.00000000E+00  1.00000000E+00  1.00000000E+00  1.00000000E+00 
 1.00000000E+00  1.00000000E+00  1.00000000E+00  1.00000000E+00  1.00000000E+00  1.00000000E+00 
 1.00000000E+00  1.00000000E+00  1.00000000E+00  1.00000000E+00  1.00000000E+00  1.00000000E+00 
 1.00000000E+00  1.00000000E+00  1.00000000E+00  1.00000000E+00  1.00000000E+00  1.00000000E+00 
 1.00000000E+00  1.00000000E+00  1.00000000E+00  1.00000000E+00  1.00000000E+00  1.00000000E+00 
 1.00000000E+00  1.00000000E+00  1.00000000E+00  1.00000000E+00  1.00000000E+00  1.00000000E+00 
 1.00000000E+00  1.00000000E+00  1.00000000E+00  1.00000000E+00  1.00000000E+00  1.00000000E+00 
 1.00000000E+00  1.00000000E+00  1.00000000E+00  1.00000000E+00  1.00000000E+00  1.00000000E+00 
 1.00000000E+00  1.00000000E+00  1.00000000E+00  1.00000000E+00  1.00000000E+00  1.00000000E+00 
 1.00000000E+00  1.00000000E+00  1.00000000E+00  1.00000000E+00  1.00000000E+00  1.00000000E+00 
'MAX OPTIMISATION' 

 1.51000000E+07  1.51000000E+07  1.51000000E+07  1.51000000E+07  1.51000000E+07  1.51000000E+07 
 1.51000000E+07  1.51000000E+07  1.51000000E+07  1.51000000E+07  1.51000000E+07  1.51000000E+07 
 1.51000000E+07  9.00000000E+06  9.00000000E+06  9.00000000E+06  9.00000000E+06  9.00000000E+06 
 9.00000000E+06  9.00000000E+06  9.00000000E+06  9.00000000E+06  9.00000000E+06  9.00000000E+06 
 9.00000000E+06  9.00000000E+06  9.00000000E+06  9.00000000E+06  9.00000000E+06  9.00000000E+06 
 9.00000000E+06  9.00000000E+06  9.00000000E+06  9.00000000E+06  9.00000000E+06  9.00000000E+06 
 9.00000000E+06  9.00000000E+06  9.00000000E+06  9.00000000E+06  9.00000000E+06  9.00000000E+06 
 9.00000000E+06  9.00000000E+06  9.00000000E+06  9.00000000E+06  9.00000000E+06  9.00000000E+06 
 9.00000000E+06  9.00000000E+06  9.00000000E+06  9.00000000E+06  9.00000000E+06  9.00000000E+06 
 9.00000000E+06  9.00000000E+06  9.00000000E+06  9.00000000E+06  9.00000000E+06  9.00000000E+06 
 9.00000000E+06  9.00000000E+06  9.00000000E+06  9.00000000E+06  9.00000000E+06  9.00000000E+06 
 9.00000000E+06  9.00000000E+06  9.00000000E+06  9.00000000E+06  9.00000000E+06  9.00000000E+06 
 9.00000000E+06  9.00000000E+06  9.00000000E+06  9.00000000E+06  9.00000000E+06  9.00000000E+06 
 9.00000000E+06  9.00000000E+06  9.00000000E+06  9.00000000E+06  9.00000000E+06  1.51000000E+07 
 1.51000000E+07  1.51000000E+07  1.51000000E+07  1.51000000E+07  1.51000000E+07  1.51000000E+07 
 1.51000000E+07  1.51000000E+07  1.51000000E+07  1.51000000E+07  1.51000000E+07  1.51000000E+07 
'MIN OPTIMISATION' 

 9.20000000E+05  9.20000000E+05  9.20000000E+05  9.20000000E+05  9.20000000E+05  9.20000000E+05 
 9.20000000E+05  9.20000000E+05  9.20000000E+05  9.20000000E+05  9.20000000E+05  9.20000000E+05 
 9.20000000E+05  9.20000000E+05  9.20000000E+05  9.20000000E+05  9.20000000E+05  9.20000000E+05 
 9.20000000E+05  9.20000000E+05  9.20000000E+05  9.20000000E+05  9.20000000E+05  9.20000000E+05 
 9.20000000E+05  9.20000000E+05  9.20000000E+05  9.20000000E+05  9.20000000E+05  9.20000000E+05 
 9.20000000E+05  9.20000000E+05  9.20000000E+05  9.20000000E+05  9.20000000E+05  9.20000000E+05 
 9.20000000E+05  9.20000000E+05  9.20000000E+05  9.20000000E+05  9.20000000E+05  9.20000000E+05 
 9.20000000E+05  9.20000000E+05  9.20000000E+05  9.20000000E+05  9.20000000E+05  9.20000000E+05 
 9.20000000E+05  9.20000000E+05  9.20000000E+05  9.20000000E+05  9.20000000E+05  9.20000000E+05 
 9.20000000E+05  9.20000000E+05  9.20000000E+05  9.20000000E+05  9.20000000E+05  9.20000000E+05 
 9.20000000E+05  9.20000000E+05  9.20000000E+05  9.20000000E+05  9.20000000E+05  9.20000000E+05 
 9.20000000E+05  9.20000000E+05  9.20000000E+05  9.20000000E+05  9.20000000E+05  9.20000000E+05 
 9.20000000E+05  9.20000000E+05  9.20000000E+05  9.20000000E+05  9.20000000E+05  9.20000000E+05 
 9.20000000E+05  9.20000000E+05  9.20000000E+05  9.20000000E+05  9.20000000E+05  9.20000000E+05 
 9.20000000E+05  9.20000000E+05  9.20000000E+05  9.20000000E+05  9.20000000E+05  9.20000000E+05 
 9.20000000E+05  9.20000000E+05  9.20000000E+05  9.20000000E+05  9.20000000E+05  9.20000000E+05 
'MAX LISSAGE' 

 1.51000000E+07  1.51000000E+07  1.51000000E+07  1.51000000E+07  1.51000000E+07  1.51000000E+07 
 1.51000000E+07  1.51000000E+07  1.51000000E+07  1.51000000E+07  1.51000000E+07  1.51000000E+07 
 1.51000000E+07  9.00000000E+06  9.00000000E+06  9.00000000E+06  9.00000000E+06  9.00000000E+06 
 9.00000000E+06  9.00000000E+06  9.00000000E+06  9.00000000E+06  9.00000000E+06  9.00000000E+06 
 9.00000000E+06  9.00000000E+06  9.00000000E+06  9.00000000E+06  9.00000000E+06  9.00000000E+06 
 9.00000000E+06  9.00000000E+06  9.00000000E+06  9.00000000E+06  9.00000000E+06  9.00000000E+06 
 9.00000000E+06  9.00000000E+06  9.00000000E+06  9.00000000E+06  9.00000000E+06  9.00000000E+06 
 9.00000000E+06  9.00000000E+06  9.00000000E+06  9.00000000E+06  9.00000000E+06  9.00000000E+06 
 9.00000000E+06  9.00000000E+06  9.00000000E+06  9.00000000E+06  9.00000000E+06  9.00000000E+06 
 9.00000000E+06  9.00000000E+06  9.00000000E+06  9.00000000E+06  9.00000000E+06  9.00000000E+06 
 9.00000000E+06  9.00000000E+06  9.00000000E+06  9.00000000E+06  9.00000000E+06  9.00000000E+06 
 9.00000000E+06  9.00000000E+06  9.00000000E+06  9.00000000E+06  9.00000000E+06  9.00000000E+06 
 9.00000000E+06  9.00000000E+06  9.00000000E+06  9.00000000E+06  9.00000000E+06  9.00000000E+06 
 9.00000000E+06  9.00000000E+06  9.00000000E+06  9.00000000E+06  9.00000000E+06  1.51000000E+07 
 1.51000000E+07  1.51000000E+07  1.51000000E+07  1.51000000E+07  1.51000000E+07  1.51000000E+07 
 1.51000000E+07  1.51000000E+07  1.51000000E+07  1.51000000E+07  1.51000000E+07  1.51000000E+07 
'MIN LISSAGE' 

 9.10000000E+05  9.10000000E+05  9.10000000E+05  9.10000000E+05  9.10000000E+05  9.10000000E+05 
 9.10000000E+05  9.10000000E+05  9.10000000E+05  9.10000000E+05  9.10000000E+05  9.10000000E+05 
 9.10000000E+05  9.10000000E+05  9.10000000E+05  9.10000000E+05  9.10000000E+05  9.10000000E+05 
 9.10000000E+05  9.10000000E+05  9.10000000E+05  9.10000000E+05  9.10000000E+05  9.10000000E+05 
 9.10000000E+05  9.10000000E+05  9.10000000E+05  9.10000000E+05  9.10000000E+05  9.10000000E+05 
 9.10000000E+05  9.10000000E+05  9.10000000E+05  9.10000000E+05  9.10000000E+05  9.10000000E+05 
 9.10000000E+05  9.10000000E+05  9.10000000E+05  9.10000000E+05  9.10000000E+05  9.10000000E+05 
 9.10000000E+05  9.10000000E+05  9.10000000E+05  9.10000000E+05  9.10000000E+05  9.10000000E+05 
 9.10000000E+05  9.10000000E+05  9.10000000E+05  9.10000000E+05  9.10000000E+05  9.10000000E+05 
 9.10000000E+05  9.10000000E+05  9.10000000E+05  9.10000000E+05  9.10000000E+05  9.10000000E+05 
 9.10000000E+05  9.10000000E+05  9.10000000E+05  9.10000000E+05  9.10000000E+05  9.10000000E+05 
 9.10000000E+05  9.10000000E+05  9.10000000E+05  9.10000000E+05  9.10000000E+05  9.10000000E+05 
 9.10000000E+05  9.10000000E+05  9.10000000E+05  9.10000000E+05  9.10000000E+05  9.10000000E+05 
 9.10000000E+05  9.10000000E+05  9.10000000E+05  9.10000000E+05  9.10000000E+05  9.10000000E+05 
 9.10000000E+05  9.10000000E+05  9.10000000E+05  9.10000000E+05  9.10000000E+05  9.10000000E+05 
 9.10000000E+05  9.10000000E+05  9.10000000E+05  9.10000000E+05  9.10000000E+05  9.10000000E+05 
'B.ROMR' 
'X'  2.00000000E+04  2.00000000E+04  2.00000000E+04  0.00000000E+00 
'APPORTS' 

 3.70000000E+01  3.70000000E+01  3.50000000E+01  3.50000000E+01  3.50000000E+01  1.00000000E+01 
 1.00000000E+01  1.00000000E+01  1.00000000E+01  1.00000000E+01  1.00000000E+01  1.00000000E+01 
 1.00000000E+01  1.00000000E+01  1.00000000E+01  1.00000000E+01  1.00000000E+01  1.00000000E+01 
 1.00000000E+01  1.00000000E+01  1.00000000E+01  1.00000000E+01  1.00000000E+01  1.00000000E+01 
 1.00000000E+01  1.00000000E+01  1.00000000E+01  1.00000000E+01  1.00000000E+01  1.00000000E+01 
 1.00000000E+01  1.00000000E+01  1.00000000E+01  1.00000000E+01  1.00000000E+01  1.00000000E+01 
 1.00000000E+01  1.00000000E+01  1.00000000E+01  1.00000000E+01  1.00000000E+01  1.00000000E+01 
 1.00000000E+01  1.00000000E+01  1.00000000E+01  1.00000000E+01  1.00000000E+01  1.00000000E+01 
 1.00000000E+01  1.00000000E+01  1.00000000E+01  1.00000000E+01  1.00000000E+01  1.00000000E+01 
 1.00000000E+01  1.00000000E+01  1.00000000E+01  1.00000000E+01  1.00000000E+01  1.00000000E+01 
 1.00000000E+01  1.00000000E+01  1.00000000E+01  1.00000000E+01  1.00000000E+01  1.00000000E+01 
 1.00000000E+01  1.00000000E+01  1.00000000E+01  1.00000000E+01  1.00000000E+01  1.00000000E+01 
 1.00000000E+01  1.00000000E+01  1.00000000E+01  1.00000000E+01  1.00000000E+01  1.00000000E+01 
 1.00000000E+01  1.00000000E+01  1.00000000E+01  1.00000000E+01  1.00000000E+01  1.00000000E+01 
 1.00000000E+01  1.00000000E+01  1.00000000E+01  1.00000000E+01  1.00000000E+01  1.00000000E+01 
 1.00000000E+01  1.00000000E+01  1.00000000E+01  1.00000000E+01  1.00000000E+01  1.00000000E+01 
'MAX OPTIMISATION' 

 6.00000000E+04  6.00000000E+04  6.00000000E+04  6.00000000E+04  6.00000000E+04  6.00000000E+04 
 6.00000000E+04  6.00000000E+04  6.00000000E+04  6.00000000E+04  6.00000000E+04  6.00000000E+04 
 6.00000000E+04  6.00000000E+04  6.00000000E+04  6.00000000E+04  6.00000000E+04  6.00000000E+04 
 6.00000000E+04  6.00000000E+04  6.00000000E+04  6.00000000E+04  6.00000000E+04  6.00000000E+04 
 6.00000000E+04  6.00000000E+04  6.00000000E+04  6.00000000E+04  6.00000000E+04  6.00000000E+04 
 6.00000000E+04  6.00000000E+04  6.00000000E+04  6.00000000E+04  6.00000000E+04  6.00000000E+04 
 6.00000000E+04  6.00000000E+04  6.00000000E+04  6.00000000E+04  6.00000000E+04  6.00000000E+04 
 6.00000000E+04  6.00000000E+04  6.00000000E+04  6.00000000E+04  6.00000000E+04  6.00000000E+04 
 6.00000000E+04  6.00000000E+04  6.00000000E+04  6.00000000E+04  6.00000000E+04  6.00000000E+04 
 6.00000000E+04  6.00000000E+04  6.00000000E+04  6.00000000E+04  6.00000000E+04  6.00000000E+04 
 6.00000000E+04  6.00000000E+04  6.00000000E+04  6.00000000E+04  6.00000000E+04  6.00000000E+04 
 6.00000000E+04  6.00000000E+04  6.00000000E+04  6.00000000E+04  6.00000000E+04  6.00000000E+04 
 6.00000000E+04  6.00000000E+04  6.00000000E+04  6.00000000E+04  6.00000000E+04  6.00000000E+04 
 6.00000000E+04  6.00000000E+04  6.00000000E+04  6.00000000E+04  6.00000000E+04  6.00000000E+04 
 6.00000000E+04  6.00000000E+04  6.00000000E+04  6.00000000E+04  6.00000000E+04  6.00000000E+04 
 6.00000000E+04  6.00000000E+04  6.00000000E+04  6.00000000E+04  6.00000000E+04  6.00000000E+04 
'MIN OPTIMISATION' 

 2.00000000E+04  2.00000000E+04  2.00000000E+04  2.00000000E+04  2.00000000E+04  2.00000000E+04 
 2.00000000E+04  2.00000000E+04  2.00000000E+04  2.00000000E+04  2.00000000E+04  2.00000000E+04 
 2.00000000E+04  2.00000000E+04  2.00000000E+04  2.00000000E+04  2.00000000E+04  2.00000000E+04 
 2.00000000E+04  2.00000000E+04  2.00000000E+04  2.00000000E+04  2.00000000E+04  2.00000000E+04 
 2.00000000E+04  2.00000000E+04  2.00000000E+04  2.00000000E+04  2.00000000E+04  2.00000000E+04 
 2.00000000E+04  2.00000000E+04  2.00000000E+04  2.00000000E+04  2.00000000E+04  2.00000000E+04 
 2.00000000E+04  2.00000000E+04  2.00000000E+04  2.00000000E+04  2.00000000E+04  2.00000000E+04 
 2.00000000E+04  2.00000000E+04  2.00000000E+04  2.00000000E+04  2.00000000E+04  2.00000000E+04 
 2.00000000E+04  2.00000000E+04  2.00000000E+04  2.00000000E+04  2.00000000E+04  2.00000000E+04 
 2.00000000E+04  2.00000000E+04  2.00000000E+04  2.00000000E+04  2.00000000E+04  2.00000000E+04 
 2.00000000E+04  2.00000000E+04  2.00000000E+04  2.00000000E+04  2.00000000E+04  2.00000000E+04 
 2.00000000E+04  2.00000000E+04  2.00000000E+04  2.00000000E+04  2.00000000E+04  2.00000000E+04 
 2.00000000E+04  2.00000000E+04  2.00000000E+04  2.00000000E+04  2.00000000E+04  2.00000000E+04 
 2.00000000E+04  2.00000000E+04  2.00000000E+04  2.00000000E+04  2.00000000E+04  2.00000000E+04 
 2.00000000E+04  2.00000000E+04  2.00000000E+04  2.00000000E+04  2.00000000E+04  2.00000000E+04 
 2.00000000E+04  2.00000000E+04  2.00000000E+04  2.00000000E+04  2.00000000E+04  2.00000000E+04 
'MAX LISSAGE' 

 9.00000000E+04  9.00000000E+04  9.00000000E+04  9.00000000E+04  9.00000000E+04  9.00000000E+04 
 9.00000000E+04  9.00000000E+04  9.00000000E+04  9.00000000E+04  9.00000000E+04  9.00000000E+04 
 9.00000000E+04  9.00000000E+04  9.00000000E+04  9.00000000E+04  9.00000000E+04  9.00000000E+04 
 9.00000000E+04  9.00000000E+04  9.00000000E+04  9.00000000E+04  9.00000000E+04  9.00000000E+04 
 9.00000000E+04  9.00000000E+04  9.00000000E+04  9.00000000E+04  9.00000000E+04  9.00000000E+04 
 9.00000000E+04  9.00000000E+04  9.00000000E+04  9.00000000E+04  9.00000000E+04  9.00000000E+04 
 9.00000000E+04  9.00000000E+04  9.00000000E+04  9.00000000E+04  9.00000000E+04  9.00000000E+04 
 9.00000000E+04  9.00000000E+04  9.00000000E+04  9.00000000E+04  9.00000000E+04  9.00000000E+04 
 9.00000000E+04  9.00000000E+04  9.00000000E+04  9.00000000E+04  9.00000000E+04  9.00000000E+04 
 9.00000000E+04  9.00000000E+04  9.00000000E+04  9.00000000E+04  9.00000000E+04  9.00000000E+04 
 9.00000000E+04  9.00000000E+04  9.00000000E+04  9.00000000E+04  9.00000000E+04  9.00000000E+04 
 9.00000000E+04  9.00000000E+04  9.00000000E+04  9.00000000E+04  9.00000000E+04  9.00000000E+04 
 9.00000000E+04  9.00000000E+04  9.00000000E+04  9.00000000E+04  9.00000000E+04  9.00000000E+04 
 9.00000000E+04  9.00000000E+04  9.00000000E+04  9.00000000E+04  9.00000000E+04  9.00000000E+04 
 9.00000000E+04  9.00000000E+04  9.00000000E+04  9.00000000E+04  9.00000000E+04  9.00000000E+04 
 9.00000000E+04  9.00000000E+04  9.00000000E+04  9.00000000E+04  9.00000000E+04  9.00000000E+04 
'MIN LISSAGE' 

 2.00000000E+04  2.00000000E+04  2.00000000E+04  2.00000000E+04  2.00000000E+04  2.00000000E+04 
 2.00000000E+04  2.00000000E+04  2.00000000E+04  2.00000000E+04  2.00000000E+04  2.00000000E+04 
 2.00000000E+04  2.00000000E+04  2.00000000E+04  2.00000000E+04  2.00000000E+04  2.00000000E+04 
 2.00000000E+04  2.00000000E+04  2.00000000E+04  2.00000000E+04  2.00000000E+04  2.00000000E+04 
 2.00000000E+04  2.00000000E+04  2.00000000E+04  2.00000000E+04  2.00000000E+04  2.00000000E+04 
 2.00000000E+04  2.00000000E+04  2.00000000E+04  2.00000000E+04  2.00000000E+04  2.00000000E+04 
 2.00000000E+04  2.00000000E+04  2.00000000E+04  2.00000000E+04  2.00000000E+04  2.00000000E+04 
 2.00000000E+04  2.00000000E+04  2.00000000E+04  2.00000000E+04  2.00000000E+04  2.00000000E+04 
 2.00000000E+04  2.00000000E+04  2.00000000E+04  2.00000000E+04  2.00000000E+04  2.00000000E+04 
 2.00000000E+04  2.00000000E+04  2.00000000E+04  2.00000000E+04  2.00000000E+04  2.00000000E+04 
 2.00000000E+04  2.00000000E+04  2.00000000E+04  2.00000000E+04  2.00000000E+04  2.00000000E+04 
 2.00000000E+04  2.00000000E+04  2.00000000E+04  2.00000000E+04  2.00000000E+04  2.00000000E+04 
 2.00000000E+04  2.00000000E+04  2.00000000E+04  2.00000000E+04  2.00000000E+04  2.00000000E+04 
 2.00000000E+04  2.00000000E+04  2.00000000E+04  2.00000000E+04  2.00000000E+04  2.00000000E+04 
 2.00000000E+04  2.00000000E+04  2.00000000E+04  2.00000000E+04  2.00000000E+04  2.00000000E+04 
 2.00000000E+04  2.00000000E+04  2.00000000E+04  2.00000000E+04  2.00000000E+04  2.00000000E+04 
'CBON R' 
'E'  1.98770000E+07  2.43000000E+06  4.85300000E+07  8.69000033E-02 
'APPORTS' 

 0.00000000E+00  0.00000000E+00  0.00000000E+00  0.00000000E+00  0.00000000E+00  0.00000000E+00 
 0.00000000E+00  0.00000000E+00  0.00000000E+00  0.00000000E+00  0.00000000E+00  0.00000000E+00 
 0.00000000E+00  0.00000000E+00  0.00000000E+00  0.00000000E+00  0.00000000E+00  0.00000000E+00 
 0.00000000E+00  0.00000000E+00  0.00000000E+00  0.00000000E+00  0.00000000E+00  0.00000000E+00 
 0.00000000E+00  0.00000000E+00  0.00000000E+00  0.00000000E+00  0.00000000E+00  0.00000000E+00 
 0.00000000E+00  0.00000000E+00  0.00000000E+00  0.00000000E+00  0.00000000E+00  0.00000000E+00 
 0.00000000E+00  0.00000000E+00  0.00000000E+00  0.00000000E+00  0.00000000E+00  0.00000000E+00 
 0.00000000E+00  0.00000000E+00  0.00000000E+00  0.00000000E+00  0.00000000E+00  0.00000000E+00 
 0.00000000E+00  0.00000000E+00  0.00000000E+00  0.00000000E+00  0.00000000E+00  0.00000000E+00 
 0.00000000E+00  0.00000000E+00  0.00000000E+00  0.00000000E+00  0.00000000E+00  0.00000000E+00 
 0.00000000E+00  0.00000000E+00  0.00000000E+00  0.00000000E+00  0.00000000E+00  0.00000000E+00 
 0.00000000E+00  0.00000000E+00  0.00000000E+00  0.00000000E+00  0.00000000E+00  0.00000000E+00 
 0.00000000E+00  0.00000000E+00  0.00000000E+00  0.00000000E+00  0.00000000E+00  0.00000000E+00 
 0.00000000E+00  0.00000000E+00  0.00000000E+00  0.00000000E+00  0.00000000E+00  0.00000000E+00 
 0.00000000E+00  0.00000000E+00  0.00000000E+00  0.00000000E+00  0.00000000E+00  0.00000000E+00 
 0.00000000E+00  0.00000000E+00  0.00000000E+00  0.00000000E+00  0.00000000E+00  0.00000000E+00 
'MAX OPTIMISATION' 

 4.85300000E+07  4.85300000E+07  4.85300000E+07  4.85300000E+07  4.85300000E+07  4.85300000E+07 
 4.85300000E+07  4.85300000E+07  4.85300000E+07  4.85300000E+07  4.85300000E+07  4.85300000E+07 
 4.85300000E+07  4.85300000E+07  4.85300000E+07  4.85300000E+07  4.85300000E+07  4.85300000E+07 
 4.85300000E+07  4.85300000E+07  4.85300000E+07  4.85300000E+07  4.85300000E+07  4.85300000E+07 
 4.85300000E+07  4.85300000E+07  4.85300000E+07  4.85300000E+07  4.85300000E+07  4.85300000E+07 
 4.85300000E+07  4.85300000E+07  4.85300000E+07  4.85300000E+07  4.85300000E+07  4.85300000E+07 
 4.85300000E+07  4.85300000E+07  4.85300000E+07  4.85300000E+07  4.85300000E+07  4.85300000E+07 
 4.85300000E+07  4.85300000E+07  4.85300000E+07  4.85300000E+07  4.85300000E+07  4.85300000E+07 
 4.85300000E+07  4.85300000E+07  4.85300000E+07  4.85300000E+07  4.85300000E+07  4.85300000E+07 
 4.85300000E+07  4.85300000E+07  4.85300000E+07  4.85300000E+07  4.85300000E+07  4.85300000E+07 
 4.85300000E+07  4.85300000E+07  4.85300000E+07  4.85300000E+07  4.85300000E+07  4.85300000E+07 
 4.85300000E+07  4.85300000E+07  4.85300000E+07  4.85300000E+07  4.85300000E+07  4.85300000E+07 
 4.85300000E+07  4.85300000E+07  4.85300000E+07  4.85300000E+07  4.85300000E+07  4.85300000E+07 
 4.85300000E+07  4.85300000E+07  4.85300000E+07  4.85300000E+07  4.85300000E+07  4.85300000E+07 
 4.85300000E+07  4.85300000E+07  4.85300000E+07  4.85300000E+07  4.85300000E+07  4.85300000E+07 
 4.85300000E+07  4.85300000E+07  4.85300000E+07  4.85300000E+07  4.85300000E+07  4.85300000E+07 
'MIN OPTIMISATION' 

 2.43000000E+06  2.43000000E+06  2.43000000E+06  2.43000000E+06  2.43000000E+06  2.43000000E+06 
 2.43000000E+06  2.43000000E+06  2.43000000E+06  2.43000000E+06  2.43000000E+06  2.43000000E+06 
 2.43000000E+06  2.43000000E+06  2.43000000E+06  2.43000000E+06  2.43000000E+06  2.43000000E+06 
 2.43000000E+06  2.43000000E+06  2.43000000E+06  2.43000000E+06  2.43000000E+06  2.43000000E+06 
 2.43000000E+06  2.43000000E+06  2.43000000E+06  2.43000000E+06  2.43000000E+06  2.43000000E+06 
 2.43000000E+06  2.43000000E+06  2.43000000E+06  2.43000000E+06  2.43000000E+06  2.43000000E+06 
 2.43000000E+06  2.43000000E+06  2.43000000E+06  2.43000000E+06  2.43000000E+06  2.43000000E+06 
 2.43000000E+06  2.43000000E+06  2.43000000E+06  2.43000000E+06  2.43000000E+06  2.43000000E+06 
 2.43000000E+06  2.43000000E+06  2.43000000E+06  2.43000000E+06  2.43000000E+06  2.43000000E+06 
 2.43000000E+06  2.43000000E+06  2.43000000E+06  2.43000000E+06  2.43000000E+06  2.43000000E+06 
 2.43000000E+06  2.43000000E+06  2.43000000E+06  2.43000000E+06  2.43000000E+06  2.43000000E+06 
 2.43000000E+06  2.43000000E+06  2.43000000E+06  2.43000000E+06  2.43000000E+06  2.43000000E+06 
 2.43000000E+06  2.43000000E+06  2.43000000E+06  2.43000000E+06  2.43000000E+06  2.43000000E+06 
 2.43000000E+06  2.43000000E+06  2.43000000E+06  2.43000000E+06  2.43000000E+06  2.43000000E+06 
 2.43000000E+06  2.43000000E+06  2.43000000E+06  2.43000000E+06  2.43000000E+06  2.43000000E+06 
 2.43000000E+06  2.43000000E+06  2.43000000E+06  2.43000000E+06  2.43000000E+06  2.43000000E+06 
'MAX LISSAGE' 

 4.85300000E+07  4.85300000E+07  4.85300000E+07  4.85300000E+07  4.85300000E+07  4.85300000E+07 
 4.85300000E+07  4.85300000E+07  4.85300000E+07  4.85300000E+07  4.85300000E+07  4.85300000E+07 
 4.85300000E+07  4.85300000E+07  4.85300000E+07  4.85300000E+07  4.85300000E+07  4.85300000E+07 
 4.85300000E+07  4.85300000E+07  4.85300000E+07  4.85300000E+07  4.85300000E+07  4.85300000E+07 
 4.85300000E+07  4.85300000E+07  4.85300000E+07  4.85300000E+07  4.85300000E+07  4.85300000E+07 
 4.85300000E+07  4.85300000E+07  4.85300000E+07  4.85300000E+07  4.85300000E+07  4.85300000E+07 
 4.85300000E+07  4.85300000E+07  4.85300000E+07  4.85300000E+07  4.85300000E+07  4.85300000E+07 
 4.85300000E+07  4.85300000E+07  4.85300000E+07  4.85300000E+07  4.85300000E+07  4.85300000E+07 
 4.85300000E+07  4.85300000E+07  4.85300000E+07  4.85300000E+07  4.85300000E+07  4.85300000E+07 
 4.85300000E+07  4.85300000E+07  4.85300000E+07  4.85300000E+07  4.85300000E+07  4.85300000E+07 
 4.85300000E+07  4.85300000E+07  4.85300000E+07  4.85300000E+07  4.85300000E+07  4.85300000E+07 
 4.85300000E+07  4.85300000E+07  4.85300000E+07  4.85300000E+07  4.85300000E+07  4.85300000E+07 
 4.85300000E+07  4.85300000E+07  4.85300000E+07  4.85300000E+07  4.85300000E+07  4.85300000E+07 
 4.85300000E+07  4.85300000E+07  4.85300000E+07  4.85300000E+07  4.85300000E+07  4.85300000E+07 
 4.85300000E+07  4.85300000E+07  4.85300000E+07  4.85300000E+07  4.85300000E+07  4.85300000E+07 
 4.85300000E+07  4.85300000E+07  4.85300000E+07  4.85300000E+07  4.85300000E+07  4.85300000E+07 
'MIN LISSAGE' 

 2.37000000E+06  2.37000000E+06  2.37000000E+06  2.37000000E+06  2.37000000E+06  2.37000000E+06 
 2.37000000E+06  2.37000000E+06  2.37000000E+06  2.37000000E+06  2.37000000E+06  2.37000000E+06 
 2.37000000E+06  2.37000000E+06  2.37000000E+06  2.37000000E+06  2.37000000E+06  2.37000000E+06 
 2.37000000E+06  2.37000000E+06  2.37000000E+06  2.37000000E+06  2.37000000E+06  2.37000000E+06 
 2.37000000E+06  2.37000000E+06  2.37000000E+06  2.37000000E+06  2.37000000E+06  2.37000000E+06 
 2.37000000E+06  2.37000000E+06  2.37000000E+06  2.37000000E+06  2.37000000E+06  2.37000000E+06 
 2.37000000E+06  2.37000000E+06  2.37000000E+06  2.37000000E+06  2.37000000E+06  2.37000000E+06 
 2.37000000E+06  2.37000000E+06  2.37000000E+06  2.37000000E+06  2.37000000E+06  2.37000000E+06 
 2.37000000E+06  2.37000000E+06  2.37000000E+06  2.37000000E+06  2.37000000E+06  2.37000000E+06 
 2.37000000E+06  2.37000000E+06  2.37000000E+06  2.37000000E+06  2.37000000E+06  2.37000000E+06 
 2.37000000E+06  2.37000000E+06  2.37000000E+06  2.37000000E+06  2.37000000E+06  2.37000000E+06 
 2.37000000E+06  2.37000000E+06  2.37000000E+06  2.37000000E+06  2.37000000E+06  2.37000000E+06 
 2.37000000E+06  2.37000000E+06  2.37000000E+06  2.37000000E+06  2.37000000E+06  2.37000000E+06 
 2.37000000E+06  2.37000000E+06  2.37000000E+06  2.37000000E+06  2.37000000E+06  2.37000000E+06 
 2.37000000E+06  2.37000000E+06  2.37000000E+06  2.37000000E+06  2.37000000E+06  2.37000000E+06 
 2.37000000E+06  2.37000000E+06  2.37000000E+06  2.37000000E+06  2.37000000E+06  2.37000000E+06 
'CLAPIR' 
'E'  7.80000000E+04  7.80000000E+04  7.80000000E+04  0.00000000E+00 
'APPORTS' 

 5.00000000E-01  5.00000000E-01  5.00000000E-01  5.00000000E-01  5.00000000E-01  5.00000000E-01 
 5.00000000E-01  5.00000000E-01  5.00000000E-01  5.00000000E-01  5.00000000E-01  5.00000000E-01 
 5.00000000E-01  5.00000000E-01  5.00000000E-01  5.00000000E-01  5.00000000E-01  5.00000000E-01 
 5.00000000E-01  5.00000000E-01  5.00000000E-01  5.00000000E-01  5.00000000E-01  5.00000000E-01 
 5.00000000E-01  5.00000000E-01  5.00000000E-01  5.00000000E-01  5.00000000E-01  5.00000000E-01 
 5.00000000E-01  5.00000000E-01  5.00000000E-01  5.00000000E-01  5.00000000E-01  5.00000000E-01 
 5.00000000E-01  5.00000000E-01  5.00000000E-01  5.00000000E-01  5.00000000E-01  5.00000000E-01 
 5.00000000E-01  5.00000000E-01  5.00000000E-01  5.00000000E-01  5.00000000E-01  5.00000000E-01 
 5.00000000E-01  5.00000000E-01  5.00000000E-01  5.00000000E-01  5.00000000E-01  5.00000000E-01 
 5.00000000E-01  5.00000000E-01  5.00000000E-01  5.00000000E-01  5.00000000E-01  5.00000000E-01 
 5.00000000E-01  5.00000000E-01  5.00000000E-01  5.00000000E-01  5.00000000E-01  5.00000000E-01 
 5.00000000E-01  5.00000000E-01  5.00000000E-01  5.00000000E-01  5.00000000E-01  5.00000000E-01 
 5.00000000E-01  5.00000000E-01  5.00000000E-01  5.00000000E-01  5.00000000E-01  5.00000000E-01 
 5.00000000E-01  5.00000000E-01  5.00000000E-01  5.00000000E-01  5.00000000E-01  5.00000000E-01 
 5.00000000E-01  5.00000000E-01  5.00000000E-01  5.00000000E-01  5.00000000E-01  5.00000000E-01 
 5.00000000E-01  5.00000000E-01  5.00000000E-01  5.00000000E-01  5.00000000E-01  5.00000000E-01 
'MAX OPTIMISATION' 

 1.50000000E+05  1.50000000E+05  1.50000000E+05  1.50000000E+05  1.50000000E+05  1.50000000E+05 
 1.50000000E+05  1.50000000E+05  1.50000000E+05  1.50000000E+05  1.50000000E+05  1.50000000E+05 
 1.50000000E+05  1.50000000E+05  1.50000000E+05  1.50000000E+05  1.50000000E+05  1.50000000E+05 
 1.50000000E+05  1.50000000E+05  1.50000000E+05  1.50000000E+05  1.50000000E+05  1.50000000E+05 
 1.50000000E+05  1.50000000E+05  1.50000000E+05  1.50000000E+05  1.50000000E+05  1.50000000E+05 
 1.50000000E+05  1.50000000E+05  1.50000000E+05  1.50000000E+05  1.50000000E+05  1.50000000E+05 
 1.50000000E+05  1.50000000E+05  1.50000000E+05  1.50000000E+05  1.50000000E+05  1.50000000E+05 
 1.50000000E+05  1.50000000E+05  1.50000000E+05  1.50000000E+05  1.50000000E+05  1.50000000E+05 
 1.50000000E+05  1.50000000E+05  1.50000000E+05  1.50000000E+05  1.50000000E+05  1.50000000E+05 
 1.50000000E+05  1.50000000E+05  1.50000000E+05  1.50000000E+05  1.50000000E+05  1.50000000E+05 
 1.50000000E+05  1.50000000E+05  1.50000000E+05  1.50000000E+05  1.50000000E+05  1.50000000E+05 
 1.50000000E+05  1.50000000E+05  1.50000000E+05  1.50000000E+05  1.50000000E+05  1.50000000E+05 
 1.50000000E+05  1.50000000E+05  1.50000000E+05  1.50000000E+05  1.50000000E+05  1.50000000E+05 
 1.50000000E+05  1.50000000E+05  1.50000000E+05  1.50000000E+05  1.50000000E+05  1.50000000E+05 
 1.50000000E+05  1.50000000E+05  1.50000000E+05  1.50000000E+05  1.50000000E+05  1.50000000E+05 
 1.50000000E+05  1.50000000E+05  1.50000000E+05  1.50000000E+05  1.50000000E+05  1.50000000E+05 
'MIN OPTIMISATION' 

 2.00000000E+04  2.00000000E+04  2.00000000E+04  2.00000000E+04  2.00000000E+04  2.00000000E+04 
 2.00000000E+04  2.00000000E+04  2.00000000E+04  2.00000000E+04  2.00000000E+04  2.00000000E+04 
 2.00000000E+04  2.00000000E+04  2.00000000E+04  2.00000000E+04  2.00000000E+04  2.00000000E+04 
 2.00000000E+04  2.00000000E+04  2.00000000E+04  2.00000000E+04  2.00000000E+04  2.00000000E+04 
 2.00000000E+04  2.00000000E+04  2.00000000E+04  2.00000000E+04  2.00000000E+04  2.00000000E+04 
 2.00000000E+04  2.00000000E+04  2.00000000E+04  2.00000000E+04  2.00000000E+04  2.00000000E+04 
 2.00000000E+04  2.00000000E+04  2.00000000E+04  2.00000000E+04  2.00000000E+04  2.00000000E+04 
 2.00000000E+04  2.00000000E+04  2.00000000E+04  2.00000000E+04  2.00000000E+04  2.00000000E+04 
 2.00000000E+04  2.00000000E+04  2.00000000E+04  2.00000000E+04  2.00000000E+04  2.00000000E+04 
 2.00000000E+04  2.00000000E+04  2.00000000E+04  2.00000000E+04  2.00000000E+04  2.00000000E+04 
 2.00000000E+04  2.00000000E+04  2.00000000E+04  2.00000000E+04  2.00000000E+04  2.00000000E+04 
 2.00000000E+04  2.00000000E+04  2.00000000E+04  2.00000000E+04  2.00000000E+04  2.00000000E+04 
 2.00000000E+04  2.00000000E+04  2.00000000E+04  2.00000000E+04  2.00000000E+04  2.00000000E+04 
 2.00000000E+04  2.00000000E+04  2.00000000E+04  2.00000000E+04  2.00000000E+04  2.00000000E+04 
 2.00000000E+04  2.00000000E+04  2.00000000E+04  2.00000000E+04  2.00000000E+04  2.00000000E+04 
 2.00000000E+04  2.00000000E+04  2.00000000E+04  2.00000000E+04  2.00000000E+04  2.00000000E+04 
'MAX LISSAGE' 

 1.60000000E+05  1.60000000E+05  1.60000000E+05  1.60000000E+05  1.60000000E+05  1.60000000E+05 
 1.60000000E+05  1.60000000E+05  1.60000000E+05  1.60000000E+05  1.60000000E+05  1.60000000E+05 
 1.60000000E+05  1.60000000E+05  1.60000000E+05  1.60000000E+05  1.60000000E+05  1.60000000E+05 
 1.60000000E+05  1.60000000E+05  1.60000000E+05  1.60000000E+05  1.60000000E+05  1.60000000E+05 
 1.60000000E+05  1.60000000E+05  1.60000000E+05  1.60000000E+05  1.60000000E+05  1.60000000E+05 
 1.60000000E+05  1.60000000E+05  1.60000000E+05  1.60000000E+05  1.60000000E+05  1.60000000E+05 
 1.60000000E+05  1.60000000E+05  1.60000000E+05  1.60000000E+05  1.60000000E+05  1.60000000E+05 
 1.60000000E+05  1.60000000E+05  1.60000000E+05  1.60000000E+05  1.60000000E+05  1.60000000E+05 
 1.60000000E+05  1.60000000E+05  1.60000000E+05  1.60000000E+05  1.60000000E+05  1.60000000E+05 
 1.60000000E+05  1.60000000E+05  1.60000000E+05  1.60000000E+05  1.60000000E+05  1.60000000E+05 
 1.60000000E+05  1.60000000E+05  1.60000000E+05  1.60000000E+05  1.60000000E+05  1.60000000E+05 
 1.60000000E+05  1.60000000E+05  1.60000000E+05  1.60000000E+05  1.60000000E+05  1.60000000E+05 
 1.60000000E+05  1.60000000E+05  1.60000000E+05  1.60000000E+05  1.60000000E+05  1.60000000E+05 
 1.60000000E+05  1.60000000E+05  1.60000000E+05  1.60000000E+05  1.60000000E+05  1.60000000E+05 
 1.60000000E+05  1.60000000E+05  1.60000000E+05  1.60000000E+05  1.60000000E+05  1.60000000E+05 
 1.60000000E+05  1.60000000E+05  1.60000000E+05  1.60000000E+05  1.60000000E+05  1.60000000E+05 
'MIN LISSAGE' 

 1.00000000E+04  1.00000000E+04  1.00000000E+04  1.00000000E+04  1.00000000E+04  1.00000000E+04 
 1.00000000E+04  1.00000000E+04  1.00000000E+04  1.00000000E+04  1.00000000E+04  1.00000000E+04 
 1.00000000E+04  1.00000000E+04  1.00000000E+04  1.00000000E+04  1.00000000E+04  1.00000000E+04 
 1.00000000E+04  1.00000000E+04  1.00000000E+04  1.00000000E+04  1.00000000E+04  1.00000000E+04 
 1.00000000E+04  1.00000000E+04  1.00000000E+04  1.00000000E+04  1.00000000E+04  1.00000000E+04 
 1.00000000E+04  1.00000000E+04  1.00000000E+04  1.00000000E+04  1.00000000E+04  1.00000000E+04 
 1.00000000E+04  1.00000000E+04  1.00000000E+04  1.00000000E+04  1.00000000E+04  1.00000000E+04 
 1.00000000E+04  1.00000000E+04  1.00000000E+04  1.00000000E+04  1.00000000E+04  1.00000000E+04 
 1.00000000E+04  1.00000000E+04  1.00000000E+04  1.00000000E+04  1.00000000E+04  1.00000000E+04 
 1.00000000E+04  1.00000000E+04  1.00000000E+04  1.00000000E+04  1.00000000E+04  1.00000000E+04 
 1.00000000E+04  1.00000000E+04  1.00000000E+04  1.00000000E+04  1.00000000E+04  1.00000000E+04 
 1.00000000E+04  1.00000000E+04  1.00000000E+04  1.00000000E+04  1.00000000E+04  1.00000000E+04 
 1.00000000E+04  1.00000000E+04  1.00000000E+04  1.00000000E+04  1.00000000E+04  1.00000000E+04 
 1.00000000E+04  1.00000000E+04  1.00000000E+04  1.00000000E+04  1.00000000E+04  1.00000000E+04 
 1.00000000E+04  1.00000000E+04  1.00000000E+04  1.00000000E+04  1.00000000E+04  1.00000000E+04 
 1.00000000E+04  1.00000000E+04  1.00000000E+04  1.00000000E+04  1.00000000E+04  1.00000000E+04 
'SAUTER' 
'E'  7.92110000E+07  0.00000000E+00  9.48270000E+07  3.54000032E-02 
'APPORTS' 

 0.00000000E+00  0.00000000E+00  0.00000000E+00  0.00000000E+00  0.00000000E+00  0.00000000E+00 
 0.00000000E+00  0.00000000E+00  0.00000000E+00  0.00000000E+00  0.00000000E+00  0.00000000E+00 
 0.00000000E+00  0.00000000E+00  0.00000000E+00  0.00000000E+00  0.00000000E+00  0.00000000E+00 
 0.00000000E+00  0.00000000E+00  0.00000000E+00  0.00000000E+00  0.00000000E+00  0.00000000E+00 
 0.00000000E+00  0.00000000E+00  0.00000000E+00  0.00000000E+00  0.00000000E+00  0.00000000E+00 
 0.00000000E+00  0.00000000E+00  0.00000000E+00  0.00000000E+00  0.00000000E+00  0.00000000E+00 
 0.00000000E+00  0.00000000E+00  0.00000000E+00  0.00000000E+00  0.00000000E+00  0.00000000E+00 
 0.00000000E+00  0.00000000E+00  0.00000000E+00  0.00000000E+00  0.00000000E+00  0.00000000E+00 
 0.00000000E+00  0.00000000E+00  0.00000000E+00  0.00000000E+00  0.00000000E+00  0.00000000E+00 
 0.00000000E+00  0.00000000E+00  0.00000000E+00  0.00000000E+00  0.00000000E+00  0.00000000E+00 
 0.00000000E+00  0.00000000E+00  0.00000000E+00  0.00000000E+00  0.00000000E+00  0.00000000E+00 
 0.00000000E+00  0.00000000E+00  0.00000000E+00  0.00000000E+00  0.00000000E+00  0.00000000E+00 
 0.00000000E+00  0.00000000E+00  0.00000000E+00  0.00000000E+00  0.00000000E+00  0.00000000E+00 
 0.00000000E+00  0.00000000E+00  0.00000000E+00  0.00000000E+00  0.00000000E+00  0.00000000E+00 
 0.00000000E+00  0.00000000E+00  0.00000000E+00  0.00000000E+00  0.00000000E+00  0.00000000E+00 
 0.00000000E+00  0.00000000E+00  0.00000000E+00  0.00000000E+00  0.00000000E+00  0.00000000E+00 
'MAX OPTIMISATION' 

 9.48270000E+07  9.48270000E+07  9.48270000E+07  9.48270000E+07  9.48270000E+07  9.48270000E+07 
 9.48270000E+07  9.48270000E+07  9.48270000E+07  9.48270000E+07  9.48270000E+07  9.48270000E+07 
 9.48270000E+07  9.48270000E+07  9.48270000E+07  9.48270000E+07  9.48270000E+07  9.48270000E+07 
 9.48270000E+07  9.48270000E+07  9.48270000E+07  9.48270000E+07  9.48270000E+07  9.48270000E+07 
 9.48270000E+07  9.48270000E+07  9.48270000E+07  9.48270000E+07  9.48270000E+07  9.48270000E+07 
 9.48270000E+07  9.48270000E+07  9.48270000E+07  9.48270000E+07  9.48270000E+07  9.48270000E+07 
 9.48270000E+07  9.48270000E+07  9.48270000E+07  9.48270000E+07  9.48270000E+07  9.48270000E+07 
 9.48270000E+07  9.48270000E+07  9.48270000E+07  9.48270000E+07  9.48270000E+07  9.48270000E+07 
 9.48270000E+07  9.48270000E+07  9.48270000E+07  9.48270000E+07  9.48270000E+07  9.48270000E+07 
 9.48270000E+07  9.48270000E+07  9.48270000E+07  9.48270000E+07  9.48270000E+07  9.48270000E+07 
 9.48270000E+07  9.48270000E+07  9.48270000E+07  9.48270000E+07  9.48270000E+07  9.48270000E+07 
 9.48270000E+07  9.48270000E+07  9.48270000E+07  9.48270000E+07  9.48270000E+07  9.48270000E+07 
 9.48270000E+07  9.48270000E+07  9.48270000E+07  9.48270000E+07  9.48270000E+07  9.48270000E+07 
 9.48270000E+07  9.48270000E+07  9.48270000E+07  9.48270000E+07  9.48270000E+07  9.48270000E+07 
 9.48270000E+07  9.48270000E+07  9.48270000E+07  9.48270000E+07  9.48270000E+07  9.48270000E+07 
 9.48270000E+07  9.48270000E+07  9.48270000E+07  9.48270000E+07  9.48270000E+07  9.48270000E+07 
'MIN OPTIMISATION' 

 0.00000000E+00  0.00000000E+00  0.00000000E+00  0.00000000E+00  0.00000000E+00  0.00000000E+00 
 0.00000000E+00  0.00000000E+00  0.00000000E+00  0.00000000E+00  0.00000000E+00  0.00000000E+00 
 0.00000000E+00  0.00000000E+00  0.00000000E+00  0.00000000E+00  0.00000000E+00  0.00000000E+00 
 0.00000000E+00  0.00000000E+00  0.00000000E+00  0.00000000E+00  0.00000000E+00  0.00000000E+00 
 0.00000000E+00  0.00000000E+00  0.00000000E+00  0.00000000E+00  0.00000000E+00  0.00000000E+00 
 0.00000000E+00  0.00000000E+00  0.00000000E+00  0.00000000E+00  0.00000000E+00  0.00000000E+00 
 0.00000000E+00  0.00000000E+00  0.00000000E+00  0.00000000E+00  0.00000000E+00  0.00000000E+00 
 0.00000000E+00  0.00000000E+00  0.00000000E+00  0.00000000E+00  0.00000000E+00  0.00000000E+00 
 0.00000000E+00  0.00000000E+00  0.00000000E+00  0.00000000E+00  0.00000000E+00  0.00000000E+00 
 0.00000000E+00  0.00000000E+00  0.00000000E+00  0.00000000E+00  0.00000000E+00  0.00000000E+00 
 0.00000000E+00  0.00000000E+00  0.00000000E+00  0.00000000E+00  0.00000000E+00  0.00000000E+00 
 0.00000000E+00  0.00000000E+00  0.00000000E+00  0.00000000E+00  0.00000000E+00  0.00000000E+00 
 0.00000000E+00  0.00000000E+00  0.00000000E+00  0.00000000E+00  0.00000000E+00  0.00000000E+00 
 0.00000000E+00  0.00000000E+00  0.00000000E+00  0.00000000E+00  0.00000000E+00  0.00000000E+00 
 0.00000000E+00  0.00000000E+00  0.00000000E+00  0.00000000E+00  0.00000000E+00  0.00000000E+00 
 0.00000000E+00  0.00000000E+00  0.00000000E+00  0.00000000E+00  0.00000000E+00  0.00000000E+00 
'MAX LISSAGE' 

 9.48270000E+07  9.48270000E+07  9.48270000E+07  9.48270000E+07  9.48270000E+07  9.48270000E+07 
 9.48270000E+07  9.48270000E+07  9.48270000E+07  9.48270000E+07  9.48270000E+07  9.48270000E+07 
 9.48270000E+07  9.48270000E+07  9.48270000E+07  9.48270000E+07  9.48270000E+07  9.48270000E+07 
 9.48270000E+07  9.48270000E+07  9.48270000E+07  9.48270000E+07  9.48270000E+07  9.48270000E+07 
 9.48270000E+07  9.48270000E+07  9.48270000E+07  9.48270000E+07  9.48270000E+07  9.48270000E+07 
 9.48270000E+07  9.48270000E+07  9.48270000E+07  9.48270000E+07  9.48270000E+07  9.48270000E+07 
 9.48270000E+07  9.48270000E+07  9.48270000E+07  9.48270000E+07  9.48270000E+07  9.48270000E+07 
 9.48270000E+07  9.48270000E+07  9.48270000E+07  9.48270000E+07  9.48270000E+07  9.48270000E+07 
 9.48270000E+07  9.48270000E+07  9.48270000E+07  9.48270000E+07  9.48270000E+07  9.48270000E+07 
 9.48270000E+07  9.48270000E+07  9.48270000E+07  9.48270000E+07  9.48270000E+07  9.48270000E+07 
 9.48270000E+07  9.48270000E+07  9.48270000E+07  9.48270000E+07  9.48270000E+07  9.48270000E+07 
 9.48270000E+07  9.48270000E+07  9.48270000E+07  9.48270000E+07  9.48270000E+07  9.48270000E+07 
 9.48270000E+07  9.48270000E+07  9.48270000E+07  9.48270000E+07  9.48270000E+07  9.48270000E+07 
 9.48270000E+07  9.48270000E+07  9.48270000E+07  9.48270000E+07  9.48270000E+07  9.48270000E+07 
 9.48270000E+07  9.48270000E+07  9.48270000E+07  9.48270000E+07  9.48270000E+07  9.48270000E+07 
 9.48270000E+07  9.48270000E+07  9.48270000E+07  9.48270000E+07  9.48270000E+07  9.48270000E+07 
'MIN LISSAGE' 

 0.00000000E+00  0.00000000E+00  0.00000000E+00  0.00000000E+00  0.00000000E+00  0.00000000E+00 
 0.00000000E+00  0.00000000E+00  0.00000000E+00  0.00000000E+00  0.00000000E+00  0.00000000E+00 
 0.00000000E+00  0.00000000E+00  0.00000000E+00  0.00000000E+00  0.00000000E+00  0.00000000E+00 
 0.00000000E+00  0.00000000E+00  0.00000000E+00  0.00000000E+00  0.00000000E+00  0.00000000E+00 
 0.00000000E+00  0.00000000E+00  0.00000000E+00  0.00000000E+00  0.00000000E+00  0.00000000E+00 
 0.00000000E+00  0.00000000E+00  0.00000000E+00  0.00000000E+00  0.00000000E+00  0.00000000E+00 
 0.00000000E+00  0.00000000E+00  0.00000000E+00  0.00000000E+00  0.00000000E+00  0.00000000E+00 
 0.00000000E+00  0.00000000E+00  0.00000000E+00  0.00000000E+00  0.00000000E+00  0.00000000E+00 
 0.00000000E+00  0.00000000E+00  0.00000000E+00  0.00000000E+00  0.00000000E+00  0.00000000E+00 
 0.00000000E+00  0.00000000E+00  0.00000000E+00  0.00000000E+00  0.00000000E+00  0.00000000E+00 
 0.00000000E+00  0.00000000E+00  0.00000000E+00  0.00000000E+00  0.00000000E+00  0.00000000E+00 
 0.00000000E+00  0.00000000E+00  0.00000000E+00  0.00000000E+00  0.00000000E+00  0.00000000E+00 
 0.00000000E+00  0.00000000E+00  0.00000000E+00  0.00000000E+00  0.00000000E+00  0.00000000E+00 
 0.00000000E+00  0.00000000E+00  0.00000000E+00  0.00000000E+00  0.00000000E+00  0.00000000E+00 
 0.00000000E+00  0.00000000E+00  0.00000000E+00  0.00000000E+00  0.00000000E+00  0.00000000E+00 
 0.00000000E+00  0.00000000E+00  0.00000000E+00  0.00000000E+00  0.00000000E+00  0.00000000E+00 
'SSCOGR' 
'E'  6.32600000E+06  6.32600000E+06  6.32600000E+06  0.00000000E+00 
'APPORTS' 

 4.00000000E+00  4.00000000E+00  4.00000000E+00  4.00000000E+00  4.00000000E+00  4.00000000E+00 
 4.00000000E+00  4.00000000E+00  4.00000000E+00  4.00000000E+00  4.00000000E+00  4.00000000E+00 
 4.00000000E+00  4.00000000E+00  4.00000000E+00  4.00000000E+00  4.00000000E+00  4.00000000E+00 
 4.00000000E+00  4.00000000E+00  4.00000000E+00  4.00000000E+00  4.00000000E+00  4.00000000E+00 
 4.00000000E+00  4.00000000E+00  4.00000000E+00  4.00000000E+00  4.00000000E+00  4.00000000E+00 
 4.00000000E+00  4.00000000E+00  4.00000000E+00  4.00000000E+00  4.00000000E+00  4.00000000E+00 
 4.00000000E+00  4.00000000E+00  4.00000000E+00  4.00000000E+00  4.00000000E+00  4.00000000E+00 
 4.00000000E+00  4.00000000E+00  4.00000000E+00  4.00000000E+00  4.00000000E+00  4.00000000E+00 
 4.00000000E+00  4.00000000E+00  4.00000000E+00  4.00000000E+00  4.00000000E+00  4.00000000E+00 
 4.00000000E+00  4.00000000E+00  4.00000000E+00  4.00000000E+00  4.00000000E+00  4.00000000E+00 
 4.00000000E+00  4.00000000E+00  4.00000000E+00  4.00000000E+00  4.00000000E+00  4.00000000E+00 
 4.00000000E+00  4.00000000E+00  4.00000000E+00  4.00000000E+00  4.00000000E+00  4.00000000E+00 
 4.00000000E+00  4.00000000E+00  4.00000000E+00  4.00000000E+00  4.00000000E+00  4.00000000E+00 
 4.00000000E+00  4.00000000E+00  4.00000000E+00  4.00000000E+00  4.00000000E+00  4.00000000E+00 
 4.00000000E+00  4.00000000E+00  4.00000000E+00  4.00000000E+00  4.00000000E+00  4.00000000E+00 
 4.00000000E+00  4.00000000E+00  4.00000000E+00  4.00000000E+00  4.00000000E+00  4.00000000E+00 
'MAX OPTIMISATION' 

 1.07480000E+07  1.07480000E+07  1.07480000E+07  1.07480000E+07  1.07480000E+07  1.07480000E+07 
 1.07480000E+07  1.07480000E+07  1.07480000E+07  1.07480000E+07  1.07480000E+07  1.07480000E+07 
 1.07480000E+07  1.07480000E+07  1.07480000E+07  1.07480000E+07  1.07480000E+07  1.07480000E+07 
 1.07480000E+07  1.07480000E+07  1.07480000E+07  1.07480000E+07  1.07480000E+07  1.07480000E+07 
 1.07480000E+07  1.07480000E+07  1.07480000E+07  1.07480000E+07  1.07480000E+07  1.07480000E+07 
 1.07480000E+07  1.07480000E+07  1.07480000E+07  1.07480000E+07  1.07480000E+07  1.07480000E+07 
 1.07480000E+07  1.07480000E+07  1.07480000E+07  1.07480000E+07  1.07480000E+07  1.07480000E+07 
 1.07480000E+07  1.07480000E+07  1.07480000E+07  1.07480000E+07  1.07480000E+07  1.07480000E+07 
 1.07480000E+07  1.07480000E+07  1.07480000E+07  1.07480000E+07  1.07480000E+07  1.07480000E+07 
 1.07480000E+07  1.07480000E+07  1.07480000E+07  1.07480000E+07  1.07480000E+07  1.07480000E+07 
 1.07480000E+07  1.07480000E+07  1.07480000E+07  1.07480000E+07  1.07480000E+07  1.07480000E+07 
 1.07480000E+07  1.07480000E+07  1.07480000E+07  1.07480000E+07  1.07480000E+07  1.07480000E+07 
 1.07480000E+07  1.07480000E+07  1.07480000E+07  1.07480000E+07  1.07480000E+07  1.07480000E+07 
 1.07480000E+07  1.07480000E+07  1.07480000E+07  1.07480000E+07  1.07480000E+07  1.07480000E+07 
 1.07480000E+07  1.07480000E+07  1.07480000E+07  1.07480000E+07  1.07480000E+07  1.07480000E+07 
 1.07480000E+07  1.07480000E+07  1.07480000E+07  1.07480000E+07  1.07480000E+07  1.07480000E+07 
'MIN OPTIMISATION' 

 3.52000000E+05  3.52000000E+05  3.52000000E+05  3.52000000E+05  3.52000000E+05  3.52000000E+05 
 3.52000000E+05  3.52000000E+05  3.52000000E+05  3.52000000E+05  3.52000000E+05  3.52000000E+05 
 3.52000000E+05  3.52000000E+05  3.52000000E+05  3.52000000E+05  3.52000000E+05  3.52000000E+05 
 3.52000000E+05  3.52000000E+05  3.52000000E+05  3.52000000E+05  3.52000000E+05  3.52000000E+05 
 3.52000000E+05  3.52000000E+05  3.52000000E+05  3.52000000E+05  3.52000000E+05  3.52000000E+05 
 3.52000000E+05  3.52000000E+05  3.52000000E+05  3.52000000E+05  3.52000000E+05  3.52000000E+05 
 3.52000000E+05  3.52000000E+05  3.52000000E+05  3.52000000E+05  3.52000000E+05  3.52000000E+05 
 3.52000000E+05  3.52000000E+05  3.52000000E+05  3.52000000E+05  3.52000000E+05  3.52000000E+05 
 3.52000000E+05  3.52000000E+05  3.52000000E+05  3.52000000E+05  3.52000000E+05  3.52000000E+05 
 3.52000000E+05  3.52000000E+05  3.52000000E+05  3.52000000E+05  3.52000000E+05  3.52000000E+05 
 3.52000000E+05  3.52000000E+05  3.52000000E+05  3.52000000E+05  3.52000000E+05  3.52000000E+05 
 3.52000000E+05  3.52000000E+05  3.52000000E+05  3.52000000E+05  3.52000000E+05  3.52000000E+05 
 3.52000000E+05  3.52000000E+05  3.52000000E+05  3.52000000E+05  3.52000000E+05  3.52000000E+05 
 3.52000000E+05  3.52000000E+05  3.52000000E+05  3.52000000E+05  3.52000000E+05  3.52000000E+05 
 3.52000000E+05  3.52000000E+05  3.52000000E+05  3.52000000E+05  3.52000000E+05  3.52000000E+05 
 3.52000000E+05  3.52000000E+05  3.52000000E+05  3.52000000E+05  3.52000000E+05  3.52000000E+05 
'MAX LISSAGE' 

 1.10000000E+07  1.10000000E+07  1.10000000E+07  1.10000000E+07  1.10000000E+07  1.10000000E+07 
 1.10000000E+07  1.10000000E+07  1.10000000E+07  1.10000000E+07  1.10000000E+07  1.10000000E+07 
 1.10000000E+07  1.10000000E+07  1.10000000E+07  1.10000000E+07  1.10000000E+07  1.10000000E+07 
 1.10000000E+07  1.10000000E+07  1.10000000E+07  1.10000000E+07  1.10000000E+07  1.10000000E+07 
 1.10000000E+07  1.10000000E+07  1.10000000E+07  1.10000000E+07  1.10000000E+07  1.10000000E+07 
 1.10000000E+07  1.10000000E+07  1.10000000E+07  1.10000000E+07  1.10000000E+07  1.10000000E+07 
 1.10000000E+07  1.10000000E+07  1.10000000E+07  1.10000000E+07  1.10000000E+07  1.10000000E+07 
 1.10000000E+07  1.10000000E+07  1.10000000E+07  1.10000000E+07  1.10000000E+07  1.10000000E+07 
 1.10000000E+07  1.10000000E+07  1.10000000E+07  1.10000000E+07  1.10000000E+07  1.10000000E+07 
 1.10000000E+07  1.10000000E+07  1.10000000E+07  1.10000000E+07  1.10000000E+07  1.10000000E+07 
 1.10000000E+07  1.10000000E+07  1.10000000E+07  1.10000000E+07  1.10000000E+07  1.10000000E+07 
 1.10000000E+07  1.10000000E+07  1.10000000E+07  1.10000000E+07  1.10000000E+07  1.10000000E+07 
 1.10000000E+07  1.10000000E+07  1.10000000E+07  1.10000000E+07  1.10000000E+07  1.10000000E+07 
 1.10000000E+07  1.10000000E+07  1.10000000E+07  1.10000000E+07  1.10000000E+07  1.10000000E+07 
 1.10000000E+07  1.10000000E+07  1.10000000E+07  1.10000000E+07  1.10000000E+07  1.10000000E+07 
 1.10000000E+07  1.10000000E+07  1.10000000E+07  1.10000000E+07  1.10000000E+07  1.10000000E+07 
'MIN LISSAGE' 

 1.00000000E+05  1.00000000E+05  1.00000000E+05  1.00000000E+05  1.00000000E+05  1.00000000E+05 
 1.00000000E+05  1.00000000E+05  1.00000000E+05  1.00000000E+05  1.00000000E+05  1.00000000E+05 
 1.00000000E+05  1.00000000E+05  1.00000000E+05  1.00000000E+05  1.00000000E+05  1.00000000E+05 
 1.00000000E+05  1.00000000E+05  1.00000000E+05  1.00000000E+05  1.00000000E+05  1.00000000E+05 
 1.00000000E+05  1.00000000E+05  1.00000000E+05  1.00000000E+05  1.00000000E+05  1.00000000E+05 
 1.00000000E+05  1.00000000E+05  1.00000000E+05  1.00000000E+05  1.00000000E+05  1.00000000E+05 
 1.00000000E+05  1.00000000E+05  1.00000000E+05  1.00000000E+05  1.00000000E+05  1.00000000E+05 
 1.00000000E+05  1.00000000E+05  1.00000000E+05  1.00000000E+05  1.00000000E+05  1.00000000E+05 
 1.00000000E+05  1.00000000E+05  1.00000000E+05  1.00000000E+05  1.00000000E+05  1.00000000E+05 
 1.00000000E+05  1.00000000E+05  1.00000000E+05  1.00000000E+05  1.00000000E+05  1.00000000E+05 
 1.00000000E+05  1.00000000E+05  1.00000000E+05  1.00000000E+05  1.00000000E+05  1.00000000E+05 
 1.00000000E+05  1.00000000E+05  1.00000000E+05  1.00000000E+05  1.00000000E+05  1.00000000E+05 
 1.00000000E+05  1.00000000E+05  1.00000000E+05  1.00000000E+05  1.00000000E+05  1.00000000E+05 
 1.00000000E+05  1.00000000E+05  1.00000000E+05  1.00000000E+05  1.00000000E+05  1.00000000E+05 
 1.00000000E+05  1.00000000E+05  1.00000000E+05  1.00000000E+05  1.00000000E+05  1.00000000E+05 
 1.00000000E+05  1.00000000E+05  1.00000000E+05  1.00000000E+05  1.00000000E+05  1.00000000E+05 
'MTEYNR' 
'E'  1.13106000E+08  1.02738000E+08  1.02738000E+08  4.19999994E-02 
'APPORTS' 

 0.00000000E+00  0.00000000E+00  0.00000000E+00  0.00000000E+00  0.00000000E+00  0.00000000E+00 
 0.00000000E+00  0.00000000E+00  0.00000000E+00  0.00000000E+00  0.00000000E+00  0.00000000E+00 
 0.00000000E+00  0.00000000E+00  0.00000000E+00  0.00000000E+00  0.00000000E+00  0.00000000E+00 
 0.00000000E+00  0.00000000E+00  0.00000000E+00  0.00000000E+00  0.00000000E+00  0.00000000E+00 
 0.00000000E+00  0.00000000E+00  0.00000000E+00  0.00000000E+00  0.00000000E+00  0.00000000E+00 
 0.00000000E+00  0.00000000E+00  0.00000000E+00  0.00000000E+00  0.00000000E+00  0.00000000E+00 
 0.00000000E+00  0.00000000E+00  0.00000000E+00  0.00000000E+00  0.00000000E+00  0.00000000E+00 
 0.00000000E+00  0.00000000E+00  0.00000000E+00  0.00000000E+00  0.00000000E+00  0.00000000E+00 
 0.00000000E+00  0.00000000E+00  0.00000000E+00  0.00000000E+00  0.00000000E+00  0.00000000E+00 
 0.00000000E+00  0.00000000E+00  0.00000000E+00  0.00000000E+00  0.00000000E+00  0.00000000E+00 
 0.00000000E+00  0.00000000E+00  0.00000000E+00  0.00000000E+00  0.00000000E+00  0.00000000E+00 
 0.00000000E+00  0.00000000E+00  0.00000000E+00  0.00000000E+00  0.00000000E+00  0.00000000E+00 
 0.00000000E+00  0.00000000E+00  0.00000000E+00  0.00000000E+00  0.00000000E+00  0.00000000E+00 
 0.00000000E+00  0.00000000E+00  0.00000000E+00  0.00000000E+00  0.00000000E+00  0.00000000E+00 
 0.00000000E+00  0.00000000E+00  0.00000000E+00  0.00000000E+00  0.00000000E+00  0.00000000E+00 
 0.00000000E+00  0.00000000E+00  0.00000000E+00  0.00000000E+00  0.00000000E+00  0.00000000E+00 
'MAX OPTIMISATION' 

 1.84980000E+08  1.84980000E+08  1.84980000E+08  1.84980000E+08  1.84980000E+08  1.84980000E+08 
 1.84980000E+08  1.84980000E+08  1.84980000E+08  1.84980000E+08  1.84980000E+08  1.84980000E+08 
 1.84980000E+08  1.84980000E+08  1.84980000E+08  1.84980000E+08  1.84980000E+08  1.84980000E+08 
 1.84980000E+08  1.84980000E+08  1.84980000E+08  1.84980000E+08  1.84980000E+08  1.84980000E+08 
 1.84980000E+08  1.84980000E+08  1.84980000E+08  1.84980000E+08  1.84980000E+08  1.84980000E+08 
 1.84980000E+08  1.84980000E+08  1.84980000E+08  1.84980000E+08  1.84980000E+08  1.84980000E+08 
 1.84980000E+08  1.84980000E+08  1.84980000E+08  1.84980000E+08  1.84980000E+08  1.84980000E+08 
 1.84980000E+08  1.84980000E+08  1.84980000E+08  1.84980000E+08  1.84980000E+08  1.84980000E+08 
 1.84980000E+08  1.84980000E+08  1.84980000E+08  1.84980000E+08  1.84980000E+08  1.84980000E+08 
 1.84980000E+08  1.84980000E+08  1.84980000E+08  1.84980000E+08  1.84980000E+08  1.84980000E+08 
 1.84980000E+08  1.84980000E+08  1.84980000E+08  1.84980000E+08  1.84980000E+08  1.84980000E+08 
 1.84980000E+08  1.84980000E+08  1.84980000E+08  1.84980000E+08  1.84980000E+08  1.84980000E+08 
 1.84980000E+08  1.84980000E+08  1.84980000E+08  1.84980000E+08  1.84980000E+08  1.84980000E+08 
 1.84980000E+08  1.84980000E+08  1.84980000E+08  1.84980000E+08  1.84980000E+08  1.84980000E+08 
 1.84980000E+08  1.84980000E+08  1.84980000E+08  1.84980000E+08  1.84980000E+08  1.84980000E+08 
 1.84980000E+08  1.84980000E+08  1.84980000E+08  1.84980000E+08  1.84980000E+08  1.84980000E+08 
'MIN OPTIMISATION' 

 0.00000000E+00  0.00000000E+00  0.00000000E+00  0.00000000E+00  0.00000000E+00  0.00000000E+00 
 0.00000000E+00  0.00000000E+00  0.00000000E+00  0.00000000E+00  0.00000000E+00  0.00000000E+00 
 0.00000000E+00  0.00000000E+00  0.00000000E+00  0.00000000E+00  0.00000000E+00  0.00000000E+00 
 0.00000000E+00  0.00000000E+00  0.00000000E+00  0.00000000E+00  0.00000000E+00  0.00000000E+00 
 0.00000000E+00  0.00000000E+00  0.00000000E+00  0.00000000E+00  0.00000000E+00  0.00000000E+00 
 0.00000000E+00  0.00000000E+00  0.00000000E+00  0.00000000E+00  0.00000000E+00  0.00000000E+00 
 0.00000000E+00  0.00000000E+00  0.00000000E+00  0.00000000E+00  0.00000000E+00  0.00000000E+00 
 0.00000000E+00  0.00000000E+00  0.00000000E+00  0.00000000E+00  0.00000000E+00  0.00000000E+00 
 0.00000000E+00  0.00000000E+00  0.00000000E+00  0.00000000E+00  0.00000000E+00  0.00000000E+00 
 0.00000000E+00  0.00000000E+00  0.00000000E+00  0.00000000E+00  0.00000000E+00  0.00000000E+00 
 0.00000000E+00  0.00000000E+00  0.00000000E+00  0.00000000E+00  0.00000000E+00  0.00000000E+00 
 0.00000000E+00  0.00000000E+00  0.00000000E+00  0.00000000E+00  0.00000000E+00  0.00000000E+00 
 0.00000000E+00  0.00000000E+00  0.00000000E+00  0.00000000E+00  0.00000000E+00  0.00000000E+00 
 0.00000000E+00  0.00000000E+00  0.00000000E+00  0.00000000E+00  0.00000000E+00  0.00000000E+00 
 0.00000000E+00  0.00000000E+00  0.00000000E+00  0.00000000E+00  0.00000000E+00  0.00000000E+00 
 0.00000000E+00  0.00000000E+00  0.00000000E+00  0.00000000E+00  0.00000000E+00  0.00000000E+00 
'MAX LISSAGE' 

 1.84980000E+08  1.84980000E+08  1.84980000E+08  1.84980000E+08  1.84980000E+08  1.84980000E+08 
 1.84980000E+08  1.84980000E+08  1.84980000E+08  1.84980000E+08  1.84980000E+08  1.84980000E+08 
 1.84980000E+08  1.84980000E+08  1.84980000E+08  1.84980000E+08  1.84980000E+08  1.84980000E+08 
 1.84980000E+08  1.84980000E+08  1.84980000E+08  1.84980000E+08  1.84980000E+08  1.84980000E+08 
 1.84980000E+08  1.84980000E+08  1.84980000E+08  1.84980000E+08  1.84980000E+08  1.84980000E+08 
 1.84980000E+08  1.84980000E+08  1.84980000E+08  1.84980000E+08  1.84980000E+08  1.84980000E+08 
 1.84980000E+08  1.84980000E+08  1.84980000E+08  1.84980000E+08  1.84980000E+08  1.84980000E+08 
 1.84980000E+08  1.84980000E+08  1.84980000E+08  1.84980000E+08  1.84980000E+08  1.84980000E+08 
 1.84980000E+08  1.84980000E+08  1.84980000E+08  1.84980000E+08  1.84980000E+08  1.84980000E+08 
 1.84980000E+08  1.84980000E+08  1.84980000E+08  1.84980000E+08  1.84980000E+08  1.84980000E+08 
 1.84980000E+08  1.84980000E+08  1.84980000E+08  1.84980000E+08  1.84980000E+08  1.84980000E+08 
 1.84980000E+08  1.84980000E+08  1.84980000E+08  1.84980000E+08  1.84980000E+08  1.84980000E+08 
 1.84980000E+08  1.84980000E+08  1.84980000E+08  1.84980000E+08  1.84980000E+08  1.84980000E+08 
 1.84980000E+08  1.84980000E+08  1.84980000E+08  1.84980000E+08  1.84980000E+08  1.84980000E+08 
 1.84980000E+08  1.84980000E+08  1.84980000E+08  1.84980000E+08  1.84980000E+08  1.84980000E+08 
 1.84980000E+08  1.84980000E+08  1.84980000E+08  1.84980000E+08  1.84980000E+08  1.84980000E+08 
'MIN LISSAGE' 

 0.00000000E+00  0.00000000E+00  0.00000000E+00  0.00000000E+00  0.00000000E+00  0.00000000E+00 
 0.00000000E+00  0.00000000E+00  0.00000000E+00  0.00000000E+00  0.00000000E+00  0.00000000E+00 
 0.00000000E+00  0.00000000E+00  0.00000000E+00  0.00000000E+00  0.00000000E+00  0.00000000E+00 
 0.00000000E+00  0.00000000E+00  0.00000000E+00  0.00000000E+00  0.00000000E+00  0.00000000E+00 
 0.00000000E+00  0.00000000E+00  0.00000000E+00  0.00000000E+00  0.00000000E+00  0.00000000E+00 
 0.00000000E+00  0.00000000E+00  0.00000000E+00  0.00000000E+00  0.00000000E+00  0.00000000E+00 
 0.00000000E+00  0.00000000E+00  0.00000000E+00  0.00000000E+00  0.00000000E+00  0.00000000E+00 
 0.00000000E+00  0.00000000E+00  0.00000000E+00  0.00000000E+00  0.00000000E+00  0.00000000E+00 
 0.00000000E+00  0.00000000E+00  0.00000000E+00  0.00000000E+00  0.00000000E+00  0.00000000E+00 
 0.00000000E+00  0.00000000E+00  0.00000000E+00  0.00000000E+00  0.00000000E+00  0.00000000E+00 
 0.00000000E+00  0.00000000E+00  0.00000000E+00  0.00000000E+00  0.00000000E+00  0.00000000E+00 
 0.00000000E+00  0.00000000E+00  0.00000000E+00  0.00000000E+00  0.00000000E+00  0.00000000E+00 
 0.00000000E+00  0.00000000E+00  0.00000000E+00  0.00000000E+00  0.00000000E+00  0.00000000E+00 
 0.00000000E+00  0.00000000E+00  0.00000000E+00  0.00000000E+00  0.00000000E+00  0.00000000E+00 
 0.00000000E+00  0.00000000E+00  0.00000000E+00  0.00000000E+00  0.00000000E+00  0.00000000E+00 
 0.00000000E+00  0.00000000E+00  0.00000000E+00  0.00000000E+00  0.00000000E+00  0.00000000E+00 
'SSCOMR' 
'E'  8.99300000E+06  8.99300000E+06  8.99300000E+06  0.00000000E+00 
'APPORTS' 

 0.00000000E+00  0.00000000E+00  0.00000000E+00  0.00000000E+00  0.00000000E+00  0.00000000E+00 
 0.00000000E+00  0.00000000E+00  0.00000000E+00  0.00000000E+00  0.00000000E+00  0.00000000E+00 
 0.00000000E+00  0.00000000E+00  0.00000000E+00  0.00000000E+00  0.00000000E+00  0.00000000E+00 
 0.00000000E+00  0.00000000E+00  0.00000000E+00  0.00000000E+00  0.00000000E+00  0.00000000E+00 
 0.00000000E+00  0.00000000E+00  0.00000000E+00  0.00000000E+00  0.00000000E+00  0.00000000E+00 
 0.00000000E+00  0.00000000E+00  0.00000000E+00  0.00000000E+00  0.00000000E+00  0.00000000E+00 
 0.00000000E+00  0.00000000E+00  0.00000000E+00  0.00000000E+00  0.00000000E+00  0.00000000E+00 
 0.00000000E+00  0.00000000E+00  0.00000000E+00  0.00000000E+00  0.00000000E+00  0.00000000E+00 
 0.00000000E+00  0.00000000E+00  0.00000000E+00  0.00000000E+00  0.00000000E+00  0.00000000E+00 
 0.00000000E+00  0.00000000E+00  0.00000000E+00  0.00000000E+00  0.00000000E+00  0.00000000E+00 
 0.00000000E+00  0.00000000E+00  0.00000000E+00  0.00000000E+00  0.00000000E+00  0.00000000E+00 
 0.00000000E+00  0.00000000E+00  0.00000000E+00  0.00000000E+00  0.00000000E+00  0.00000000E+00 
 0.00000000E+00  0.00000000E+00  0.00000000E+00  0.00000000E+00  0.00000000E+00  0.00000000E+00 
 0.00000000E+00  0.00000000E+00  0.00000000E+00  0.00000000E+00  0.00000000E+00  0.00000000E+00 
 0.00000000E+00  0.00000000E+00  0.00000000E+00  0.00000000E+00  0.00000000E+00  0.00000000E+00 
 0.00000000E+00  0.00000000E+00  0.00000000E+00  0.00000000E+00  0.00000000E+00  0.00000000E+00 
'MAX OPTIMISATION' 

 1.71900000E+07  1.71900000E+07  1.71900000E+07  1.71900000E+07  1.71900000E+07  1.71900000E+07 
 1.71900000E+07  1.71900000E+07  1.71900000E+07  1.71900000E+07  1.71900000E+07  1.71900000E+07 
 1.71900000E+07  1.71900000E+07  1.71900000E+07  1.71900000E+07  1.71900000E+07  1.71900000E+07 
 1.71900000E+07  1.71900000E+07  1.71900000E+07  1.71900000E+07  1.71900000E+07  1.71900000E+07 
 1.71900000E+07  1.71900000E+07  1.71900000E+07  1.71900000E+07  1.71900000E+07  1.71900000E+07 
 1.71900000E+07  1.71900000E+07  1.71900000E+07  1.71900000E+07  1.71900000E+07  1.71900000E+07 
 1.71900000E+07  1.71900000E+07  1.71900000E+07  1.71900000E+07  1.71900000E+07  1.71900000E+07 
 1.71900000E+07  1.71900000E+07  1.71900000E+07  1.71900000E+07  1.71900000E+07  1.71900000E+07 
 1.71900000E+07  1.71900000E+07  1.71900000E+07  1.71900000E+07  1.71900000E+07  1.71900000E+07 
 1.71900000E+07  1.71900000E+07  1.71900000E+07  1.71900000E+07  1.71900000E+07  1.71900000E+07 
 1.71900000E+07  1.71900000E+07  1.71900000E+07  1.71900000E+07  1.71900000E+07  1.71900000E+07 
 1.71900000E+07  1.71900000E+07  1.71900000E+07  1.71900000E+07  1.71900000E+07  1.71900000E+07 
 1.71900000E+07  1.71900000E+07  1.71900000E+07  1.71900000E+07  1.71900000E+07  1.71900000E+07 
 1.71900000E+07  1.71900000E+07  1.71900000E+07  1.71900000E+07  1.71900000E+07  1.71900000E+07 
 1.71900000E+07  1.71900000E+07  1.71900000E+07  1.71900000E+07  1.71900000E+07  1.71900000E+07 
 1.71900000E+07  1.71900000E+07  1.71900000E+07  1.71900000E+07  1.71900000E+07  1.71900000E+07 
'MIN OPTIMISATION' 

 2.99000000E+06  2.99000000E+06  2.99000000E+06  2.99000000E+06  2.99000000E+06  2.99000000E+06 
 2.99000000E+06  2.99000000E+06  2.99000000E+06  2.99000000E+06  2.99000000E+06  2.99000000E+06 
 2.99000000E+06  2.99000000E+06  2.99000000E+06  2.99000000E+06  2.99000000E+06  2.99000000E+06 
 2.99000000E+06  2.99000000E+06  2.99000000E+06  2.99000000E+06  2.99000000E+06  2.99000000E+06 
 2.99000000E+06  2.99000000E+06  2.99000000E+06  2.99000000E+06  2.99000000E+06  2.99000000E+06 
 2.99000000E+06  2.99000000E+06  2.99000000E+06  2.99000000E+06  2.99000000E+06  2.99000000E+06 
 2.99000000E+06  2.99000000E+06  2.99000000E+06  2.99000000E+06  2.99000000E+06  2.99000000E+06 
 2.99000000E+06  2.99000000E+06  2.99000000E+06  2.99000000E+06  2.99000000E+06  2.99000000E+06 
 2.99000000E+06  2.99000000E+06  2.99000000E+06  2.99000000E+06  2.99000000E+06  2.99000000E+06 
 2.99000000E+06  2.99000000E+06  2.99000000E+06  2.99000000E+06  2.99000000E+06  2.99000000E+06 
 2.99000000E+06  2.99000000E+06  2.99000000E+06  2.99000000E+06  2.99000000E+06  2.99000000E+06 
 2.99000000E+06  2.99000000E+06  2.99000000E+06  2.99000000E+06  2.99000000E+06  2.99000000E+06 
 2.99000000E+06  2.99000000E+06  2.99000000E+06  2.99000000E+06  2.99000000E+06  2.99000000E+06 
 2.99000000E+06  2.99000000E+06  2.99000000E+06  2.99000000E+06  2.99000000E+06  2.99000000E+06 
 2.99000000E+06  2.99000000E+06  2.99000000E+06  2.99000000E+06  2.99000000E+06  2.99000000E+06 
 2.99000000E+06  2.99000000E+06  2.99000000E+06  2.99000000E+06  2.99000000E+06  2.99000000E+06 
'MAX LISSAGE' 

 1.73700000E+07  1.73700000E+07  1.73700000E+07  1.73700000E+07  1.73700000E+07  1.73700000E+07 
 1.73700000E+07  1.73700000E+07  1.73700000E+07  1.73700000E+07  1.73700000E+07  1.73700000E+07 
 1.73700000E+07  1.73700000E+07  1.73700000E+07  1.73700000E+07  1.73700000E+07  1.73700000E+07 
 1.73700000E+07  1.73700000E+07  1.73700000E+07  1.73700000E+07  1.73700000E+07  1.73700000E+07 
 1.73700000E+07  1.73700000E+07  1.73700000E+07  1.73700000E+07  1.73700000E+07  1.73700000E+07 
 1.73700000E+07  1.73700000E+07  1.73700000E+07  1.73700000E+07  1.73700000E+07  1.73700000E+07 
 1.73700000E+07  1.73700000E+07  1.73700000E+07  1.73700000E+07  1.73700000E+07  1.73700000E+07 
 1.73700000E+07  1.73700000E+07  1.73700000E+07  1.73700000E+07  1.73700000E+07  1.73700000E+07 
 1.73700000E+07  1.73700000E+07  1.73700000E+07  1.73700000E+07  1.73700000E+07  1.73700000E+07 
 1.73700000E+07  1.73700000E+07  1.73700000E+07  1.73700000E+07  1.73700000E+07  1.73700000E+07 
 1.73700000E+07  1.73700000E+07  1.73700000E+07  1.73700000E+07  1.73700000E+07  1.73700000E+07 
 1.73700000E+07  1.73700000E+07  1.73700000E+07  1.73700000E+07  1.73700000E+07  1.73700000E+07 
 1.73700000E+07  1.73700000E+07  1.73700000E+07  1.73700000E+07  1.73700000E+07  1.73700000E+07 
 1.73700000E+07  1.73700000E+07  1.73700000E+07  1.73700000E+07  1.73700000E+07  1.73700000E+07 
 1.73700000E+07  1.73700000E+07  1.73700000E+07  1.73700000E+07  1.73700000E+07  1.73700000E+07 
 1.73700000E+07  1.73700000E+07  1.73700000E+07  1.73700000E+07  1.73700000E+07  1.73700000E+07 
'MIN LISSAGE' 

 0.00000000E+00  0.00000000E+00  0.00000000E+00  0.00000000E+00  0.00000000E+00  0.00000000E+00 
 0.00000000E+00  0.00000000E+00  0.00000000E+00  0.00000000E+00  0.00000000E+00  0.00000000E+00 
 0.00000000E+00  0.00000000E+00  0.00000000E+00  0.00000000E+00  0.00000000E+00  0.00000000E+00 
 0.00000000E+00  0.00000000E+00  0.00000000E+00  0.00000000E+00  0.00000000E+00  0.00000000E+00 
 0.00000000E+00  0.00000000E+00  0.00000000E+00  0.00000000E+00  0.00000000E+00  0.00000000E+00 
 0.00000000E+00  0.00000000E+00  0.00000000E+00  0.00000000E+00  0.00000000E+00  0.00000000E+00 
 0.00000000E+00  0.00000000E+00  0.00000000E+00  0.00000000E+00  0.00000000E+00  0.00000000E+00 
 0.00000000E+00  0.00000000E+00  0.00000000E+00  0.00000000E+00  0.00000000E+00  0.00000000E+00 
 0.00000000E+00  0.00000000E+00  0.00000000E+00  0.00000000E+00  0.00000000E+00  0.00000000E+00 
 0.00000000E+00  0.00000000E+00  0.00000000E+00  0.00000000E+00  0.00000000E+00  0.00000000E+00 
 0.00000000E+00  0.00000000E+00  0.00000000E+00  0.00000000E+00  0.00000000E+00  0.00000000E+00 
 0.00000000E+00  0.00000000E+00  0.00000000E+00  0.00000000E+00  0.00000000E+00  0.00000000E+00 
 0.00000000E+00  0.00000000E+00  0.00000000E+00  0.00000000E+00  0.00000000E+00  0.00000000E+00 
 0.00000000E+00  0.00000000E+00  0.00000000E+00  0.00000000E+00  0.00000000E+00  0.00000000E+00 
 0.00000000E+00  0.00000000E+00  0.00000000E+00  0.00000000E+00  0.00000000E+00  0.00000000E+00 
 0.00000000E+00  0.00000000E+00  0.00000000E+00  0.00000000E+00  0.00000000E+00  0.00000000E+00 
'CHAMPR' 
'X'  0.00000000E+00  0.00000000E+00  0.00000000E+00  0.00000000E+00 
'APPORTS' 

 0.00000000E+00  0.00000000E+00  0.00000000E+00  0.00000000E+00  0.00000000E+00  0.00000000E+00 
 0.00000000E+00  0.00000000E+00  0.00000000E+00  0.00000000E+00  0.00000000E+00  0.00000000E+00 
 0.00000000E+00  0.00000000E+00  0.00000000E+00  0.00000000E+00  0.00000000E+00  0.00000000E+00 
 0.00000000E+00  0.00000000E+00  0.00000000E+00  0.00000000E+00  0.00000000E+00  0.00000000E+00 
 0.00000000E+00  0.00000000E+00  0.00000000E+00  0.00000000E+00  0.00000000E+00  0.00000000E+00 
 0.00000000E+00  0.00000000E+00  0.00000000E+00  0.00000000E+00  0.00000000E+00  0.00000000E+00 
 0.00000000E+00  0.00000000E+00  0.00000000E+00  0.00000000E+00  0.00000000E+00  0.00000000E+00 
 0.00000000E+00  0.00000000E+00  0.00000000E+00  0.00000000E+00  0.00000000E+00  0.00000000E+00 
 0.00000000E+00  0.00000000E+00  0.00000000E+00  0.00000000E+00  0.00000000E+00  0.00000000E+00 
 0.00000000E+00  0.00000000E+00  0.00000000E+00  0.00000000E+00  0.00000000E+00  0.00000000E+00 
 0.00000000E+00  0.00000000E+00  0.00000000E+00  0.00000000E+00  0.00000000E+00  0.00000000E+00 
 0.00000000E+00  0.00000000E+00  0.00000000E+00  0.00000000E+00  0.00000000E+00  0.00000000E+00 
 0.00000000E+00  0.00000000E+00  0.00000000E+00  0.00000000E+00  0.00000000E+00  0.00000000E+00 
 0.00000000E+00  0.00000000E+00  0.00000000E+00  0.00000000E+00  0.00000000E+00  0.00000000E+00 
 0.00000000E+00  0.00000000E+00  0.00000000E+00  0.00000000E+00  0.00000000E+00  0.00000000E+00 
 0.00000000E+00  0.00000000E+00  0.00000000E+00  0.00000000E+00  0.00000000E+00  0.00000000E+00 
'MAX OPTIMISATION' 

 0.00000000E+00  0.00000000E+00  0.00000000E+00  0.00000000E+00  0.00000000E+00  0.00000000E+00 
 0.00000000E+00  0.00000000E+00  0.00000000E+00  0.00000000E+00  0.00000000E+00  0.00000000E+00 
 0.00000000E+00  0.00000000E+00  0.00000000E+00  0.00000000E+00  0.00000000E+00  0.00000000E+00 
 0.00000000E+00  0.00000000E+00  0.00000000E+00  0.00000000E+00  0.00000000E+00  0.00000000E+00 
 0.00000000E+00  0.00000000E+00  0.00000000E+00  0.00000000E+00  0.00000000E+00  0.00000000E+00 
 0.00000000E+00  0.00000000E+00  0.00000000E+00  0.00000000E+00  0.00000000E+00  0.00000000E+00 
 0.00000000E+00  0.00000000E+00  0.00000000E+00  0.00000000E+00  0.00000000E+00  0.00000000E+00 
 0.00000000E+00  0.00000000E+00  0.00000000E+00  0.00000000E+00  0.00000000E+00  0.00000000E+00 
 0.00000000E+00  0.00000000E+00  0.00000000E+00  0.00000000E+00  0.00000000E+00  0.00000000E+00 
 0.00000000E+00  0.00000000E+00  0.00000000E+00  0.00000000E+00  0.00000000E+00  0.00000000E+00 
 0.00000000E+00  0.00000000E+00  0.00000000E+00  0.00000000E+00  0.00000000E+00  0.00000000E+00 
 0.00000000E+00  0.00000000E+00  0.00000000E+00  0.00000000E+00  0.00000000E+00  0.00000000E+00 
 0.00000000E+00  0.00000000E+00  0.00000000E+00  0.00000000E+00  0.00000000E+00  0.00000000E+00 
 0.00000000E+00  0.00000000E+00  0.00000000E+00  0.00000000E+00  0.00000000E+00  0.00000000E+00 
 0.00000000E+00  0.00000000E+00  0.00000000E+00  0.00000000E+00  0.00000000E+00  0.00000000E+00 
 0.00000000E+00  0.00000000E+00  0.00000000E+00  0.00000000E+00  0.00000000E+00  0.00000000E+00 
'MIN OPTIMISATION' 

 0.00000000E+00  0.00000000E+00  0.00000000E+00  0.00000000E+00  0.00000000E+00  0.00000000E+00 
 0.00000000E+00  0.00000000E+00  0.00000000E+00  0.00000000E+00  0.00000000E+00  0.00000000E+00 
 0.00000000E+00  0.00000000E+00  0.00000000E+00  0.00000000E+00  0.00000000E+00  0.00000000E+00 
 0.00000000E+00  0.00000000E+00  0.00000000E+00  0.00000000E+00  0.00000000E+00  0.00000000E+00 
 0.00000000E+00  0.00000000E+00  0.00000000E+00  0.00000000E+00  0.00000000E+00  0.00000000E+00 
 0.00000000E+00  0.00000000E+00  0.00000000E+00  0.00000000E+00  0.00000000E+00  0.00000000E+00 
 0.00000000E+00  0.00000000E+00  0.00000000E+00  0.00000000E+00  0.00000000E+00  0.00000000E+00 
 0.00000000E+00  0.00000000E+00  0.00000000E+00  0.00000000E+00  0.00000000E+00  0.00000000E+00 
 0.00000000E+00  0.00000000E+00  0.00000000E+00  0.00000000E+00  0.00000000E+00  0.00000000E+00 
 0.00000000E+00  0.00000000E+00  0.00000000E+00  0.00000000E+00  0.00000000E+00  0.00000000E+00 
 0.00000000E+00  0.00000000E+00  0.00000000E+00  0.00000000E+00  0.00000000E+00  0.00000000E+00 
 0.00000000E+00  0.00000000E+00  0.00000000E+00  0.00000000E+00  0.00000000E+00  0.00000000E+00 
 0.00000000E+00  0.00000000E+00  0.00000000E+00  0.00000000E+00  0.00000000E+00  0.00000000E+00 
 0.00000000E+00  0.00000000E+00  0.00000000E+00  0.00000000E+00  0.00000000E+00  0.00000000E+00 
 0.00000000E+00  0.00000000E+00  0.00000000E+00  0.00000000E+00  0.00000000E+00  0.00000000E+00 
 0.00000000E+00  0.00000000E+00  0.00000000E+00  0.00000000E+00  0.00000000E+00  0.00000000E+00 
'MAX LISSAGE' 

 0.00000000E+00  0.00000000E+00  0.00000000E+00  0.00000000E+00  0.00000000E+00  0.00000000E+00 
 0.00000000E+00  0.00000000E+00  0.00000000E+00  0.00000000E+00  0.00000000E+00  0.00000000E+00 
 0.00000000E+00  0.00000000E+00  0.00000000E+00  0.00000000E+00  0.00000000E+00  0.00000000E+00 
 0.00000000E+00  0.00000000E+00  0.00000000E+00  0.00000000E+00  0.00000000E+00  0.00000000E+00 
 0.00000000E+00  0.00000000E+00  0.00000000E+00  0.00000000E+00  0.00000000E+00  0.00000000E+00 
 0.00000000E+00  0.00000000E+00  0.00000000E+00  0.00000000E+00  0.00000000E+00  0.00000000E+00 
 0.00000000E+00  0.00000000E+00  0.00000000E+00  0.00000000E+00  0.00000000E+00  0.00000000E+00 
 0.00000000E+00  0.00000000E+00  0.00000000E+00  0.00000000E+00  0.00000000E+00  0.00000000E+00 
 0.00000000E+00  0.00000000E+00  0.00000000E+00  0.00000000E+00  0.00000000E+00  0.00000000E+00 
 0.00000000E+00  0.00000000E+00  0.00000000E+00  0.00000000E+00  0.00000000E+00  0.00000000E+00 
 0.00000000E+00  0.00000000E+00  0.00000000E+00  0.00000000E+00  0.00000000E+00  0.00000000E+00 
 0.00000000E+00  0.00000000E+00  0.00000000E+00  0.00000000E+00  0.00000000E+00  0.00000000E+00 
 0.00000000E+00  0.00000000E+00  0.00000000E+00  0.00000000E+00  0.00000000E+00  0.00000000E+00 
 0.00000000E+00  0.00000000E+00  0.00000000E+00  0.00000000E+00  0.00000000E+00  0.00000000E+00 
 0.00000000E+00  0.00000000E+00  0.00000000E+00  0.00000000E+00  0.00000000E+00  0.00000000E+00 
 0.00000000E+00  0.00000000E+00  0.00000000E+00  0.00000000E+00  0.00000000E+00  0.00000000E+00 
'MIN LISSAGE' 

 0.00000000E+00  0.00000000E+00  0.00000000E+00  0.00000000E+00  0.00000000E+00  0.00000000E+00 
 0.00000000E+00  0.00000000E+00  0.00000000E+00  0.00000000E+00  0.00000000E+00  0.00000000E+00 
 0.00000000E+00  0.00000000E+00  0.00000000E+00  0.00000000E+00  0.00000000E+00  0.00000000E+00 
 0.00000000E+00  0.00000000E+00  0.00000000E+00  0.00000000E+00  0.00000000E+00  0.00000000E+00 
 0.00000000E+00  0.00000000E+00  0.00000000E+00  0.00000000E+00  0.00000000E+00  0.00000000E+00 
 0.00000000E+00  0.00000000E+00  0.00000000E+00  0.00000000E+00  0.00000000E+00  0.00000000E+00 
 0.00000000E+00  0.00000000E+00  0.00000000E+00  0.00000000E+00  0.00000000E+00  0.00000000E+00 
 0.00000000E+00  0.00000000E+00  0.00000000E+00  0.00000000E+00  0.00000000E+00  0.00000000E+00 
 0.00000000E+00  0.00000000E+00  0.00000000E+00  0.00000000E+00  0.00000000E+00  0.00000000E+00 
 0.00000000E+00  0.00000000E+00  0.00000000E+00  0.00000000E+00  0.00000000E+00  0.00000000E+00 
 0.00000000E+00  0.00000000E+00  0.00000000E+00  0.00000000E+00  0.00000000E+00  0.00000000E+00 
 0.00000000E+00  0.00000000E+00  0.00000000E+00  0.00000000E+00  0.00000000E+00  0.00000000E+00 
 0.00000000E+00  0.00000000E+00  0.00000000E+00  0.00000000E+00  0.00000000E+00  0.00000000E+00 
 0.00000000E+00  0.00000000E+00  0.00000000E+00  0.00000000E+00  0.00000000E+00  0.00000000E+00 
 0.00000000E+00  0.00000000E+00  0.00000000E+00  0.00000000E+00  0.00000000E+00  0.00000000E+00 
 0.00000000E+00  0.00000000E+00  0.00000000E+00  0.00000000E+00  0.00000000E+00  0.00000000E+00 
'P.CLAR' 
'X'  0.00000000E+00  0.00000000E+00  0.00000000E+00  0.00000000E+00 
'APPORTS' 

 8.10000000E+01  1.39000000E+02  1.39000000E+02  4.70000000E+01  4.70000000E+01  4.70000000E+01 
 5.20000000E+01  5.20000000E+01  5.20000000E+01  5.20000000E+01  5.20000000E+01  5.20000000E+01 
 4.70000000E+01  4.70000000E+01  4.70000000E+01  4.70000000E+01  4.70000000E+01  4.70000000E+01 
 4.70000000E+01  4.70000000E+01  4.70000000E+01  4.70000000E+01  4.20000000E+01  4.20000000E+01 
 4.20000000E+01  4.20000000E+01  4.70000000E+01  4.70000000E+01  4.70000000E+01  4.70000000E+01 
 4.70000000E+01  4.70000000E+01  4.70000000E+01  4.70000000E+01  4.70000000E+01  4.70000000E+01 
 4.70000000E+01  4.70000000E+01  4.70000000E+01  4.70000000E+01  4.70000000E+01  4.70000000E+01 
 4.70000000E+01  4.70000000E+01  3.70000000E+01  3.70000000E+01  3.70000000E+01  3.70000000E+01 
 3.70000000E+01  3.70000000E+01  3.70000000E+01  3.70000000E+01  3.70000000E+01  3.70000000E+01 
 3.20000000E+01  3.20000000E+01  3.20000000E+01  3.20000000E+01  3.20000000E+01  3.20000000E+01 
 3.20000000E+01  3.20000000E+01  3.20000000E+01  3.20000000E+01  3.20000000E+01  3.20000000E+01 
 3.20000000E+01  3.20000000E+01  3.70000000E+01  4.20000000E+01  4.20000000E+01  4.20000000E+01 
 4.20000000E+01  4.20000000E+01  4.20000000E+01  4.20000000E+01  4.20000000E+01  4.20000000E+01 
 4.20000000E+01  4.20000000E+01  4.20000000E+01  4.20000000E+01  4.20000000E+01  4.20000000E+01 
 4.20000000E+01  4.20000000E+01  4.20000000E+01  4.20000000E+01  4.20000000E+01  4.20000000E+01 
 3.70000000E+01  3.70000000E+01  3.70000000E+01  3.70000000E+01  3.70000000E+01  3.70000000E+01 
'MAX OPTIMISATION' 

 0.00000000E+00  0.00000000E+00  0.00000000E+00  0.00000000E+00  0.00000000E+00  0.00000000E+00 
 0.00000000E+00  0.00000000E+00  0.00000000E+00  0.00000000E+00  0.00000000E+00  0.00000000E+00 
 0.00000000E+00  0.00000000E+00  0.00000000E+00  0.00000000E+00  0.00000000E+00  0.00000000E+00 
 0.00000000E+00  0.00000000E+00  0.00000000E+00  0.00000000E+00  0.00000000E+00  0.00000000E+00 
 0.00000000E+00  0.00000000E+00  0.00000000E+00  0.00000000E+00  0.00000000E+00  0.00000000E+00 
 0.00000000E+00  0.00000000E+00  0.00000000E+00  0.00000000E+00  0.00000000E+00  0.00000000E+00 
 0.00000000E+00  0.00000000E+00  0.00000000E+00  0.00000000E+00  0.00000000E+00  0.00000000E+00 
 0.00000000E+00  0.00000000E+00  0.00000000E+00  0.00000000E+00  0.00000000E+00  0.00000000E+00 
 0.00000000E+00  0.00000000E+00  0.00000000E+00  0.00000000E+00  0.00000000E+00  0.00000000E+00 
 0.00000000E+00  0.00000000E+00  0.00000000E+00  0.00000000E+00  0.00000000E+00  0.00000000E+00 
 0.00000000E+00  0.00000000E+00  0.00000000E+00  0.00000000E+00  0.00000000E+00  0.00000000E+00 
 0.00000000E+00  0.00000000E+00  0.00000000E+00  0.00000000E+00  0.00000000E+00  0.00000000E+00 
 0.00000000E+00  0.00000000E+00  0.00000000E+00  0.00000000E+00  0.00000000E+00  0.00000000E+00 
 0.00000000E+00  0.00000000E+00  0.00000000E+00  0.00000000E+00  0.00000000E+00  0.00000000E+00 
 0.00000000E+00  0.00000000E+00  0.00000000E+00  0.00000000E+00  0.00000000E+00  0.00000000E+00 
 0.00000000E+00  0.00000000E+00  0.00000000E+00  0.00000000E+00  0.00000000E+00  0.00000000E+00 
'MIN OPTIMISATION' 

 0.00000000E+00  0.00000000E+00  0.00000000E+00  0.00000000E+00  0.00000000E+00  0.00000000E+00 
 0.00000000E+00  0.00000000E+00  0.00000000E+00  0.00000000E+00  0.00000000E+00  0.00000000E+00 
 0.00000000E+00  0.00000000E+00  0.00000000E+00  0.00000000E+00  0.00000000E+00  0.00000000E+00 
 0.00000000E+00  0.00000000E+00  0.00000000E+00  0.00000000E+00  0.00000000E+00  0.00000000E+00 
 0.00000000E+00  0.00000000E+00  0.00000000E+00  0.00000000E+00  0.00000000E+00  0.00000000E+00 
 0.00000000E+00  0.00000000E+00  0.00000000E+00  0.00000000E+00  0.00000000E+00  0.00000000E+00 
 0.00000000E+00  0.00000000E+00  0.00000000E+00  0.00000000E+00  0.00000000E+00  0.00000000E+00 
 0.00000000E+00  0.00000000E+00  0.00000000E+00  0.00000000E+00  0.00000000E+00  0.00000000E+00 
 0.00000000E+00  0.00000000E+00  0.00000000E+00  0.00000000E+00  0.00000000E+00  0.00000000E+00 
 0.00000000E+00  0.00000000E+00  0.00000000E+00  0.00000000E+00  0.00000000E+00  0.00000000E+00 
 0.00000000E+00  0.00000000E+00  0.00000000E+00  0.00000000E+00  0.00000000E+00  0.00000000E+00 
 0.00000000E+00  0.00000000E+00  0.00000000E+00  0.00000000E+00  0.00000000E+00  0.00000000E+00 
 0.00000000E+00  0.00000000E+00  0.00000000E+00  0.00000000E+00  0.00000000E+00  0.00000000E+00 
 0.00000000E+00  0.00000000E+00  0.00000000E+00  0.00000000E+00  0.00000000E+00  0.00000000E+00 
 0.00000000E+00  0.00000000E+00  0.00000000E+00  0.00000000E+00  0.00000000E+00  0.00000000E+00 
 0.00000000E+00  0.00000000E+00  0.00000000E+00  0.00000000E+00  0.00000000E+00  0.00000000E+00 
'MAX LISSAGE' 

 0.00000000E+00  0.00000000E+00  0.00000000E+00  0.00000000E+00  0.00000000E+00  0.00000000E+00 
 0.00000000E+00  0.00000000E+00  0.00000000E+00  0.00000000E+00  0.00000000E+00  0.00000000E+00 
 0.00000000E+00  0.00000000E+00  0.00000000E+00  0.00000000E+00  0.00000000E+00  0.00000000E+00 
 0.00000000E+00  0.00000000E+00  0.00000000E+00  0.00000000E+00  0.00000000E+00  0.00000000E+00 
 0.00000000E+00  0.00000000E+00  0.00000000E+00  0.00000000E+00  0.00000000E+00  0.00000000E+00 
 0.00000000E+00  0.00000000E+00  0.00000000E+00  0.00000000E+00  0.00000000E+00  0.00000000E+00 
 0.00000000E+00  0.00000000E+00  0.00000000E+00  0.00000000E+00  0.00000000E+00  0.00000000E+00 
 0.00000000E+00  0.00000000E+00  0.00000000E+00  0.00000000E+00  0.00000000E+00  0.00000000E+00 
 0.00000000E+00  0.00000000E+00  0.00000000E+00  0.00000000E+00  0.00000000E+00  0.00000000E+00 
 0.00000000E+00  0.00000000E+00  0.00000000E+00  0.00000000E+00  0.00000000E+00  0.00000000E+00 
 0.00000000E+00  0.00000000E+00  0.00000000E+00  0.00000000E+00  0.00000000E+00  0.00000000E+00 
 0.00000000E+00  0.00000000E+00  0.00000000E+00  0.00000000E+00  0.00000000E+00  0.00000000E+00 
 0.00000000E+00  0.00000000E+00  0.00000000E+00  0.00000000E+00  0.00000000E+00  0.00000000E+00 
 0.00000000E+00  0.00000000E+00  0.00000000E+00  0.00000000E+00  0.00000000E+00  0.00000000E+00 
 0.00000000E+00  0.00000000E+00  0.00000000E+00  0.00000000E+00  0.00000000E+00  0.00000000E+00 
 0.00000000E+00  0.00000000E+00  0.00000000E+00  0.00000000E+00  0.00000000E+00  0.00000000E+00 
'MIN LISSAGE' 

 0.00000000E+00  0.00000000E+00  0.00000000E+00  0.00000000E+00  0.00000000E+00  0.00000000E+00 
 0.00000000E+00  0.00000000E+00  0.00000000E+00  0.00000000E+00  0.00000000E+00  0.00000000E+00 
 0.00000000E+00  0.00000000E+00  0.00000000E+00  0.00000000E+00  0.00000000E+00  0.00000000E+00 
 0.00000000E+00  0.00000000E+00  0.00000000E+00  0.00000000E+00  0.00000000E+00  0.00000000E+00 
 0.00000000E+00  0.00000000E+00  0.00000000E+00  0.00000000E+00  0.00000000E+00  0.00000000E+00 
 0.00000000E+00  0.00000000E+00  0.00000000E+00  0.00000000E+00  0.00000000E+00  0.00000000E+00 
 0.00000000E+00  0.00000000E+00  0.00000000E+00  0.00000000E+00  0.00000000E+00  0.00000000E+00 
 0.00000000E+00  0.00000000E+00  0.00000000E+00  0.00000000E+00  0.00000000E+00  0.00000000E+00 
 0.00000000E+00  0.00000000E+00  0.00000000E+00  0.00000000E+00  0.00000000E+00  0.00000000E+00 
 0.00000000E+00  0.00000000E+00  0.00000000E+00  0.00000000E+00  0.00000000E+00  0.00000000E+00 
 0.00000000E+00  0.00000000E+00  0.00000000E+00  0.00000000E+00  0.00000000E+00  0.00000000E+00 
 0.00000000E+00  0.00000000E+00  0.00000000E+00  0.00000000E+00  0.00000000E+00  0.00000000E+00 
 0.00000000E+00  0.00000000E+00  0.00000000E+00  0.00000000E+00  0.00000000E+00  0.00000000E+00 
 0.00000000E+00  0.00000000E+00  0.00000000E+00  0.00000000E+00  0.00000000E+00  0.00000000E+00 
 0.00000000E+00  0.00000000E+00  0.00000000E+00  0.00000000E+00  0.00000000E+00  0.00000000E+00 
 0.00000000E+00  0.00000000E+00  0.00000000E+00  0.00000000E+00  0.00000000E+00  0.00000000E+00 
'D.INFR' 
'X'  0.00000000E+00  0.00000000E+00  0.00000000E+00  0.00000000E+00 
'APPORTS' 

 0.00000000E+00  0.00000000E+00  0.00000000E+00  0.00000000E+00  0.00000000E+00  0.00000000E+00 
 0.00000000E+00  0.00000000E+00  0.00000000E+00  0.00000000E+00  0.00000000E+00  0.00000000E+00 
 0.00000000E+00  0.00000000E+00  0.00000000E+00  0.00000000E+00  0.00000000E+00  0.00000000E+00 
 0.00000000E+00  0.00000000E+00  0.00000000E+00  0.00000000E+00  0.00000000E+00  0.00000000E+00 
 0.00000000E+00  0.00000000E+00  0.00000000E+00  0.00000000E+00  0.00000000E+00  0.00000000E+00 
 0.00000000E+00  0.00000000E+00  0.00000000E+00  0.00000000E+00  0.00000000E+00  0.00000000E+00 
 0.00000000E+00  0.00000000E+00  0.00000000E+00  0.00000000E+00  0.00000000E+00  0.00000000E+00 
 0.00000000E+00  0.00000000E+00  0.00000000E+00  0.00000000E+00  0.00000000E+00  0.00000000E+00 
 0.00000000E+00  0.00000000E+00  0.00000000E+00  0.00000000E+00  0.00000000E+00  0.00000000E+00 
 0.00000000E+00  0.00000000E+00  0.00000000E+00  0.00000000E+00  0.00000000E+00  0.00000000E+00 
 0.00000000E+00  0.00000000E+00  0.00000000E+00  0.00000000E+00  0.00000000E+00  0.00000000E+00 
 0.00000000E+00  0.00000000E+00  0.00000000E+00  0.00000000E+00  0.00000000E+00  0.00000000E+00 
 0.00000000E+00  0.00000000E+00  0.00000000E+00  0.00000000E+00  0.00000000E+00  0.00000000E+00 
 0.00000000E+00  0.00000000E+00  0.00000000E+00  0.00000000E+00  0.00000000E+00  0.00000000E+00 
 0.00000000E+00  0.00000000E+00  0.00000000E+00  0.00000000E+00  0.00000000E+00  0.00000000E+00 
 0.00000000E+00  0.00000000E+00  0.00000000E+00  0.00000000E+00  0.00000000E+00  0.00000000E+00 
'MAX OPTIMISATION' 

 0.00000000E+00  0.00000000E+00  0.00000000E+00  0.00000000E+00  0.00000000E+00  0.00000000E+00 
 0.00000000E+00  0.00000000E+00  0.00000000E+00  0.00000000E+00  0.00000000E+00  0.00000000E+00 
 0.00000000E+00  0.00000000E+00  0.00000000E+00  0.00000000E+00  0.00000000E+00  0.00000000E+00 
 0.00000000E+00  0.00000000E+00  0.00000000E+00  0.00000000E+00  0.00000000E+00  0.00000000E+00 
 0.00000000E+00  0.00000000E+00  0.00000000E+00  0.00000000E+00  0.00000000E+00  0.00000000E+00 
 0.00000000E+00  0.00000000E+00  0.00000000E+00  0.00000000E+00  0.00000000E+00  0.00000000E+00 
 0.00000000E+00  0.00000000E+00  0.00000000E+00  0.00000000E+00  0.00000000E+00  0.00000000E+00 
 0.00000000E+00  0.00000000E+00  0.00000000E+00  0.00000000E+00  0.00000000E+00  0.00000000E+00 
 0.00000000E+00  0.00000000E+00  0.00000000E+00  0.00000000E+00  0.00000000E+00  0.00000000E+00 
 0.00000000E+00  0.00000000E+00  0.00000000E+00  0.00000000E+00  0.00000000E+00  0.00000000E+00 
 0.00000000E+00  0.00000000E+00  0.00000000E+00  0.00000000E+00  0.00000000E+00  0.00000000E+00 
 0.00000000E+00  0.00000000E+00  0.00000000E+00  0.00000000E+00  0.00000000E+00  0.00000000E+00 
 0.00000000E+00  0.00000000E+00  0.00000000E+00  0.00000000E+00  0.00000000E+00  0.00000000E+00 
 0.00000000E+00  0.00000000E+00  0.00000000E+00  0.00000000E+00  0.00000000E+00  0.00000000E+00 
 0.00000000E+00  0.00000000E+00  0.00000000E+00  0.00000000E+00  0.00000000E+00  0.00000000E+00 
 0.00000000E+00  0.00000000E+00  0.00000000E+00  0.00000000E+00  0.00000000E+00  0.00000000E+00 
'MIN OPTIMISATION' 

 0.00000000E+00  0.00000000E+00  0.00000000E+00  0.00000000E+00  0.00000000E+00  0.00000000E+00 
 0.00000000E+00  0.00000000E+00  0.00000000E+00  0.00000000E+00  0.00000000E+00  0.00000000E+00 
 0.00000000E+00  0.00000000E+00  0.00000000E+00  0.00000000E+00  0.00000000E+00  0.00000000E+00 
 0.00000000E+00  0.00000000E+00  0.00000000E+00  0.00000000E+00  0.00000000E+00  0.00000000E+00 
 0.00000000E+00  0.00000000E+00  0.00000000E+00  0.00000000E+00  0.00000000E+00  0.00000000E+00 
 0.00000000E+00  0.00000000E+00  0.00000000E+00  0.00000000E+00  0.00000000E+00  0.00000000E+00 
 0.00000000E+00  0.00000000E+00  0.00000000E+00  0.00000000E+00  0.00000000E+00  0.00000000E+00 
 0.00000000E+00  0.00000000E+00  0.00000000E+00  0.00000000E+00  0.00000000E+00  0.00000000E+00 
 0.00000000E+00  0.00000000E+00  0.00000000E+00  0.00000000E+00  0.00000000E+00  0.00000000E+00 
 0.00000000E+00  0.00000000E+00  0.00000000E+00  0.00000000E+00  0.00000000E+00  0.00000000E+00 
 0.00000000E+00  0.00000000E+00  0.00000000E+00  0.00000000E+00  0.00000000E+00  0.00000000E+00 
 0.00000000E+00  0.00000000E+00  0.00000000E+00  0.00000000E+00  0.00000000E+00  0.00000000E+00 
 0.00000000E+00  0.00000000E+00  0.00000000E+00  0.00000000E+00  0.00000000E+00  0.00000000E+00 
 0.00000000E+00  0.00000000E+00  0.00000000E+00  0.00000000E+00  0.00000000E+00  0.00000000E+00 
 0.00000000E+00  0.00000000E+00  0.00000000E+00  0.00000000E+00  0.00000000E+00  0.00000000E+00 
 0.00000000E+00  0.00000000E+00  0.00000000E+00  0.00000000E+00  0.00000000E+00  0.00000000E+00 
'MAX LISSAGE' 

 0.00000000E+00  0.00000000E+00  0.00000000E+00  0.00000000E+00  0.00000000E+00  0.00000000E+00 
 0.00000000E+00  0.00000000E+00  0.00000000E+00  0.00000000E+00  0.00000000E+00  0.00000000E+00 
 0.00000000E+00  0.00000000E+00  0.00000000E+00  0.00000000E+00  0.00000000E+00  0.00000000E+00 
 0.00000000E+00  0.00000000E+00  0.00000000E+00  0.00000000E+00  0.00000000E+00  0.00000000E+00 
 0.00000000E+00  0.00000000E+00  0.00000000E+00  0.00000000E+00  0.00000000E+00  0.00000000E+00 
 0.00000000E+00  0.00000000E+00  0.00000000E+00  0.00000000E+00  0.00000000E+00  0.00000000E+00 
 0.00000000E+00  0.00000000E+00  0.00000000E+00  0.00000000E+00  0.00000000E+00  0.00000000E+00 
 0.00000000E+00  0.00000000E+00  0.00000000E+00  0.00000000E+00  0.00000000E+00  0.00000000E+00 
 0.00000000E+00  0.00000000E+00  0.00000000E+00  0.00000000E+00  0.00000000E+00  0.00000000E+00 
 0.00000000E+00  0.00000000E+00  0.00000000E+00  0.00000000E+00  0.00000000E+00  0.00000000E+00 
 0.00000000E+00  0.00000000E+00  0.00000000E+00  0.00000000E+00  0.00000000E+00  0.00000000E+00 
 0.00000000E+00  0.00000000E+00  0.00000000E+00  0.00000000E+00  0.00000000E+00  0.00000000E+00 
 0.00000000E+00  0.00000000E+00  0.00000000E+00  0.00000000E+00  0.00000000E+00  0.00000000E+00 
 0.00000000E+00  0.00000000E+00  0.00000000E+00  0.00000000E+00  0.00000000E+00  0.00000000E+00 
 0.00000000E+00  0.00000000E+00  0.00000000E+00  0.00000000E+00  0.00000000E+00  0.00000000E+00 
 0.00000000E+00  0.00000000E+00  0.00000000E+00  0.00000000E+00  0.00000000E+00  0.00000000E+00 
'MIN LISSAGE' 

 0.00000000E+00  0.00000000E+00  0.00000000E+00  0.00000000E+00  0.00000000E+00  0.00000000E+00 
 0.00000000E+00  0.00000000E+00  0.00000000E+00  0.00000000E+00  0.00000000E+00  0.00000000E+00 
 0.00000000E+00  0.00000000E+00  0.00000000E+00  0.00000000E+00  0.00000000E+00  0.00000000E+00 
 0.00000000E+00  0.00000000E+00  0.00000000E+00  0.00000000E+00  0.00000000E+00  0.00000000E+00 
 0.00000000E+00  0.00000000E+00  0.00000000E+00  0.00000000E+00  0.00000000E+00  0.00000000E+00 
 0.00000000E+00  0.00000000E+00  0.00000000E+00  0.00000000E+00  0.00000000E+00  0.00000000E+00 
 0.00000000E+00  0.00000000E+00  0.00000000E+00  0.00000000E+00  0.00000000E+00  0.00000000E+00 
 0.00000000E+00  0.00000000E+00  0.00000000E+00  0.00000000E+00  0.00000000E+00  0.00000000E+00 
 0.00000000E+00  0.00000000E+00  0.00000000E+00  0.00000000E+00  0.00000000E+00  0.00000000E+00 
 0.00000000E+00  0.00000000E+00  0.00000000E+00  0.00000000E+00  0.00000000E+00  0.00000000E+00 
 0.00000000E+00  0.00000000E+00  0.00000000E+00  0.00000000E+00  0.00000000E+00  0.00000000E+00 
 0.00000000E+00  0.00000000E+00  0.00000000E+00  0.00000000E+00  0.00000000E+00  0.00000000E+00 
 0.00000000E+00  0.00000000E+00  0.00000000E+00  0.00000000E+00  0.00000000E+00  0.00000000E+00 
 0.00000000E+00  0.00000000E+00  0.00000000E+00  0.00000000E+00  0.00000000E+00  0.00000000E+00 
 0.00000000E+00  0.00000000E+00  0.00000000E+00  0.00000000E+00  0.00000000E+00  0.00000000E+00 
 0.00000000E+00  0.00000000E+00  0.00000000E+00  0.00000000E+00  0.00000000E+00  0.00000000E+00 
'ROSELR' 
'E'  1.40009008E+08  0.00000000E+00  1.74170000E+08  1.90799996E-01 
'APPORTS' 

 0.00000000E+00  0.00000000E+00  0.00000000E+00  0.00000000E+00  0.00000000E+00  0.00000000E+00 
 0.00000000E+00  0.00000000E+00  0.00000000E+00  0.00000000E+00  0.00000000E+00  0.00000000E+00 
 0.00000000E+00  0.00000000E+00  0.00000000E+00  0.00000000E+00  0.00000000E+00  0.00000000E+00 
 0.00000000E+00  0.00000000E+00  0.00000000E+00  0.00000000E+00  0.00000000E+00  0.00000000E+00 
 0.00000000E+00  0.00000000E+00  0.00000000E+00  0.00000000E+00  0.00000000E+00  0.00000000E+00 
 0.00000000E+00  0.00000000E+00  0.00000000E+00  0.00000000E+00  0.00000000E+00  0.00000000E+00 
 0.00000000E+00  0.00000000E+00  0.00000000E+00  0.00000000E+00  0.00000000E+00  0.00000000E+00 
 0.00000000E+00  0.00000000E+00  0.00000000E+00  0.00000000E+00  0.00000000E+00  0.00000000E+00 
 0.00000000E+00  0.00000000E+00  0.00000000E+00  0.00000000E+00  0.00000000E+00  0.00000000E+00 
 0.00000000E+00  0.00000000E+00  0.00000000E+00  0.00000000E+00  0.00000000E+00  0.00000000E+00 
 0.00000000E+00  0.00000000E+00  0.00000000E+00  0.00000000E+00  0.00000000E+00  0.00000000E+00 
 0.00000000E+00  0.00000000E+00  0.00000000E+00  0.00000000E+00  0.00000000E+00  0.00000000E+00 
 0.00000000E+00  0.00000000E+00  0.00000000E+00  0.00000000E+00  0.00000000E+00  0.00000000E+00 
 0.00000000E+00  0.00000000E+00  0.00000000E+00  0.00000000E+00  0.00000000E+00  0.00000000E+00 
 0.00000000E+00  0.00000000E+00  0.00000000E+00  0.00000000E+00  0.00000000E+00  0.00000000E+00 
 0.00000000E+00  0.00000000E+00  0.00000000E+00  0.00000000E+00  0.00000000E+00  0.00000000E+00 
'MAX OPTIMISATION' 

 1.74170000E+08  1.74170000E+08  1.74170000E+08  1.74170000E+08  1.74170000E+08  1.74170000E+08 
 1.74170000E+08  1.74170000E+08  1.74170000E+08  1.74170000E+08  1.74170000E+08  1.74170000E+08 
 1.74170000E+08  1.74170000E+08  1.74170000E+08  1.74170000E+08  1.74170000E+08  1.74170000E+08 
 1.74170000E+08  1.74170000E+08  1.74170000E+08  1.74170000E+08  1.74170000E+08  1.74170000E+08 
 1.74170000E+08  1.74170000E+08  1.74170000E+08  1.74170000E+08  1.74170000E+08  1.74170000E+08 
 1.74170000E+08  1.74170000E+08  1.74170000E+08  1.74170000E+08  1.74170000E+08  1.74170000E+08 
 1.74170000E+08  1.74170000E+08  1.74170000E+08  1.74170000E+08  1.74170000E+08  1.74170000E+08 
 1.74170000E+08  1.74170000E+08  1.74170000E+08  1.74170000E+08  1.74170000E+08  1.74170000E+08 
 1.74170000E+08  1.74170000E+08  1.74170000E+08  1.74170000E+08  1.74170000E+08  1.74170000E+08 
 1.74170000E+08  1.74170000E+08  1.74170000E+08  1.74170000E+08  1.74170000E+08  1.74170000E+08 
 1.74170000E+08  1.74170000E+08  1.74170000E+08  1.74170000E+08  1.74170000E+08  1.74170000E+08 
 1.74170000E+08  1.74170000E+08  1.74170000E+08  1.74170000E+08  1.74170000E+08  1.74170000E+08 
 1.74170000E+08  1.74170000E+08  1.74170000E+08  1.74170000E+08  1.74170000E+08  1.74170000E+08 
 1.74170000E+08  1.74170000E+08  1.74170000E+08  1.74170000E+08  1.74170000E+08  1.74170000E+08 
 1.74170000E+08  1.74170000E+08  1.74170000E+08  1.74170000E+08  1.74170000E+08  1.74170000E+08 
 1.74170000E+08  1.74170000E+08  1.74170000E+08  1.74170000E+08  1.74170000E+08  1.74170000E+08 
'MIN OPTIMISATION' 

 0.00000000E+00  0.00000000E+00  0.00000000E+00  0.00000000E+00  0.00000000E+00  0.00000000E+00 
 0.00000000E+00  0.00000000E+00  0.00000000E+00  0.00000000E+00  0.00000000E+00  0.00000000E+00 
 0.00000000E+00  0.00000000E+00  0.00000000E+00  0.00000000E+00  0.00000000E+00  0.00000000E+00 
 0.00000000E+00  0.00000000E+00  0.00000000E+00  0.00000000E+00  0.00000000E+00  0.00000000E+00 
 0.00000000E+00  0.00000000E+00  0.00000000E+00  0.00000000E+00  0.00000000E+00  0.00000000E+00 
 0.00000000E+00  0.00000000E+00  0.00000000E+00  0.00000000E+00  0.00000000E+00  0.00000000E+00 
 0.00000000E+00  0.00000000E+00  0.00000000E+00  0.00000000E+00  0.00000000E+00  0.00000000E+00 
 0.00000000E+00  0.00000000E+00  0.00000000E+00  0.00000000E+00  0.00000000E+00  0.00000000E+00 
 0.00000000E+00  0.00000000E+00  0.00000000E+00  0.00000000E+00  0.00000000E+00  0.00000000E+00 
 0.00000000E+00  0.00000000E+00  0.00000000E+00  0.00000000E+00  0.00000000E+00  0.00000000E+00 
 0.00000000E+00  0.00000000E+00  0.00000000E+00  0.00000000E+00  0.00000000E+00  0.00000000E+00 
 0.00000000E+00  0.00000000E+00  0.00000000E+00  0.00000000E+00  0.00000000E+00  0.00000000E+00 
 0.00000000E+00  0.00000000E+00  0.00000000E+00  0.00000000E+00  0.00000000E+00  0.00000000E+00 
 0.00000000E+00  0.00000000E+00  0.00000000E+00  0.00000000E+00  0.00000000E+00  0.00000000E+00 
 0.00000000E+00  0.00000000E+00  0.00000000E+00  0.00000000E+00  0.00000000E+00  0.00000000E+00 
 0.00000000E+00  0.00000000E+00  0.00000000E+00  0.00000000E+00  0.00000000E+00  0.00000000E+00 
'MAX LISSAGE' 

 1.74170000E+08  1.74170000E+08  1.74170000E+08  1.74170000E+08  1.74170000E+08  1.74170000E+08 
 1.74170000E+08  1.74170000E+08  1.74170000E+08  1.74170000E+08  1.74170000E+08  1.74170000E+08 
 1.74170000E+08  1.74170000E+08  1.74170000E+08  1.74170000E+08  1.74170000E+08  1.74170000E+08 
 1.74170000E+08  1.74170000E+08  1.74170000E+08  1.74170000E+08  1.74170000E+08  1.74170000E+08 
 1.74170000E+08  1.74170000E+08  1.74170000E+08  1.74170000E+08  1.74170000E+08  1.74170000E+08 
 1.74170000E+08  1.74170000E+08  1.74170000E+08  1.74170000E+08  1.74170000E+08  1.74170000E+08 
 1.74170000E+08  1.74170000E+08  1.74170000E+08  1.74170000E+08  1.74170000E+08  1.74170000E+08 
 1.74170000E+08  1.74170000E+08  1.74170000E+08  1.74170000E+08  1.74170000E+08  1.74170000E+08 
 1.74170000E+08  1.74170000E+08  1.74170000E+08  1.74170000E+08  1.74170000E+08  1.74170000E+08 
 1.74170000E+08  1.74170000E+08  1.74170000E+08  1.74170000E+08  1.74170000E+08  1.74170000E+08 
 1.74170000E+08  1.74170000E+08  1.74170000E+08  1.74170000E+08  1.74170000E+08  1.74170000E+08 
 1.74170000E+08  1.74170000E+08  1.74170000E+08  1.74170000E+08  1.74170000E+08  1.74170000E+08 
 1.74170000E+08  1.74170000E+08  1.74170000E+08  1.74170000E+08  1.74170000E+08  1.74170000E+08 
 1.74170000E+08  1.74170000E+08  1.74170000E+08  1.74170000E+08  1.74170000E+08  1.74170000E+08 
 1.74170000E+08  1.74170000E+08  1.74170000E+08  1.74170000E+08  1.74170000E+08  1.74170000E+08 
 1.74170000E+08  1.74170000E+08  1.74170000E+08  1.74170000E+08  1.74170000E+08  1.74170000E+08 
'MIN LISSAGE' 

 0.00000000E+00  0.00000000E+00  0.00000000E+00  0.00000000E+00  0.00000000E+00  0.00000000E+00 
 0.00000000E+00  0.00000000E+00  0.00000000E+00  0.00000000E+00  0.00000000E+00  0.00000000E+00 
 0.00000000E+00  0.00000000E+00  0.00000000E+00  0.00000000E+00  0.00000000E+00  0.00000000E+00 
 0.00000000E+00  0.00000000E+00  0.00000000E+00  0.00000000E+00  0.00000000E+00  0.00000000E+00 
 0.00000000E+00  0.00000000E+00  0.00000000E+00  0.00000000E+00  0.00000000E+00  0.00000000E+00 
 0.00000000E+00  0.00000000E+00  0.00000000E+00  0.00000000E+00  0.00000000E+00  0.00000000E+00 
 0.00000000E+00  0.00000000E+00  0.00000000E+00  0.00000000E+00  0.00000000E+00  0.00000000E+00 
 0.00000000E+00  0.00000000E+00  0.00000000E+00  0.00000000E+00  0.00000000E+00  0.00000000E+00 
 0.00000000E+00  0.00000000E+00  0.00000000E+00  0.00000000E+00  0.00000000E+00  0.00000000E+00 
 0.00000000E+00  0.00000000E+00  0.00000000E+00  0.00000000E+00  0.00000000E+00  0.00000000E+00 
 0.00000000E+00  0.00000000E+00  0.00000000E+00  0.00000000E+00  0.00000000E+00  0.00000000E+00 
 0.00000000E+00  0.00000000E+00  0.00000000E+00  0.00000000E+00  0.00000000E+00  0.00000000E+00 
 0.00000000E+00  0.00000000E+00  0.00000000E+00  0.00000000E+00  0.00000000E+00  0.00000000E+00 
 0.00000000E+00  0.00000000E+00  0.00000000E+00  0.00000000E+00  0.00000000E+00  0.00000000E+00 
 0.00000000E+00  0.00000000E+00  0.00000000E+00  0.00000000E+00  0.00000000E+00  0.00000000E+00 
 0.00000000E+00  0.00000000E+00  0.00000000E+00  0.00000000E+00  0.00000000E+00  0.00000000E+00 
'TIGNER' 
'E'  2.00600992E+08  0.00000000E+00  2.23830000E+08  1.71300009E-01 
'APPORTS' 

 0.00000000E+00  0.00000000E+00  0.00000000E+00  0.00000000E+00  0.00000000E+00  0.00000000E+00 
 0.00000000E+00  0.00000000E+00  0.00000000E+00  0.00000000E+00  0.00000000E+00  0.00000000E+00 
 0.00000000E+00  0.00000000E+00  0.00000000E+00  0.00000000E+00  0.00000000E+00  0.00000000E+00 
 0.00000000E+00  0.00000000E+00  0.00000000E+00  0.00000000E+00  0.00000000E+00  0.00000000E+00 
 0.00000000E+00  0.00000000E+00  0.00000000E+00  0.00000000E+00  0.00000000E+00  0.00000000E+00 
 0.00000000E+00  0.00000000E+00  0.00000000E+00  0.00000000E+00  0.00000000E+00  0.00000000E+00 
 0.00000000E+00  0.00000000E+00  0.00000000E+00  0.00000000E+00  0.00000000E+00  0.00000000E+00 
 0.00000000E+00  0.00000000E+00  0.00000000E+00  0.00000000E+00  0.00000000E+00  0.00000000E+00 
 0.00000000E+00  0.00000000E+00  0.00000000E+00  0.00000000E+00  0.00000000E+00  0.00000000E+00 
 0.00000000E+00  0.00000000E+00  0.00000000E+00  0.00000000E+00  0.00000000E+00  0.00000000E+00 
 0.00000000E+00  0.00000000E+00  0.00000000E+00  0.00000000E+00  0.00000000E+00  0.00000000E+00 
 0.00000000E+00  0.00000000E+00  0.00000000E+00  0.00000000E+00  0.00000000E+00  0.00000000E+00 
 0.00000000E+00  0.00000000E+00  0.00000000E+00  0.00000000E+00  0.00000000E+00  0.00000000E+00 
 0.00000000E+00  0.00000000E+00  0.00000000E+00  0.00000000E+00  0.00000000E+00  0.00000000E+00 
 0.00000000E+00  0.00000000E+00  0.00000000E+00  0.00000000E+00  0.00000000E+00  0.00000000E+00 
 0.00000000E+00  0.00000000E+00  0.00000000E+00  0.00000000E+00  0.00000000E+00  0.00000000E+00 
'MAX OPTIMISATION' 

 2.23830000E+08  2.23830000E+08  2.23830000E+08  2.23830000E+08  2.23830000E+08  2.23830000E+08 
 2.23830000E+08  2.23830000E+08  2.23830000E+08  2.23830000E+08  2.23830000E+08  2.23830000E+08 
 2.23830000E+08  2.23830000E+08  2.23830000E+08  2.23830000E+08  2.23830000E+08  2.23830000E+08 
 2.23830000E+08  2.23830000E+08  2.23830000E+08  2.23830000E+08  2.23830000E+08  2.23830000E+08 
 2.23830000E+08  2.23830000E+08  2.23830000E+08  2.23830000E+08  2.23830000E+08  2.23830000E+08 
 2.23830000E+08  2.23830000E+08  2.23830000E+08  2.23830000E+08  2.23830000E+08  2.23830000E+08 
 2.23830000E+08  2.23830000E+08  2.23830000E+08  2.23830000E+08  2.23830000E+08  2.23830000E+08 
 2.23830000E+08  2.23830000E+08  2.23830000E+08  2.23830000E+08  2.23830000E+08  2.23830000E+08 
 2.23830000E+08  2.23830000E+08  2.23830000E+08  2.23830000E+08  2.23830000E+08  2.23830000E+08 
 2.23830000E+08  2.23830000E+08  2.23830000E+08  2.23830000E+08  2.23830000E+08  2.23830000E+08 
 2.23830000E+08  2.23830000E+08  2.23830000E+08  2.23830000E+08  2.23830000E+08  2.23830000E+08 
 2.23830000E+08  2.23830000E+08  2.23830000E+08  2.23830000E+08  2.23830000E+08  2.23830000E+08 
 2.23830000E+08  2.23830000E+08  2.23830000E+08  2.23830000E+08  2.23830000E+08  2.23830000E+08 
 2.23830000E+08  2.23830000E+08  2.23830000E+08  2.23830000E+08  2.23830000E+08  2.23830000E+08 
 2.23830000E+08  2.23830000E+08  2.23830000E+08  2.23830000E+08  2.23830000E+08  2.23830000E+08 
 2.23830000E+08  2.23830000E+08  2.23830000E+08  2.23830000E+08  2.23830000E+08  2.23830000E+08 
'MIN OPTIMISATION' 

 0.00000000E+00  0.00000000E+00  0.00000000E+00  0.00000000E+00  0.00000000E+00  0.00000000E+00 
 0.00000000E+00  0.00000000E+00  0.00000000E+00  0.00000000E+00  0.00000000E+00  0.00000000E+00 
 0.00000000E+00  0.00000000E+00  0.00000000E+00  0.00000000E+00  0.00000000E+00  0.00000000E+00 
 0.00000000E+00  0.00000000E+00  0.00000000E+00  0.00000000E+00  0.00000000E+00  0.00000000E+00 
 0.00000000E+00  0.00000000E+00  0.00000000E+00  0.00000000E+00  0.00000000E+00  0.00000000E+00 
 0.00000000E+00  0.00000000E+00  0.00000000E+00  0.00000000E+00  0.00000000E+00  0.00000000E+00 
 0.00000000E+00  0.00000000E+00  0.00000000E+00  0.00000000E+00  0.00000000E+00  0.00000000E+00 
 0.00000000E+00  0.00000000E+00  0.00000000E+00  0.00000000E+00  0.00000000E+00  0.00000000E+00 
 0.00000000E+00  0.00000000E+00  0.00000000E+00  0.00000000E+00  0.00000000E+00  0.00000000E+00 
 0.00000000E+00  0.00000000E+00  0.00000000E+00  0.00000000E+00  0.00000000E+00  0.00000000E+00 
 0.00000000E+00  0.00000000E+00  0.00000000E+00  0.00000000E+00  0.00000000E+00  0.00000000E+00 
 0.00000000E+00  0.00000000E+00  0.00000000E+00  0.00000000E+00  0.00000000E+00  0.00000000E+00 
 0.00000000E+00  0.00000000E+00  0.00000000E+00  0.00000000E+00  0.00000000E+00  0.00000000E+00 
 0.00000000E+00  0.00000000E+00  0.00000000E+00  0.00000000E+00  0.00000000E+00  0.00000000E+00 
 0.00000000E+00  0.00000000E+00  0.00000000E+00  0.00000000E+00  0.00000000E+00  0.00000000E+00 
 0.00000000E+00  0.00000000E+00  0.00000000E+00  0.00000000E+00  0.00000000E+00  0.00000000E+00 
'MAX LISSAGE' 

 2.23830000E+08  2.23830000E+08  2.23830000E+08  2.23830000E+08  2.23830000E+08  2.23830000E+08 
 2.23830000E+08  2.23830000E+08  2.23830000E+08  2.23830000E+08  2.23830000E+08  2.23830000E+08 
 2.23830000E+08  2.23830000E+08  2.23830000E+08  2.23830000E+08  2.23830000E+08  2.23830000E+08 
 2.23830000E+08  2.23830000E+08  2.23830000E+08  2.23830000E+08  2.23830000E+08  2.23830000E+08 
 2.23830000E+08  2.23830000E+08  2.23830000E+08  2.23830000E+08  2.23830000E+08  2.23830000E+08 
 2.23830000E+08  2.23830000E+08  2.23830000E+08  2.23830000E+08  2.23830000E+08  2.23830000E+08 
 2.23830000E+08  2.23830000E+08  2.23830000E+08  2.23830000E+08  2.23830000E+08  2.23830000E+08 
 2.23830000E+08  2.23830000E+08  2.23830000E+08  2.23830000E+08  2.23830000E+08  2.23830000E+08 
 2.23830000E+08  2.23830000E+08  2.23830000E+08  2.23830000E+08  2.23830000E+08  2.23830000E+08 
 2.23830000E+08  2.23830000E+08  2.23830000E+08  2.23830000E+08  2.23830000E+08  2.23830000E+08 
 2.23830000E+08  2.23830000E+08  2.23830000E+08  2.23830000E+08  2.23830000E+08  2.23830000E+08 
 2.23830000E+08  2.23830000E+08  2.23830000E+08  2.23830000E+08  2.23830000E+08  2.23830000E+08 
 2.23830000E+08  2.23830000E+08  2.23830000E+08  2.23830000E+08  2.23830000E+08  2.23830000E+08 
 2.23830000E+08  2.23830000E+08  2.23830000E+08  2.23830000E+08  2.23830000E+08  2.23830000E+08 
 2.23830000E+08  2.23830000E+08  2.23830000E+08  2.23830000E+08  2.23830000E+08  2.23830000E+08 
 2.23830000E+08  2.23830000E+08  2.23830000E+08  2.23830000E+08  2.23830000E+08  2.23830000E+08 
'MIN LISSAGE' 

 0.00000000E+00  0.00000000E+00  0.00000000E+00  0.00000000E+00  0.00000000E+00  0.00000000E+00 
 0.00000000E+00  0.00000000E+00  0.00000000E+00  0.00000000E+00  0.00000000E+00  0.00000000E+00 
 0.00000000E+00  0.00000000E+00  0.00000000E+00  0.00000000E+00  0.00000000E+00  0.00000000E+00 
 0.00000000E+00  0.00000000E+00  0.00000000E+00  0.00000000E+00  0.00000000E+00  0.00000000E+00 
 0.00000000E+00  0.00000000E+00  0.00000000E+00  0.00000000E+00  0.00000000E+00  0.00000000E+00 
 0.00000000E+00  0.00000000E+00  0.00000000E+00  0.00000000E+00  0.00000000E+00  0.00000000E+00 
 0.00000000E+00  0.00000000E+00  0.00000000E+00  0.00000000E+00  0.00000000E+00  0.00000000E+00 
 0.00000000E+00  0.00000000E+00  0.00000000E+00  0.00000000E+00  0.00000000E+00  0.00000000E+00 
 0.00000000E+00  0.00000000E+00  0.00000000E+00  0.00000000E+00  0.00000000E+00  0.00000000E+00 
 0.00000000E+00  0.00000000E+00  0.00000000E+00  0.00000000E+00  0.00000000E+00  0.00000000E+00 
 0.00000000E+00  0.00000000E+00  0.00000000E+00  0.00000000E+00  0.00000000E+00  0.00000000E+00 
 0.00000000E+00  0.00000000E+00  0.00000000E+00  0.00000000E+00  0.00000000E+00  0.00000000E+00 
 0.00000000E+00  0.00000000E+00  0.00000000E+00  0.00000000E+00  0.00000000E+00  0.00000000E+00 
 0.00000000E+00  0.00000000E+00  0.00000000E+00  0.00000000E+00  0.00000000E+00  0.00000000E+00 
 0.00000000E+00  0.00000000E+00  0.00000000E+00  0.00000000E+00  0.00000000E+00  0.00000000E+00 
 0.00000000E+00  0.00000000E+00  0.00000000E+00  0.00000000E+00  0.00000000E+00  0.00000000E+00 
'MTRIGR' 
'E'  4.20000000E+05  4.20000000E+05  4.20000000E+05  0.00000000E+00 
'APPORTS' 

 4.00000000E+00  4.00000000E+00  4.00000000E+00  4.00000000E+00  4.00000000E+00  4.00000000E+00 
 4.00000000E+00  4.00000000E+00  4.00000000E+00  4.00000000E+00  4.00000000E+00  4.00000000E+00 
 4.00000000E+00  4.00000000E+00  4.00000000E+00  4.00000000E+00  4.00000000E+00  4.00000000E+00 
 4.00000000E+00  4.00000000E+00  4.00000000E+00  4.00000000E+00  4.00000000E+00  4.00000000E+00 
 4.00000000E+00  4.00000000E+00  4.00000000E+00  4.00000000E+00  4.00000000E+00  4.00000000E+00 
 4.00000000E+00  4.00000000E+00  4.00000000E+00  4.00000000E+00  4.00000000E+00  4.00000000E+00 
 4.00000000E+00  4.00000000E+00  4.00000000E+00  4.00000000E+00  4.00000000E+00  4.00000000E+00 
 4.00000000E+00  4.00000000E+00  4.00000000E+00  4.00000000E+00  4.00000000E+00  4.00000000E+00 
 4.00000000E+00  4.00000000E+00  4.00000000E+00  4.00000000E+00  4.00000000E+00  4.00000000E+00 
 4.00000000E+00  4.00000000E+00  4.00000000E+00  4.00000000E+00  4.00000000E+00  4.00000000E+00 
 4.00000000E+00  4.00000000E+00  4.00000000E+00  4.00000000E+00  4.00000000E+00  4.00000000E+00 
 4.00000000E+00  4.00000000E+00  4.00000000E+00  4.00000000E+00  4.00000000E+00  4.00000000E+00 
 4.00000000E+00  4.00000000E+00  4.00000000E+00  4.00000000E+00  4.00000000E+00  4.00000000E+00 
 4.00000000E+00  4.00000000E+00  4.00000000E+00  4.00000000E+00  4.00000000E+00  4.00000000E+00 
 4.00000000E+00  4.00000000E+00  4.00000000E+00  4.00000000E+00  4.00000000E+00  4.00000000E+00 
 4.00000000E+00  4.00000000E+00  4.00000000E+00  4.00000000E+00  4.00000000E+00  4.00000000E+00 
'MAX OPTIMISATION' 

 5.50000000E+05  5.50000000E+05  5.50000000E+05  5.50000000E+05  5.50000000E+05  5.50000000E+05 
 5.50000000E+05  5.50000000E+05  5.50000000E+05  5.50000000E+05  5.50000000E+05  5.50000000E+05 
 5.50000000E+05  5.50000000E+05  5.50000000E+05  5.50000000E+05  5.50000000E+05  5.50000000E+05 
 5.50000000E+05  5.50000000E+05  5.50000000E+05  5.50000000E+05  5.50000000E+05  5.50000000E+05 
 5.50000000E+05  5.50000000E+05  5.50000000E+05  5.50000000E+05  5.50000000E+05  5.50000000E+05 
 5.50000000E+05  5.50000000E+05  5.50000000E+05  5.50000000E+05  5.50000000E+05  5.50000000E+05 
 5.50000000E+05  5.50000000E+05  5.50000000E+05  5.50000000E+05  5.50000000E+05  5.50000000E+05 
 5.50000000E+05  5.50000000E+05  5.50000000E+05  5.50000000E+05  5.50000000E+05  4.70000000E+05 
 5.50000000E+05  5.50000000E+05  5.50000000E+05  5.50000000E+05  5.50000000E+05  5.50000000E+05 
 5.50000000E+05  5.50000000E+05  5.50000000E+05  5.50000000E+05  5.50000000E+05  5.50000000E+05 
 5.50000000E+05  5.50000000E+05  5.50000000E+05  5.50000000E+05  5.50000000E+05  5.50000000E+05 
 5.50000000E+05  5.50000000E+05  5.50000000E+05  5.50000000E+05  5.50000000E+05  5.50000000E+05 
 5.50000000E+05  5.50000000E+05  5.50000000E+05  5.50000000E+05  5.50000000E+05  5.50000000E+05 
 5.50000000E+05  5.50000000E+05  5.50000000E+05  5.50000000E+05  5.50000000E+05  5.50000000E+05 
 5.50000000E+05  5.50000000E+05  5.50000000E+05  5.50000000E+05  5.50000000E+05  5.50000000E+05 
 5.50000000E+05  5.50000000E+05  5.50000000E+05  5.50000000E+05  5.50000000E+05  5.50000000E+05 
'MIN OPTIMISATION' 

 2.00000000E+05  2.00000000E+05  2.00000000E+05  2.00000000E+05  2.00000000E+05  2.00000000E+05 
 2.00000000E+05  2.00000000E+05  2.00000000E+05  2.00000000E+05  2.00000000E+05  2.00000000E+05 
 2.00000000E+05  2.00000000E+05  2.00000000E+05  2.00000000E+05  2.00000000E+05  2.00000000E+05 
 2.00000000E+05  2.00000000E+05  2.00000000E+05  2.00000000E+05  2.00000000E+05  2.00000000E+05 
 2.00000000E+05  2.00000000E+05  2.00000000E+05  2.00000000E+05  2.00000000E+05  2.00000000E+05 
 2.00000000E+05  2.00000000E+05  2.00000000E+05  2.00000000E+05  2.00000000E+05  2.00000000E+05 
 2.00000000E+05  2.00000000E+05  2.00000000E+05  2.00000000E+05  2.00000000E+05  2.00000000E+05 
 2.00000000E+05  2.00000000E+05  2.00000000E+05  2.00000000E+05  2.00000000E+05  3.70000000E+05 
 2.00000000E+05  2.00000000E+05  2.00000000E+05  2.00000000E+05  2.00000000E+05  2.00000000E+05 
 2.00000000E+05  2.00000000E+05  2.00000000E+05  2.00000000E+05  2.00000000E+05  2.00000000E+05 
 2.00000000E+05  2.00000000E+05  2.00000000E+05  2.00000000E+05  2.00000000E+05  2.00000000E+05 
 2.00000000E+05  2.00000000E+05  2.00000000E+05  2.00000000E+05  2.00000000E+05  2.00000000E+05 
 2.00000000E+05  2.00000000E+05  2.00000000E+05  2.00000000E+05  2.00000000E+05  2.00000000E+05 
 2.00000000E+05  2.00000000E+05  2.00000000E+05  2.00000000E+05  2.00000000E+05  2.00000000E+05 
 2.00000000E+05  2.00000000E+05  2.00000000E+05  2.00000000E+05  2.00000000E+05  2.00000000E+05 
 2.00000000E+05  2.00000000E+05  2.00000000E+05  2.00000000E+05  2.00000000E+05  2.00000000E+05 
'MAX LISSAGE' 

 5.60000000E+05  5.60000000E+05  5.60000000E+05  5.60000000E+05  5.60000000E+05  5.60000000E+05 
 5.60000000E+05  5.60000000E+05  5.60000000E+05  5.60000000E+05  5.60000000E+05  5.60000000E+05 
 5.60000000E+05  5.60000000E+05  5.60000000E+05  5.60000000E+05  5.60000000E+05  5.60000000E+05 
 5.60000000E+05  5.60000000E+05  5.60000000E+05  5.60000000E+05  5.60000000E+05  5.60000000E+05 
 5.60000000E+05  5.60000000E+05  5.60000000E+05  5.60000000E+05  5.60000000E+05  5.60000000E+05 
 5.60000000E+05  5.60000000E+05  5.60000000E+05  5.60000000E+05  5.60000000E+05  5.60000000E+05 
 5.60000000E+05  5.60000000E+05  5.60000000E+05  5.60000000E+05  5.60000000E+05  5.60000000E+05 
 5.60000000E+05  5.60000000E+05  5.60000000E+05  5.60000000E+05  5.60000000E+05  5.60000000E+05 
 5.60000000E+05  5.60000000E+05  5.60000000E+05  5.60000000E+05  5.60000000E+05  5.60000000E+05 
 5.60000000E+05  5.60000000E+05  5.60000000E+05  5.60000000E+05  5.60000000E+05  5.60000000E+05 
 5.60000000E+05  5.60000000E+05  5.60000000E+05  5.60000000E+05  5.60000000E+05  5.60000000E+05 
 5.60000000E+05  5.60000000E+05  5.60000000E+05  5.60000000E+05  5.60000000E+05  5.60000000E+05 
 5.60000000E+05  5.60000000E+05  5.60000000E+05  5.60000000E+05  5.60000000E+05  5.60000000E+05 
 5.60000000E+05  5.60000000E+05  5.60000000E+05  5.60000000E+05  5.60000000E+05  5.60000000E+05 
 5.60000000E+05  5.60000000E+05  5.60000000E+05  5.60000000E+05  5.60000000E+05  5.60000000E+05 
 5.60000000E+05  5.60000000E+05  5.60000000E+05  5.60000000E+05  5.60000000E+05  5.60000000E+05 
'MIN LISSAGE' 

 1.40000000E+05  1.40000000E+05  1.40000000E+05  1.40000000E+05  1.40000000E+05  1.40000000E+05 
 1.40000000E+05  1.40000000E+05  1.40000000E+05  1.40000000E+05  1.40000000E+05  1.40000000E+05 
 1.40000000E+05  1.40000000E+05  1.40000000E+05  1.40000000E+05  1.40000000E+05  1.40000000E+05 
 1.40000000E+05  1.40000000E+05  1.40000000E+05  1.40000000E+05  1.40000000E+05  1.40000000E+05 
 1.40000000E+05  1.40000000E+05  1.40000000E+05  1.40000000E+05  1.40000000E+05  1.40000000E+05 
 1.40000000E+05  1.40000000E+05  1.40000000E+05  1.40000000E+05  1.40000000E+05  1.40000000E+05 
 1.40000000E+05  1.40000000E+05  1.40000000E+05  1.40000000E+05  1.40000000E+05  1.40000000E+05 
 1.40000000E+05  1.40000000E+05  1.40000000E+05  1.40000000E+05  1.40000000E+05  1.40000000E+05 
 1.40000000E+05  1.40000000E+05  1.40000000E+05  1.40000000E+05  1.40000000E+05  1.40000000E+05 
 1.40000000E+05  1.40000000E+05  1.40000000E+05  1.40000000E+05  1.40000000E+05  1.40000000E+05 
 1.40000000E+05  1.40000000E+05  1.40000000E+05  1.40000000E+05  1.40000000E+05  1.40000000E+05 
 1.40000000E+05  1.40000000E+05  1.40000000E+05  1.40000000E+05  1.40000000E+05  1.40000000E+05 
 1.40000000E+05  1.40000000E+05  1.40000000E+05  1.40000000E+05  1.40000000E+05  1.40000000E+05 
 1.40000000E+05  1.40000000E+05  1.40000000E+05  1.40000000E+05  1.40000000E+05  1.40000000E+05 
 1.40000000E+05  1.40000000E+05  1.40000000E+05  1.40000000E+05  1.40000000E+05  1.40000000E+05 
 1.40000000E+05  1.40000000E+05  1.40000000E+05  1.40000000E+05  1.40000000E+05  1.40000000E+05 
'POMMOR' 
'X'  0.00000000E+00  0.00000000E+00  0.00000000E+00  0.00000000E+00 
'APPORTS' 

 1.10000000E+01  1.10000000E+01  1.10000000E+01  1.10000000E+01  1.10000000E+01  1.10000000E+01 
 1.00000000E+00  1.00000000E+00  1.00000000E+00  1.00000000E+00  1.00000000E+00  1.00000000E+00 
 1.00000000E+00  1.00000000E+00  1.00000000E+00  1.00000000E+00  1.00000000E+00  1.00000000E+00 
 1.00000000E+00  1.00000000E+00  1.00000000E+00  1.00000000E+00  1.00000000E+00  1.00000000E+00 
 1.00000000E+00  1.00000000E+00  1.00000000E+00  1.00000000E+00  1.00000000E+00  1.00000000E+00 
 1.00000000E+00  1.00000000E+00  1.00000000E+00  1.00000000E+00  1.00000000E+00  1.00000000E+00 
 1.00000000E+00  1.00000000E+00  1.00000000E+00  1.00000000E+00  1.00000000E+00  1.00000000E+00 
 1.00000000E+00  1.00000000E+00  1.00000000E+00  1.00000000E+00  1.00000000E+00  1.00000000E+00 
 1.00000000E+00  1.00000000E+00  1.00000000E+00  1.00000000E+00  1.00000000E+00  1.00000000E+00 
 1.00000000E+00  1.00000000E+00  1.00000000E+00  1.00000000E+00  1.00000000E+00  1.00000000E+00 
 1.00000000E+00  1.00000000E+00  1.00000000E+00  1.00000000E+00  1.00000000E+00  1.00000000E+00 
 1.00000000E+00  1.00000000E+00  1.00000000E+00  1.00000000E+00  1.00000000E+00  1.00000000E+00 
 1.00000000E+00  1.00000000E+00  1.00000000E+00  1.00000000E+00  1.00000000E+00  1.00000000E+00 
 1.00000000E+00  1.00000000E+00  1.00000000E+00  1.00000000E+00  1.00000000E+00  1.00000000E+00 
 1.00000000E+00  1.00000000E+00  1.00000000E+00  1.00000000E+00  1.00000000E+00  1.00000000E+00 
 1.00000000E+00  1.00000000E+00  1.00000000E+00  1.00000000E+00  1.00000000E+00  1.00000000E+00 
'MAX OPTIMISATION' 

 0.00000000E+00  0.00000000E+00  0.00000000E+00  0.00000000E+00  0.00000000E+00  0.00000000E+00 
 0.00000000E+00  0.00000000E+00  0.00000000E+00  0.00000000E+00  0.00000000E+00  0.00000000E+00 
 0.00000000E+00  0.00000000E+00  0.00000000E+00  0.00000000E+00  0.00000000E+00  0.00000000E+00 
 0.00000000E+00  0.00000000E+00  0.00000000E+00  0.00000000E+00  0.00000000E+00  0.00000000E+00 
 0.00000000E+00  0.00000000E+00  0.00000000E+00  0.00000000E+00  0.00000000E+00  0.00000000E+00 
 0.00000000E+00  0.00000000E+00  0.00000000E+00  0.00000000E+00  0.00000000E+00  0.00000000E+00 
 0.00000000E+00  0.00000000E+00  0.00000000E+00  0.00000000E+00  0.00000000E+00  0.00000000E+00 
 0.00000000E+00  0.00000000E+00  0.00000000E+00  0.00000000E+00  0.00000000E+00  0.00000000E+00 
 0.00000000E+00  0.00000000E+00  0.00000000E+00  0.00000000E+00  0.00000000E+00  0.00000000E+00 
 0.00000000E+00  0.00000000E+00  0.00000000E+00  0.00000000E+00  0.00000000E+00  0.00000000E+00 
 0.00000000E+00  0.00000000E+00  0.00000000E+00  0.00000000E+00  0.00000000E+00  0.00000000E+00 
 0.00000000E+00  0.00000000E+00  0.00000000E+00  0.00000000E+00  0.00000000E+00  0.00000000E+00 
 0.00000000E+00  0.00000000E+00  0.00000000E+00  0.00000000E+00  0.00000000E+00  0.00000000E+00 
 0.00000000E+00  0.00000000E+00  0.00000000E+00  0.00000000E+00  0.00000000E+00  0.00000000E+00 
 0.00000000E+00  0.00000000E+00  0.00000000E+00  0.00000000E+00  0.00000000E+00  0.00000000E+00 
 0.00000000E+00  0.00000000E+00  0.00000000E+00  0.00000000E+00  0.00000000E+00  0.00000000E+00 
'MIN OPTIMISATION' 

 0.00000000E+00  0.00000000E+00  0.00000000E+00  0.00000000E+00  0.00000000E+00  0.00000000E+00 
 0.00000000E+00  0.00000000E+00  0.00000000E+00  0.00000000E+00  0.00000000E+00  0.00000000E+00 
 0.00000000E+00  0.00000000E+00  0.00000000E+00  0.00000000E+00  0.00000000E+00  0.00000000E+00 
 0.00000000E+00  0.00000000E+00  0.00000000E+00  0.00000000E+00  0.00000000E+00  0.00000000E+00 
 0.00000000E+00  0.00000000E+00  0.00000000E+00  0.00000000E+00  0.00000000E+00  0.00000000E+00 
 0.00000000E+00  0.00000000E+00  0.00000000E+00  0.00000000E+00  0.00000000E+00  0.00000000E+00 
 0.00000000E+00  0.00000000E+00  0.00000000E+00  0.00000000E+00  0.00000000E+00  0.00000000E+00 
 0.00000000E+00  0.00000000E+00  0.00000000E+00  0.00000000E+00  0.00000000E+00  0.00000000E+00 
 0.00000000E+00  0.00000000E+00  0.00000000E+00  0.00000000E+00  0.00000000E+00  0.00000000E+00 
 0.00000000E+00  0.00000000E+00  0.00000000E+00  0.00000000E+00  0.00000000E+00  0.00000000E+00 
 0.00000000E+00  0.00000000E+00  0.00000000E+00  0.00000000E+00  0.00000000E+00  0.00000000E+00 
 0.00000000E+00  0.00000000E+00  0.00000000E+00  0.00000000E+00  0.00000000E+00  0.00000000E+00 
 0.00000000E+00  0.00000000E+00  0.00000000E+00  0.00000000E+00  0.00000000E+00  0.00000000E+00 
 0.00000000E+00  0.00000000E+00  0.00000000E+00  0.00000000E+00  0.00000000E+00  0.00000000E+00 
 0.00000000E+00  0.00000000E+00  0.00000000E+00  0.00000000E+00  0.00000000E+00  0.00000000E+00 
 0.00000000E+00  0.00000000E+00  0.00000000E+00  0.00000000E+00  0.00000000E+00  0.00000000E+00 
'MAX LISSAGE' 

 0.00000000E+00  0.00000000E+00  0.00000000E+00  0.00000000E+00  0.00000000E+00  0.00000000E+00 
 0.00000000E+00  0.00000000E+00  0.00000000E+00  0.00000000E+00  0.00000000E+00  0.00000000E+00 
 0.00000000E+00  0.00000000E+00  0.00000000E+00  0.00000000E+00  0.00000000E+00  0.00000000E+00 
 0.00000000E+00  0.00000000E+00  0.00000000E+00  0.00000000E+00  0.00000000E+00  0.00000000E+00 
 0.00000000E+00  0.00000000E+00  0.00000000E+00  0.00000000E+00  0.00000000E+00  0.00000000E+00 
 0.00000000E+00  0.00000000E+00  0.00000000E+00  0.00000000E+00  0.00000000E+00  0.00000000E+00 
 0.00000000E+00  0.00000000E+00  0.00000000E+00  0.00000000E+00  0.00000000E+00  0.00000000E+00 
 0.00000000E+00  0.00000000E+00  0.00000000E+00  0.00000000E+00  0.00000000E+00  0.00000000E+00 
 0.00000000E+00  0.00000000E+00  0.00000000E+00  0.00000000E+00  0.00000000E+00  0.00000000E+00 
 0.00000000E+00  0.00000000E+00  0.00000000E+00  0.00000000E+00  0.00000000E+00  0.00000000E+00 
 0.00000000E+00  0.00000000E+00  0.00000000E+00  0.00000000E+00  0.00000000E+00  0.00000000E+00 
 0.00000000E+00  0.00000000E+00  0.00000000E+00  0.00000000E+00  0.00000000E+00  0.00000000E+00 
 0.00000000E+00  0.00000000E+00  0.00000000E+00  0.00000000E+00  0.00000000E+00  0.00000000E+00 
 0.00000000E+00  0.00000000E+00  0.00000000E+00  0.00000000E+00  0.00000000E+00  0.00000000E+00 
 0.00000000E+00  0.00000000E+00  0.00000000E+00  0.00000000E+00  0.00000000E+00  0.00000000E+00 
 0.00000000E+00  0.00000000E+00  0.00000000E+00  0.00000000E+00  0.00000000E+00  0.00000000E+00 
'MIN LISSAGE' 

 0.00000000E+00  0.00000000E+00  0.00000000E+00  0.00000000E+00  0.00000000E+00  0.00000000E+00 
 0.00000000E+00  0.00000000E+00  0.00000000E+00  0.00000000E+00  0.00000000E+00  0.00000000E+00 
 0.00000000E+00  0.00000000E+00  0.00000000E+00  0.00000000E+00  0.00000000E+00  0.00000000E+00 
 0.00000000E+00  0.00000000E+00  0.00000000E+00  0.00000000E+00  0.00000000E+00  0.00000000E+00 
 0.00000000E+00  0.00000000E+00  0.00000000E+00  0.00000000E+00  0.00000000E+00  0.00000000E+00 
 0.00000000E+00  0.00000000E+00  0.00000000E+00  0.00000000E+00  0.00000000E+00  0.00000000E+00 
 0.00000000E+00  0.00000000E+00  0.00000000E+00  0.00000000E+00  0.00000000E+00  0.00000000E+00 
 0.00000000E+00  0.00000000E+00  0.00000000E+00  0.00000000E+00  0.00000000E+00  0.00000000E+00 
 0.00000000E+00  0.00000000E+00  0.00000000E+00  0.00000000E+00  0.00000000E+00  0.00000000E+00 
 0.00000000E+00  0.00000000E+00  0.00000000E+00  0.00000000E+00  0.00000000E+00  0.00000000E+00 
 0.00000000E+00  0.00000000E+00  0.00000000E+00  0.00000000E+00  0.00000000E+00  0.00000000E+00 
 0.00000000E+00  0.00000000E+00  0.00000000E+00  0.00000000E+00  0.00000000E+00  0.00000000E+00 
 0.00000000E+00  0.00000000E+00  0.00000000E+00  0.00000000E+00  0.00000000E+00  0.00000000E+00 
 0.00000000E+00  0.00000000E+00  0.00000000E+00  0.00000000E+00  0.00000000E+00  0.00000000E+00 
 0.00000000E+00  0.00000000E+00  0.00000000E+00  0.00000000E+00  0.00000000E+00  0.00000000E+00 
 0.00000000E+00  0.00000000E+00  0.00000000E+00  0.00000000E+00  0.00000000E+00  0.00000000E+00 
'AIGUER' 
'E'  1.43000000E+05  1.43000000E+05  1.43000000E+05  0.00000000E+00 
'APPORTS' 

 2.60000000E+01  1.00000000E+01  1.00000000E+01  1.00000000E+01  1.00000000E+01  1.00000000E+01 
 1.00000000E+01  1.00000000E+01  1.00000000E+01  1.00000000E+01  1.00000000E+01  1.00000000E+01 
 1.00000000E+01  1.00000000E+01  1.00000000E+01  1.00000000E+01  1.00000000E+01  1.00000000E+01 
 1.00000000E+01  1.00000000E+01  1.00000000E+01  1.00000000E+01  1.00000000E+01  1.00000000E+01 
 1.00000000E+01  1.00000000E+01  1.00000000E+01  1.00000000E+01  1.00000000E+01  1.00000000E+01 
 1.00000000E+01  1.00000000E+01  1.00000000E+01  1.00000000E+01  1.00000000E+01  1.00000000E+01 
 1.00000000E+01  1.00000000E+01  1.00000000E+01  1.00000000E+01  1.00000000E+01  1.00000000E+01 
 1.00000000E+01  1.00000000E+01  1.00000000E+01  1.00000000E+01  1.00000000E+01  1.00000000E+01 
 1.00000000E+01  1.00000000E+01  1.00000000E+01  1.00000000E+01  1.00000000E+01  1.00000000E+01 
 1.00000000E+01  1.00000000E+01  1.00000000E+01  1.00000000E+01  1.00000000E+01  1.00000000E+01 
 1.00000000E+01  1.00000000E+01  1.00000000E+01  1.00000000E+01  1.00000000E+01  1.00000000E+01 
 1.00000000E+01  1.00000000E+01  1.00000000E+01  1.00000000E+01  1.00000000E+01  1.00000000E+01 
 1.00000000E+01  1.00000000E+01  1.00000000E+01  1.00000000E+01  1.00000000E+01  1.00000000E+01 
 1.00000000E+01  1.00000000E+01  1.00000000E+01  1.00000000E+01  1.00000000E+01  1.00000000E+01 
 1.00000000E+01  1.00000000E+01  1.00000000E+01  1.00000000E+01  1.00000000E+01  1.00000000E+01 
 1.00000000E+01  1.00000000E+01  1.00000000E+01  1.00000000E+01  1.00000000E+01  1.00000000E+01 
'MAX OPTIMISATION' 

 3.03000000E+05  3.03000000E+05  3.03000000E+05  3.03000000E+05  3.03000000E+05  3.03000000E+05 
 3.03000000E+05  3.03000000E+05  3.03000000E+05  3.03000000E+05  3.03000000E+05  3.03000000E+05 
 1.43000000E+05  1.43000000E+05  1.43000000E+05  1.43000000E+05  1.43000000E+05  1.43000000E+05 
 1.43000000E+05  1.43000000E+05  1.43000000E+05  1.43000000E+05  1.43000000E+05  1.43000000E+05 
 1.43000000E+05  1.43000000E+05  1.43000000E+05  1.43000000E+05  1.43000000E+05  1.43000000E+05 
 1.43000000E+05  1.43000000E+05  1.43000000E+05  1.43000000E+05  1.43000000E+05  1.43000000E+05 
 3.03000000E+05  3.03000000E+05  3.03000000E+05  3.03000000E+05  3.03000000E+05  3.03000000E+05 
 3.03000000E+05  3.03000000E+05  3.03000000E+05  3.03000000E+05  3.03000000E+05  1.93000000E+05 
 3.03000000E+05  3.03000000E+05  3.03000000E+05  3.03000000E+05  3.03000000E+05  3.03000000E+05 
 3.03000000E+05  3.03000000E+05  3.03000000E+05  3.03000000E+05  3.03000000E+05  3.03000000E+05 
 1.43000000E+05  1.43000000E+05  1.43000000E+05  1.43000000E+05  1.43000000E+05  1.43000000E+05 
 1.43000000E+05  1.43000000E+05  1.43000000E+05  1.43000000E+05  1.43000000E+05  1.43000000E+05 
 1.43000000E+05  1.43000000E+05  1.43000000E+05  1.43000000E+05  1.43000000E+05  1.43000000E+05 
 1.43000000E+05  1.43000000E+05  1.43000000E+05  1.43000000E+05  1.43000000E+05  1.43000000E+05 
 3.03000000E+05  3.03000000E+05  3.03000000E+05  3.03000000E+05  3.03000000E+05  3.03000000E+05 
 3.03000000E+05  3.03000000E+05  3.03000000E+05  3.03000000E+05  3.03000000E+05  3.03000000E+05 
'MIN OPTIMISATION' 

 9.00000000E+04  9.00000000E+04  9.00000000E+04  9.00000000E+04  9.00000000E+04  9.00000000E+04 
 9.00000000E+04  9.00000000E+04  9.00000000E+04  9.00000000E+04  9.00000000E+04  9.00000000E+04 
 1.35000000E+05  1.35000000E+05  1.35000000E+05  1.35000000E+05  1.35000000E+05  1.35000000E+05 
 1.35000000E+05  1.35000000E+05  1.35000000E+05  1.35000000E+05  1.35000000E+05  1.35000000E+05 
 1.35000000E+05  1.35000000E+05  1.35000000E+05  1.35000000E+05  1.35000000E+05  1.35000000E+05 
 1.35000000E+05  1.35000000E+05  1.35000000E+05  1.35000000E+05  1.35000000E+05  1.35000000E+05 
 9.00000000E+04  9.00000000E+04  9.00000000E+04  9.00000000E+04  9.00000000E+04  9.00000000E+04 
 9.00000000E+04  9.00000000E+04  9.00000000E+04  9.00000000E+04  9.00000000E+04  9.30000000E+04 
 9.00000000E+04  9.00000000E+04  9.00000000E+04  9.00000000E+04  9.00000000E+04  9.00000000E+04 
 9.00000000E+04  9.00000000E+04  9.00000000E+04  9.00000000E+04  9.00000000E+04  9.00000000E+04 
 1.35000000E+05  1.35000000E+05  1.35000000E+05  1.35000000E+05  1.35000000E+05  1.35000000E+05 
 1.35000000E+05  1.35000000E+05  1.35000000E+05  1.35000000E+05  1.35000000E+05  1.35000000E+05 
 1.35000000E+05  1.35000000E+05  1.35000000E+05  1.35000000E+05  1.35000000E+05  1.35000000E+05 
 1.35000000E+05  1.35000000E+05  1.35000000E+05  1.35000000E+05  1.35000000E+05  1.35000000E+05 
 9.00000000E+04  9.00000000E+04  9.00000000E+04  9.00000000E+04  9.00000000E+04  9.00000000E+04 
 9.00000000E+04  9.00000000E+04  9.00000000E+04  9.00000000E+04  9.00000000E+04  9.00000000E+04 
'MAX LISSAGE' 

 3.20000000E+05  3.20000000E+05  3.20000000E+05  3.20000000E+05  3.20000000E+05  3.20000000E+05 
 3.20000000E+05  3.20000000E+05  3.20000000E+05  3.20000000E+05  3.20000000E+05  3.20000000E+05 
 1.60000000E+05  1.60000000E+05  1.60000000E+05  1.60000000E+05  1.60000000E+05  1.60000000E+05 
 1.60000000E+05  1.60000000E+05  1.60000000E+05  1.60000000E+05  1.60000000E+05  1.60000000E+05 
 1.60000000E+05  1.60000000E+05  1.60000000E+05  1.60000000E+05  1.60000000E+05  1.60000000E+05 
 1.60000000E+05  1.60000000E+05  1.60000000E+05  1.60000000E+05  1.60000000E+05  1.60000000E+05 
 3.20000000E+05  3.20000000E+05  3.20000000E+05  3.20000000E+05  3.20000000E+05  3.20000000E+05 
 3.20000000E+05  3.20000000E+05  3.20000000E+05  3.20000000E+05  3.20000000E+05  3.20000000E+05 
 3.20000000E+05  3.20000000E+05  3.20000000E+05  3.20000000E+05  3.20000000E+05  3.20000000E+05 
 3.20000000E+05  3.20000000E+05  3.20000000E+05  3.20000000E+05  3.20000000E+05  3.20000000E+05 
 1.60000000E+05  1.60000000E+05  1.60000000E+05  1.60000000E+05  1.60000000E+05  1.60000000E+05 
 1.60000000E+05  1.60000000E+05  1.60000000E+05  1.60000000E+05  1.60000000E+05  1.60000000E+05 
 1.60000000E+05  1.60000000E+05  1.60000000E+05  1.60000000E+05  1.60000000E+05  1.60000000E+05 
 1.60000000E+05  1.60000000E+05  1.60000000E+05  1.60000000E+05  1.60000000E+05  1.60000000E+05 
 3.20000000E+05  3.20000000E+05  3.20000000E+05  3.20000000E+05  3.20000000E+05  3.20000000E+05 
 3.20000000E+05  3.20000000E+05  3.20000000E+05  3.20000000E+05  3.20000000E+05  3.20000000E+05 
'MIN LISSAGE' 

 8.00000000E+04  8.00000000E+04  8.00000000E+04  8.00000000E+04  8.00000000E+04  8.00000000E+04 
 8.00000000E+04  8.00000000E+04  8.00000000E+04  8.00000000E+04  8.00000000E+04  8.00000000E+04 
 1.25000000E+05  1.25000000E+05  1.25000000E+05  1.25000000E+05  1.25000000E+05  1.25000000E+05 
 1.25000000E+05  1.25000000E+05  1.25000000E+05  1.25000000E+05  1.25000000E+05  1.25000000E+05 
 1.25000000E+05  1.25000000E+05  1.25000000E+05  1.25000000E+05  1.25000000E+05  1.25000000E+05 
 1.25000000E+05  1.25000000E+05  1.25000000E+05  1.25000000E+05  1.25000000E+05  1.25000000E+05 
 8.00000000E+04  8.00000000E+04  8.00000000E+04  8.00000000E+04  8.00000000E+04  8.00000000E+04 
 8.00000000E+04  8.00000000E+04  8.00000000E+04  8.00000000E+04  8.00000000E+04  8.00000000E+04 
 8.00000000E+04  8.00000000E+04  8.00000000E+04  8.00000000E+04  8.00000000E+04  8.00000000E+04 
 8.00000000E+04  8.00000000E+04  8.00000000E+04  8.00000000E+04  8.00000000E+04  8.00000000E+04 
 1.25000000E+05  1.25000000E+05  1.25000000E+05  1.25000000E+05  1.25000000E+05  1.25000000E+05 
 1.25000000E+05  1.25000000E+05  1.25000000E+05  1.25000000E+05  1.25000000E+05  1.25000000E+05 
 1.25000000E+05  1.25000000E+05  1.25000000E+05  1.25000000E+05  1.25000000E+05  1.25000000E+05 
 1.25000000E+05  1.25000000E+05  1.25000000E+05  1.25000000E+05  1.25000000E+05  1.25000000E+05 
 8.00000000E+04  8.00000000E+04  8.00000000E+04  8.00000000E+04  8.00000000E+04  8.00000000E+04 
 8.00000000E+04  8.00000000E+04  8.00000000E+04  8.00000000E+04  8.00000000E+04  8.00000000E+04 
'COCHER' 
'E'  9.67000000E+05  9.67000000E+05  9.67000000E+05  2.60000001E-03 
'APPORTS' 

 0.00000000E+00  0.00000000E+00  0.00000000E+00  0.00000000E+00  0.00000000E+00  0.00000000E+00 
 0.00000000E+00  0.00000000E+00  0.00000000E+00  0.00000000E+00  0.00000000E+00  0.00000000E+00 
 0.00000000E+00  0.00000000E+00  0.00000000E+00  0.00000000E+00  0.00000000E+00  0.00000000E+00 
 0.00000000E+00  0.00000000E+00  0.00000000E+00  0.00000000E+00  0.00000000E+00  0.00000000E+00 
 0.00000000E+00  0.00000000E+00  0.00000000E+00  0.00000000E+00  0.00000000E+00  0.00000000E+00 
 0.00000000E+00  0.00000000E+00  0.00000000E+00  0.00000000E+00  0.00000000E+00  0.00000000E+00 
 0.00000000E+00  0.00000000E+00  0.00000000E+00  0.00000000E+00  0.00000000E+00  0.00000000E+00 
 0.00000000E+00  0.00000000E+00  0.00000000E+00  0.00000000E+00  0.00000000E+00  0.00000000E+00 
 0.00000000E+00  0.00000000E+00  0.00000000E+00  0.00000000E+00  0.00000000E+00  0.00000000E+00 
 0.00000000E+00  0.00000000E+00  0.00000000E+00  0.00000000E+00  0.00000000E+00  0.00000000E+00 
 0.00000000E+00  0.00000000E+00  0.00000000E+00  0.00000000E+00  0.00000000E+00  0.00000000E+00 
 0.00000000E+00  0.00000000E+00  0.00000000E+00  0.00000000E+00  0.00000000E+00  0.00000000E+00 
 0.00000000E+00  0.00000000E+00  0.00000000E+00  0.00000000E+00  0.00000000E+00  0.00000000E+00 
 0.00000000E+00  0.00000000E+00  0.00000000E+00  0.00000000E+00  0.00000000E+00  0.00000000E+00 
 0.00000000E+00  0.00000000E+00  0.00000000E+00  0.00000000E+00  0.00000000E+00  0.00000000E+00 
 0.00000000E+00  0.00000000E+00  0.00000000E+00  0.00000000E+00  0.00000000E+00  0.00000000E+00 
'MAX OPTIMISATION' 

 1.55000000E+06  1.55000000E+06  1.55000000E+06  1.55000000E+06  1.55000000E+06  1.55000000E+06 
 1.55000000E+06  1.55000000E+06  1.55000000E+06  1.55000000E+06  1.55000000E+06  1.55000000E+06 
 1.55000000E+06  1.55000000E+06  1.55000000E+06  1.55000000E+06  1.55000000E+06  1.55000000E+06 
 1.55000000E+06  1.55000000E+06  1.55000000E+06  1.55000000E+06  1.55000000E+06  1.55000000E+06 
 1.55000000E+06  1.55000000E+06  1.55000000E+06  1.55000000E+06  1.55000000E+06  1.55000000E+06 
 1.55000000E+06  1.55000000E+06  1.55000000E+06  1.55000000E+06  1.55000000E+06  1.55000000E+06 
 1.55000000E+06  1.55000000E+06  1.55000000E+06  1.55000000E+06  1.55000000E+06  1.55000000E+06 
 1.55000000E+06  1.55000000E+06  1.55000000E+06  1.55000000E+06  1.55000000E+06  1.55000000E+06 
 1.55000000E+06  1.55000000E+06  1.55000000E+06  1.55000000E+06  1.55000000E+06  1.55000000E+06 
 1.55000000E+06  1.55000000E+06  1.55000000E+06  1.55000000E+06  1.55000000E+06  1.55000000E+06 
 1.55000000E+06  1.55000000E+06  1.55000000E+06  1.55000000E+06  1.55000000E+06  1.55000000E+06 
 1.55000000E+06  1.55000000E+06  1.55000000E+06  1.55000000E+06  1.55000000E+06  1.55000000E+06 
 1.55000000E+06  1.55000000E+06  1.55000000E+06  1.55000000E+06  1.55000000E+06  1.55000000E+06 
 1.55000000E+06  1.55000000E+06  1.55000000E+06  1.55000000E+06  1.55000000E+06  1.55000000E+06 
 1.55000000E+06  1.55000000E+06  1.55000000E+06  1.55000000E+06  1.55000000E+06  1.55000000E+06 
 1.55000000E+06  1.55000000E+06  1.55000000E+06  1.55000000E+06  1.55000000E+06  1.55000000E+06 
'MIN OPTIMISATION' 

 8.00000000E+04  8.00000000E+04  8.00000000E+04  8.00000000E+04  8.00000000E+04  8.00000000E+04 
 8.00000000E+04  8.00000000E+04  8.00000000E+04  8.00000000E+04  8.00000000E+04  8.00000000E+04 
 8.00000000E+04  8.00000000E+04  8.00000000E+04  8.00000000E+04  8.00000000E+04  8.00000000E+04 
 8.00000000E+04  8.00000000E+04  8.00000000E+04  8.00000000E+04  8.00000000E+04  8.00000000E+04 
 8.00000000E+04  8.00000000E+04  8.00000000E+04  8.00000000E+04  8.00000000E+04  8.00000000E+04 
 8.00000000E+04  8.00000000E+04  8.00000000E+04  8.00000000E+04  8.00000000E+04  8.00000000E+04 
 8.00000000E+04  8.00000000E+04  8.00000000E+04  8.00000000E+04  8.00000000E+04  8.00000000E+04 
 8.00000000E+04  8.00000000E+04  8.00000000E+04  8.00000000E+04  8.00000000E+04  8.00000000E+04 
 8.00000000E+04  8.00000000E+04  8.00000000E+04  8.00000000E+04  8.00000000E+04  8.00000000E+04 
 8.00000000E+04  8.00000000E+04  8.00000000E+04  8.00000000E+04  8.00000000E+04  8.00000000E+04 
 8.00000000E+04  8.00000000E+04  8.00000000E+04  8.00000000E+04  8.00000000E+04  8.00000000E+04 
 8.00000000E+04  8.00000000E+04  8.00000000E+04  8.00000000E+04  8.00000000E+04  8.00000000E+04 
 8.00000000E+04  8.00000000E+04  8.00000000E+04  8.00000000E+04  8.00000000E+04  8.00000000E+04 
 8.00000000E+04  8.00000000E+04  8.00000000E+04  8.00000000E+04  8.00000000E+04  8.00000000E+04 
 8.00000000E+04  8.00000000E+04  8.00000000E+04  8.00000000E+04  8.00000000E+04  8.00000000E+04 
 8.00000000E+04  8.00000000E+04  8.00000000E+04  8.00000000E+04  8.00000000E+04  8.00000000E+04 
'MAX LISSAGE' 

 1.56000000E+06  1.56000000E+06  1.56000000E+06  1.56000000E+06  1.56000000E+06  1.56000000E+06 
 1.56000000E+06  1.56000000E+06  1.56000000E+06  1.56000000E+06  1.56000000E+06  1.56000000E+06 
 1.56000000E+06  1.56000000E+06  1.56000000E+06  1.56000000E+06  1.56000000E+06  1.56000000E+06 
 1.56000000E+06  1.56000000E+06  1.56000000E+06  1.56000000E+06  1.56000000E+06  1.56000000E+06 
 1.56000000E+06  1.56000000E+06  1.56000000E+06  1.56000000E+06  1.56000000E+06  1.56000000E+06 
 1.56000000E+06  1.56000000E+06  1.56000000E+06  1.56000000E+06  1.56000000E+06  1.56000000E+06 
 1.56000000E+06  1.56000000E+06  1.56000000E+06  1.56000000E+06  1.56000000E+06  1.56000000E+06 
 1.56000000E+06  1.56000000E+06  1.56000000E+06  1.56000000E+06  1.56000000E+06  1.56000000E+06 
 1.56000000E+06  1.56000000E+06  1.56000000E+06  1.56000000E+06  1.56000000E+06  1.56000000E+06 
 1.56000000E+06  1.56000000E+06  1.56000000E+06  1.56000000E+06  1.56000000E+06  1.56000000E+06 
 1.56000000E+06  1.56000000E+06  1.56000000E+06  1.56000000E+06  1.56000000E+06  1.56000000E+06 
 1.56000000E+06  1.56000000E+06  1.56000000E+06  1.56000000E+06  1.56000000E+06  1.56000000E+06 
 1.56000000E+06  1.56000000E+06  1.56000000E+06  1.56000000E+06  1.56000000E+06  1.56000000E+06 
 1.56000000E+06  1.56000000E+06  1.56000000E+06  1.56000000E+06  1.56000000E+06  1.56000000E+06 
 1.56000000E+06  1.56000000E+06  1.56000000E+06  1.56000000E+06  1.56000000E+06  1.56000000E+06 
 1.56000000E+06  1.56000000E+06  1.56000000E+06  1.56000000E+06  1.56000000E+06  1.56000000E+06 
'MIN LISSAGE' 

 8.00000000E+04  8.00000000E+04  8.00000000E+04  8.00000000E+04  8.00000000E+04  8.00000000E+04 
 8.00000000E+04  8.00000000E+04  8.00000000E+04  8.00000000E+04  8.00000000E+04  8.00000000E+04 
 8.00000000E+04  8.00000000E+04  8.00000000E+04  8.00000000E+04  8.00000000E+04  8.00000000E+04 
 8.00000000E+04  8.00000000E+04  8.00000000E+04  8.00000000E+04  8.00000000E+04  8.00000000E+04 
 8.00000000E+04  8.00000000E+04  8.00000000E+04  8.00000000E+04  8.00000000E+04  8.00000000E+04 
 8.00000000E+04  8.00000000E+04  8.00000000E+04  8.00000000E+04  8.00000000E+04  8.00000000E+04 
 8.00000000E+04  8.00000000E+04  8.00000000E+04  8.00000000E+04  8.00000000E+04  8.00000000E+04 
 8.00000000E+04  8.00000000E+04  8.00000000E+04  8.00000000E+04  8.00000000E+04  8.00000000E+04 
 8.00000000E+04  8.00000000E+04  8.00000000E+04  8.00000000E+04  8.00000000E+04  8.00000000E+04 
 8.00000000E+04  8.00000000E+04  8.00000000E+04  8.00000000E+04  8.00000000E+04  8.00000000E+04 
 8.00000000E+04  8.00000000E+04  8.00000000E+04  8.00000000E+04  8.00000000E+04  8.00000000E+04 
 8.00000000E+04  8.00000000E+04  8.00000000E+04  8.00000000E+04  8.00000000E+04  8.00000000E+04 
 8.00000000E+04  8.00000000E+04  8.00000000E+04  8.00000000E+04  8.00000000E+04  8.00000000E+04 
 8.00000000E+04  8.00000000E+04  8.00000000E+04  8.00000000E+04  8.00000000E+04  8.00000000E+04 
 8.00000000E+04  8.00000000E+04  8.00000000E+04  8.00000000E+04  8.00000000E+04  8.00000000E+04 
 8.00000000E+04  8.00000000E+04  8.00000000E+04  8.00000000E+04  8.00000000E+04  8.00000000E+04 
'SSEG5R' 
'X'  0.00000000E+00  0.00000000E+00  0.00000000E+00  0.00000000E+00 
'APPORTS' 

 9.63000031E+01  9.63000031E+01  9.63000031E+01  8.85999985E+01  8.85999985E+01  1.31600006E+02 
 1.37600006E+02  2.05000000E+02  2.05000000E+02  2.05000000E+02  2.16699997E+02  2.16699997E+02 
 2.05000000E+02  2.05000000E+02  2.05000000E+02  2.05000000E+02  2.05000000E+02  2.05000000E+02 
 2.00000000E+02  2.00000000E+02  2.30000000E+02  2.30000000E+02  2.30000000E+02  2.30000000E+02 
 2.41699997E+02  2.69799988E+02  2.69799988E+02  2.23600006E+02  2.18600006E+02  2.22600006E+02 
 2.22600006E+02  2.22600006E+02  2.08000000E+02  2.08000000E+02  2.04000000E+02  2.04000000E+02 
 1.46000000E+02  1.46000000E+02  1.12000000E+02  1.12000000E+02  1.12000000E+02  1.12000000E+02 
 1.12000000E+02  1.12000000E+02  1.12000000E+02  1.12000000E+02  1.12000000E+02  1.23699997E+02 
 1.35600006E+02  1.43699997E+02  1.41800003E+02  1.41800003E+02  1.41800003E+02  1.41800003E+02 
 1.41800003E+02  1.41800003E+02  1.46199997E+02  1.50500000E+02  1.50500000E+02  1.40500000E+02 
 1.08699997E+02  9.86999969E+01  9.86999969E+01  9.86999969E+01  9.86999969E+01  9.86999969E+01 
 9.86999969E+01  9.05999985E+01  1.20599998E+02  1.20599998E+02  1.52899994E+02  1.52899994E+02 
 1.52899994E+02  1.52899994E+02  1.57899994E+02  1.38699997E+02  1.26599998E+02  1.18699997E+02 
 1.18699997E+02  1.18699997E+02  1.07000000E+02  1.07000000E+02  1.07000000E+02  1.07000000E+02 
 1.07000000E+02  1.07000000E+02  1.11000000E+02  1.11000000E+02  1.11000000E+02  1.07000000E+02 
 1.07000000E+02  1.11000000E+02  1.11000000E+02  1.11000000E+02  1.11000000E+02  1.22800003E+02 
'MAX OPTIMISATION' 

 1.00000000E+06  1.00000000E+06  1.00000000E+06  1.00000000E+06  1.00000000E+06  1.00000000E+06 
 1.00000000E+06  1.00000000E+06  1.00000000E+06  1.00000000E+06  1.00000000E+06  1.00000000E+06 
 1.00000000E+06  1.00000000E+06  1.00000000E+06  1.00000000E+06  1.00000000E+06  1.00000000E+06 
 1.00000000E+06  1.00000000E+06  1.00000000E+06  1.00000000E+06  1.00000000E+06  1.00000000E+06 
 1.00000000E+06  1.00000000E+06  1.00000000E+06  1.00000000E+06  1.00000000E+06  1.00000000E+06 
 1.00000000E+06  1.00000000E+06  1.00000000E+06  1.00000000E+06  1.00000000E+06  1.00000000E+06 
 1.00000000E+06  1.00000000E+06  1.00000000E+06  1.00000000E+06  1.00000000E+06  1.00000000E+06 
 1.00000000E+06  1.00000000E+06  1.00000000E+06  1.00000000E+06  1.00000000E+06  1.00000000E+06 
 1.00000000E+06  1.00000000E+06  1.00000000E+06  1.00000000E+06  1.00000000E+06  1.00000000E+06 
 1.00000000E+06  1.00000000E+06  1.00000000E+06  1.00000000E+06  1.00000000E+06  1.00000000E+06 
 1.00000000E+06  1.00000000E+06  1.00000000E+06  1.00000000E+06  1.00000000E+06  1.00000000E+06 
 1.00000000E+06  1.00000000E+06  1.00000000E+06  1.00000000E+06  1.00000000E+06  1.00000000E+06 
 1.00000000E+06  1.00000000E+06  1.00000000E+06  1.00000000E+06  1.00000000E+06  1.00000000E+06 
 1.00000000E+06  1.00000000E+06  1.00000000E+06  1.00000000E+06  1.00000000E+06  1.00000000E+06 
 1.00000000E+06  1.00000000E+06  1.00000000E+06  1.00000000E+06  1.00000000E+06  1.00000000E+06 
 1.00000000E+06  1.00000000E+06  1.00000000E+06  1.00000000E+06  1.00000000E+06  1.00000000E+06 
'MIN OPTIMISATION' 

 0.00000000E+00  0.00000000E+00  0.00000000E+00  0.00000000E+00  0.00000000E+00  0.00000000E+00 
 0.00000000E+00  0.00000000E+00  0.00000000E+00  0.00000000E+00  0.00000000E+00  0.00000000E+00 
 0.00000000E+00  0.00000000E+00  0.00000000E+00  0.00000000E+00  0.00000000E+00  0.00000000E+00 
 0.00000000E+00  0.00000000E+00  0.00000000E+00  0.00000000E+00  0.00000000E+00  0.00000000E+00 
 0.00000000E+00  0.00000000E+00  0.00000000E+00  0.00000000E+00  0.00000000E+00  0.00000000E+00 
 0.00000000E+00  0.00000000E+00  0.00000000E+00  0.00000000E+00  0.00000000E+00  0.00000000E+00 
 0.00000000E+00  0.00000000E+00  0.00000000E+00  0.00000000E+00  0.00000000E+00  0.00000000E+00 
 0.00000000E+00  0.00000000E+00  0.00000000E+00  0.00000000E+00  0.00000000E+00  0.00000000E+00 
 0.00000000E+00  0.00000000E+00  0.00000000E+00  0.00000000E+00  0.00000000E+00  0.00000000E+00 
 0.00000000E+00  0.00000000E+00  0.00000000E+00  0.00000000E+00  0.00000000E+00  0.00000000E+00 
 0.00000000E+00  0.00000000E+00  0.00000000E+00  0.00000000E+00  0.00000000E+00  0.00000000E+00 
 0.00000000E+00  0.00000000E+00  0.00000000E+00  0.00000000E+00  0.00000000E+00  0.00000000E+00 
 0.00000000E+00  0.00000000E+00  0.00000000E+00  0.00000000E+00  0.00000000E+00  0.00000000E+00 
 0.00000000E+00  0.00000000E+00  0.00000000E+00  0.00000000E+00  0.00000000E+00  0.00000000E+00 
 0.00000000E+00  0.00000000E+00  0.00000000E+00  0.00000000E+00  0.00000000E+00  0.00000000E+00 
 0.00000000E+00  0.00000000E+00  0.00000000E+00  0.00000000E+00  0.00000000E+00  0.00000000E+00 
'MAX LISSAGE' 

 1.00000000E+06  1.00000000E+06  1.00000000E+06  1.00000000E+06  1.00000000E+06  1.00000000E+06 
 1.00000000E+06  1.00000000E+06  1.00000000E+06  1.00000000E+06  1.00000000E+06  1.00000000E+06 
 1.00000000E+06  1.00000000E+06  1.00000000E+06  1.00000000E+06  1.00000000E+06  1.00000000E+06 
 1.00000000E+06  1.00000000E+06  1.00000000E+06  1.00000000E+06  1.00000000E+06  1.00000000E+06 
 1.00000000E+06  1.00000000E+06  1.00000000E+06  1.00000000E+06  1.00000000E+06  1.00000000E+06 
 1.00000000E+06  1.00000000E+06  1.00000000E+06  1.00000000E+06  1.00000000E+06  1.00000000E+06 
 1.00000000E+06  1.00000000E+06  1.00000000E+06  1.00000000E+06  1.00000000E+06  1.00000000E+06 
 1.00000000E+06  1.00000000E+06  1.00000000E+06  1.00000000E+06  1.00000000E+06  1.00000000E+06 
 1.00000000E+06  1.00000000E+06  1.00000000E+06  1.00000000E+06  1.00000000E+06  1.00000000E+06 
 1.00000000E+06  1.00000000E+06  1.00000000E+06  1.00000000E+06  1.00000000E+06  1.00000000E+06 
 1.00000000E+06  1.00000000E+06  1.00000000E+06  1.00000000E+06  1.00000000E+06  1.00000000E+06 
 1.00000000E+06  1.00000000E+06  1.00000000E+06  1.00000000E+06  1.00000000E+06  1.00000000E+06 
 1.00000000E+06  1.00000000E+06  1.00000000E+06  1.00000000E+06  1.00000000E+06  1.00000000E+06 
 1.00000000E+06  1.00000000E+06  1.00000000E+06  1.00000000E+06  1.00000000E+06  1.00000000E+06 
 1.00000000E+06  1.00000000E+06  1.00000000E+06  1.00000000E+06  1.00000000E+06  1.00000000E+06 
 1.00000000E+06  1.00000000E+06  1.00000000E+06  1.00000000E+06  1.00000000E+06  1.00000000E+06 
'MIN LISSAGE' 

 0.00000000E+00  0.00000000E+00  0.00000000E+00  0.00000000E+00  0.00000000E+00  0.00000000E+00 
 0.00000000E+00  0.00000000E+00  0.00000000E+00  0.00000000E+00  0.00000000E+00  0.00000000E+00 
 0.00000000E+00  0.00000000E+00  0.00000000E+00  0.00000000E+00  0.00000000E+00  0.00000000E+00 
 0.00000000E+00  0.00000000E+00  0.00000000E+00  0.00000000E+00  0.00000000E+00  0.00000000E+00 
 0.00000000E+00  0.00000000E+00  0.00000000E+00  0.00000000E+00  0.00000000E+00  0.00000000E+00 
 0.00000000E+00  0.00000000E+00  0.00000000E+00  0.00000000E+00  0.00000000E+00  0.00000000E+00 
 0.00000000E+00  0.00000000E+00  0.00000000E+00  0.00000000E+00  0.00000000E+00  0.00000000E+00 
 0.00000000E+00  0.00000000E+00  0.00000000E+00  0.00000000E+00  0.00000000E+00  0.00000000E+00 
 0.00000000E+00  0.00000000E+00  0.00000000E+00  0.00000000E+00  0.00000000E+00  0.00000000E+00 
 0.00000000E+00  0.00000000E+00  0.00000000E+00  0.00000000E+00  0.00000000E+00  0.00000000E+00 
 0.00000000E+00  0.00000000E+00  0.00000000E+00  0.00000000E+00  0.00000000E+00  0.00000000E+00 
 0.00000000E+00  0.00000000E+00  0.00000000E+00  0.00000000E+00  0.00000000E+00  0.00000000E+00 
 0.00000000E+00  0.00000000E+00  0.00000000E+00  0.00000000E+00  0.00000000E+00  0.00000000E+00 
 0.00000000E+00  0.00000000E+00  0.00000000E+00  0.00000000E+00  0.00000000E+00  0.00000000E+00 
 0.00000000E+00  0.00000000E+00  0.00000000E+00  0.00000000E+00  0.00000000E+00  0.00000000E+00 
 0.00000000E+00  0.00000000E+00  0.00000000E+00  0.00000000E+00  0.00000000E+00  0.00000000E+00 
'BXVOIR' 
'X'  0.00000000E+00  0.00000000E+00  0.00000000E+00  0.00000000E+00 
'APPORTS' 

 0.00000000E+00  0.00000000E+00  0.00000000E+00  0.00000000E+00  0.00000000E+00  0.00000000E+00 
 0.00000000E+00  0.00000000E+00  0.00000000E+00  0.00000000E+00  0.00000000E+00  0.00000000E+00 
 0.00000000E+00  0.00000000E+00  0.00000000E+00  0.00000000E+00  0.00000000E+00  0.00000000E+00 
 0.00000000E+00  0.00000000E+00  0.00000000E+00  0.00000000E+00  0.00000000E+00  0.00000000E+00 
 0.00000000E+00  0.00000000E+00  0.00000000E+00  0.00000000E+00  0.00000000E+00  0.00000000E+00 
 0.00000000E+00  0.00000000E+00  0.00000000E+00  0.00000000E+00  0.00000000E+00  0.00000000E+00 
 0.00000000E+00  0.00000000E+00  0.00000000E+00  0.00000000E+00  0.00000000E+00  0.00000000E+00 
 0.00000000E+00  0.00000000E+00  0.00000000E+00  0.00000000E+00  0.00000000E+00  0.00000000E+00 
 0.00000000E+00  0.00000000E+00  0.00000000E+00  0.00000000E+00  0.00000000E+00  0.00000000E+00 
 0.00000000E+00  0.00000000E+00  0.00000000E+00  0.00000000E+00  0.00000000E+00  0.00000000E+00 
 0.00000000E+00  0.00000000E+00  0.00000000E+00  0.00000000E+00  0.00000000E+00  0.00000000E+00 
 0.00000000E+00  0.00000000E+00  0.00000000E+00  0.00000000E+00  0.00000000E+00  0.00000000E+00 
 0.00000000E+00  0.00000000E+00  0.00000000E+00  0.00000000E+00  0.00000000E+00  0.00000000E+00 
 0.00000000E+00  0.00000000E+00  0.00000000E+00  0.00000000E+00  0.00000000E+00  0.00000000E+00 
 0.00000000E+00  0.00000000E+00  0.00000000E+00  0.00000000E+00  0.00000000E+00  0.00000000E+00 
 0.00000000E+00  0.00000000E+00  0.00000000E+00  0.00000000E+00  0.00000000E+00  0.00000000E+00 
'MAX OPTIMISATION' 

 0.00000000E+00  0.00000000E+00  0.00000000E+00  0.00000000E+00  0.00000000E+00  0.00000000E+00 
 0.00000000E+00  0.00000000E+00  0.00000000E+00  0.00000000E+00  0.00000000E+00  0.00000000E+00 
 0.00000000E+00  0.00000000E+00  0.00000000E+00  0.00000000E+00  0.00000000E+00  0.00000000E+00 
 0.00000000E+00  0.00000000E+00  0.00000000E+00  0.00000000E+00  0.00000000E+00  0.00000000E+00 
 0.00000000E+00  0.00000000E+00  0.00000000E+00  0.00000000E+00  0.00000000E+00  0.00000000E+00 
 0.00000000E+00  0.00000000E+00  0.00000000E+00  0.00000000E+00  0.00000000E+00  0.00000000E+00 
 0.00000000E+00  0.00000000E+00  0.00000000E+00  0.00000000E+00  0.00000000E+00  0.00000000E+00 
 0.00000000E+00  0.00000000E+00  0.00000000E+00  0.00000000E+00  0.00000000E+00  0.00000000E+00 
 0.00000000E+00  0.00000000E+00  0.00000000E+00  0.00000000E+00  0.00000000E+00  0.00000000E+00 
 0.00000000E+00  0.00000000E+00  0.00000000E+00  0.00000000E+00  0.00000000E+00  0.00000000E+00 
 0.00000000E+00  0.00000000E+00  0.00000000E+00  0.00000000E+00  0.00000000E+00  0.00000000E+00 
 0.00000000E+00  0.00000000E+00  0.00000000E+00  0.00000000E+00  0.00000000E+00  0.00000000E+00 
 0.00000000E+00  0.00000000E+00  0.00000000E+00  0.00000000E+00  0.00000000E+00  0.00000000E+00 
 0.00000000E+00  0.00000000E+00  0.00000000E+00  0.00000000E+00  0.00000000E+00  0.00000000E+00 
 0.00000000E+00  0.00000000E+00  0.00000000E+00  0.00000000E+00  0.00000000E+00  0.00000000E+00 
 0.00000000E+00  0.00000000E+00  0.00000000E+00  0.00000000E+00  0.00000000E+00  0.00000000E+00 
'MIN OPTIMISATION' 

 0.00000000E+00  0.00000000E+00  0.00000000E+00  0.00000000E+00  0.00000000E+00  0.00000000E+00 
 0.00000000E+00  0.00000000E+00  0.00000000E+00  0.00000000E+00  0.00000000E+00  0.00000000E+00 
 0.00000000E+00  0.00000000E+00  0.00000000E+00  0.00000000E+00  0.00000000E+00  0.00000000E+00 
 0.00000000E+00  0.00000000E+00  0.00000000E+00  0.00000000E+00  0.00000000E+00  0.00000000E+00 
 0.00000000E+00  0.00000000E+00  0.00000000E+00  0.00000000E+00  0.00000000E+00  0.00000000E+00 
 0.00000000E+00  0.00000000E+00  0.00000000E+00  0.00000000E+00  0.00000000E+00  0.00000000E+00 
 0.00000000E+00  0.00000000E+00  0.00000000E+00  0.00000000E+00  0.00000000E+00  0.00000000E+00 
 0.00000000E+00  0.00000000E+00  0.00000000E+00  0.00000000E+00  0.00000000E+00  0.00000000E+00 
 0.00000000E+00  0.00000000E+00  0.00000000E+00  0.00000000E+00  0.00000000E+00  0.00000000E+00 
 0.00000000E+00  0.00000000E+00  0.00000000E+00  0.00000000E+00  0.00000000E+00  0.00000000E+00 
 0.00000000E+00  0.00000000E+00  0.00000000E+00  0.00000000E+00  0.00000000E+00  0.00000000E+00 
 0.00000000E+00  0.00000000E+00  0.00000000E+00  0.00000000E+00  0.00000000E+00  0.00000000E+00 
 0.00000000E+00  0.00000000E+00  0.00000000E+00  0.00000000E+00  0.00000000E+00  0.00000000E+00 
 0.00000000E+00  0.00000000E+00  0.00000000E+00  0.00000000E+00  0.00000000E+00  0.00000000E+00 
 0.00000000E+00  0.00000000E+00  0.00000000E+00  0.00000000E+00  0.00000000E+00  0.00000000E+00 
 0.00000000E+00  0.00000000E+00  0.00000000E+00  0.00000000E+00  0.00000000E+00  0.00000000E+00 
'MAX LISSAGE' 

 0.00000000E+00  0.00000000E+00  0.00000000E+00  0.00000000E+00  0.00000000E+00  0.00000000E+00 
 0.00000000E+00  0.00000000E+00  0.00000000E+00  0.00000000E+00  0.00000000E+00  0.00000000E+00 
 0.00000000E+00  0.00000000E+00  0.00000000E+00  0.00000000E+00  0.00000000E+00  0.00000000E+00 
 0.00000000E+00  0.00000000E+00  0.00000000E+00  0.00000000E+00  0.00000000E+00  0.00000000E+00 
 0.00000000E+00  0.00000000E+00  0.00000000E+00  0.00000000E+00  0.00000000E+00  0.00000000E+00 
 0.00000000E+00  0.00000000E+00  0.00000000E+00  0.00000000E+00  0.00000000E+00  0.00000000E+00 
 0.00000000E+00  0.00000000E+00  0.00000000E+00  0.00000000E+00  0.00000000E+00  0.00000000E+00 
 0.00000000E+00  0.00000000E+00  0.00000000E+00  0.00000000E+00  0.00000000E+00  0.00000000E+00 
 0.00000000E+00  0.00000000E+00  0.00000000E+00  0.00000000E+00  0.00000000E+00  0.00000000E+00 
 0.00000000E+00  0.00000000E+00  0.00000000E+00  0.00000000E+00  0.00000000E+00  0.00000000E+00 
 0.00000000E+00  0.00000000E+00  0.00000000E+00  0.00000000E+00  0.00000000E+00  0.00000000E+00 
 0.00000000E+00  0.00000000E+00  0.00000000E+00  0.00000000E+00  0.00000000E+00  0.00000000E+00 
 0.00000000E+00  0.00000000E+00  0.00000000E+00  0.00000000E+00  0.00000000E+00  0.00000000E+00 
 0.00000000E+00  0.00000000E+00  0.00000000E+00  0.00000000E+00  0.00000000E+00  0.00000000E+00 
 0.00000000E+00  0.00000000E+00  0.00000000E+00  0.00000000E+00  0.00000000E+00  0.00000000E+00 
 0.00000000E+00  0.00000000E+00  0.00000000E+00  0.00000000E+00  0.00000000E+00  0.00000000E+00 
'MIN LISSAGE' 

 0.00000000E+00  0.00000000E+00  0.00000000E+00  0.00000000E+00  0.00000000E+00  0.00000000E+00 
 0.00000000E+00  0.00000000E+00  0.00000000E+00  0.00000000E+00  0.00000000E+00  0.00000000E+00 
 0.00000000E+00  0.00000000E+00  0.00000000E+00  0.00000000E+00  0.00000000E+00  0.00000000E+00 
 0.00000000E+00  0.00000000E+00  0.00000000E+00  0.00000000E+00  0.00000000E+00  0.00000000E+00 
 0.00000000E+00  0.00000000E+00  0.00000000E+00  0.00000000E+00  0.00000000E+00  0.00000000E+00 
 0.00000000E+00  0.00000000E+00  0.00000000E+00  0.00000000E+00  0.00000000E+00  0.00000000E+00 
 0.00000000E+00  0.00000000E+00  0.00000000E+00  0.00000000E+00  0.00000000E+00  0.00000000E+00 
 0.00000000E+00  0.00000000E+00  0.00000000E+00  0.00000000E+00  0.00000000E+00  0.00000000E+00 
 0.00000000E+00  0.00000000E+00  0.00000000E+00  0.00000000E+00  0.00000000E+00  0.00000000E+00 
 0.00000000E+00  0.00000000E+00  0.00000000E+00  0.00000000E+00  0.00000000E+00  0.00000000E+00 
 0.00000000E+00  0.00000000E+00  0.00000000E+00  0.00000000E+00  0.00000000E+00  0.00000000E+00 
 0.00000000E+00  0.00000000E+00  0.00000000E+00  0.00000000E+00  0.00000000E+00  0.00000000E+00 
 0.00000000E+00  0.00000000E+00  0.00000000E+00  0.00000000E+00  0.00000000E+00  0.00000000E+00 
 0.00000000E+00  0.00000000E+00  0.00000000E+00  0.00000000E+00  0.00000000E+00  0.00000000E+00 
 0.00000000E+00  0.00000000E+00  0.00000000E+00  0.00000000E+00  0.00000000E+00  0.00000000E+00 
 0.00000000E+00  0.00000000E+00  0.00000000E+00  0.00000000E+00  0.00000000E+00  0.00000000E+00 
'SSHILR' 
'X'  0.00000000E+00  0.00000000E+00  0.00000000E+00  0.00000000E+00 
'APPORTS' 

 1.50000000E+00  1.50000000E+00  1.50000000E+00  1.50000000E+00  1.50000000E+00  1.50000000E+00 
 1.50000000E+00  1.50000000E+00  1.50000000E+00  1.50000000E+00  1.50000000E+00  1.50000000E+00 
 1.50000000E+00  1.50000000E+00  1.50000000E+00  1.50000000E+00  1.50000000E+00  1.50000000E+00 
 1.50000000E+00  1.50000000E+00  1.50000000E+00  1.50000000E+00  1.50000000E+00  1.50000000E+00 
 1.50000000E+00  1.50000000E+00  1.50000000E+00  1.50000000E+00  1.50000000E+00  1.50000000E+00 
 1.50000000E+00  1.50000000E+00  1.50000000E+00  1.50000000E+00  1.50000000E+00  1.50000000E+00 
 1.50000000E+00  1.50000000E+00  1.50000000E+00  1.50000000E+00  1.50000000E+00  1.50000000E+00 
 1.50000000E+00  1.50000000E+00  1.50000000E+00  1.50000000E+00  1.50000000E+00  1.50000000E+00 
 1.50000000E+00  1.50000000E+00  1.50000000E+00  1.50000000E+00  1.50000000E+00  1.50000000E+00 
 1.50000000E+00  1.50000000E+00  1.50000000E+00  1.50000000E+00  1.50000000E+00  1.50000000E+00 
 1.50000000E+00  1.50000000E+00  1.50000000E+00  1.50000000E+00  1.50000000E+00  1.50000000E+00 
 1.50000000E+00  1.50000000E+00  1.50000000E+00  1.50000000E+00  1.50000000E+00  1.50000000E+00 
 1.50000000E+00  1.50000000E+00  1.50000000E+00  1.50000000E+00  1.50000000E+00  1.50000000E+00 
 1.50000000E+00  1.50000000E+00  1.50000000E+00  1.50000000E+00  1.50000000E+00  1.50000000E+00 
 1.50000000E+00  1.50000000E+00  1.50000000E+00  1.50000000E+00  1.50000000E+00  1.50000000E+00 
 1.50000000E+00  1.50000000E+00  1.50000000E+00  1.50000000E+00  1.50000000E+00  1.50000000E+00 
'MAX OPTIMISATION' 

 0.00000000E+00  0.00000000E+00  0.00000000E+00  0.00000000E+00  0.00000000E+00  0.00000000E+00 
 0.00000000E+00  0.00000000E+00  0.00000000E+00  0.00000000E+00  0.00000000E+00  0.00000000E+00 
 0.00000000E+00  0.00000000E+00  0.00000000E+00  0.00000000E+00  0.00000000E+00  0.00000000E+00 
 0.00000000E+00  0.00000000E+00  0.00000000E+00  0.00000000E+00  0.00000000E+00  0.00000000E+00 
 0.00000000E+00  0.00000000E+00  0.00000000E+00  0.00000000E+00  0.00000000E+00  0.00000000E+00 
 0.00000000E+00  0.00000000E+00  0.00000000E+00  0.00000000E+00  0.00000000E+00  0.00000000E+00 
 0.00000000E+00  0.00000000E+00  0.00000000E+00  0.00000000E+00  0.00000000E+00  0.00000000E+00 
 0.00000000E+00  0.00000000E+00  0.00000000E+00  0.00000000E+00  0.00000000E+00  0.00000000E+00 
 0.00000000E+00  0.00000000E+00  0.00000000E+00  0.00000000E+00  0.00000000E+00  0.00000000E+00 
 0.00000000E+00  0.00000000E+00  0.00000000E+00  0.00000000E+00  0.00000000E+00  0.00000000E+00 
 0.00000000E+00  0.00000000E+00  0.00000000E+00  0.00000000E+00  0.00000000E+00  0.00000000E+00 
 0.00000000E+00  0.00000000E+00  0.00000000E+00  0.00000000E+00  0.00000000E+00  0.00000000E+00 
 0.00000000E+00  0.00000000E+00  0.00000000E+00  0.00000000E+00  0.00000000E+00  0.00000000E+00 
 0.00000000E+00  0.00000000E+00  0.00000000E+00  0.00000000E+00  0.00000000E+00  0.00000000E+00 
 0.00000000E+00  0.00000000E+00  0.00000000E+00  0.00000000E+00  0.00000000E+00  0.00000000E+00 
 0.00000000E+00  0.00000000E+00  0.00000000E+00  0.00000000E+00  0.00000000E+00  0.00000000E+00 
'MIN OPTIMISATION' 

 0.00000000E+00  0.00000000E+00  0.00000000E+00  0.00000000E+00  0.00000000E+00  0.00000000E+00 
 0.00000000E+00  0.00000000E+00  0.00000000E+00  0.00000000E+00  0.00000000E+00  0.00000000E+00 
 0.00000000E+00  0.00000000E+00  0.00000000E+00  0.00000000E+00  0.00000000E+00  0.00000000E+00 
 0.00000000E+00  0.00000000E+00  0.00000000E+00  0.00000000E+00  0.00000000E+00  0.00000000E+00 
 0.00000000E+00  0.00000000E+00  0.00000000E+00  0.00000000E+00  0.00000000E+00  0.00000000E+00 
 0.00000000E+00  0.00000000E+00  0.00000000E+00  0.00000000E+00  0.00000000E+00  0.00000000E+00 
 0.00000000E+00  0.00000000E+00  0.00000000E+00  0.00000000E+00  0.00000000E+00  0.00000000E+00 
 0.00000000E+00  0.00000000E+00  0.00000000E+00  0.00000000E+00  0.00000000E+00  0.00000000E+00 
 0.00000000E+00  0.00000000E+00  0.00000000E+00  0.00000000E+00  0.00000000E+00  0.00000000E+00 
 0.00000000E+00  0.00000000E+00  0.00000000E+00  0.00000000E+00  0.00000000E+00  0.00000000E+00 
 0.00000000E+00  0.00000000E+00  0.00000000E+00  0.00000000E+00  0.00000000E+00  0.00000000E+00 
 0.00000000E+00  0.00000000E+00  0.00000000E+00  0.00000000E+00  0.00000000E+00  0.00000000E+00 
 0.00000000E+00  0.00000000E+00  0.00000000E+00  0.00000000E+00  0.00000000E+00  0.00000000E+00 
 0.00000000E+00  0.00000000E+00  0.00000000E+00  0.00000000E+00  0.00000000E+00  0.00000000E+00 
 0.00000000E+00  0.00000000E+00  0.00000000E+00  0.00000000E+00  0.00000000E+00  0.00000000E+00 
 0.00000000E+00  0.00000000E+00  0.00000000E+00  0.00000000E+00  0.00000000E+00  0.00000000E+00 
'MAX LISSAGE' 

 0.00000000E+00  0.00000000E+00  0.00000000E+00  0.00000000E+00  0.00000000E+00  0.00000000E+00 
 0.00000000E+00  0.00000000E+00  0.00000000E+00  0.00000000E+00  0.00000000E+00  0.00000000E+00 
 0.00000000E+00  0.00000000E+00  0.00000000E+00  0.00000000E+00  0.00000000E+00  0.00000000E+00 
 0.00000000E+00  0.00000000E+00  0.00000000E+00  0.00000000E+00  0.00000000E+00  0.00000000E+00 
 0.00000000E+00  0.00000000E+00  0.00000000E+00  0.00000000E+00  0.00000000E+00  0.00000000E+00 
 0.00000000E+00  0.00000000E+00  0.00000000E+00  0.00000000E+00  0.00000000E+00  0.00000000E+00 
 0.00000000E+00  0.00000000E+00  0.00000000E+00  0.00000000E+00  0.00000000E+00  0.00000000E+00 
 0.00000000E+00  0.00000000E+00  0.00000000E+00  0.00000000E+00  0.00000000E+00  0.00000000E+00 
 0.00000000E+00  0.00000000E+00  0.00000000E+00  0.00000000E+00  0.00000000E+00  0.00000000E+00 
 0.00000000E+00  0.00000000E+00  0.00000000E+00  0.00000000E+00  0.00000000E+00  0.00000000E+00 
 0.00000000E+00  0.00000000E+00  0.00000000E+00  0.00000000E+00  0.00000000E+00  0.00000000E+00 
 0.00000000E+00  0.00000000E+00  0.00000000E+00  0.00000000E+00  0.00000000E+00  0.00000000E+00 
 0.00000000E+00  0.00000000E+00  0.00000000E+00  0.00000000E+00  0.00000000E+00  0.00000000E+00 
 0.00000000E+00  0.00000000E+00  0.00000000E+00  0.00000000E+00  0.00000000E+00  0.00000000E+00 
 0.00000000E+00  0.00000000E+00  0.00000000E+00  0.00000000E+00  0.00000000E+00  0.00000000E+00 
 0.00000000E+00  0.00000000E+00  0.00000000E+00  0.00000000E+00  0.00000000E+00  0.00000000E+00 
'MIN LISSAGE' 

 0.00000000E+00  0.00000000E+00  0.00000000E+00  0.00000000E+00  0.00000000E+00  0.00000000E+00 
 0.00000000E+00  0.00000000E+00  0.00000000E+00  0.00000000E+00  0.00000000E+00  0.00000000E+00 
 0.00000000E+00  0.00000000E+00  0.00000000E+00  0.00000000E+00  0.00000000E+00  0.00000000E+00 
 0.00000000E+00  0.00000000E+00  0.00000000E+00  0.00000000E+00  0.00000000E+00  0.00000000E+00 
 0.00000000E+00  0.00000000E+00  0.00000000E+00  0.00000000E+00  0.00000000E+00  0.00000000E+00 
 0.00000000E+00  0.00000000E+00  0.00000000E+00  0.00000000E+00  0.00000000E+00  0.00000000E+00 
 0.00000000E+00  0.00000000E+00  0.00000000E+00  0.00000000E+00  0.00000000E+00  0.00000000E+00 
 0.00000000E+00  0.00000000E+00  0.00000000E+00  0.00000000E+00  0.00000000E+00  0.00000000E+00 
 0.00000000E+00  0.00000000E+00  0.00000000E+00  0.00000000E+00  0.00000000E+00  0.00000000E+00 
 0.00000000E+00  0.00000000E+00  0.00000000E+00  0.00000000E+00  0.00000000E+00  0.00000000E+00 
 0.00000000E+00  0.00000000E+00  0.00000000E+00  0.00000000E+00  0.00000000E+00  0.00000000E+00 
 0.00000000E+00  0.00000000E+00  0.00000000E+00  0.00000000E+00  0.00000000E+00  0.00000000E+00 
 0.00000000E+00  0.00000000E+00  0.00000000E+00  0.00000000E+00  0.00000000E+00  0.00000000E+00 
 0.00000000E+00  0.00000000E+00  0.00000000E+00  0.00000000E+00  0.00000000E+00  0.00000000E+00 
 0.00000000E+00  0.00000000E+00  0.00000000E+00  0.00000000E+00  0.00000000E+00  0.00000000E+00 
 0.00000000E+00  0.00000000E+00  0.00000000E+00  0.00000000E+00  0.00000000E+00  0.00000000E+00 
'PIZANR' 
'X'  0.00000000E+00  0.00000000E+00  0.00000000E+00  0.00000000E+00 
'APPORTS' 

 0.00000000E+00  0.00000000E+00  0.00000000E+00  0.00000000E+00  0.00000000E+00  0.00000000E+00 
 0.00000000E+00  0.00000000E+00  0.00000000E+00  0.00000000E+00  0.00000000E+00  0.00000000E+00 
 0.00000000E+00  0.00000000E+00  0.00000000E+00  0.00000000E+00  0.00000000E+00  0.00000000E+00 
 0.00000000E+00  0.00000000E+00  0.00000000E+00  0.00000000E+00  0.00000000E+00  0.00000000E+00 
 0.00000000E+00  0.00000000E+00  0.00000000E+00  0.00000000E+00  0.00000000E+00  0.00000000E+00 
 0.00000000E+00  0.00000000E+00  0.00000000E+00  0.00000000E+00  0.00000000E+00  0.00000000E+00 
 0.00000000E+00  0.00000000E+00  0.00000000E+00  0.00000000E+00  0.00000000E+00  0.00000000E+00 
 0.00000000E+00  0.00000000E+00  0.00000000E+00  0.00000000E+00  0.00000000E+00  0.00000000E+00 
 0.00000000E+00  0.00000000E+00  0.00000000E+00  0.00000000E+00  0.00000000E+00  0.00000000E+00 
 0.00000000E+00  0.00000000E+00  0.00000000E+00  0.00000000E+00  0.00000000E+00  0.00000000E+00 
 0.00000000E+00  0.00000000E+00  0.00000000E+00  0.00000000E+00  0.00000000E+00  0.00000000E+00 
 0.00000000E+00  0.00000000E+00  0.00000000E+00  0.00000000E+00  0.00000000E+00  0.00000000E+00 
 0.00000000E+00  0.00000000E+00  0.00000000E+00  0.00000000E+00  0.00000000E+00  0.00000000E+00 
 0.00000000E+00  0.00000000E+00  0.00000000E+00  0.00000000E+00  0.00000000E+00  0.00000000E+00 
 0.00000000E+00  0.00000000E+00  0.00000000E+00  0.00000000E+00  0.00000000E+00  0.00000000E+00 
 0.00000000E+00  0.00000000E+00  0.00000000E+00  0.00000000E+00  0.00000000E+00  0.00000000E+00 
'MAX OPTIMISATION' 

 0.00000000E+00  0.00000000E+00  0.00000000E+00  0.00000000E+00  0.00000000E+00  0.00000000E+00 
 0.00000000E+00  0.00000000E+00  0.00000000E+00  0.00000000E+00  0.00000000E+00  0.00000000E+00 
 0.00000000E+00  0.00000000E+00  0.00000000E+00  0.00000000E+00  0.00000000E+00  0.00000000E+00 
 0.00000000E+00  0.00000000E+00  0.00000000E+00  0.00000000E+00  0.00000000E+00  0.00000000E+00 
 0.00000000E+00  0.00000000E+00  0.00000000E+00  0.00000000E+00  0.00000000E+00  0.00000000E+00 
 0.00000000E+00  0.00000000E+00  0.00000000E+00  0.00000000E+00  0.00000000E+00  0.00000000E+00 
 0.00000000E+00  0.00000000E+00  0.00000000E+00  0.00000000E+00  0.00000000E+00  0.00000000E+00 
 0.00000000E+00  0.00000000E+00  0.00000000E+00  0.00000000E+00  0.00000000E+00  0.00000000E+00 
 0.00000000E+00  0.00000000E+00  0.00000000E+00  0.00000000E+00  0.00000000E+00  0.00000000E+00 
 0.00000000E+00  0.00000000E+00  0.00000000E+00  0.00000000E+00  0.00000000E+00  0.00000000E+00 
 0.00000000E+00  0.00000000E+00  0.00000000E+00  0.00000000E+00  0.00000000E+00  0.00000000E+00 
 0.00000000E+00  0.00000000E+00  0.00000000E+00  0.00000000E+00  0.00000000E+00  0.00000000E+00 
 0.00000000E+00  0.00000000E+00  0.00000000E+00  0.00000000E+00  0.00000000E+00  0.00000000E+00 
 0.00000000E+00  0.00000000E+00  0.00000000E+00  0.00000000E+00  0.00000000E+00  0.00000000E+00 
 0.00000000E+00  0.00000000E+00  0.00000000E+00  0.00000000E+00  0.00000000E+00  0.00000000E+00 
 0.00000000E+00  0.00000000E+00  0.00000000E+00  0.00000000E+00  0.00000000E+00  0.00000000E+00 
'MIN OPTIMISATION' 

 0.00000000E+00  0.00000000E+00  0.00000000E+00  0.00000000E+00  0.00000000E+00  0.00000000E+00 
 0.00000000E+00  0.00000000E+00  0.00000000E+00  0.00000000E+00  0.00000000E+00  0.00000000E+00 
 0.00000000E+00  0.00000000E+00  0.00000000E+00  0.00000000E+00  0.00000000E+00  0.00000000E+00 
 0.00000000E+00  0.00000000E+00  0.00000000E+00  0.00000000E+00  0.00000000E+00  0.00000000E+00 
 0.00000000E+00  0.00000000E+00  0.00000000E+00  0.00000000E+00  0.00000000E+00  0.00000000E+00 
 0.00000000E+00  0.00000000E+00  0.00000000E+00  0.00000000E+00  0.00000000E+00  0.00000000E+00 
 0.00000000E+00  0.00000000E+00  0.00000000E+00  0.00000000E+00  0.00000000E+00  0.00000000E+00 
 0.00000000E+00  0.00000000E+00  0.00000000E+00  0.00000000E+00  0.00000000E+00  0.00000000E+00 
 0.00000000E+00  0.00000000E+00  0.00000000E+00  0.00000000E+00  0.00000000E+00  0.00000000E+00 
 0.00000000E+00  0.00000000E+00  0.00000000E+00  0.00000000E+00  0.00000000E+00  0.00000000E+00 
 0.00000000E+00  0.00000000E+00  0.00000000E+00  0.00000000E+00  0.00000000E+00  0.00000000E+00 
 0.00000000E+00  0.00000000E+00  0.00000000E+00  0.00000000E+00  0.00000000E+00  0.00000000E+00 
 0.00000000E+00  0.00000000E+00  0.00000000E+00  0.00000000E+00  0.00000000E+00  0.00000000E+00 
 0.00000000E+00  0.00000000E+00  0.00000000E+00  0.00000000E+00  0.00000000E+00  0.00000000E+00 
 0.00000000E+00  0.00000000E+00  0.00000000E+00  0.00000000E+00  0.00000000E+00  0.00000000E+00 
 0.00000000E+00  0.00000000E+00  0.00000000E+00  0.00000000E+00  0.00000000E+00  0.00000000E+00 
'MAX LISSAGE' 

 0.00000000E+00  0.00000000E+00  0.00000000E+00  0.00000000E+00  0.00000000E+00  0.00000000E+00 
 0.00000000E+00  0.00000000E+00  0.00000000E+00  0.00000000E+00  0.00000000E+00  0.00000000E+00 
 0.00000000E+00  0.00000000E+00  0.00000000E+00  0.00000000E+00  0.00000000E+00  0.00000000E+00 
 0.00000000E+00  0.00000000E+00  0.00000000E+00  0.00000000E+00  0.00000000E+00  0.00000000E+00 
 0.00000000E+00  0.00000000E+00  0.00000000E+00  0.00000000E+00  0.00000000E+00  0.00000000E+00 
 0.00000000E+00  0.00000000E+00  0.00000000E+00  0.00000000E+00  0.00000000E+00  0.00000000E+00 
 0.00000000E+00  0.00000000E+00  0.00000000E+00  0.00000000E+00  0.00000000E+00  0.00000000E+00 
 0.00000000E+00  0.00000000E+00  0.00000000E+00  0.00000000E+00  0.00000000E+00  0.00000000E+00 
 0.00000000E+00  0.00000000E+00  0.00000000E+00  0.00000000E+00  0.00000000E+00  0.00000000E+00 
 0.00000000E+00  0.00000000E+00  0.00000000E+00  0.00000000E+00  0.00000000E+00  0.00000000E+00 
 0.00000000E+00  0.00000000E+00  0.00000000E+00  0.00000000E+00  0.00000000E+00  0.00000000E+00 
 0.00000000E+00  0.00000000E+00  0.00000000E+00  0.00000000E+00  0.00000000E+00  0.00000000E+00 
 0.00000000E+00  0.00000000E+00  0.00000000E+00  0.00000000E+00  0.00000000E+00  0.00000000E+00 
 0.00000000E+00  0.00000000E+00  0.00000000E+00  0.00000000E+00  0.00000000E+00  0.00000000E+00 
 0.00000000E+00  0.00000000E+00  0.00000000E+00  0.00000000E+00  0.00000000E+00  0.00000000E+00 
 0.00000000E+00  0.00000000E+00  0.00000000E+00  0.00000000E+00  0.00000000E+00  0.00000000E+00 
'MIN LISSAGE' 

 0.00000000E+00  0.00000000E+00  0.00000000E+00  0.00000000E+00  0.00000000E+00  0.00000000E+00 
 0.00000000E+00  0.00000000E+00  0.00000000E+00  0.00000000E+00  0.00000000E+00  0.00000000E+00 
 0.00000000E+00  0.00000000E+00  0.00000000E+00  0.00000000E+00  0.00000000E+00  0.00000000E+00 
 0.00000000E+00  0.00000000E+00  0.00000000E+00  0.00000000E+00  0.00000000E+00  0.00000000E+00 
 0.00000000E+00  0.00000000E+00  0.00000000E+00  0.00000000E+00  0.00000000E+00  0.00000000E+00 
 0.00000000E+00  0.00000000E+00  0.00000000E+00  0.00000000E+00  0.00000000E+00  0.00000000E+00 
 0.00000000E+00  0.00000000E+00  0.00000000E+00  0.00000000E+00  0.00000000E+00  0.00000000E+00 
 0.00000000E+00  0.00000000E+00  0.00000000E+00  0.00000000E+00  0.00000000E+00  0.00000000E+00 
 0.00000000E+00  0.00000000E+00  0.00000000E+00  0.00000000E+00  0.00000000E+00  0.00000000E+00 
 0.00000000E+00  0.00000000E+00  0.00000000E+00  0.00000000E+00  0.00000000E+00  0.00000000E+00 
 0.00000000E+00  0.00000000E+00  0.00000000E+00  0.00000000E+00  0.00000000E+00  0.00000000E+00 
 0.00000000E+00  0.00000000E+00  0.00000000E+00  0.00000000E+00  0.00000000E+00  0.00000000E+00 
 0.00000000E+00  0.00000000E+00  0.00000000E+00  0.00000000E+00  0.00000000E+00  0.00000000E+00 
 0.00000000E+00  0.00000000E+00  0.00000000E+00  0.00000000E+00  0.00000000E+00  0.00000000E+00 
 0.00000000E+00  0.00000000E+00  0.00000000E+00  0.00000000E+00  0.00000000E+00  0.00000000E+00 
 0.00000000E+00  0.00000000E+00  0.00000000E+00  0.00000000E+00  0.00000000E+00  0.00000000E+00 
'VANELR' 
'X'  0.00000000E+00  0.00000000E+00  0.00000000E+00  0.00000000E+00 
'APPORTS' 

 0.00000000E+00  0.00000000E+00  0.00000000E+00  0.00000000E+00  0.00000000E+00  0.00000000E+00 
 0.00000000E+00  0.00000000E+00  0.00000000E+00  0.00000000E+00  0.00000000E+00  0.00000000E+00 
 0.00000000E+00  0.00000000E+00  0.00000000E+00  0.00000000E+00  0.00000000E+00  0.00000000E+00 
 0.00000000E+00  0.00000000E+00  0.00000000E+00  0.00000000E+00  0.00000000E+00  0.00000000E+00 
 0.00000000E+00  0.00000000E+00  0.00000000E+00  0.00000000E+00  0.00000000E+00  0.00000000E+00 
 0.00000000E+00  0.00000000E+00  0.00000000E+00  0.00000000E+00  0.00000000E+00  0.00000000E+00 
 0.00000000E+00  0.00000000E+00  0.00000000E+00  0.00000000E+00  0.00000000E+00  0.00000000E+00 
 0.00000000E+00  0.00000000E+00  0.00000000E+00  0.00000000E+00  0.00000000E+00  0.00000000E+00 
 0.00000000E+00  0.00000000E+00  0.00000000E+00  0.00000000E+00  0.00000000E+00  0.00000000E+00 
 0.00000000E+00  0.00000000E+00  0.00000000E+00  0.00000000E+00  0.00000000E+00  0.00000000E+00 
 0.00000000E+00  0.00000000E+00  0.00000000E+00  0.00000000E+00  0.00000000E+00  0.00000000E+00 
 0.00000000E+00  0.00000000E+00  0.00000000E+00  0.00000000E+00  0.00000000E+00  0.00000000E+00 
 0.00000000E+00  0.00000000E+00  0.00000000E+00  0.00000000E+00  0.00000000E+00  0.00000000E+00 
 0.00000000E+00  0.00000000E+00  0.00000000E+00  0.00000000E+00  0.00000000E+00  0.00000000E+00 
 0.00000000E+00  0.00000000E+00  0.00000000E+00  0.00000000E+00  0.00000000E+00  0.00000000E+00 
 0.00000000E+00  0.00000000E+00  0.00000000E+00  0.00000000E+00  0.00000000E+00  0.00000000E+00 
'MAX OPTIMISATION' 

 0.00000000E+00  0.00000000E+00  0.00000000E+00  0.00000000E+00  0.00000000E+00  0.00000000E+00 
 0.00000000E+00  0.00000000E+00  0.00000000E+00  0.00000000E+00  0.00000000E+00  0.00000000E+00 
 0.00000000E+00  0.00000000E+00  0.00000000E+00  0.00000000E+00  0.00000000E+00  0.00000000E+00 
 0.00000000E+00  0.00000000E+00  0.00000000E+00  0.00000000E+00  0.00000000E+00  0.00000000E+00 
 0.00000000E+00  0.00000000E+00  0.00000000E+00  0.00000000E+00  0.00000000E+00  0.00000000E+00 
 0.00000000E+00  0.00000000E+00  0.00000000E+00  0.00000000E+00  0.00000000E+00  0.00000000E+00 
 0.00000000E+00  0.00000000E+00  0.00000000E+00  0.00000000E+00  0.00000000E+00  0.00000000E+00 
 0.00000000E+00  0.00000000E+00  0.00000000E+00  0.00000000E+00  0.00000000E+00  0.00000000E+00 
 0.00000000E+00  0.00000000E+00  0.00000000E+00  0.00000000E+00  0.00000000E+00  0.00000000E+00 
 0.00000000E+00  0.00000000E+00  0.00000000E+00  0.00000000E+00  0.00000000E+00  0.00000000E+00 
 0.00000000E+00  0.00000000E+00  0.00000000E+00  0.00000000E+00  0.00000000E+00  0.00000000E+00 
 0.00000000E+00  0.00000000E+00  0.00000000E+00  0.00000000E+00  0.00000000E+00  0.00000000E+00 
 0.00000000E+00  0.00000000E+00  0.00000000E+00  0.00000000E+00  0.00000000E+00  0.00000000E+00 
 0.00000000E+00  0.00000000E+00  0.00000000E+00  0.00000000E+00  0.00000000E+00  0.00000000E+00 
 0.00000000E+00  0.00000000E+00  0.00000000E+00  0.00000000E+00  0.00000000E+00  0.00000000E+00 
 0.00000000E+00  0.00000000E+00  0.00000000E+00  0.00000000E+00  0.00000000E+00  0.00000000E+00 
'MIN OPTIMISATION' 

 0.00000000E+00  0.00000000E+00  0.00000000E+00  0.00000000E+00  0.00000000E+00  0.00000000E+00 
 0.00000000E+00  0.00000000E+00  0.00000000E+00  0.00000000E+00  0.00000000E+00  0.00000000E+00 
 0.00000000E+00  0.00000000E+00  0.00000000E+00  0.00000000E+00  0.00000000E+00  0.00000000E+00 
 0.00000000E+00  0.00000000E+00  0.00000000E+00  0.00000000E+00  0.00000000E+00  0.00000000E+00 
 0.00000000E+00  0.00000000E+00  0.00000000E+00  0.00000000E+00  0.00000000E+00  0.00000000E+00 
 0.00000000E+00  0.00000000E+00  0.00000000E+00  0.00000000E+00  0.00000000E+00  0.00000000E+00 
 0.00000000E+00  0.00000000E+00  0.00000000E+00  0.00000000E+00  0.00000000E+00  0.00000000E+00 
 0.00000000E+00  0.00000000E+00  0.00000000E+00  0.00000000E+00  0.00000000E+00  0.00000000E+00 
 0.00000000E+00  0.00000000E+00  0.00000000E+00  0.00000000E+00  0.00000000E+00  0.00000000E+00 
 0.00000000E+00  0.00000000E+00  0.00000000E+00  0.00000000E+00  0.00000000E+00  0.00000000E+00 
 0.00000000E+00  0.00000000E+00  0.00000000E+00  0.00000000E+00  0.00000000E+00  0.00000000E+00 
 0.00000000E+00  0.00000000E+00  0.00000000E+00  0.00000000E+00  0.00000000E+00  0.00000000E+00 
 0.00000000E+00  0.00000000E+00  0.00000000E+00  0.00000000E+00  0.00000000E+00  0.00000000E+00 
 0.00000000E+00  0.00000000E+00  0.00000000E+00  0.00000000E+00  0.00000000E+00  0.00000000E+00 
 0.00000000E+00  0.00000000E+00  0.00000000E+00  0.00000000E+00  0.00000000E+00  0.00000000E+00 
 0.00000000E+00  0.00000000E+00  0.00000000E+00  0.00000000E+00  0.00000000E+00  0.00000000E+00 
'MAX LISSAGE' 

 0.00000000E+00  0.00000000E+00  0.00000000E+00  0.00000000E+00  0.00000000E+00  0.00000000E+00 
 0.00000000E+00  0.00000000E+00  0.00000000E+00  0.00000000E+00  0.00000000E+00  0.00000000E+00 
 0.00000000E+00  0.00000000E+00  0.00000000E+00  0.00000000E+00  0.00000000E+00  0.00000000E+00 
 0.00000000E+00  0.00000000E+00  0.00000000E+00  0.00000000E+00  0.00000000E+00  0.00000000E+00 
 0.00000000E+00  0.00000000E+00  0.00000000E+00  0.00000000E+00  0.00000000E+00  0.00000000E+00 
 0.00000000E+00  0.00000000E+00  0.00000000E+00  0.00000000E+00  0.00000000E+00  0.00000000E+00 
 0.00000000E+00  0.00000000E+00  0.00000000E+00  0.00000000E+00  0.00000000E+00  0.00000000E+00 
 0.00000000E+00  0.00000000E+00  0.00000000E+00  0.00000000E+00  0.00000000E+00  0.00000000E+00 
 0.00000000E+00  0.00000000E+00  0.00000000E+00  0.00000000E+00  0.00000000E+00  0.00000000E+00 
 0.00000000E+00  0.00000000E+00  0.00000000E+00  0.00000000E+00  0.00000000E+00  0.00000000E+00 
 0.00000000E+00  0.00000000E+00  0.00000000E+00  0.00000000E+00  0.00000000E+00  0.00000000E+00 
 0.00000000E+00  0.00000000E+00  0.00000000E+00  0.00000000E+00  0.00000000E+00  0.00000000E+00 
 0.00000000E+00  0.00000000E+00  0.00000000E+00  0.00000000E+00  0.00000000E+00  0.00000000E+00 
 0.00000000E+00  0.00000000E+00  0.00000000E+00  0.00000000E+00  0.00000000E+00  0.00000000E+00 
 0.00000000E+00  0.00000000E+00  0.00000000E+00  0.00000000E+00  0.00000000E+00  0.00000000E+00 
 0.00000000E+00  0.00000000E+00  0.00000000E+00  0.00000000E+00  0.00000000E+00  0.00000000E+00 
'MIN LISSAGE' 

 0.00000000E+00  0.00000000E+00  0.00000000E+00  0.00000000E+00  0.00000000E+00  0.00000000E+00 
 0.00000000E+00  0.00000000E+00  0.00000000E+00  0.00000000E+00  0.00000000E+00  0.00000000E+00 
 0.00000000E+00  0.00000000E+00  0.00000000E+00  0.00000000E+00  0.00000000E+00  0.00000000E+00 
 0.00000000E+00  0.00000000E+00  0.00000000E+00  0.00000000E+00  0.00000000E+00  0.00000000E+00 
 0.00000000E+00  0.00000000E+00  0.00000000E+00  0.00000000E+00  0.00000000E+00  0.00000000E+00 
 0.00000000E+00  0.00000000E+00  0.00000000E+00  0.00000000E+00  0.00000000E+00  0.00000000E+00 
 0.00000000E+00  0.00000000E+00  0.00000000E+00  0.00000000E+00  0.00000000E+00  0.00000000E+00 
 0.00000000E+00  0.00000000E+00  0.00000000E+00  0.00000000E+00  0.00000000E+00  0.00000000E+00 
 0.00000000E+00  0.00000000E+00  0.00000000E+00  0.00000000E+00  0.00000000E+00  0.00000000E+00 
 0.00000000E+00  0.00000000E+00  0.00000000E+00  0.00000000E+00  0.00000000E+00  0.00000000E+00 
 0.00000000E+00  0.00000000E+00  0.00000000E+00  0.00000000E+00  0.00000000E+00  0.00000000E+00 
 0.00000000E+00  0.00000000E+00  0.00000000E+00  0.00000000E+00  0.00000000E+00  0.00000000E+00 
 0.00000000E+00  0.00000000E+00  0.00000000E+00  0.00000000E+00  0.00000000E+00  0.00000000E+00 
 0.00000000E+00  0.00000000E+00  0.00000000E+00  0.00000000E+00  0.00000000E+00  0.00000000E+00 
 0.00000000E+00  0.00000000E+00  0.00000000E+00  0.00000000E+00  0.00000000E+00  0.00000000E+00 
 0.00000000E+00  0.00000000E+00  0.00000000E+00  0.00000000E+00  0.00000000E+00  0.00000000E+00 
'B.MONR' 
'X'  0.00000000E+00  0.00000000E+00  0.00000000E+00  0.00000000E+00 
'APPORTS' 

 0.00000000E+00  0.00000000E+00  0.00000000E+00  0.00000000E+00  0.00000000E+00  0.00000000E+00 
 0.00000000E+00  0.00000000E+00  0.00000000E+00  0.00000000E+00  0.00000000E+00  0.00000000E+00 
 0.00000000E+00  0.00000000E+00  0.00000000E+00  0.00000000E+00  0.00000000E+00  0.00000000E+00 
 0.00000000E+00  0.00000000E+00  0.00000000E+00  0.00000000E+00  0.00000000E+00  0.00000000E+00 
 0.00000000E+00  0.00000000E+00  0.00000000E+00  0.00000000E+00  0.00000000E+00  0.00000000E+00 
 0.00000000E+00  0.00000000E+00  0.00000000E+00  0.00000000E+00  0.00000000E+00  0.00000000E+00 
 0.00000000E+00  0.00000000E+00  0.00000000E+00  0.00000000E+00  0.00000000E+00  0.00000000E+00 
 0.00000000E+00  0.00000000E+00  0.00000000E+00  0.00000000E+00  0.00000000E+00  0.00000000E+00 
 0.00000000E+00  0.00000000E+00  0.00000000E+00  0.00000000E+00  0.00000000E+00  0.00000000E+00 
 0.00000000E+00  0.00000000E+00  0.00000000E+00  0.00000000E+00  0.00000000E+00  0.00000000E+00 
 0.00000000E+00  0.00000000E+00  0.00000000E+00  0.00000000E+00  0.00000000E+00  0.00000000E+00 
 0.00000000E+00  0.00000000E+00  0.00000000E+00  0.00000000E+00  0.00000000E+00  0.00000000E+00 
 0.00000000E+00  0.00000000E+00  0.00000000E+00  0.00000000E+00  0.00000000E+00  0.00000000E+00 
 0.00000000E+00  0.00000000E+00  0.00000000E+00  0.00000000E+00  0.00000000E+00  0.00000000E+00 
 0.00000000E+00  0.00000000E+00  0.00000000E+00  0.00000000E+00  0.00000000E+00  0.00000000E+00 
 0.00000000E+00  0.00000000E+00  0.00000000E+00  0.00000000E+00  0.00000000E+00  0.00000000E+00 
'MAX OPTIMISATION' 

 0.00000000E+00  0.00000000E+00  0.00000000E+00  0.00000000E+00  0.00000000E+00  0.00000000E+00 
 0.00000000E+00  0.00000000E+00  0.00000000E+00  0.00000000E+00  0.00000000E+00  0.00000000E+00 
 0.00000000E+00  0.00000000E+00  0.00000000E+00  0.00000000E+00  0.00000000E+00  0.00000000E+00 
 0.00000000E+00  0.00000000E+00  0.00000000E+00  0.00000000E+00  0.00000000E+00  0.00000000E+00 
 0.00000000E+00  0.00000000E+00  0.00000000E+00  0.00000000E+00  0.00000000E+00  0.00000000E+00 
 0.00000000E+00  0.00000000E+00  0.00000000E+00  0.00000000E+00  0.00000000E+00  0.00000000E+00 
 0.00000000E+00  0.00000000E+00  0.00000000E+00  0.00000000E+00  0.00000000E+00  0.00000000E+00 
 0.00000000E+00  0.00000000E+00  0.00000000E+00  0.00000000E+00  0.00000000E+00  0.00000000E+00 
 0.00000000E+00  0.00000000E+00  0.00000000E+00  0.00000000E+00  0.00000000E+00  0.00000000E+00 
 0.00000000E+00  0.00000000E+00  0.00000000E+00  0.00000000E+00  0.00000000E+00  0.00000000E+00 
 0.00000000E+00  0.00000000E+00  0.00000000E+00  0.00000000E+00  0.00000000E+00  0.00000000E+00 
 0.00000000E+00  0.00000000E+00  0.00000000E+00  0.00000000E+00  0.00000000E+00  0.00000000E+00 
 0.00000000E+00  0.00000000E+00  0.00000000E+00  0.00000000E+00  0.00000000E+00  0.00000000E+00 
 0.00000000E+00  0.00000000E+00  0.00000000E+00  0.00000000E+00  0.00000000E+00  0.00000000E+00 
 0.00000000E+00  0.00000000E+00  0.00000000E+00  0.00000000E+00  0.00000000E+00  0.00000000E+00 
 0.00000000E+00  0.00000000E+00  0.00000000E+00  0.00000000E+00  0.00000000E+00  0.00000000E+00 
'MIN OPTIMISATION' 

 0.00000000E+00  0.00000000E+00  0.00000000E+00  0.00000000E+00  0.00000000E+00  0.00000000E+00 
 0.00000000E+00  0.00000000E+00  0.00000000E+00  0.00000000E+00  0.00000000E+00  0.00000000E+00 
 0.00000000E+00  0.00000000E+00  0.00000000E+00  0.00000000E+00  0.00000000E+00  0.00000000E+00 
 0.00000000E+00  0.00000000E+00  0.00000000E+00  0.00000000E+00  0.00000000E+00  0.00000000E+00 
 0.00000000E+00  0.00000000E+00  0.00000000E+00  0.00000000E+00  0.00000000E+00  0.00000000E+00 
 0.00000000E+00  0.00000000E+00  0.00000000E+00  0.00000000E+00  0.00000000E+00  0.00000000E+00 
 0.00000000E+00  0.00000000E+00  0.00000000E+00  0.00000000E+00  0.00000000E+00  0.00000000E+00 
 0.00000000E+00  0.00000000E+00  0.00000000E+00  0.00000000E+00  0.00000000E+00  0.00000000E+00 
 0.00000000E+00  0.00000000E+00  0.00000000E+00  0.00000000E+00  0.00000000E+00  0.00000000E+00 
 0.00000000E+00  0.00000000E+00  0.00000000E+00  0.00000000E+00  0.00000000E+00  0.00000000E+00 
 0.00000000E+00  0.00000000E+00  0.00000000E+00  0.00000000E+00  0.00000000E+00  0.00000000E+00 
 0.00000000E+00  0.00000000E+00  0.00000000E+00  0.00000000E+00  0.00000000E+00  0.00000000E+00 
 0.00000000E+00  0.00000000E+00  0.00000000E+00  0.00000000E+00  0.00000000E+00  0.00000000E+00 
 0.00000000E+00  0.00000000E+00  0.00000000E+00  0.00000000E+00  0.00000000E+00  0.00000000E+00 
 0.00000000E+00  0.00000000E+00  0.00000000E+00  0.00000000E+00  0.00000000E+00  0.00000000E+00 
 0.00000000E+00  0.00000000E+00  0.00000000E+00  0.00000000E+00  0.00000000E+00  0.00000000E+00 
'MAX LISSAGE' 

 0.00000000E+00  0.00000000E+00  0.00000000E+00  0.00000000E+00  0.00000000E+00  0.00000000E+00 
 0.00000000E+00  0.00000000E+00  0.00000000E+00  0.00000000E+00  0.00000000E+00  0.00000000E+00 
 0.00000000E+00  0.00000000E+00  0.00000000E+00  0.00000000E+00  0.00000000E+00  0.00000000E+00 
 0.00000000E+00  0.00000000E+00  0.00000000E+00  0.00000000E+00  0.00000000E+00  0.00000000E+00 
 0.00000000E+00  0.00000000E+00  0.00000000E+00  0.00000000E+00  0.00000000E+00  0.00000000E+00 
 0.00000000E+00  0.00000000E+00  0.00000000E+00  0.00000000E+00  0.00000000E+00  0.00000000E+00 
 0.00000000E+00  0.00000000E+00  0.00000000E+00  0.00000000E+00  0.00000000E+00  0.00000000E+00 
 0.00000000E+00  0.00000000E+00  0.00000000E+00  0.00000000E+00  0.00000000E+00  0.00000000E+00 
 0.00000000E+00  0.00000000E+00  0.00000000E+00  0.00000000E+00  0.00000000E+00  0.00000000E+00 
 0.00000000E+00  0.00000000E+00  0.00000000E+00  0.00000000E+00  0.00000000E+00  0.00000000E+00 
 0.00000000E+00  0.00000000E+00  0.00000000E+00  0.00000000E+00  0.00000000E+00  0.00000000E+00 
 0.00000000E+00  0.00000000E+00  0.00000000E+00  0.00000000E+00  0.00000000E+00  0.00000000E+00 
 0.00000000E+00  0.00000000E+00  0.00000000E+00  0.00000000E+00  0.00000000E+00  0.00000000E+00 
 0.00000000E+00  0.00000000E+00  0.00000000E+00  0.00000000E+00  0.00000000E+00  0.00000000E+00 
 0.00000000E+00  0.00000000E+00  0.00000000E+00  0.00000000E+00  0.00000000E+00  0.00000000E+00 
 0.00000000E+00  0.00000000E+00  0.00000000E+00  0.00000000E+00  0.00000000E+00  0.00000000E+00 
'MIN LISSAGE' 

 0.00000000E+00  0.00000000E+00  0.00000000E+00  0.00000000E+00  0.00000000E+00  0.00000000E+00 
 0.00000000E+00  0.00000000E+00  0.00000000E+00  0.00000000E+00  0.00000000E+00  0.00000000E+00 
 0.00000000E+00  0.00000000E+00  0.00000000E+00  0.00000000E+00  0.00000000E+00  0.00000000E+00 
 0.00000000E+00  0.00000000E+00  0.00000000E+00  0.00000000E+00  0.00000000E+00  0.00000000E+00 
 0.00000000E+00  0.00000000E+00  0.00000000E+00  0.00000000E+00  0.00000000E+00  0.00000000E+00 
 0.00000000E+00  0.00000000E+00  0.00000000E+00  0.00000000E+00  0.00000000E+00  0.00000000E+00 
 0.00000000E+00  0.00000000E+00  0.00000000E+00  0.00000000E+00  0.00000000E+00  0.00000000E+00 
 0.00000000E+00  0.00000000E+00  0.00000000E+00  0.00000000E+00  0.00000000E+00  0.00000000E+00 
 0.00000000E+00  0.00000000E+00  0.00000000E+00  0.00000000E+00  0.00000000E+00  0.00000000E+00 
 0.00000000E+00  0.00000000E+00  0.00000000E+00  0.00000000E+00  0.00000000E+00  0.00000000E+00 
 0.00000000E+00  0.00000000E+00  0.00000000E+00  0.00000000E+00  0.00000000E+00  0.00000000E+00 
 0.00000000E+00  0.00000000E+00  0.00000000E+00  0.00000000E+00  0.00000000E+00  0.00000000E+00 
 0.00000000E+00  0.00000000E+00  0.00000000E+00  0.00000000E+00  0.00000000E+00  0.00000000E+00 
 0.00000000E+00  0.00000000E+00  0.00000000E+00  0.00000000E+00  0.00000000E+00  0.00000000E+00 
 0.00000000E+00  0.00000000E+00  0.00000000E+00  0.00000000E+00  0.00000000E+00  0.00000000E+00 
 0.00000000E+00  0.00000000E+00  0.00000000E+00  0.00000000E+00  0.00000000E+00  0.00000000E+00 
'C.LONR' 
'E'  6.33150000E+07  6.33150000E+07  6.33150000E+07  3.40000005E-03 
'APPORTS' 

 0.00000000E+00  0.00000000E+00  0.00000000E+00  0.00000000E+00  0.00000000E+00  0.00000000E+00 
 0.00000000E+00  0.00000000E+00  0.00000000E+00  0.00000000E+00  0.00000000E+00  0.00000000E+00 
 0.00000000E+00  0.00000000E+00  0.00000000E+00  0.00000000E+00  0.00000000E+00  0.00000000E+00 
 0.00000000E+00  0.00000000E+00  0.00000000E+00  0.00000000E+00  0.00000000E+00  0.00000000E+00 
 0.00000000E+00  0.00000000E+00  0.00000000E+00  0.00000000E+00  0.00000000E+00  0.00000000E+00 
 0.00000000E+00  0.00000000E+00  0.00000000E+00  0.00000000E+00  0.00000000E+00  0.00000000E+00 
 0.00000000E+00  0.00000000E+00  0.00000000E+00  0.00000000E+00  0.00000000E+00  0.00000000E+00 
 0.00000000E+00  0.00000000E+00  0.00000000E+00  0.00000000E+00  0.00000000E+00  0.00000000E+00 
 0.00000000E+00  0.00000000E+00  0.00000000E+00  0.00000000E+00  0.00000000E+00  0.00000000E+00 
 0.00000000E+00  0.00000000E+00  0.00000000E+00  0.00000000E+00  0.00000000E+00  0.00000000E+00 
 0.00000000E+00  0.00000000E+00  0.00000000E+00  0.00000000E+00  0.00000000E+00  0.00000000E+00 
 0.00000000E+00  0.00000000E+00  0.00000000E+00  0.00000000E+00  0.00000000E+00  0.00000000E+00 
 0.00000000E+00  0.00000000E+00  0.00000000E+00  0.00000000E+00  0.00000000E+00  0.00000000E+00 
 0.00000000E+00  0.00000000E+00  0.00000000E+00  0.00000000E+00  0.00000000E+00  0.00000000E+00 
 0.00000000E+00  0.00000000E+00  0.00000000E+00  0.00000000E+00  0.00000000E+00  0.00000000E+00 
 0.00000000E+00  0.00000000E+00  0.00000000E+00  0.00000000E+00  0.00000000E+00  0.00000000E+00 
'MAX OPTIMISATION' 

 6.75900000E+07  6.75900000E+07  6.75900000E+07  6.75900000E+07  6.75900000E+07  6.75900000E+07 
 6.75900000E+07  6.75900000E+07  6.75900000E+07  6.75900000E+07  6.75900000E+07  6.75900000E+07 
 6.75900000E+07  6.75900000E+07  6.75900000E+07  6.75900000E+07  6.75900000E+07  6.75900000E+07 
 6.75900000E+07  6.75900000E+07  6.75900000E+07  6.75900000E+07  6.75900000E+07  6.75900000E+07 
 6.75900000E+07  6.75900000E+07  6.75900000E+07  6.75900000E+07  6.75900000E+07  6.75900000E+07 
 6.75900000E+07  6.75900000E+07  6.75900000E+07  6.75900000E+07  6.75900000E+07  6.75900000E+07 
 6.75900000E+07  6.75900000E+07  6.75900000E+07  6.75900000E+07  6.75900000E+07  6.75900000E+07 
 6.75900000E+07  6.75900000E+07  6.75900000E+07  6.75900000E+07  6.75900000E+07  6.75900000E+07 
 6.75900000E+07  6.75900000E+07  6.75900000E+07  6.75900000E+07  6.75900000E+07  6.75900000E+07 
 6.75900000E+07  6.75900000E+07  6.75900000E+07  6.75900000E+07  6.75900000E+07  6.75900000E+07 
 6.75900000E+07  6.75900000E+07  6.75900000E+07  6.75900000E+07  6.75900000E+07  6.75900000E+07 
 6.75900000E+07  6.75900000E+07  6.75900000E+07  6.75900000E+07  6.75900000E+07  6.75900000E+07 
 6.75900000E+07  6.75900000E+07  6.75900000E+07  6.75900000E+07  6.75900000E+07  6.75900000E+07 
 6.75900000E+07  6.75900000E+07  6.75900000E+07  6.75900000E+07  6.75900000E+07  6.75900000E+07 
 6.75900000E+07  6.75900000E+07  6.75900000E+07  6.75900000E+07  6.75900000E+07  6.75900000E+07 
 6.75900000E+07  6.75900000E+07  6.75900000E+07  6.75900000E+07  6.75900000E+07  6.75900000E+07 
'MIN OPTIMISATION' 

 0.00000000E+00  0.00000000E+00  0.00000000E+00  0.00000000E+00  0.00000000E+00  0.00000000E+00 
 0.00000000E+00  0.00000000E+00  0.00000000E+00  0.00000000E+00  0.00000000E+00  0.00000000E+00 
 0.00000000E+00  0.00000000E+00  0.00000000E+00  0.00000000E+00  0.00000000E+00  0.00000000E+00 
 0.00000000E+00  0.00000000E+00  0.00000000E+00  0.00000000E+00  0.00000000E+00  0.00000000E+00 
 0.00000000E+00  0.00000000E+00  0.00000000E+00  0.00000000E+00  0.00000000E+00  0.00000000E+00 
 0.00000000E+00  0.00000000E+00  0.00000000E+00  0.00000000E+00  0.00000000E+00  0.00000000E+00 
 0.00000000E+00  0.00000000E+00  0.00000000E+00  0.00000000E+00  0.00000000E+00  0.00000000E+00 
 0.00000000E+00  0.00000000E+00  0.00000000E+00  0.00000000E+00  0.00000000E+00  0.00000000E+00 
 0.00000000E+00  0.00000000E+00  0.00000000E+00  0.00000000E+00  0.00000000E+00  0.00000000E+00 
 0.00000000E+00  0.00000000E+00  0.00000000E+00  0.00000000E+00  0.00000000E+00  0.00000000E+00 
 0.00000000E+00  0.00000000E+00  0.00000000E+00  0.00000000E+00  0.00000000E+00  0.00000000E+00 
 0.00000000E+00  0.00000000E+00  0.00000000E+00  0.00000000E+00  0.00000000E+00  0.00000000E+00 
 0.00000000E+00  0.00000000E+00  0.00000000E+00  0.00000000E+00  0.00000000E+00  0.00000000E+00 
 0.00000000E+00  0.00000000E+00  0.00000000E+00  0.00000000E+00  0.00000000E+00  0.00000000E+00 
 0.00000000E+00  0.00000000E+00  0.00000000E+00  0.00000000E+00  0.00000000E+00  0.00000000E+00 
 0.00000000E+00  0.00000000E+00  0.00000000E+00  0.00000000E+00  0.00000000E+00  0.00000000E+00 
'MAX LISSAGE' 

 6.75900000E+07  6.75900000E+07  6.75900000E+07  6.75900000E+07  6.75900000E+07  6.75900000E+07 
 6.75900000E+07  6.75900000E+07  6.75900000E+07  6.75900000E+07  6.75900000E+07  6.75900000E+07 
 6.75900000E+07  6.75900000E+07  6.75900000E+07  6.75900000E+07  6.75900000E+07  6.75900000E+07 
 6.75900000E+07  6.75900000E+07  6.75900000E+07  6.75900000E+07  6.75900000E+07  6.75900000E+07 
 6.75900000E+07  6.75900000E+07  6.75900000E+07  6.75900000E+07  6.75900000E+07  6.75900000E+07 
 6.75900000E+07  6.75900000E+07  6.75900000E+07  6.75900000E+07  6.75900000E+07  6.75900000E+07 
 6.75900000E+07  6.75900000E+07  6.75900000E+07  6.75900000E+07  6.75900000E+07  6.75900000E+07 
 6.75900000E+07  6.75900000E+07  6.75900000E+07  6.75900000E+07  6.75900000E+07  6.75900000E+07 
 6.75900000E+07  6.75900000E+07  6.75900000E+07  6.75900000E+07  6.75900000E+07  6.75900000E+07 
 6.75900000E+07  6.75900000E+07  6.75900000E+07  6.75900000E+07  6.75900000E+07  6.75900000E+07 
 6.75900000E+07  6.75900000E+07  6.75900000E+07  6.75900000E+07  6.75900000E+07  6.75900000E+07 
 6.75900000E+07  6.75900000E+07  6.75900000E+07  6.75900000E+07  6.75900000E+07  6.75900000E+07 
 6.75900000E+07  6.75900000E+07  6.75900000E+07  6.75900000E+07  6.75900000E+07  6.75900000E+07 
 6.75900000E+07  6.75900000E+07  6.75900000E+07  6.75900000E+07  6.75900000E+07  6.75900000E+07 
 6.75900000E+07  6.75900000E+07  6.75900000E+07  6.75900000E+07  6.75900000E+07  6.75900000E+07 
 6.75900000E+07  6.75900000E+07  6.75900000E+07  6.75900000E+07  6.75900000E+07  6.75900000E+07 
'MIN LISSAGE' 

 0.00000000E+00  0.00000000E+00  0.00000000E+00  0.00000000E+00  0.00000000E+00  0.00000000E+00 
 0.00000000E+00  0.00000000E+00  0.00000000E+00  0.00000000E+00  0.00000000E+00  0.00000000E+00 
 0.00000000E+00  0.00000000E+00  0.00000000E+00  0.00000000E+00  0.00000000E+00  0.00000000E+00 
 0.00000000E+00  0.00000000E+00  0.00000000E+00  0.00000000E+00  0.00000000E+00  0.00000000E+00 
 0.00000000E+00  0.00000000E+00  0.00000000E+00  0.00000000E+00  0.00000000E+00  0.00000000E+00 
 0.00000000E+00  0.00000000E+00  0.00000000E+00  0.00000000E+00  0.00000000E+00  0.00000000E+00 
 0.00000000E+00  0.00000000E+00  0.00000000E+00  0.00000000E+00  0.00000000E+00  0.00000000E+00 
 0.00000000E+00  0.00000000E+00  0.00000000E+00  0.00000000E+00  0.00000000E+00  0.00000000E+00 
 0.00000000E+00  0.00000000E+00  0.00000000E+00  0.00000000E+00  0.00000000E+00  0.00000000E+00 
 0.00000000E+00  0.00000000E+00  0.00000000E+00  0.00000000E+00  0.00000000E+00  0.00000000E+00 
 0.00000000E+00  0.00000000E+00  0.00000000E+00  0.00000000E+00  0.00000000E+00  0.00000000E+00 
 0.00000000E+00  0.00000000E+00  0.00000000E+00  0.00000000E+00  0.00000000E+00  0.00000000E+00 
 0.00000000E+00  0.00000000E+00  0.00000000E+00  0.00000000E+00  0.00000000E+00  0.00000000E+00 
 0.00000000E+00  0.00000000E+00  0.00000000E+00  0.00000000E+00  0.00000000E+00  0.00000000E+00 
 0.00000000E+00  0.00000000E+00  0.00000000E+00  0.00000000E+00  0.00000000E+00  0.00000000E+00 
 0.00000000E+00  0.00000000E+00  0.00000000E+00  0.00000000E+00  0.00000000E+00  0.00000000E+00 
'PRAGFR' 
'X'  0.00000000E+00  0.00000000E+00  0.00000000E+00  0.00000000E+00 
'APPORTS' 

 0.00000000E+00  0.00000000E+00  0.00000000E+00  0.00000000E+00  0.00000000E+00  0.00000000E+00 
 0.00000000E+00  0.00000000E+00  0.00000000E+00  0.00000000E+00  0.00000000E+00  0.00000000E+00 
 0.00000000E+00  0.00000000E+00  0.00000000E+00  0.00000000E+00  0.00000000E+00  0.00000000E+00 
 0.00000000E+00  0.00000000E+00  0.00000000E+00  0.00000000E+00  0.00000000E+00  0.00000000E+00 
 0.00000000E+00  0.00000000E+00  0.00000000E+00  0.00000000E+00  0.00000000E+00  0.00000000E+00 
 0.00000000E+00  0.00000000E+00  0.00000000E+00  0.00000000E+00  0.00000000E+00  0.00000000E+00 
 0.00000000E+00  0.00000000E+00  0.00000000E+00  0.00000000E+00  0.00000000E+00  0.00000000E+00 
 0.00000000E+00  0.00000000E+00  0.00000000E+00  0.00000000E+00  0.00000000E+00  0.00000000E+00 
 0.00000000E+00  0.00000000E+00  0.00000000E+00  0.00000000E+00  0.00000000E+00  0.00000000E+00 
 0.00000000E+00  0.00000000E+00  0.00000000E+00  0.00000000E+00  0.00000000E+00  0.00000000E+00 
 0.00000000E+00  0.00000000E+00  0.00000000E+00  0.00000000E+00  0.00000000E+00  0.00000000E+00 
 0.00000000E+00  0.00000000E+00  0.00000000E+00  0.00000000E+00  0.00000000E+00  0.00000000E+00 
 0.00000000E+00  0.00000000E+00  0.00000000E+00  0.00000000E+00  0.00000000E+00  0.00000000E+00 
 0.00000000E+00  0.00000000E+00  0.00000000E+00  0.00000000E+00  0.00000000E+00  0.00000000E+00 
 0.00000000E+00  0.00000000E+00  0.00000000E+00  0.00000000E+00  0.00000000E+00  0.00000000E+00 
 0.00000000E+00  0.00000000E+00  0.00000000E+00  0.00000000E+00  0.00000000E+00  0.00000000E+00 
'MAX OPTIMISATION' 

 1.00000006E+03  1.00000006E+03  1.00000006E+03  1.00000006E+03  1.00000006E+03  1.00000006E+03 
 1.00000006E+03  1.00000006E+03  1.00000006E+03  1.00000006E+03  1.00000006E+03  1.00000006E+03 
 1.00000006E+03  1.00000006E+03  1.00000006E+03  1.00000006E+03  1.00000006E+03  1.00000006E+03 
 1.00000006E+03  1.00000006E+03  1.00000006E+03  1.00000006E+03  1.00000006E+03  1.00000006E+03 
 1.00000006E+03  1.00000006E+03  1.00000006E+03  1.00000006E+03  1.00000006E+03  1.00000006E+03 
 1.00000006E+03  1.00000006E+03  1.00000006E+03  1.00000006E+03  1.00000006E+03  1.00000006E+03 
 1.00000006E+03  1.00000006E+03  1.00000006E+03  1.00000006E+03  1.00000006E+03  1.00000006E+03 
 1.00000006E+03  1.00000006E+03  1.00000006E+03  1.00000006E+03  1.00000006E+03  1.00000006E+03 
 1.00000006E+03  1.00000006E+03  1.00000006E+03  1.00000006E+03  1.00000006E+03  1.00000006E+03 
 1.00000006E+03  1.00000006E+03  1.00000006E+03  1.00000006E+03  1.00000006E+03  1.00000006E+03 
 1.00000006E+03  1.00000006E+03  1.00000006E+03  1.00000006E+03  1.00000006E+03  1.00000006E+03 
 1.00000006E+03  1.00000006E+03  1.00000006E+03  1.00000006E+03  1.00000006E+03  1.00000006E+03 
 1.00000006E+03  1.00000006E+03  1.00000006E+03  1.00000006E+03  1.00000006E+03  1.00000006E+03 
 1.00000006E+03  1.00000006E+03  1.00000006E+03  1.00000006E+03  1.00000006E+03  1.00000006E+03 
 1.00000006E+03  1.00000006E+03  1.00000006E+03  1.00000006E+03  1.00000006E+03  1.00000006E+03 
 1.00000006E+03  1.00000006E+03  1.00000006E+03  1.00000006E+03  1.00000006E+03  1.00000006E+03 
'MIN OPTIMISATION' 

 0.00000000E+00  0.00000000E+00  0.00000000E+00  0.00000000E+00  0.00000000E+00  0.00000000E+00 
 0.00000000E+00  0.00000000E+00  0.00000000E+00  0.00000000E+00  0.00000000E+00  0.00000000E+00 
 0.00000000E+00  0.00000000E+00  0.00000000E+00  0.00000000E+00  0.00000000E+00  0.00000000E+00 
 0.00000000E+00  0.00000000E+00  0.00000000E+00  0.00000000E+00  0.00000000E+00  0.00000000E+00 
 0.00000000E+00  0.00000000E+00  0.00000000E+00  0.00000000E+00  0.00000000E+00  0.00000000E+00 
 0.00000000E+00  0.00000000E+00  0.00000000E+00  0.00000000E+00  0.00000000E+00  0.00000000E+00 
 0.00000000E+00  0.00000000E+00  0.00000000E+00  0.00000000E+00  0.00000000E+00  0.00000000E+00 
 0.00000000E+00  0.00000000E+00  0.00000000E+00  0.00000000E+00  0.00000000E+00  0.00000000E+00 
 0.00000000E+00  0.00000000E+00  0.00000000E+00  0.00000000E+00  0.00000000E+00  0.00000000E+00 
 0.00000000E+00  0.00000000E+00  0.00000000E+00  0.00000000E+00  0.00000000E+00  0.00000000E+00 
 0.00000000E+00  0.00000000E+00  0.00000000E+00  0.00000000E+00  0.00000000E+00  0.00000000E+00 
 0.00000000E+00  0.00000000E+00  0.00000000E+00  0.00000000E+00  0.00000000E+00  0.00000000E+00 
 0.00000000E+00  0.00000000E+00  0.00000000E+00  0.00000000E+00  0.00000000E+00  0.00000000E+00 
 0.00000000E+00  0.00000000E+00  0.00000000E+00  0.00000000E+00  0.00000000E+00  0.00000000E+00 
 0.00000000E+00  0.00000000E+00  0.00000000E+00  0.00000000E+00  0.00000000E+00  0.00000000E+00 
 0.00000000E+00  0.00000000E+00  0.00000000E+00  0.00000000E+00  0.00000000E+00  0.00000000E+00 
'MAX LISSAGE' 

 1.00000006E+03  1.00000006E+03  1.00000006E+03  1.00000006E+03  1.00000006E+03  1.00000006E+03 
 1.00000006E+03  1.00000006E+03  1.00000006E+03  1.00000006E+03  1.00000006E+03  1.00000006E+03 
 1.00000006E+03  1.00000006E+03  1.00000006E+03  1.00000006E+03  1.00000006E+03  1.00000006E+03 
 1.00000006E+03  1.00000006E+03  1.00000006E+03  1.00000006E+03  1.00000006E+03  1.00000006E+03 
 1.00000006E+03  1.00000006E+03  1.00000006E+03  1.00000006E+03  1.00000006E+03  1.00000006E+03 
 1.00000006E+03  1.00000006E+03  1.00000006E+03  1.00000006E+03  1.00000006E+03  1.00000006E+03 
 1.00000006E+03  1.00000006E+03  1.00000006E+03  1.00000006E+03  1.00000006E+03  1.00000006E+03 
 1.00000006E+03  1.00000006E+03  1.00000006E+03  1.00000006E+03  1.00000006E+03  1.00000006E+03 
 1.00000006E+03  1.00000006E+03  1.00000006E+03  1.00000006E+03  1.00000006E+03  1.00000006E+03 
 1.00000006E+03  1.00000006E+03  1.00000006E+03  1.00000006E+03  1.00000006E+03  1.00000006E+03 
 1.00000006E+03  1.00000006E+03  1.00000006E+03  1.00000006E+03  1.00000006E+03  1.00000006E+03 
 1.00000006E+03  1.00000006E+03  1.00000006E+03  1.00000006E+03  1.00000006E+03  1.00000006E+03 
 1.00000006E+03  1.00000006E+03  1.00000006E+03  1.00000006E+03  1.00000006E+03  1.00000006E+03 
 1.00000006E+03  1.00000006E+03  1.00000006E+03  1.00000006E+03  1.00000006E+03  1.00000006E+03 
 1.00000006E+03  1.00000006E+03  1.00000006E+03  1.00000006E+03  1.00000006E+03  1.00000006E+03 
 1.00000006E+03  1.00000006E+03  1.00000006E+03  1.00000006E+03  1.00000006E+03  1.00000006E+03 
'MIN LISSAGE' 

 0.00000000E+00  0.00000000E+00  0.00000000E+00  0.00000000E+00  0.00000000E+00  0.00000000E+00 
 0.00000000E+00  0.00000000E+00  0.00000000E+00  0.00000000E+00  0.00000000E+00  0.00000000E+00 
 0.00000000E+00  0.00000000E+00  0.00000000E+00  0.00000000E+00  0.00000000E+00  0.00000000E+00 
 0.00000000E+00  0.00000000E+00  0.00000000E+00  0.00000000E+00  0.00000000E+00  0.00000000E+00 
 0.00000000E+00  0.00000000E+00  0.00000000E+00  0.00000000E+00  0.00000000E+00  0.00000000E+00 
 0.00000000E+00  0.00000000E+00  0.00000000E+00  0.00000000E+00  0.00000000E+00  0.00000000E+00 
 0.00000000E+00  0.00000000E+00  0.00000000E+00  0.00000000E+00  0.00000000E+00  0.00000000E+00 
 0.00000000E+00  0.00000000E+00  0.00000000E+00  0.00000000E+00  0.00000000E+00  0.00000000E+00 
 0.00000000E+00  0.00000000E+00  0.00000000E+00  0.00000000E+00  0.00000000E+00  0.00000000E+00 
 0.00000000E+00  0.00000000E+00  0.00000000E+00  0.00000000E+00  0.00000000E+00  0.00000000E+00 
 0.00000000E+00  0.00000000E+00  0.00000000E+00  0.00000000E+00  0.00000000E+00  0.00000000E+00 
 0.00000000E+00  0.00000000E+00  0.00000000E+00  0.00000000E+00  0.00000000E+00  0.00000000E+00 
 0.00000000E+00  0.00000000E+00  0.00000000E+00  0.00000000E+00  0.00000000E+00  0.00000000E+00 
 0.00000000E+00  0.00000000E+00  0.00000000E+00  0.00000000E+00  0.00000000E+00  0.00000000E+00 
 0.00000000E+00  0.00000000E+00  0.00000000E+00  0.00000000E+00  0.00000000E+00  0.00000000E+00 
 0.00000000E+00  0.00000000E+00  0.00000000E+00  0.00000000E+00  0.00000000E+00  0.00000000E+00 
'OSSOUR' 
'E'  1.50000000E+04  1.50000000E+04  1.50000000E+04  0.00000000E+00 
'APPORTS' 

 4.00000006E-01  4.00000006E-01  4.00000006E-01  4.00000006E-01  4.00000006E-01  4.00000006E-01 
 4.00000006E-01  4.00000006E-01  4.00000006E-01  4.00000006E-01  4.00000006E-01  4.00000006E-01 
 4.00000006E-01  4.00000006E-01  4.00000006E-01  4.00000006E-01  4.00000006E-01  4.00000006E-01 
 4.00000006E-01  4.00000006E-01  4.00000006E-01  4.00000006E-01  4.00000006E-01  4.00000006E-01 
 4.00000006E-01  4.00000006E-01  4.00000006E-01  4.00000006E-01  4.00000006E-01  4.00000006E-01 
 4.00000006E-01  4.00000006E-01  4.00000006E-01  4.00000006E-01  4.00000006E-01  4.00000006E-01 
 4.00000006E-01  4.00000006E-01  4.00000006E-01  4.00000006E-01  4.00000006E-01  4.00000006E-01 
 4.00000006E-01  4.00000006E-01  4.00000006E-01  4.00000006E-01  4.00000006E-01  4.00000006E-01 
 4.00000006E-01  4.00000006E-01  4.00000006E-01  4.00000006E-01  4.00000006E-01  4.00000006E-01 
 4.00000006E-01  4.00000006E-01  4.00000006E-01  4.00000006E-01  4.00000006E-01  4.00000006E-01 
 4.00000006E-01  4.00000006E-01  4.00000006E-01  4.00000006E-01  4.00000006E-01  4.00000006E-01 
 4.00000006E-01  4.00000006E-01  4.00000006E-01  4.00000006E-01  4.00000006E-01  4.00000006E-01 
 4.00000006E-01  4.00000006E-01  4.00000006E-01  4.00000006E-01  4.00000006E-01  4.00000006E-01 
 4.00000006E-01  4.00000006E-01  4.00000006E-01  4.00000006E-01  4.00000006E-01  4.00000006E-01 
 4.00000006E-01  4.00000006E-01  4.00000006E-01  4.00000006E-01  4.00000006E-01  4.00000006E-01 
 4.00000006E-01  4.00000006E-01  4.00000006E-01  4.00000006E-01  4.00000006E-01  4.00000006E-01 
'MAX OPTIMISATION' 

 8.80000000E+04  8.80000000E+04  8.80000000E+04  8.80000000E+04  8.80000000E+04  8.80000000E+04 
 8.80000000E+04  8.80000000E+04  8.80000000E+04  8.80000000E+04  8.80000000E+04  8.80000000E+04 
 8.80000000E+04  8.80000000E+04  8.80000000E+04  8.80000000E+04  8.80000000E+04  8.80000000E+04 
 8.80000000E+04  8.80000000E+04  8.80000000E+04  8.80000000E+04  8.80000000E+04  8.80000000E+04 
 8.80000000E+04  8.80000000E+04  8.80000000E+04  8.80000000E+04  8.80000000E+04  8.80000000E+04 
 8.80000000E+04  8.80000000E+04  8.80000000E+04  8.80000000E+04  8.80000000E+04  8.80000000E+04 
 8.80000000E+04  8.80000000E+04  8.80000000E+04  8.80000000E+04  8.80000000E+04  8.80000000E+04 
 8.80000000E+04  8.80000000E+04  8.80000000E+04  8.80000000E+04  8.80000000E+04  2.50000000E+04 
 8.80000000E+04  8.80000000E+04  8.80000000E+04  8.80000000E+04  8.80000000E+04  8.80000000E+04 
 8.80000000E+04  8.80000000E+04  8.80000000E+04  8.80000000E+04  8.80000000E+04  8.80000000E+04 
 8.80000000E+04  8.80000000E+04  8.80000000E+04  8.80000000E+04  8.80000000E+04  8.80000000E+04 
 8.80000000E+04  8.80000000E+04  8.80000000E+04  8.80000000E+04  8.80000000E+04  8.80000000E+04 
 8.80000000E+04  8.80000000E+04  8.80000000E+04  8.80000000E+04  8.80000000E+04  8.80000000E+04 
 8.80000000E+04  8.80000000E+04  8.80000000E+04  8.80000000E+04  8.80000000E+04  8.80000000E+04 
 8.80000000E+04  8.80000000E+04  8.80000000E+04  8.80000000E+04  8.80000000E+04  8.80000000E+04 
 8.80000000E+04  8.80000000E+04  8.80000000E+04  8.80000000E+04  8.80000000E+04  8.80000000E+04 
'MIN OPTIMISATION' 

 1.50000000E+04  1.50000000E+04  1.50000000E+04  1.50000000E+04  1.50000000E+04  1.50000000E+04 
 1.50000000E+04  1.50000000E+04  1.50000000E+04  1.50000000E+04  1.50000000E+04  1.50000000E+04 
 1.50000000E+04  1.50000000E+04  1.50000000E+04  1.50000000E+04  1.50000000E+04  1.50000000E+04 
 1.50000000E+04  1.50000000E+04  1.50000000E+04  1.50000000E+04  1.50000000E+04  1.50000000E+04 
 1.50000000E+04  1.50000000E+04  1.50000000E+04  1.50000000E+04  1.50000000E+04  1.50000000E+04 
 1.50000000E+04  1.50000000E+04  1.50000000E+04  1.50000000E+04  1.50000000E+04  1.50000000E+04 
 1.50000000E+04  1.50000000E+04  1.50000000E+04  1.50000000E+04  1.50000000E+04  1.50000000E+04 
 1.50000000E+04  1.50000000E+04  1.50000000E+04  1.50000000E+04  1.50000000E+04  1.50000000E+04 
 1.50000000E+04  1.50000000E+04  1.50000000E+04  1.50000000E+04  1.50000000E+04  1.50000000E+04 
 1.50000000E+04  1.50000000E+04  1.50000000E+04  1.50000000E+04  1.50000000E+04  1.50000000E+04 
 1.50000000E+04  1.50000000E+04  1.50000000E+04  1.50000000E+04  1.50000000E+04  1.50000000E+04 
 1.50000000E+04  1.50000000E+04  1.50000000E+04  1.50000000E+04  1.50000000E+04  1.50000000E+04 
 1.50000000E+04  1.50000000E+04  1.50000000E+04  1.50000000E+04  1.50000000E+04  1.50000000E+04 
 1.50000000E+04  1.50000000E+04  1.50000000E+04  1.50000000E+04  1.50000000E+04  1.50000000E+04 
 1.50000000E+04  1.50000000E+04  1.50000000E+04  1.50000000E+04  1.50000000E+04  1.50000000E+04 
 1.50000000E+04  1.50000000E+04  1.50000000E+04  1.50000000E+04  1.50000000E+04  1.50000000E+04 
'MAX LISSAGE' 

 1.16000000E+05  1.16000000E+05  1.16000000E+05  1.16000000E+05  1.16000000E+05  1.16000000E+05 
 1.16000000E+05  1.16000000E+05  1.16000000E+05  1.16000000E+05  1.16000000E+05  1.16000000E+05 
 1.16000000E+05  1.16000000E+05  1.16000000E+05  1.16000000E+05  1.16000000E+05  1.16000000E+05 
 1.16000000E+05  1.16000000E+05  1.16000000E+05  1.16000000E+05  1.16000000E+05  1.16000000E+05 
 1.16000000E+05  1.16000000E+05  1.16000000E+05  1.16000000E+05  1.16000000E+05  1.16000000E+05 
 1.16000000E+05  1.16000000E+05  1.16000000E+05  1.16000000E+05  1.16000000E+05  1.16000000E+05 
 1.16000000E+05  1.16000000E+05  1.16000000E+05  1.16000000E+05  1.16000000E+05  1.16000000E+05 
 1.16000000E+05  1.16000000E+05  1.16000000E+05  1.16000000E+05  1.16000000E+05  1.16000000E+05 
 1.16000000E+05  1.16000000E+05  1.16000000E+05  1.16000000E+05  1.16000000E+05  1.16000000E+05 
 1.16000000E+05  1.16000000E+05  1.16000000E+05  1.16000000E+05  1.16000000E+05  1.16000000E+05 
 1.16000000E+05  1.16000000E+05  1.16000000E+05  1.16000000E+05  1.16000000E+05  1.16000000E+05 
 1.16000000E+05  1.16000000E+05  1.16000000E+05  1.16000000E+05  1.16000000E+05  1.16000000E+05 
 1.16000000E+05  1.16000000E+05  1.16000000E+05  1.16000000E+05  1.16000000E+05  1.16000000E+05 
 1.16000000E+05  1.16000000E+05  1.16000000E+05  1.16000000E+05  1.16000000E+05  1.16000000E+05 
 1.16000000E+05  1.16000000E+05  1.16000000E+05  1.16000000E+05  1.16000000E+05  1.16000000E+05 
 1.16000000E+05  1.16000000E+05  1.16000000E+05  1.16000000E+05  1.16000000E+05  1.16000000E+05 
'MIN LISSAGE' 

 0.00000000E+00  0.00000000E+00  0.00000000E+00  0.00000000E+00  0.00000000E+00  0.00000000E+00 
 0.00000000E+00  0.00000000E+00  0.00000000E+00  0.00000000E+00  0.00000000E+00  0.00000000E+00 
 0.00000000E+00  0.00000000E+00  0.00000000E+00  0.00000000E+00  0.00000000E+00  0.00000000E+00 
 0.00000000E+00  0.00000000E+00  0.00000000E+00  0.00000000E+00  0.00000000E+00  0.00000000E+00 
 0.00000000E+00  0.00000000E+00  0.00000000E+00  0.00000000E+00  0.00000000E+00  0.00000000E+00 
 0.00000000E+00  0.00000000E+00  0.00000000E+00  0.00000000E+00  0.00000000E+00  0.00000000E+00 
 0.00000000E+00  0.00000000E+00  0.00000000E+00  0.00000000E+00  0.00000000E+00  0.00000000E+00 
 0.00000000E+00  0.00000000E+00  0.00000000E+00  0.00000000E+00  0.00000000E+00  0.00000000E+00 
 0.00000000E+00  0.00000000E+00  0.00000000E+00  0.00000000E+00  0.00000000E+00  0.00000000E+00 
 0.00000000E+00  0.00000000E+00  0.00000000E+00  0.00000000E+00  0.00000000E+00  0.00000000E+00 
 0.00000000E+00  0.00000000E+00  0.00000000E+00  0.00000000E+00  0.00000000E+00  0.00000000E+00 
 0.00000000E+00  0.00000000E+00  0.00000000E+00  0.00000000E+00  0.00000000E+00  0.00000000E+00 
 0.00000000E+00  0.00000000E+00  0.00000000E+00  0.00000000E+00  0.00000000E+00  0.00000000E+00 
 0.00000000E+00  0.00000000E+00  0.00000000E+00  0.00000000E+00  0.00000000E+00  0.00000000E+00 
 0.00000000E+00  0.00000000E+00  0.00000000E+00  0.00000000E+00  0.00000000E+00  0.00000000E+00 
 0.00000000E+00  0.00000000E+00  0.00000000E+00  0.00000000E+00  0.00000000E+00  0.00000000E+00 
'LUZ 2R' 
'X'  0.00000000E+00  0.00000000E+00  0.00000000E+00  0.00000000E+00 
'APPORTS' 

 1.00000000E+00  1.00000000E+00  1.00000000E+00  1.00000000E+00  1.00000000E+00  1.00000000E+00 
 1.00000000E+00  1.00000000E+00  1.00000000E+00  1.00000000E+00  1.00000000E+00  1.00000000E+00 
 1.00000000E+00  1.00000000E+00  1.00000000E+00  1.00000000E+00  1.00000000E+00  1.00000000E+00 
 1.00000000E+00  1.00000000E+00  1.00000000E+00  1.00000000E+00  1.00000000E+00  1.00000000E+00 
 1.00000000E+00  1.00000000E+00  1.00000000E+00  1.00000000E+00  1.00000000E+00  1.00000000E+00 
 1.00000000E+00  1.00000000E+00  1.00000000E+00  1.00000000E+00  1.00000000E+00  1.00000000E+00 
 1.00000000E+00  1.00000000E+00  1.00000000E+00  1.00000000E+00  1.00000000E+00  1.00000000E+00 
 1.00000000E+00  1.00000000E+00  1.00000000E+00  1.00000000E+00  1.00000000E+00  1.00000000E+00 
 1.00000000E+00  1.00000000E+00  1.00000000E+00  1.00000000E+00  1.00000000E+00  1.00000000E+00 
 1.00000000E+00  1.00000000E+00  1.00000000E+00  1.00000000E+00  1.00000000E+00  1.00000000E+00 
 1.00000000E+00  1.00000000E+00  1.00000000E+00  1.00000000E+00  1.00000000E+00  1.00000000E+00 
 1.00000000E+00  1.00000000E+00  1.00000000E+00  1.00000000E+00  1.00000000E+00  1.00000000E+00 
 1.00000000E+00  1.00000000E+00  1.00000000E+00  1.00000000E+00  1.00000000E+00  1.00000000E+00 
 1.00000000E+00  1.00000000E+00  1.00000000E+00  1.00000000E+00  1.00000000E+00  1.00000000E+00 
 1.00000000E+00  1.00000000E+00  1.00000000E+00  1.00000000E+00  1.00000000E+00  1.00000000E+00 
 1.00000000E+00  1.00000000E+00  1.00000000E+00  1.00000000E+00  1.00000000E+00  1.00000000E+00 
'MAX OPTIMISATION' 

 0.00000000E+00  0.00000000E+00  0.00000000E+00  0.00000000E+00  0.00000000E+00  0.00000000E+00 
 0.00000000E+00  0.00000000E+00  0.00000000E+00  0.00000000E+00  0.00000000E+00  0.00000000E+00 
 0.00000000E+00  0.00000000E+00  0.00000000E+00  0.00000000E+00  0.00000000E+00  0.00000000E+00 
 0.00000000E+00  0.00000000E+00  0.00000000E+00  0.00000000E+00  0.00000000E+00  0.00000000E+00 
 0.00000000E+00  0.00000000E+00  0.00000000E+00  0.00000000E+00  0.00000000E+00  0.00000000E+00 
 0.00000000E+00  0.00000000E+00  0.00000000E+00  0.00000000E+00  0.00000000E+00  0.00000000E+00 
 0.00000000E+00  0.00000000E+00  0.00000000E+00  0.00000000E+00  0.00000000E+00  0.00000000E+00 
 0.00000000E+00  0.00000000E+00  0.00000000E+00  0.00000000E+00  0.00000000E+00  0.00000000E+00 
 0.00000000E+00  0.00000000E+00  0.00000000E+00  0.00000000E+00  0.00000000E+00  0.00000000E+00 
 0.00000000E+00  0.00000000E+00  0.00000000E+00  0.00000000E+00  0.00000000E+00  0.00000000E+00 
 0.00000000E+00  0.00000000E+00  0.00000000E+00  0.00000000E+00  0.00000000E+00  0.00000000E+00 
 0.00000000E+00  0.00000000E+00  0.00000000E+00  0.00000000E+00  0.00000000E+00  0.00000000E+00 
 0.00000000E+00  0.00000000E+00  0.00000000E+00  0.00000000E+00  0.00000000E+00  0.00000000E+00 
 0.00000000E+00  0.00000000E+00  0.00000000E+00  0.00000000E+00  0.00000000E+00  0.00000000E+00 
 0.00000000E+00  0.00000000E+00  0.00000000E+00  0.00000000E+00  0.00000000E+00  0.00000000E+00 
 0.00000000E+00  0.00000000E+00  0.00000000E+00  0.00000000E+00  0.00000000E+00  0.00000000E+00 
'MIN OPTIMISATION' 

 0.00000000E+00  0.00000000E+00  0.00000000E+00  0.00000000E+00  0.00000000E+00  0.00000000E+00 
 0.00000000E+00  0.00000000E+00  0.00000000E+00  0.00000000E+00  0.00000000E+00  0.00000000E+00 
 0.00000000E+00  0.00000000E+00  0.00000000E+00  0.00000000E+00  0.00000000E+00  0.00000000E+00 
 0.00000000E+00  0.00000000E+00  0.00000000E+00  0.00000000E+00  0.00000000E+00  0.00000000E+00 
 0.00000000E+00  0.00000000E+00  0.00000000E+00  0.00000000E+00  0.00000000E+00  0.00000000E+00 
 0.00000000E+00  0.00000000E+00  0.00000000E+00  0.00000000E+00  0.00000000E+00  0.00000000E+00 
 0.00000000E+00  0.00000000E+00  0.00000000E+00  0.00000000E+00  0.00000000E+00  0.00000000E+00 
 0.00000000E+00  0.00000000E+00  0.00000000E+00  0.00000000E+00  0.00000000E+00  0.00000000E+00 
 0.00000000E+00  0.00000000E+00  0.00000000E+00  0.00000000E+00  0.00000000E+00  0.00000000E+00 
 0.00000000E+00  0.00000000E+00  0.00000000E+00  0.00000000E+00  0.00000000E+00  0.00000000E+00 
 0.00000000E+00  0.00000000E+00  0.00000000E+00  0.00000000E+00  0.00000000E+00  0.00000000E+00 
 0.00000000E+00  0.00000000E+00  0.00000000E+00  0.00000000E+00  0.00000000E+00  0.00000000E+00 
 0.00000000E+00  0.00000000E+00  0.00000000E+00  0.00000000E+00  0.00000000E+00  0.00000000E+00 
 0.00000000E+00  0.00000000E+00  0.00000000E+00  0.00000000E+00  0.00000000E+00  0.00000000E+00 
 0.00000000E+00  0.00000000E+00  0.00000000E+00  0.00000000E+00  0.00000000E+00  0.00000000E+00 
 0.00000000E+00  0.00000000E+00  0.00000000E+00  0.00000000E+00  0.00000000E+00  0.00000000E+00 
'MAX LISSAGE' 

 0.00000000E+00  0.00000000E+00  0.00000000E+00  0.00000000E+00  0.00000000E+00  0.00000000E+00 
 0.00000000E+00  0.00000000E+00  0.00000000E+00  0.00000000E+00  0.00000000E+00  0.00000000E+00 
 0.00000000E+00  0.00000000E+00  0.00000000E+00  0.00000000E+00  0.00000000E+00  0.00000000E+00 
 0.00000000E+00  0.00000000E+00  0.00000000E+00  0.00000000E+00  0.00000000E+00  0.00000000E+00 
 0.00000000E+00  0.00000000E+00  0.00000000E+00  0.00000000E+00  0.00000000E+00  0.00000000E+00 
 0.00000000E+00  0.00000000E+00  0.00000000E+00  0.00000000E+00  0.00000000E+00  0.00000000E+00 
 0.00000000E+00  0.00000000E+00  0.00000000E+00  0.00000000E+00  0.00000000E+00  0.00000000E+00 
 0.00000000E+00  0.00000000E+00  0.00000000E+00  0.00000000E+00  0.00000000E+00  0.00000000E+00 
 0.00000000E+00  0.00000000E+00  0.00000000E+00  0.00000000E+00  0.00000000E+00  0.00000000E+00 
 0.00000000E+00  0.00000000E+00  0.00000000E+00  0.00000000E+00  0.00000000E+00  0.00000000E+00 
 0.00000000E+00  0.00000000E+00  0.00000000E+00  0.00000000E+00  0.00000000E+00  0.00000000E+00 
 0.00000000E+00  0.00000000E+00  0.00000000E+00  0.00000000E+00  0.00000000E+00  0.00000000E+00 
 0.00000000E+00  0.00000000E+00  0.00000000E+00  0.00000000E+00  0.00000000E+00  0.00000000E+00 
 0.00000000E+00  0.00000000E+00  0.00000000E+00  0.00000000E+00  0.00000000E+00  0.00000000E+00 
 0.00000000E+00  0.00000000E+00  0.00000000E+00  0.00000000E+00  0.00000000E+00  0.00000000E+00 
 0.00000000E+00  0.00000000E+00  0.00000000E+00  0.00000000E+00  0.00000000E+00  0.00000000E+00 
'MIN LISSAGE' 

 0.00000000E+00  0.00000000E+00  0.00000000E+00  0.00000000E+00  0.00000000E+00  0.00000000E+00 
 0.00000000E+00  0.00000000E+00  0.00000000E+00  0.00000000E+00  0.00000000E+00  0.00000000E+00 
 0.00000000E+00  0.00000000E+00  0.00000000E+00  0.00000000E+00  0.00000000E+00  0.00000000E+00 
 0.00000000E+00  0.00000000E+00  0.00000000E+00  0.00000000E+00  0.00000000E+00  0.00000000E+00 
 0.00000000E+00  0.00000000E+00  0.00000000E+00  0.00000000E+00  0.00000000E+00  0.00000000E+00 
 0.00000000E+00  0.00000000E+00  0.00000000E+00  0.00000000E+00  0.00000000E+00  0.00000000E+00 
 0.00000000E+00  0.00000000E+00  0.00000000E+00  0.00000000E+00  0.00000000E+00  0.00000000E+00 
 0.00000000E+00  0.00000000E+00  0.00000000E+00  0.00000000E+00  0.00000000E+00  0.00000000E+00 
 0.00000000E+00  0.00000000E+00  0.00000000E+00  0.00000000E+00  0.00000000E+00  0.00000000E+00 
 0.00000000E+00  0.00000000E+00  0.00000000E+00  0.00000000E+00  0.00000000E+00  0.00000000E+00 
 0.00000000E+00  0.00000000E+00  0.00000000E+00  0.00000000E+00  0.00000000E+00  0.00000000E+00 
 0.00000000E+00  0.00000000E+00  0.00000000E+00  0.00000000E+00  0.00000000E+00  0.00000000E+00 
 0.00000000E+00  0.00000000E+00  0.00000000E+00  0.00000000E+00  0.00000000E+00  0.00000000E+00 
 0.00000000E+00  0.00000000E+00  0.00000000E+00  0.00000000E+00  0.00000000E+00  0.00000000E+00 
 0.00000000E+00  0.00000000E+00  0.00000000E+00  0.00000000E+00  0.00000000E+00  0.00000000E+00 
 0.00000000E+00  0.00000000E+00  0.00000000E+00  0.00000000E+00  0.00000000E+00  0.00000000E+00 
'P.REIR' 
'F'  0.00000000E+00  0.00000000E+00  0.00000000E+00  0.00000000E+00 
'APPORTS' 

 1.00000000E+00  1.00000000E+00  1.00000000E+00  1.00000000E+00  1.00000000E+00  1.00000000E+00 
 1.00000000E+00  1.00000000E+00  1.00000000E+00  1.00000000E+00  1.00000000E+00  1.00000000E+00 
 1.00000000E+00  1.00000000E+00  1.00000000E+00  1.00000000E+00  1.00000000E+00  1.00000000E+00 
 1.00000000E+00  1.00000000E+00  1.00000000E+00  1.00000000E+00  1.00000000E+00  1.00000000E+00 
 1.00000000E+00  1.00000000E+00  1.00000000E+00  1.00000000E+00  1.00000000E+00  1.00000000E+00 
 1.00000000E+00  1.00000000E+00  1.00000000E+00  1.00000000E+00  1.00000000E+00  1.00000000E+00 
 1.00000000E+00  1.00000000E+00  1.00000000E+00  1.00000000E+00  1.00000000E+00  1.00000000E+00 
 1.00000000E+00  1.00000000E+00  1.00000000E+00  1.00000000E+00  1.00000000E+00  1.00000000E+00 
 1.00000000E+00  1.00000000E+00  1.00000000E+00  1.00000000E+00  1.00000000E+00  1.00000000E+00 
 1.00000000E+00  1.00000000E+00  1.00000000E+00  1.00000000E+00  1.00000000E+00  1.00000000E+00 
 1.00000000E+00  1.00000000E+00  1.00000000E+00  1.00000000E+00  1.00000000E+00  1.00000000E+00 
 1.00000000E+00  1.00000000E+00  1.00000000E+00  1.00000000E+00  1.00000000E+00  1.00000000E+00 
 1.00000000E+00  1.00000000E+00  1.00000000E+00  1.00000000E+00  1.00000000E+00  1.00000000E+00 
 1.00000000E+00  1.00000000E+00  1.00000000E+00  1.00000000E+00  1.00000000E+00  1.00000000E+00 
 1.00000000E+00  1.00000000E+00  1.00000000E+00  1.00000000E+00  1.00000000E+00  1.00000000E+00 
 1.00000000E+00  1.00000000E+00  1.00000000E+00  1.00000000E+00  1.00000000E+00  1.00000000E+00 
'MAX OPTIMISATION' 

 1.00000006E+03  1.00000006E+03  1.00000006E+03  1.00000006E+03  1.00000006E+03  1.00000006E+03 
 1.00000006E+03  1.00000006E+03  1.00000006E+03  1.00000006E+03  1.00000006E+03  1.00000006E+03 
 1.00000006E+03  1.00000006E+03  1.00000006E+03  1.00000006E+03  1.00000006E+03  1.00000006E+03 
 1.00000006E+03  1.00000006E+03  1.00000006E+03  1.00000006E+03  1.00000006E+03  1.00000006E+03 
 1.00000006E+03  1.00000006E+03  1.00000006E+03  1.00000006E+03  1.00000006E+03  1.00000006E+03 
 1.00000006E+03  1.00000006E+03  1.00000006E+03  1.00000006E+03  1.00000006E+03  1.00000006E+03 
 1.00000006E+03  1.00000006E+03  1.00000006E+03  1.00000006E+03  1.00000006E+03  1.00000006E+03 
 1.00000006E+03  1.00000006E+03  1.00000006E+03  1.00000006E+03  1.00000006E+03  1.00000006E+03 
 1.00000006E+03  1.00000006E+03  1.00000006E+03  1.00000006E+03  1.00000006E+03  1.00000006E+03 
 1.00000006E+03  1.00000006E+03  1.00000006E+03  1.00000006E+03  1.00000006E+03  1.00000006E+03 
 1.00000006E+03  1.00000006E+03  1.00000006E+03  1.00000006E+03  1.00000006E+03  1.00000006E+03 
 1.00000006E+03  1.00000006E+03  1.00000006E+03  1.00000006E+03  1.00000006E+03  1.00000006E+03 
 1.00000006E+03  1.00000006E+03  1.00000006E+03  1.00000006E+03  1.00000006E+03  1.00000006E+03 
 1.00000006E+03  1.00000006E+03  1.00000006E+03  1.00000006E+03  1.00000006E+03  1.00000006E+03 
 1.00000006E+03  1.00000006E+03  1.00000006E+03  1.00000006E+03  1.00000006E+03  1.00000006E+03 
 1.00000006E+03  1.00000006E+03  1.00000006E+03  1.00000006E+03  1.00000006E+03  1.00000006E+03 
'MIN OPTIMISATION' 

 0.00000000E+00  0.00000000E+00  0.00000000E+00  0.00000000E+00  0.00000000E+00  0.00000000E+00 
 0.00000000E+00  0.00000000E+00  0.00000000E+00  0.00000000E+00  0.00000000E+00  0.00000000E+00 
 0.00000000E+00  0.00000000E+00  0.00000000E+00  0.00000000E+00  0.00000000E+00  0.00000000E+00 
 0.00000000E+00  0.00000000E+00  0.00000000E+00  0.00000000E+00  0.00000000E+00  0.00000000E+00 
 0.00000000E+00  0.00000000E+00  0.00000000E+00  0.00000000E+00  0.00000000E+00  0.00000000E+00 
 0.00000000E+00  0.00000000E+00  0.00000000E+00  0.00000000E+00  0.00000000E+00  0.00000000E+00 
 0.00000000E+00  0.00000000E+00  0.00000000E+00  0.00000000E+00  0.00000000E+00  0.00000000E+00 
 0.00000000E+00  0.00000000E+00  0.00000000E+00  0.00000000E+00  0.00000000E+00  0.00000000E+00 
 0.00000000E+00  0.00000000E+00  0.00000000E+00  0.00000000E+00  0.00000000E+00  0.00000000E+00 
 0.00000000E+00  0.00000000E+00  0.00000000E+00  0.00000000E+00  0.00000000E+00  0.00000000E+00 
 0.00000000E+00  0.00000000E+00  0.00000000E+00  0.00000000E+00  0.00000000E+00  0.00000000E+00 
 0.00000000E+00  0.00000000E+00  0.00000000E+00  0.00000000E+00  0.00000000E+00  0.00000000E+00 
 0.00000000E+00  0.00000000E+00  0.00000000E+00  0.00000000E+00  0.00000000E+00  0.00000000E+00 
 0.00000000E+00  0.00000000E+00  0.00000000E+00  0.00000000E+00  0.00000000E+00  0.00000000E+00 
 0.00000000E+00  0.00000000E+00  0.00000000E+00  0.00000000E+00  0.00000000E+00  0.00000000E+00 
 0.00000000E+00  0.00000000E+00  0.00000000E+00  0.00000000E+00  0.00000000E+00  0.00000000E+00 
'MAX LISSAGE' 

 1.00000006E+03  1.00000006E+03  1.00000006E+03  1.00000006E+03  1.00000006E+03  1.00000006E+03 
 1.00000006E+03  1.00000006E+03  1.00000006E+03  1.00000006E+03  1.00000006E+03  1.00000006E+03 
 1.00000006E+03  1.00000006E+03  1.00000006E+03  1.00000006E+03  1.00000006E+03  1.00000006E+03 
 1.00000006E+03  1.00000006E+03  1.00000006E+03  1.00000006E+03  1.00000006E+03  1.00000006E+03 
 1.00000006E+03  1.00000006E+03  1.00000006E+03  1.00000006E+03  1.00000006E+03  1.00000006E+03 
 1.00000006E+03  1.00000006E+03  1.00000006E+03  1.00000006E+03  1.00000006E+03  1.00000006E+03 
 1.00000006E+03  1.00000006E+03  1.00000006E+03  1.00000006E+03  1.00000006E+03  1.00000006E+03 
 1.00000006E+03  1.00000006E+03  1.00000006E+03  1.00000006E+03  1.00000006E+03  1.00000006E+03 
 1.00000006E+03  1.00000006E+03  1.00000006E+03  1.00000006E+03  1.00000006E+03  1.00000006E+03 
 1.00000006E+03  1.00000006E+03  1.00000006E+03  1.00000006E+03  1.00000006E+03  1.00000006E+03 
 1.00000006E+03  1.00000006E+03  1.00000006E+03  1.00000006E+03  1.00000006E+03  1.00000006E+03 
 1.00000006E+03  1.00000006E+03  1.00000006E+03  1.00000006E+03  1.00000006E+03  1.00000006E+03 
 1.00000006E+03  1.00000006E+03  1.00000006E+03  1.00000006E+03  1.00000006E+03  1.00000006E+03 
 1.00000006E+03  1.00000006E+03  1.00000006E+03  1.00000006E+03  1.00000006E+03  1.00000006E+03 
 1.00000006E+03  1.00000006E+03  1.00000006E+03  1.00000006E+03  1.00000006E+03  1.00000006E+03 
 1.00000006E+03  1.00000006E+03  1.00000006E+03  1.00000006E+03  1.00000006E+03  1.00000006E+03 
'MIN LISSAGE' 

 0.00000000E+00  0.00000000E+00  0.00000000E+00  0.00000000E+00  0.00000000E+00  0.00000000E+00 
 0.00000000E+00  0.00000000E+00  0.00000000E+00  0.00000000E+00  0.00000000E+00  0.00000000E+00 
 0.00000000E+00  0.00000000E+00  0.00000000E+00  0.00000000E+00  0.00000000E+00  0.00000000E+00 
 0.00000000E+00  0.00000000E+00  0.00000000E+00  0.00000000E+00  0.00000000E+00  0.00000000E+00 
 0.00000000E+00  0.00000000E+00  0.00000000E+00  0.00000000E+00  0.00000000E+00  0.00000000E+00 
 0.00000000E+00  0.00000000E+00  0.00000000E+00  0.00000000E+00  0.00000000E+00  0.00000000E+00 
 0.00000000E+00  0.00000000E+00  0.00000000E+00  0.00000000E+00  0.00000000E+00  0.00000000E+00 
 0.00000000E+00  0.00000000E+00  0.00000000E+00  0.00000000E+00  0.00000000E+00  0.00000000E+00 
 0.00000000E+00  0.00000000E+00  0.00000000E+00  0.00000000E+00  0.00000000E+00  0.00000000E+00 
 0.00000000E+00  0.00000000E+00  0.00000000E+00  0.00000000E+00  0.00000000E+00  0.00000000E+00 
 0.00000000E+00  0.00000000E+00  0.00000000E+00  0.00000000E+00  0.00000000E+00  0.00000000E+00 
 0.00000000E+00  0.00000000E+00  0.00000000E+00  0.00000000E+00  0.00000000E+00  0.00000000E+00 
 0.00000000E+00  0.00000000E+00  0.00000000E+00  0.00000000E+00  0.00000000E+00  0.00000000E+00 
 0.00000000E+00  0.00000000E+00  0.00000000E+00  0.00000000E+00  0.00000000E+00  0.00000000E+00 
 0.00000000E+00  0.00000000E+00  0.00000000E+00  0.00000000E+00  0.00000000E+00  0.00000000E+00 
 0.00000000E+00  0.00000000E+00  0.00000000E+00  0.00000000E+00  0.00000000E+00  0.00000000E+00 
'GEDRER' 
'E'  1.59500000E+06  1.59499900E+06  1.59499900E+06  1.45500004E-01 
'APPORTS' 

 1.00000000E+00  1.00000000E+00  1.00000000E+00  1.00000000E+00  1.00000000E+00  1.00000000E+00 
 1.00000000E+00  1.00000000E+00  1.00000000E+00  1.00000000E+00  1.00000000E+00  1.00000000E+00 
 1.00000000E+00  1.00000000E+00  1.00000000E+00  1.00000000E+00  1.00000000E+00  1.00000000E+00 
 1.00000000E+00  1.00000000E+00  1.00000000E+00  1.00000000E+00  1.00000000E+00  1.00000000E+00 
 1.00000000E+00  1.00000000E+00  1.00000000E+00  1.00000000E+00  1.00000000E+00  1.00000000E+00 
 1.00000000E+00  1.00000000E+00  1.00000000E+00  1.00000000E+00  1.00000000E+00  1.00000000E+00 
 1.00000000E+00  1.00000000E+00  1.00000000E+00  1.00000000E+00  1.00000000E+00  1.00000000E+00 
 1.00000000E+00  1.00000000E+00  1.00000000E+00  1.00000000E+00  1.00000000E+00  1.00000000E+00 
 1.00000000E+00  1.00000000E+00  1.00000000E+00  1.00000000E+00  1.00000000E+00  1.00000000E+00 
 1.00000000E+00  1.00000000E+00  1.00000000E+00  1.00000000E+00  1.00000000E+00  1.00000000E+00 
 1.00000000E+00  1.00000000E+00  1.00000000E+00  1.00000000E+00  1.00000000E+00  1.00000000E+00 
 1.00000000E+00  1.00000000E+00  1.00000000E+00  1.00000000E+00  1.00000000E+00  1.00000000E+00 
 1.00000000E+00  1.00000000E+00  1.00000000E+00  1.00000000E+00  1.00000000E+00  1.00000000E+00 
 1.00000000E+00  1.00000000E+00  1.00000000E+00  1.00000000E+00  1.00000000E+00  1.00000000E+00 
 1.00000000E+00  1.00000000E+00  1.00000000E+00  1.00000000E+00  1.00000000E+00  1.00000000E+00 
 1.00000000E+00  1.00000000E+00  1.00000000E+00  1.00000000E+00  1.00000000E+00  1.00000000E+00 
'MAX OPTIMISATION' 

 2.61500000E+06  2.61500000E+06  2.61500000E+06  2.61500000E+06  2.61500000E+06  2.61500000E+06 
 2.61500000E+06  2.61500000E+06  2.61500000E+06  2.61500000E+06  2.61500000E+06  2.61500000E+06 
 2.61500000E+06  2.61500000E+06  2.61500000E+06  2.61500000E+06  2.61500000E+06  2.61500000E+06 
 2.61500000E+06  2.61500000E+06  2.61500000E+06  2.61500000E+06  2.61500000E+06  2.61500000E+06 
 2.61500000E+06  2.61500000E+06  2.61500000E+06  2.61500000E+06  2.61500000E+06  2.61500000E+06 
 2.61500000E+06  2.61500000E+06  2.61500000E+06  2.61500000E+06  2.61500000E+06  2.61500000E+06 
 2.61500000E+06  2.61500000E+06  2.61500000E+06  2.61500000E+06  2.61500000E+06  2.61500000E+06 
 2.61500000E+06  2.61500000E+06  2.61500000E+06  2.61500000E+06  2.61500000E+06  1.64500000E+06 
 2.61500000E+06  2.61500000E+06  2.61500000E+06  2.61500000E+06  2.61500000E+06  2.61500000E+06 
 2.61500000E+06  2.61500000E+06  2.61500000E+06  2.61500000E+06  2.61500000E+06  2.61500000E+06 
 2.61500000E+06  2.61500000E+06  2.61500000E+06  2.61500000E+06  2.61500000E+06  2.61500000E+06 
 2.61500000E+06  2.61500000E+06  2.61500000E+06  2.61500000E+06  2.61500000E+06  2.61500000E+06 
 2.61500000E+06  2.61500000E+06  2.61500000E+06  2.61500000E+06  2.61500000E+06  2.61500000E+06 
 2.61500000E+06  2.61500000E+06  2.61500000E+06  2.61500000E+06  2.61500000E+06  2.61500000E+06 
 2.61500000E+06  2.61500000E+06  2.61500000E+06  2.61500000E+06  2.61500000E+06  2.61500000E+06 
 2.61500000E+06  2.61500000E+06  2.61500000E+06  2.61500000E+06  2.61500000E+06  2.61500000E+06 
'MIN OPTIMISATION' 

 0.00000000E+00  0.00000000E+00  0.00000000E+00  0.00000000E+00  0.00000000E+00  0.00000000E+00 
 0.00000000E+00  0.00000000E+00  0.00000000E+00  0.00000000E+00  0.00000000E+00  0.00000000E+00 
 0.00000000E+00  0.00000000E+00  0.00000000E+00  0.00000000E+00  0.00000000E+00  0.00000000E+00 
 0.00000000E+00  0.00000000E+00  0.00000000E+00  0.00000000E+00  0.00000000E+00  0.00000000E+00 
 0.00000000E+00  0.00000000E+00  0.00000000E+00  0.00000000E+00  0.00000000E+00  0.00000000E+00 
 0.00000000E+00  0.00000000E+00  0.00000000E+00  0.00000000E+00  0.00000000E+00  0.00000000E+00 
 0.00000000E+00  0.00000000E+00  0.00000000E+00  0.00000000E+00  0.00000000E+00  0.00000000E+00 
 0.00000000E+00  0.00000000E+00  0.00000000E+00  0.00000000E+00  0.00000000E+00  1.54500000E+06 
 0.00000000E+00  0.00000000E+00  0.00000000E+00  0.00000000E+00  0.00000000E+00  0.00000000E+00 
 0.00000000E+00  0.00000000E+00  0.00000000E+00  0.00000000E+00  0.00000000E+00  0.00000000E+00 
 0.00000000E+00  0.00000000E+00  0.00000000E+00  0.00000000E+00  0.00000000E+00  0.00000000E+00 
 0.00000000E+00  0.00000000E+00  0.00000000E+00  0.00000000E+00  0.00000000E+00  0.00000000E+00 
 0.00000000E+00  0.00000000E+00  0.00000000E+00  0.00000000E+00  0.00000000E+00  0.00000000E+00 
 0.00000000E+00  0.00000000E+00  0.00000000E+00  0.00000000E+00  0.00000000E+00  0.00000000E+00 
 0.00000000E+00  0.00000000E+00  0.00000000E+00  0.00000000E+00  0.00000000E+00  0.00000000E+00 
 0.00000000E+00  0.00000000E+00  0.00000000E+00  0.00000000E+00  0.00000000E+00  0.00000000E+00 
'MAX LISSAGE' 

 2.61500000E+06  2.61500000E+06  2.61500000E+06  2.61500000E+06  2.61500000E+06  2.61500000E+06 
 2.61500000E+06  2.61500000E+06  2.61500000E+06  2.61500000E+06  2.61500000E+06  2.61500000E+06 
 2.61500000E+06  2.61500000E+06  2.61500000E+06  2.61500000E+06  2.61500000E+06  2.61500000E+06 
 2.61500000E+06  2.61500000E+06  2.61500000E+06  2.61500000E+06  2.61500000E+06  2.61500000E+06 
 2.61500000E+06  2.61500000E+06  2.61500000E+06  2.61500000E+06  2.61500000E+06  2.61500000E+06 
 2.61500000E+06  2.61500000E+06  2.61500000E+06  2.61500000E+06  2.61500000E+06  2.61500000E+06 
 2.61500000E+06  2.61500000E+06  2.61500000E+06  2.61500000E+06  2.61500000E+06  2.61500000E+06 
 2.61500000E+06  2.61500000E+06  2.61500000E+06  2.61500000E+06  2.61500000E+06  2.61500000E+06 
 2.61500000E+06  2.61500000E+06  2.61500000E+06  2.61500000E+06  2.61500000E+06  2.61500000E+06 
 2.61500000E+06  2.61500000E+06  2.61500000E+06  2.61500000E+06  2.61500000E+06  2.61500000E+06 
 2.61500000E+06  2.61500000E+06  2.61500000E+06  2.61500000E+06  2.61500000E+06  2.61500000E+06 
 2.61500000E+06  2.61500000E+06  2.61500000E+06  2.61500000E+06  2.61500000E+06  2.61500000E+06 
 2.61500000E+06  2.61500000E+06  2.61500000E+06  2.61500000E+06  2.61500000E+06  2.61500000E+06 
 2.61500000E+06  2.61500000E+06  2.61500000E+06  2.61500000E+06  2.61500000E+06  2.61500000E+06 
 2.61500000E+06  2.61500000E+06  2.61500000E+06  2.61500000E+06  2.61500000E+06  2.61500000E+06 
 2.61500000E+06  2.61500000E+06  2.61500000E+06  2.61500000E+06  2.61500000E+06  2.61500000E+06 
'MIN LISSAGE' 

 0.00000000E+00  0.00000000E+00  0.00000000E+00  0.00000000E+00  0.00000000E+00  0.00000000E+00 
 0.00000000E+00  0.00000000E+00  0.00000000E+00  0.00000000E+00  0.00000000E+00  0.00000000E+00 
 0.00000000E+00  0.00000000E+00  0.00000000E+00  0.00000000E+00  0.00000000E+00  0.00000000E+00 
 0.00000000E+00  0.00000000E+00  0.00000000E+00  0.00000000E+00  0.00000000E+00  0.00000000E+00 
 0.00000000E+00  0.00000000E+00  0.00000000E+00  0.00000000E+00  0.00000000E+00  0.00000000E+00 
 0.00000000E+00  0.00000000E+00  0.00000000E+00  0.00000000E+00  0.00000000E+00  0.00000000E+00 
 0.00000000E+00  0.00000000E+00  0.00000000E+00  0.00000000E+00  0.00000000E+00  0.00000000E+00 
 0.00000000E+00  0.00000000E+00  0.00000000E+00  0.00000000E+00  0.00000000E+00  0.00000000E+00 
 0.00000000E+00  0.00000000E+00  0.00000000E+00  0.00000000E+00  0.00000000E+00  0.00000000E+00 
 0.00000000E+00  0.00000000E+00  0.00000000E+00  0.00000000E+00  0.00000000E+00  0.00000000E+00 
 0.00000000E+00  0.00000000E+00  0.00000000E+00  0.00000000E+00  0.00000000E+00  0.00000000E+00 
 0.00000000E+00  0.00000000E+00  0.00000000E+00  0.00000000E+00  0.00000000E+00  0.00000000E+00 
 0.00000000E+00  0.00000000E+00  0.00000000E+00  0.00000000E+00  0.00000000E+00  0.00000000E+00 
 0.00000000E+00  0.00000000E+00  0.00000000E+00  0.00000000E+00  0.00000000E+00  0.00000000E+00 
 0.00000000E+00  0.00000000E+00  0.00000000E+00  0.00000000E+00  0.00000000E+00  0.00000000E+00 
 0.00000000E+00  0.00000000E+00  0.00000000E+00  0.00000000E+00  0.00000000E+00  0.00000000E+00 
'LUZ 1R' 
'X'  0.00000000E+00  0.00000000E+00  0.00000000E+00  0.00000000E+00 
'APPORTS' 

 0.00000000E+00  0.00000000E+00  0.00000000E+00  0.00000000E+00  0.00000000E+00  0.00000000E+00 
 0.00000000E+00  0.00000000E+00  0.00000000E+00  0.00000000E+00  0.00000000E+00  0.00000000E+00 
 0.00000000E+00  0.00000000E+00  0.00000000E+00  0.00000000E+00  0.00000000E+00  0.00000000E+00 
 0.00000000E+00  0.00000000E+00  0.00000000E+00  0.00000000E+00  0.00000000E+00  0.00000000E+00 
 0.00000000E+00  0.00000000E+00  0.00000000E+00  0.00000000E+00  0.00000000E+00  0.00000000E+00 
 0.00000000E+00  0.00000000E+00  0.00000000E+00  0.00000000E+00  0.00000000E+00  0.00000000E+00 
 0.00000000E+00  0.00000000E+00  0.00000000E+00  0.00000000E+00  0.00000000E+00  0.00000000E+00 
 0.00000000E+00  0.00000000E+00  0.00000000E+00  0.00000000E+00  0.00000000E+00  0.00000000E+00 
 0.00000000E+00  0.00000000E+00  0.00000000E+00  0.00000000E+00  0.00000000E+00  0.00000000E+00 
 0.00000000E+00  0.00000000E+00  0.00000000E+00  0.00000000E+00  0.00000000E+00  0.00000000E+00 
 0.00000000E+00  0.00000000E+00  0.00000000E+00  0.00000000E+00  0.00000000E+00  0.00000000E+00 
 0.00000000E+00  0.00000000E+00  0.00000000E+00  0.00000000E+00  0.00000000E+00  0.00000000E+00 
 0.00000000E+00  0.00000000E+00  0.00000000E+00  0.00000000E+00  0.00000000E+00  0.00000000E+00 
 0.00000000E+00  0.00000000E+00  0.00000000E+00  0.00000000E+00  0.00000000E+00  0.00000000E+00 
 0.00000000E+00  0.00000000E+00  0.00000000E+00  0.00000000E+00  0.00000000E+00  0.00000000E+00 
 0.00000000E+00  0.00000000E+00  0.00000000E+00  0.00000000E+00  0.00000000E+00  0.00000000E+00 
'MAX OPTIMISATION' 

 0.00000000E+00  0.00000000E+00  0.00000000E+00  0.00000000E+00  0.00000000E+00  0.00000000E+00 
 0.00000000E+00  0.00000000E+00  0.00000000E+00  0.00000000E+00  0.00000000E+00  0.00000000E+00 
 0.00000000E+00  0.00000000E+00  0.00000000E+00  0.00000000E+00  0.00000000E+00  0.00000000E+00 
 0.00000000E+00  0.00000000E+00  0.00000000E+00  0.00000000E+00  0.00000000E+00  0.00000000E+00 
 0.00000000E+00  0.00000000E+00  0.00000000E+00  0.00000000E+00  0.00000000E+00  0.00000000E+00 
 0.00000000E+00  0.00000000E+00  0.00000000E+00  0.00000000E+00  0.00000000E+00  0.00000000E+00 
 0.00000000E+00  0.00000000E+00  0.00000000E+00  0.00000000E+00  0.00000000E+00  0.00000000E+00 
 0.00000000E+00  0.00000000E+00  0.00000000E+00  0.00000000E+00  0.00000000E+00  0.00000000E+00 
 0.00000000E+00  0.00000000E+00  0.00000000E+00  0.00000000E+00  0.00000000E+00  0.00000000E+00 
 0.00000000E+00  0.00000000E+00  0.00000000E+00  0.00000000E+00  0.00000000E+00  0.00000000E+00 
 0.00000000E+00  0.00000000E+00  0.00000000E+00  0.00000000E+00  0.00000000E+00  0.00000000E+00 
 0.00000000E+00  0.00000000E+00  0.00000000E+00  0.00000000E+00  0.00000000E+00  0.00000000E+00 
 0.00000000E+00  0.00000000E+00  0.00000000E+00  0.00000000E+00  0.00000000E+00  0.00000000E+00 
 0.00000000E+00  0.00000000E+00  0.00000000E+00  0.00000000E+00  0.00000000E+00  0.00000000E+00 
 0.00000000E+00  0.00000000E+00  0.00000000E+00  0.00000000E+00  0.00000000E+00  0.00000000E+00 
 0.00000000E+00  0.00000000E+00  0.00000000E+00  0.00000000E+00  0.00000000E+00  0.00000000E+00 
'MIN OPTIMISATION' 

 0.00000000E+00  0.00000000E+00  0.00000000E+00  0.00000000E+00  0.00000000E+00  0.00000000E+00 
 0.00000000E+00  0.00000000E+00  0.00000000E+00  0.00000000E+00  0.00000000E+00  0.00000000E+00 
 0.00000000E+00  0.00000000E+00  0.00000000E+00  0.00000000E+00  0.00000000E+00  0.00000000E+00 
 0.00000000E+00  0.00000000E+00  0.00000000E+00  0.00000000E+00  0.00000000E+00  0.00000000E+00 
 0.00000000E+00  0.00000000E+00  0.00000000E+00  0.00000000E+00  0.00000000E+00  0.00000000E+00 
 0.00000000E+00  0.00000000E+00  0.00000000E+00  0.00000000E+00  0.00000000E+00  0.00000000E+00 
 0.00000000E+00  0.00000000E+00  0.00000000E+00  0.00000000E+00  0.00000000E+00  0.00000000E+00 
 0.00000000E+00  0.00000000E+00  0.00000000E+00  0.00000000E+00  0.00000000E+00  0.00000000E+00 
 0.00000000E+00  0.00000000E+00  0.00000000E+00  0.00000000E+00  0.00000000E+00  0.00000000E+00 
 0.00000000E+00  0.00000000E+00  0.00000000E+00  0.00000000E+00  0.00000000E+00  0.00000000E+00 
 0.00000000E+00  0.00000000E+00  0.00000000E+00  0.00000000E+00  0.00000000E+00  0.00000000E+00 
 0.00000000E+00  0.00000000E+00  0.00000000E+00  0.00000000E+00  0.00000000E+00  0.00000000E+00 
 0.00000000E+00  0.00000000E+00  0.00000000E+00  0.00000000E+00  0.00000000E+00  0.00000000E+00 
 0.00000000E+00  0.00000000E+00  0.00000000E+00  0.00000000E+00  0.00000000E+00  0.00000000E+00 
 0.00000000E+00  0.00000000E+00  0.00000000E+00  0.00000000E+00  0.00000000E+00  0.00000000E+00 
 0.00000000E+00  0.00000000E+00  0.00000000E+00  0.00000000E+00  0.00000000E+00  0.00000000E+00 
'MAX LISSAGE' 

 0.00000000E+00  0.00000000E+00  0.00000000E+00  0.00000000E+00  0.00000000E+00  0.00000000E+00 
 0.00000000E+00  0.00000000E+00  0.00000000E+00  0.00000000E+00  0.00000000E+00  0.00000000E+00 
 0.00000000E+00  0.00000000E+00  0.00000000E+00  0.00000000E+00  0.00000000E+00  0.00000000E+00 
 0.00000000E+00  0.00000000E+00  0.00000000E+00  0.00000000E+00  0.00000000E+00  0.00000000E+00 
 0.00000000E+00  0.00000000E+00  0.00000000E+00  0.00000000E+00  0.00000000E+00  0.00000000E+00 
 0.00000000E+00  0.00000000E+00  0.00000000E+00  0.00000000E+00  0.00000000E+00  0.00000000E+00 
 0.00000000E+00  0.00000000E+00  0.00000000E+00  0.00000000E+00  0.00000000E+00  0.00000000E+00 
 0.00000000E+00  0.00000000E+00  0.00000000E+00  0.00000000E+00  0.00000000E+00  0.00000000E+00 
 0.00000000E+00  0.00000000E+00  0.00000000E+00  0.00000000E+00  0.00000000E+00  0.00000000E+00 
 0.00000000E+00  0.00000000E+00  0.00000000E+00  0.00000000E+00  0.00000000E+00  0.00000000E+00 
 0.00000000E+00  0.00000000E+00  0.00000000E+00  0.00000000E+00  0.00000000E+00  0.00000000E+00 
 0.00000000E+00  0.00000000E+00  0.00000000E+00  0.00000000E+00  0.00000000E+00  0.00000000E+00 
 0.00000000E+00  0.00000000E+00  0.00000000E+00  0.00000000E+00  0.00000000E+00  0.00000000E+00 
 0.00000000E+00  0.00000000E+00  0.00000000E+00  0.00000000E+00  0.00000000E+00  0.00000000E+00 
 0.00000000E+00  0.00000000E+00  0.00000000E+00  0.00000000E+00  0.00000000E+00  0.00000000E+00 
 0.00000000E+00  0.00000000E+00  0.00000000E+00  0.00000000E+00  0.00000000E+00  0.00000000E+00 
'MIN LISSAGE' 

 0.00000000E+00  0.00000000E+00  0.00000000E+00  0.00000000E+00  0.00000000E+00  0.00000000E+00 
 0.00000000E+00  0.00000000E+00  0.00000000E+00  0.00000000E+00  0.00000000E+00  0.00000000E+00 
 0.00000000E+00  0.00000000E+00  0.00000000E+00  0.00000000E+00  0.00000000E+00  0.00000000E+00 
 0.00000000E+00  0.00000000E+00  0.00000000E+00  0.00000000E+00  0.00000000E+00  0.00000000E+00 
 0.00000000E+00  0.00000000E+00  0.00000000E+00  0.00000000E+00  0.00000000E+00  0.00000000E+00 
 0.00000000E+00  0.00000000E+00  0.00000000E+00  0.00000000E+00  0.00000000E+00  0.00000000E+00 
 0.00000000E+00  0.00000000E+00  0.00000000E+00  0.00000000E+00  0.00000000E+00  0.00000000E+00 
 0.00000000E+00  0.00000000E+00  0.00000000E+00  0.00000000E+00  0.00000000E+00  0.00000000E+00 
 0.00000000E+00  0.00000000E+00  0.00000000E+00  0.00000000E+00  0.00000000E+00  0.00000000E+00 
 0.00000000E+00  0.00000000E+00  0.00000000E+00  0.00000000E+00  0.00000000E+00  0.00000000E+00 
 0.00000000E+00  0.00000000E+00  0.00000000E+00  0.00000000E+00  0.00000000E+00  0.00000000E+00 
 0.00000000E+00  0.00000000E+00  0.00000000E+00  0.00000000E+00  0.00000000E+00  0.00000000E+00 
 0.00000000E+00  0.00000000E+00  0.00000000E+00  0.00000000E+00  0.00000000E+00  0.00000000E+00 
 0.00000000E+00  0.00000000E+00  0.00000000E+00  0.00000000E+00  0.00000000E+00  0.00000000E+00 
 0.00000000E+00  0.00000000E+00  0.00000000E+00  0.00000000E+00  0.00000000E+00  0.00000000E+00 
 0.00000000E+00  0.00000000E+00  0.00000000E+00  0.00000000E+00  0.00000000E+00  0.00000000E+00 
'SOULOR' 
'X'  0.00000000E+00  0.00000000E+00  0.00000000E+00  0.00000000E+00 
'APPORTS' 

 0.00000000E+00  0.00000000E+00  0.00000000E+00  0.00000000E+00  0.00000000E+00  0.00000000E+00 
 0.00000000E+00  0.00000000E+00  0.00000000E+00  0.00000000E+00  0.00000000E+00  0.00000000E+00 
 0.00000000E+00  0.00000000E+00  0.00000000E+00  0.00000000E+00  0.00000000E+00  0.00000000E+00 
 0.00000000E+00  0.00000000E+00  0.00000000E+00  0.00000000E+00  0.00000000E+00  0.00000000E+00 
 0.00000000E+00  0.00000000E+00  0.00000000E+00  0.00000000E+00  0.00000000E+00  0.00000000E+00 
 0.00000000E+00  0.00000000E+00  0.00000000E+00  0.00000000E+00  0.00000000E+00  0.00000000E+00 
 0.00000000E+00  0.00000000E+00  0.00000000E+00  0.00000000E+00  0.00000000E+00  0.00000000E+00 
 0.00000000E+00  0.00000000E+00  0.00000000E+00  0.00000000E+00  0.00000000E+00  0.00000000E+00 
 0.00000000E+00  0.00000000E+00  0.00000000E+00  0.00000000E+00  0.00000000E+00  0.00000000E+00 
 0.00000000E+00  0.00000000E+00  0.00000000E+00  0.00000000E+00  0.00000000E+00  0.00000000E+00 
 0.00000000E+00  0.00000000E+00  0.00000000E+00  0.00000000E+00  0.00000000E+00  0.00000000E+00 
 0.00000000E+00  0.00000000E+00  0.00000000E+00  0.00000000E+00  0.00000000E+00  0.00000000E+00 
 0.00000000E+00  0.00000000E+00  0.00000000E+00  0.00000000E+00  0.00000000E+00  0.00000000E+00 
 0.00000000E+00  0.00000000E+00  0.00000000E+00  0.00000000E+00  0.00000000E+00  0.00000000E+00 
 0.00000000E+00  0.00000000E+00  0.00000000E+00  0.00000000E+00  0.00000000E+00  0.00000000E+00 
 0.00000000E+00  0.00000000E+00  0.00000000E+00  0.00000000E+00  0.00000000E+00  0.00000000E+00 
'MAX OPTIMISATION' 

 0.00000000E+00  0.00000000E+00  0.00000000E+00  0.00000000E+00  0.00000000E+00  0.00000000E+00 
 0.00000000E+00  0.00000000E+00  0.00000000E+00  0.00000000E+00  0.00000000E+00  0.00000000E+00 
 0.00000000E+00  0.00000000E+00  0.00000000E+00  0.00000000E+00  0.00000000E+00  0.00000000E+00 
 0.00000000E+00  0.00000000E+00  0.00000000E+00  0.00000000E+00  0.00000000E+00  0.00000000E+00 
 0.00000000E+00  0.00000000E+00  0.00000000E+00  0.00000000E+00  0.00000000E+00  0.00000000E+00 
 0.00000000E+00  0.00000000E+00  0.00000000E+00  0.00000000E+00  0.00000000E+00  0.00000000E+00 
 0.00000000E+00  0.00000000E+00  0.00000000E+00  0.00000000E+00  0.00000000E+00  0.00000000E+00 
 0.00000000E+00  0.00000000E+00  0.00000000E+00  0.00000000E+00  0.00000000E+00  0.00000000E+00 
 0.00000000E+00  0.00000000E+00  0.00000000E+00  0.00000000E+00  0.00000000E+00  0.00000000E+00 
 0.00000000E+00  0.00000000E+00  0.00000000E+00  0.00000000E+00  0.00000000E+00  0.00000000E+00 
 0.00000000E+00  0.00000000E+00  0.00000000E+00  0.00000000E+00  0.00000000E+00  0.00000000E+00 
 0.00000000E+00  0.00000000E+00  0.00000000E+00  0.00000000E+00  0.00000000E+00  0.00000000E+00 
 0.00000000E+00  0.00000000E+00  0.00000000E+00  0.00000000E+00  0.00000000E+00  0.00000000E+00 
 0.00000000E+00  0.00000000E+00  0.00000000E+00  0.00000000E+00  0.00000000E+00  0.00000000E+00 
 0.00000000E+00  0.00000000E+00  0.00000000E+00  0.00000000E+00  0.00000000E+00  0.00000000E+00 
 0.00000000E+00  0.00000000E+00  0.00000000E+00  0.00000000E+00  0.00000000E+00  0.00000000E+00 
'MIN OPTIMISATION' 

 0.00000000E+00  0.00000000E+00  0.00000000E+00  0.00000000E+00  0.00000000E+00  0.00000000E+00 
 0.00000000E+00  0.00000000E+00  0.00000000E+00  0.00000000E+00  0.00000000E+00  0.00000000E+00 
 0.00000000E+00  0.00000000E+00  0.00000000E+00  0.00000000E+00  0.00000000E+00  0.00000000E+00 
 0.00000000E+00  0.00000000E+00  0.00000000E+00  0.00000000E+00  0.00000000E+00  0.00000000E+00 
 0.00000000E+00  0.00000000E+00  0.00000000E+00  0.00000000E+00  0.00000000E+00  0.00000000E+00 
 0.00000000E+00  0.00000000E+00  0.00000000E+00  0.00000000E+00  0.00000000E+00  0.00000000E+00 
 0.00000000E+00  0.00000000E+00  0.00000000E+00  0.00000000E+00  0.00000000E+00  0.00000000E+00 
 0.00000000E+00  0.00000000E+00  0.00000000E+00  0.00000000E+00  0.00000000E+00  0.00000000E+00 
 0.00000000E+00  0.00000000E+00  0.00000000E+00  0.00000000E+00  0.00000000E+00  0.00000000E+00 
 0.00000000E+00  0.00000000E+00  0.00000000E+00  0.00000000E+00  0.00000000E+00  0.00000000E+00 
 0.00000000E+00  0.00000000E+00  0.00000000E+00  0.00000000E+00  0.00000000E+00  0.00000000E+00 
 0.00000000E+00  0.00000000E+00  0.00000000E+00  0.00000000E+00  0.00000000E+00  0.00000000E+00 
 0.00000000E+00  0.00000000E+00  0.00000000E+00  0.00000000E+00  0.00000000E+00  0.00000000E+00 
 0.00000000E+00  0.00000000E+00  0.00000000E+00  0.00000000E+00  0.00000000E+00  0.00000000E+00 
 0.00000000E+00  0.00000000E+00  0.00000000E+00  0.00000000E+00  0.00000000E+00  0.00000000E+00 
 0.00000000E+00  0.00000000E+00  0.00000000E+00  0.00000000E+00  0.00000000E+00  0.00000000E+00 
'MAX LISSAGE' 

 0.00000000E+00  0.00000000E+00  0.00000000E+00  0.00000000E+00  0.00000000E+00  0.00000000E+00 
 0.00000000E+00  0.00000000E+00  0.00000000E+00  0.00000000E+00  0.00000000E+00  0.00000000E+00 
 0.00000000E+00  0.00000000E+00  0.00000000E+00  0.00000000E+00  0.00000000E+00  0.00000000E+00 
 0.00000000E+00  0.00000000E+00  0.00000000E+00  0.00000000E+00  0.00000000E+00  0.00000000E+00 
 0.00000000E+00  0.00000000E+00  0.00000000E+00  0.00000000E+00  0.00000000E+00  0.00000000E+00 
 0.00000000E+00  0.00000000E+00  0.00000000E+00  0.00000000E+00  0.00000000E+00  0.00000000E+00 
 0.00000000E+00  0.00000000E+00  0.00000000E+00  0.00000000E+00  0.00000000E+00  0.00000000E+00 
 0.00000000E+00  0.00000000E+00  0.00000000E+00  0.00000000E+00  0.00000000E+00  0.00000000E+00 
 0.00000000E+00  0.00000000E+00  0.00000000E+00  0.00000000E+00  0.00000000E+00  0.00000000E+00 
 0.00000000E+00  0.00000000E+00  0.00000000E+00  0.00000000E+00  0.00000000E+00  0.00000000E+00 
 0.00000000E+00  0.00000000E+00  0.00000000E+00  0.00000000E+00  0.00000000E+00  0.00000000E+00 
 0.00000000E+00  0.00000000E+00  0.00000000E+00  0.00000000E+00  0.00000000E+00  0.00000000E+00 
 0.00000000E+00  0.00000000E+00  0.00000000E+00  0.00000000E+00  0.00000000E+00  0.00000000E+00 
 0.00000000E+00  0.00000000E+00  0.00000000E+00  0.00000000E+00  0.00000000E+00  0.00000000E+00 
 0.00000000E+00  0.00000000E+00  0.00000000E+00  0.00000000E+00  0.00000000E+00  0.00000000E+00 
 0.00000000E+00  0.00000000E+00  0.00000000E+00  0.00000000E+00  0.00000000E+00  0.00000000E+00 
'MIN LISSAGE' 

 0.00000000E+00  0.00000000E+00  0.00000000E+00  0.00000000E+00  0.00000000E+00  0.00000000E+00 
 0.00000000E+00  0.00000000E+00  0.00000000E+00  0.00000000E+00  0.00000000E+00  0.00000000E+00 
 0.00000000E+00  0.00000000E+00  0.00000000E+00  0.00000000E+00  0.00000000E+00  0.00000000E+00 
 0.00000000E+00  0.00000000E+00  0.00000000E+00  0.00000000E+00  0.00000000E+00  0.00000000E+00 
 0.00000000E+00  0.00000000E+00  0.00000000E+00  0.00000000E+00  0.00000000E+00  0.00000000E+00 
 0.00000000E+00  0.00000000E+00  0.00000000E+00  0.00000000E+00  0.00000000E+00  0.00000000E+00 
 0.00000000E+00  0.00000000E+00  0.00000000E+00  0.00000000E+00  0.00000000E+00  0.00000000E+00 
 0.00000000E+00  0.00000000E+00  0.00000000E+00  0.00000000E+00  0.00000000E+00  0.00000000E+00 
 0.00000000E+00  0.00000000E+00  0.00000000E+00  0.00000000E+00  0.00000000E+00  0.00000000E+00 
 0.00000000E+00  0.00000000E+00  0.00000000E+00  0.00000000E+00  0.00000000E+00  0.00000000E+00 
 0.00000000E+00  0.00000000E+00  0.00000000E+00  0.00000000E+00  0.00000000E+00  0.00000000E+00 
 0.00000000E+00  0.00000000E+00  0.00000000E+00  0.00000000E+00  0.00000000E+00  0.00000000E+00 
 0.00000000E+00  0.00000000E+00  0.00000000E+00  0.00000000E+00  0.00000000E+00  0.00000000E+00 
 0.00000000E+00  0.00000000E+00  0.00000000E+00  0.00000000E+00  0.00000000E+00  0.00000000E+00 
 0.00000000E+00  0.00000000E+00  0.00000000E+00  0.00000000E+00  0.00000000E+00  0.00000000E+00 
 0.00000000E+00  0.00000000E+00  0.00000000E+00  0.00000000E+00  0.00000000E+00  0.00000000E+00 
'LANOUR' 
'E'  5.95000000E+07  0.00000000E+00  6.79000000E+07  2.46100008E-01 
'APPORTS' 

 0.00000000E+00  0.00000000E+00  0.00000000E+00  0.00000000E+00  0.00000000E+00  0.00000000E+00 
 0.00000000E+00  0.00000000E+00  0.00000000E+00  0.00000000E+00  0.00000000E+00  0.00000000E+00 
 0.00000000E+00  0.00000000E+00  0.00000000E+00  0.00000000E+00  0.00000000E+00  0.00000000E+00 
 0.00000000E+00  0.00000000E+00  0.00000000E+00  0.00000000E+00  0.00000000E+00  0.00000000E+00 
 0.00000000E+00  0.00000000E+00  0.00000000E+00  0.00000000E+00  0.00000000E+00  0.00000000E+00 
 0.00000000E+00  0.00000000E+00  0.00000000E+00  0.00000000E+00  0.00000000E+00  0.00000000E+00 
 0.00000000E+00  0.00000000E+00  0.00000000E+00  0.00000000E+00  0.00000000E+00  0.00000000E+00 
 0.00000000E+00  0.00000000E+00  0.00000000E+00  0.00000000E+00  0.00000000E+00  0.00000000E+00 
 0.00000000E+00  0.00000000E+00  0.00000000E+00  0.00000000E+00  0.00000000E+00  0.00000000E+00 
 0.00000000E+00  0.00000000E+00  0.00000000E+00  0.00000000E+00  0.00000000E+00  0.00000000E+00 
 0.00000000E+00  0.00000000E+00  0.00000000E+00  0.00000000E+00  0.00000000E+00  0.00000000E+00 
 0.00000000E+00  0.00000000E+00  0.00000000E+00  0.00000000E+00  0.00000000E+00  0.00000000E+00 
 0.00000000E+00  0.00000000E+00  0.00000000E+00  0.00000000E+00  0.00000000E+00  0.00000000E+00 
 0.00000000E+00  0.00000000E+00  0.00000000E+00  0.00000000E+00  0.00000000E+00  0.00000000E+00 
 0.00000000E+00  0.00000000E+00  0.00000000E+00  0.00000000E+00  0.00000000E+00  0.00000000E+00 
 0.00000000E+00  0.00000000E+00  0.00000000E+00  0.00000000E+00  0.00000000E+00  0.00000000E+00 
'MAX OPTIMISATION' 

 6.79000000E+07  6.79000000E+07  6.79000000E+07  6.79000000E+07  6.79000000E+07  6.79000000E+07 
 6.79000000E+07  6.79000000E+07  6.79000000E+07  6.79000000E+07  6.79000000E+07  6.79000000E+07 
 6.79000000E+07  6.79000000E+07  6.79000000E+07  6.79000000E+07  6.79000000E+07  6.79000000E+07 
 6.79000000E+07  6.79000000E+07  6.79000000E+07  6.79000000E+07  6.79000000E+07  6.79000000E+07 
 6.79000000E+07  6.79000000E+07  6.79000000E+07  6.79000000E+07  6.79000000E+07  6.79000000E+07 
 6.79000000E+07  6.79000000E+07  6.79000000E+07  6.79000000E+07  6.79000000E+07  6.79000000E+07 
 6.79000000E+07  6.79000000E+07  6.79000000E+07  6.79000000E+07  6.79000000E+07  6.79000000E+07 
 6.79000000E+07  6.79000000E+07  6.79000000E+07  6.79000000E+07  6.79000000E+07  6.79000000E+07 
 6.79000000E+07  6.79000000E+07  6.79000000E+07  6.79000000E+07  6.79000000E+07  6.79000000E+07 
 6.79000000E+07  6.79000000E+07  6.79000000E+07  6.79000000E+07  6.79000000E+07  6.79000000E+07 
 6.79000000E+07  6.79000000E+07  6.79000000E+07  6.79000000E+07  6.79000000E+07  6.79000000E+07 
 6.79000000E+07  6.79000000E+07  6.79000000E+07  6.79000000E+07  6.79000000E+07  6.79000000E+07 
 6.79000000E+07  6.79000000E+07  6.79000000E+07  6.79000000E+07  6.79000000E+07  6.79000000E+07 
 6.79000000E+07  6.79000000E+07  6.79000000E+07  6.79000000E+07  6.79000000E+07  6.79000000E+07 
 6.79000000E+07  6.79000000E+07  6.79000000E+07  6.79000000E+07  6.79000000E+07  6.79000000E+07 
 6.79000000E+07  6.79000000E+07  6.79000000E+07  6.79000000E+07  6.79000000E+07  6.79000000E+07 
'MIN OPTIMISATION' 

 0.00000000E+00  0.00000000E+00  0.00000000E+00  0.00000000E+00  0.00000000E+00  0.00000000E+00 
 0.00000000E+00  0.00000000E+00  0.00000000E+00  0.00000000E+00  0.00000000E+00  0.00000000E+00 
 0.00000000E+00  0.00000000E+00  0.00000000E+00  0.00000000E+00  0.00000000E+00  0.00000000E+00 
 0.00000000E+00  0.00000000E+00  0.00000000E+00  0.00000000E+00  0.00000000E+00  0.00000000E+00 
 0.00000000E+00  0.00000000E+00  0.00000000E+00  0.00000000E+00  0.00000000E+00  0.00000000E+00 
 0.00000000E+00  0.00000000E+00  0.00000000E+00  0.00000000E+00  0.00000000E+00  0.00000000E+00 
 0.00000000E+00  0.00000000E+00  0.00000000E+00  0.00000000E+00  0.00000000E+00  0.00000000E+00 
 0.00000000E+00  0.00000000E+00  0.00000000E+00  0.00000000E+00  0.00000000E+00  0.00000000E+00 
 0.00000000E+00  0.00000000E+00  0.00000000E+00  0.00000000E+00  0.00000000E+00  0.00000000E+00 
 0.00000000E+00  0.00000000E+00  0.00000000E+00  0.00000000E+00  0.00000000E+00  0.00000000E+00 
 0.00000000E+00  0.00000000E+00  0.00000000E+00  0.00000000E+00  0.00000000E+00  0.00000000E+00 
 0.00000000E+00  0.00000000E+00  0.00000000E+00  0.00000000E+00  0.00000000E+00  0.00000000E+00 
 0.00000000E+00  0.00000000E+00  0.00000000E+00  0.00000000E+00  0.00000000E+00  0.00000000E+00 
 0.00000000E+00  0.00000000E+00  0.00000000E+00  0.00000000E+00  0.00000000E+00  0.00000000E+00 
 0.00000000E+00  0.00000000E+00  0.00000000E+00  0.00000000E+00  0.00000000E+00  0.00000000E+00 
 0.00000000E+00  0.00000000E+00  0.00000000E+00  0.00000000E+00  0.00000000E+00  0.00000000E+00 
'MAX LISSAGE' 

 6.79000000E+07  6.79000000E+07  6.79000000E+07  6.79000000E+07  6.79000000E+07  6.79000000E+07 
 6.79000000E+07  6.79000000E+07  6.79000000E+07  6.79000000E+07  6.79000000E+07  6.79000000E+07 
 6.79000000E+07  6.79000000E+07  6.79000000E+07  6.79000000E+07  6.79000000E+07  6.79000000E+07 
 6.79000000E+07  6.79000000E+07  6.79000000E+07  6.79000000E+07  6.79000000E+07  6.79000000E+07 
 6.79000000E+07  6.79000000E+07  6.79000000E+07  6.79000000E+07  6.79000000E+07  6.79000000E+07 
 6.79000000E+07  6.79000000E+07  6.79000000E+07  6.79000000E+07  6.79000000E+07  6.79000000E+07 
 6.79000000E+07  6.79000000E+07  6.79000000E+07  6.79000000E+07  6.79000000E+07  6.79000000E+07 
 6.79000000E+07  6.79000000E+07  6.79000000E+07  6.79000000E+07  6.79000000E+07  6.79000000E+07 
 6.79000000E+07  6.79000000E+07  6.79000000E+07  6.79000000E+07  6.79000000E+07  6.79000000E+07 
 6.79000000E+07  6.79000000E+07  6.79000000E+07  6.79000000E+07  6.79000000E+07  6.79000000E+07 
 6.79000000E+07  6.79000000E+07  6.79000000E+07  6.79000000E+07  6.79000000E+07  6.79000000E+07 
 6.79000000E+07  6.79000000E+07  6.79000000E+07  6.79000000E+07  6.79000000E+07  6.79000000E+07 
 6.79000000E+07  6.79000000E+07  6.79000000E+07  6.79000000E+07  6.79000000E+07  6.79000000E+07 
 6.79000000E+07  6.79000000E+07  6.79000000E+07  6.79000000E+07  6.79000000E+07  6.79000000E+07 
 6.79000000E+07  6.79000000E+07  6.79000000E+07  6.79000000E+07  6.79000000E+07  6.79000000E+07 
 6.79000000E+07  6.79000000E+07  6.79000000E+07  6.79000000E+07  6.79000000E+07  6.79000000E+07 
'MIN LISSAGE' 

 0.00000000E+00  0.00000000E+00  0.00000000E+00  0.00000000E+00  0.00000000E+00  0.00000000E+00 
 0.00000000E+00  0.00000000E+00  0.00000000E+00  0.00000000E+00  0.00000000E+00  0.00000000E+00 
 0.00000000E+00  0.00000000E+00  0.00000000E+00  0.00000000E+00  0.00000000E+00  0.00000000E+00 
 0.00000000E+00  0.00000000E+00  0.00000000E+00  0.00000000E+00  0.00000000E+00  0.00000000E+00 
 0.00000000E+00  0.00000000E+00  0.00000000E+00  0.00000000E+00  0.00000000E+00  0.00000000E+00 
 0.00000000E+00  0.00000000E+00  0.00000000E+00  0.00000000E+00  0.00000000E+00  0.00000000E+00 
 0.00000000E+00  0.00000000E+00  0.00000000E+00  0.00000000E+00  0.00000000E+00  0.00000000E+00 
 0.00000000E+00  0.00000000E+00  0.00000000E+00  0.00000000E+00  0.00000000E+00  0.00000000E+00 
 0.00000000E+00  0.00000000E+00  0.00000000E+00  0.00000000E+00  0.00000000E+00  0.00000000E+00 
 0.00000000E+00  0.00000000E+00  0.00000000E+00  0.00000000E+00  0.00000000E+00  0.00000000E+00 
 0.00000000E+00  0.00000000E+00  0.00000000E+00  0.00000000E+00  0.00000000E+00  0.00000000E+00 
 0.00000000E+00  0.00000000E+00  0.00000000E+00  0.00000000E+00  0.00000000E+00  0.00000000E+00 
 0.00000000E+00  0.00000000E+00  0.00000000E+00  0.00000000E+00  0.00000000E+00  0.00000000E+00 
 0.00000000E+00  0.00000000E+00  0.00000000E+00  0.00000000E+00  0.00000000E+00  0.00000000E+00 
 0.00000000E+00  0.00000000E+00  0.00000000E+00  0.00000000E+00  0.00000000E+00  0.00000000E+00 
 0.00000000E+00  0.00000000E+00  0.00000000E+00  0.00000000E+00  0.00000000E+00  0.00000000E+00 
'HOSPFR' 
'X'  1.00000006E+03  1.00000006E+03  1.00000006E+03  0.00000000E+00 
'APPORTS' 

 0.00000000E+00  0.00000000E+00  0.00000000E+00  0.00000000E+00  0.00000000E+00  0.00000000E+00 
 0.00000000E+00  0.00000000E+00  0.00000000E+00  0.00000000E+00  0.00000000E+00  0.00000000E+00 
 0.00000000E+00  0.00000000E+00  0.00000000E+00  0.00000000E+00  0.00000000E+00  0.00000000E+00 
 0.00000000E+00  0.00000000E+00  0.00000000E+00  0.00000000E+00  0.00000000E+00  0.00000000E+00 
 0.00000000E+00  0.00000000E+00  0.00000000E+00  0.00000000E+00  0.00000000E+00  0.00000000E+00 
 0.00000000E+00  0.00000000E+00  0.00000000E+00  0.00000000E+00  0.00000000E+00  0.00000000E+00 
 0.00000000E+00  0.00000000E+00  0.00000000E+00  0.00000000E+00  0.00000000E+00  0.00000000E+00 
 0.00000000E+00  0.00000000E+00  0.00000000E+00  0.00000000E+00  0.00000000E+00  0.00000000E+00 
 0.00000000E+00  0.00000000E+00  0.00000000E+00  0.00000000E+00  0.00000000E+00  0.00000000E+00 
 0.00000000E+00  0.00000000E+00  0.00000000E+00  0.00000000E+00  0.00000000E+00  0.00000000E+00 
 0.00000000E+00  0.00000000E+00  0.00000000E+00  0.00000000E+00  0.00000000E+00  0.00000000E+00 
 0.00000000E+00  0.00000000E+00  0.00000000E+00  0.00000000E+00  0.00000000E+00  0.00000000E+00 
 0.00000000E+00  0.00000000E+00  0.00000000E+00  0.00000000E+00  0.00000000E+00  0.00000000E+00 
 0.00000000E+00  0.00000000E+00  0.00000000E+00  0.00000000E+00  0.00000000E+00  0.00000000E+00 
 0.00000000E+00  0.00000000E+00  0.00000000E+00  0.00000000E+00  0.00000000E+00  0.00000000E+00 
 0.00000000E+00  0.00000000E+00  0.00000000E+00  0.00000000E+00  0.00000000E+00  0.00000000E+00 
'MAX OPTIMISATION' 

 1.00000006E+03  1.00000006E+03  1.00000006E+03  1.00000006E+03  1.00000006E+03  1.00000006E+03 
 1.00000006E+03  1.00000006E+03  1.00000006E+03  1.00000006E+03  1.00000006E+03  1.00000006E+03 
 1.00000006E+03  1.00000006E+03  1.00000006E+03  1.00000006E+03  1.00000006E+03  1.00000006E+03 
 1.00000006E+03  1.00000006E+03  1.00000006E+03  1.00000006E+03  1.00000006E+03  1.00000006E+03 
 1.00000006E+03  1.00000006E+03  1.00000006E+03  1.00000006E+03  1.00000006E+03  1.00000006E+03 
 1.00000006E+03  1.00000006E+03  1.00000006E+03  1.00000006E+03  1.00000006E+03  1.00000006E+03 
 1.00000006E+03  1.00000006E+03  1.00000006E+03  1.00000006E+03  1.00000006E+03  1.00000006E+03 
 1.00000006E+03  1.00000006E+03  1.00000006E+03  1.00000006E+03  1.00000006E+03  1.00000006E+03 
 1.00000006E+03  1.00000006E+03  1.00000006E+03  1.00000006E+03  1.00000006E+03  1.00000006E+03 
 1.00000006E+03  1.00000006E+03  1.00000006E+03  1.00000006E+03  1.00000006E+03  1.00000006E+03 
 1.00000006E+03  1.00000006E+03  1.00000006E+03  1.00000006E+03  1.00000006E+03  1.00000006E+03 
 1.00000006E+03  1.00000006E+03  1.00000006E+03  1.00000006E+03  1.00000006E+03  1.00000006E+03 
 1.00000006E+03  1.00000006E+03  1.00000006E+03  1.00000006E+03  1.00000006E+03  1.00000006E+03 
 1.00000006E+03  1.00000006E+03  1.00000006E+03  1.00000006E+03  1.00000006E+03  1.00000006E+03 
 1.00000006E+03  1.00000006E+03  1.00000006E+03  1.00000006E+03  1.00000006E+03  1.00000006E+03 
 1.00000006E+03  1.00000006E+03  1.00000006E+03  1.00000006E+03  1.00000006E+03  1.00000006E+03 
'MIN OPTIMISATION' 

 0.00000000E+00  0.00000000E+00  0.00000000E+00  0.00000000E+00  0.00000000E+00  0.00000000E+00 
 0.00000000E+00  0.00000000E+00  0.00000000E+00  0.00000000E+00  0.00000000E+00  0.00000000E+00 
 0.00000000E+00  0.00000000E+00  0.00000000E+00  0.00000000E+00  0.00000000E+00  0.00000000E+00 
 0.00000000E+00  0.00000000E+00  0.00000000E+00  0.00000000E+00  0.00000000E+00  0.00000000E+00 
 0.00000000E+00  0.00000000E+00  0.00000000E+00  0.00000000E+00  0.00000000E+00  0.00000000E+00 
 0.00000000E+00  0.00000000E+00  0.00000000E+00  0.00000000E+00  0.00000000E+00  0.00000000E+00 
 0.00000000E+00  0.00000000E+00  0.00000000E+00  0.00000000E+00  0.00000000E+00  0.00000000E+00 
 0.00000000E+00  0.00000000E+00  0.00000000E+00  0.00000000E+00  0.00000000E+00  0.00000000E+00 
 0.00000000E+00  0.00000000E+00  0.00000000E+00  0.00000000E+00  0.00000000E+00  0.00000000E+00 
 0.00000000E+00  0.00000000E+00  0.00000000E+00  0.00000000E+00  0.00000000E+00  0.00000000E+00 
 0.00000000E+00  0.00000000E+00  0.00000000E+00  0.00000000E+00  0.00000000E+00  0.00000000E+00 
 0.00000000E+00  0.00000000E+00  0.00000000E+00  0.00000000E+00  0.00000000E+00  0.00000000E+00 
 0.00000000E+00  0.00000000E+00  0.00000000E+00  0.00000000E+00  0.00000000E+00  0.00000000E+00 
 0.00000000E+00  0.00000000E+00  0.00000000E+00  0.00000000E+00  0.00000000E+00  0.00000000E+00 
 0.00000000E+00  0.00000000E+00  0.00000000E+00  0.00000000E+00  0.00000000E+00  0.00000000E+00 
 0.00000000E+00  0.00000000E+00  0.00000000E+00  0.00000000E+00  0.00000000E+00  0.00000000E+00 
'MAX LISSAGE' 

 1.00000006E+03  1.00000006E+03  1.00000006E+03  1.00000006E+03  1.00000006E+03  1.00000006E+03 
 1.00000006E+03  1.00000006E+03  1.00000006E+03  1.00000006E+03  1.00000006E+03  1.00000006E+03 
 1.00000006E+03  1.00000006E+03  1.00000006E+03  1.00000006E+03  1.00000006E+03  1.00000006E+03 
 1.00000006E+03  1.00000006E+03  1.00000006E+03  1.00000006E+03  1.00000006E+03  1.00000006E+03 
 1.00000006E+03  1.00000006E+03  1.00000006E+03  1.00000006E+03  1.00000006E+03  1.00000006E+03 
 1.00000006E+03  1.00000006E+03  1.00000006E+03  1.00000006E+03  1.00000006E+03  1.00000006E+03 
 1.00000006E+03  1.00000006E+03  1.00000006E+03  1.00000006E+03  1.00000006E+03  1.00000006E+03 
 1.00000006E+03  1.00000006E+03  1.00000006E+03  1.00000006E+03  1.00000006E+03  1.00000006E+03 
 1.00000006E+03  1.00000006E+03  1.00000006E+03  1.00000006E+03  1.00000006E+03  1.00000006E+03 
 1.00000006E+03  1.00000006E+03  1.00000006E+03  1.00000006E+03  1.00000006E+03  1.00000006E+03 
 1.00000006E+03  1.00000006E+03  1.00000006E+03  1.00000006E+03  1.00000006E+03  1.00000006E+03 
 1.00000006E+03  1.00000006E+03  1.00000006E+03  1.00000006E+03  1.00000006E+03  1.00000006E+03 
 1.00000006E+03  1.00000006E+03  1.00000006E+03  1.00000006E+03  1.00000006E+03  1.00000006E+03 
 1.00000006E+03  1.00000006E+03  1.00000006E+03  1.00000006E+03  1.00000006E+03  1.00000006E+03 
 1.00000006E+03  1.00000006E+03  1.00000006E+03  1.00000006E+03  1.00000006E+03  1.00000006E+03 
 1.00000006E+03  1.00000006E+03  1.00000006E+03  1.00000006E+03  1.00000006E+03  1.00000006E+03 
'MIN LISSAGE' 

 0.00000000E+00  0.00000000E+00  0.00000000E+00  0.00000000E+00  0.00000000E+00  0.00000000E+00 
 0.00000000E+00  0.00000000E+00  0.00000000E+00  0.00000000E+00  0.00000000E+00  0.00000000E+00 
 0.00000000E+00  0.00000000E+00  0.00000000E+00  0.00000000E+00  0.00000000E+00  0.00000000E+00 
 0.00000000E+00  0.00000000E+00  0.00000000E+00  0.00000000E+00  0.00000000E+00  0.00000000E+00 
 0.00000000E+00  0.00000000E+00  0.00000000E+00  0.00000000E+00  0.00000000E+00  0.00000000E+00 
 0.00000000E+00  0.00000000E+00  0.00000000E+00  0.00000000E+00  0.00000000E+00  0.00000000E+00 
 0.00000000E+00  0.00000000E+00  0.00000000E+00  0.00000000E+00  0.00000000E+00  0.00000000E+00 
 0.00000000E+00  0.00000000E+00  0.00000000E+00  0.00000000E+00  0.00000000E+00  0.00000000E+00 
 0.00000000E+00  0.00000000E+00  0.00000000E+00  0.00000000E+00  0.00000000E+00  0.00000000E+00 
 0.00000000E+00  0.00000000E+00  0.00000000E+00  0.00000000E+00  0.00000000E+00  0.00000000E+00 
 0.00000000E+00  0.00000000E+00  0.00000000E+00  0.00000000E+00  0.00000000E+00  0.00000000E+00 
 0.00000000E+00  0.00000000E+00  0.00000000E+00  0.00000000E+00  0.00000000E+00  0.00000000E+00 
 0.00000000E+00  0.00000000E+00  0.00000000E+00  0.00000000E+00  0.00000000E+00  0.00000000E+00 
 0.00000000E+00  0.00000000E+00  0.00000000E+00  0.00000000E+00  0.00000000E+00  0.00000000E+00 
 0.00000000E+00  0.00000000E+00  0.00000000E+00  0.00000000E+00  0.00000000E+00  0.00000000E+00 
 0.00000000E+00  0.00000000E+00  0.00000000E+00  0.00000000E+00  0.00000000E+00  0.00000000E+00 
'BALDAR' 
'E'  1.59000000E+05  1.59000000E+05  1.59000000E+05  0.00000000E+00 
'APPORTS' 

 0.00000000E+00  0.00000000E+00  0.00000000E+00  0.00000000E+00  0.00000000E+00  0.00000000E+00 
 0.00000000E+00  0.00000000E+00  0.00000000E+00  0.00000000E+00  0.00000000E+00  0.00000000E+00 
 0.00000000E+00  0.00000000E+00  0.00000000E+00  0.00000000E+00  0.00000000E+00  0.00000000E+00 
 0.00000000E+00  0.00000000E+00  0.00000000E+00  0.00000000E+00  0.00000000E+00  0.00000000E+00 
 0.00000000E+00  0.00000000E+00  0.00000000E+00  0.00000000E+00  0.00000000E+00  0.00000000E+00 
 0.00000000E+00  0.00000000E+00  0.00000000E+00  0.00000000E+00  0.00000000E+00  0.00000000E+00 
 0.00000000E+00  0.00000000E+00  0.00000000E+00  0.00000000E+00  0.00000000E+00  0.00000000E+00 
 0.00000000E+00  0.00000000E+00  0.00000000E+00  0.00000000E+00  0.00000000E+00  0.00000000E+00 
 0.00000000E+00  0.00000000E+00  0.00000000E+00  0.00000000E+00  0.00000000E+00  0.00000000E+00 
 0.00000000E+00  0.00000000E+00  0.00000000E+00  0.00000000E+00  0.00000000E+00  0.00000000E+00 
 0.00000000E+00  0.00000000E+00  0.00000000E+00  0.00000000E+00  0.00000000E+00  0.00000000E+00 
 0.00000000E+00  0.00000000E+00  0.00000000E+00  0.00000000E+00  0.00000000E+00  0.00000000E+00 
 0.00000000E+00  0.00000000E+00  0.00000000E+00  0.00000000E+00  0.00000000E+00  0.00000000E+00 
 0.00000000E+00  0.00000000E+00  0.00000000E+00  0.00000000E+00  0.00000000E+00  0.00000000E+00 
 0.00000000E+00  0.00000000E+00  0.00000000E+00  0.00000000E+00  0.00000000E+00  0.00000000E+00 
 0.00000000E+00  0.00000000E+00  0.00000000E+00  0.00000000E+00  0.00000000E+00  0.00000000E+00 
'MAX OPTIMISATION' 

 2.59999984E+05  2.59999984E+05  2.59999984E+05  2.59999984E+05  2.59999984E+05  2.59999984E+05 
 2.59999984E+05  2.59999984E+05  2.59999984E+05  2.59999984E+05  2.59999984E+05  2.59999984E+05 
 2.59999984E+05  2.59999984E+05  2.59999984E+05  2.59999984E+05  2.59999984E+05  2.59999984E+05 
 2.59999984E+05  2.59999984E+05  2.59999984E+05  2.59999984E+05  2.59999984E+05  2.59999984E+05 
 2.59999984E+05  2.59999984E+05  2.59999984E+05  2.59999984E+05  2.59999984E+05  2.59999984E+05 
 2.59999984E+05  2.59999984E+05  2.59999984E+05  2.59999984E+05  2.59999984E+05  2.59999984E+05 
 2.59999984E+05  2.59999984E+05  2.59999984E+05  2.59999984E+05  2.59999984E+05  2.59999984E+05 
 2.59999984E+05  2.59999984E+05  2.59999984E+05  2.59999984E+05  2.59999984E+05  2.59999984E+05 
 2.59999984E+05  2.59999984E+05  2.59999984E+05  2.59999984E+05  2.59999984E+05  2.59999984E+05 
 2.59999984E+05  2.59999984E+05  2.59999984E+05  2.59999984E+05  2.59999984E+05  2.59999984E+05 
 2.59999984E+05  2.59999984E+05  2.59999984E+05  2.59999984E+05  2.59999984E+05  2.59999984E+05 
 2.59999984E+05  2.59999984E+05  2.59999984E+05  2.59999984E+05  2.59999984E+05  2.59999984E+05 
 2.59999984E+05  2.59999984E+05  2.59999984E+05  2.59999984E+05  2.59999984E+05  2.59999984E+05 
 2.59999984E+05  2.59999984E+05  2.59999984E+05  2.59999984E+05  2.59999984E+05  2.59999984E+05 
 2.59999984E+05  2.59999984E+05  2.59999984E+05  2.59999984E+05  2.59999984E+05  2.59999984E+05 
 2.59999984E+05  2.59999984E+05  2.59999984E+05  2.59999984E+05  2.59999984E+05  2.59999984E+05 
'MIN OPTIMISATION' 

 6.40000039E+04  6.40000039E+04  6.40000039E+04  6.40000039E+04  6.40000039E+04  6.40000039E+04 
 6.40000039E+04  6.40000039E+04  6.40000039E+04  6.40000039E+04  6.40000039E+04  6.40000039E+04 
 6.40000039E+04  6.40000039E+04  6.40000039E+04  6.40000039E+04  6.40000039E+04  6.40000039E+04 
 6.40000039E+04  6.40000039E+04  6.40000039E+04  6.40000039E+04  6.40000039E+04  6.40000039E+04 
 6.40000039E+04  6.40000039E+04  6.40000039E+04  6.40000039E+04  6.40000039E+04  6.40000039E+04 
 6.40000039E+04  6.40000039E+04  6.40000039E+04  6.40000039E+04  6.40000039E+04  6.40000039E+04 
 6.40000039E+04  6.40000039E+04  6.40000039E+04  6.40000039E+04  6.40000039E+04  6.40000039E+04 
 6.40000039E+04  6.40000039E+04  6.40000039E+04  6.40000039E+04  6.40000039E+04  6.40000039E+04 
 6.40000039E+04  6.40000039E+04  6.40000039E+04  6.40000039E+04  6.40000039E+04  6.40000039E+04 
 6.40000039E+04  6.40000039E+04  6.40000039E+04  6.40000039E+04  6.40000039E+04  6.40000039E+04 
 6.40000039E+04  6.40000039E+04  6.40000039E+04  6.40000039E+04  6.40000039E+04  6.40000039E+04 
 6.40000039E+04  6.40000039E+04  6.40000039E+04  6.40000039E+04  6.40000039E+04  6.40000039E+04 
 6.40000039E+04  6.40000039E+04  6.40000039E+04  6.40000039E+04  6.40000039E+04  6.40000039E+04 
 6.40000039E+04  6.40000039E+04  6.40000039E+04  6.40000039E+04  6.40000039E+04  6.40000039E+04 
 6.40000039E+04  6.40000039E+04  6.40000039E+04  6.40000039E+04  6.40000039E+04  6.40000039E+04 
 6.40000039E+04  6.40000039E+04  6.40000039E+04  6.40000039E+04  6.40000039E+04  6.40000039E+04 
'MAX LISSAGE' 

 2.59999984E+05  2.59999984E+05  2.59999984E+05  2.59999984E+05  2.59999984E+05  2.59999984E+05 
 2.59999984E+05  2.59999984E+05  2.59999984E+05  2.59999984E+05  2.59999984E+05  2.59999984E+05 
 2.59999984E+05  2.59999984E+05  2.59999984E+05  2.59999984E+05  2.59999984E+05  2.59999984E+05 
 2.59999984E+05  2.59999984E+05  2.59999984E+05  2.59999984E+05  2.59999984E+05  2.59999984E+05 
 2.59999984E+05  2.59999984E+05  2.59999984E+05  2.59999984E+05  2.59999984E+05  2.59999984E+05 
 2.59999984E+05  2.59999984E+05  2.59999984E+05  2.59999984E+05  2.59999984E+05  2.59999984E+05 
 2.59999984E+05  2.59999984E+05  2.59999984E+05  2.59999984E+05  2.59999984E+05  2.59999984E+05 
 2.59999984E+05  2.59999984E+05  2.59999984E+05  2.59999984E+05  2.59999984E+05  2.59999984E+05 
 2.59999984E+05  2.59999984E+05  2.59999984E+05  2.59999984E+05  2.59999984E+05  2.59999984E+05 
 2.59999984E+05  2.59999984E+05  2.59999984E+05  2.59999984E+05  2.59999984E+05  2.59999984E+05 
 2.59999984E+05  2.59999984E+05  2.59999984E+05  2.59999984E+05  2.59999984E+05  2.59999984E+05 
 2.59999984E+05  2.59999984E+05  2.59999984E+05  2.59999984E+05  2.59999984E+05  2.59999984E+05 
 2.59999984E+05  2.59999984E+05  2.59999984E+05  2.59999984E+05  2.59999984E+05  2.59999984E+05 
 2.59999984E+05  2.59999984E+05  2.59999984E+05  2.59999984E+05  2.59999984E+05  2.59999984E+05 
 2.59999984E+05  2.59999984E+05  2.59999984E+05  2.59999984E+05  2.59999984E+05  2.59999984E+05 
 2.59999984E+05  2.59999984E+05  2.59999984E+05  2.59999984E+05  2.59999984E+05  2.59999984E+05 
'MIN LISSAGE' 

 6.40000039E+04  6.40000039E+04  6.40000039E+04  6.40000039E+04  6.40000039E+04  6.40000039E+04 
 6.40000039E+04  6.40000039E+04  6.40000039E+04  6.40000039E+04  6.40000039E+04  6.40000039E+04 
 6.40000039E+04  6.40000039E+04  6.40000039E+04  6.40000039E+04  6.40000039E+04  6.40000039E+04 
 6.40000039E+04  6.40000039E+04  6.40000039E+04  6.40000039E+04  6.40000039E+04  6.40000039E+04 
 6.40000039E+04  6.40000039E+04  6.40000039E+04  6.40000039E+04  6.40000039E+04  6.40000039E+04 
 6.40000039E+04  6.40000039E+04  6.40000039E+04  6.40000039E+04  6.40000039E+04  6.40000039E+04 
 6.40000039E+04  6.40000039E+04  6.40000039E+04  6.40000039E+04  6.40000039E+04  6.40000039E+04 
 6.40000039E+04  6.40000039E+04  6.40000039E+04  6.40000039E+04  6.40000039E+04  6.40000039E+04 
 6.40000039E+04  6.40000039E+04  6.40000039E+04  6.40000039E+04  6.40000039E+04  6.40000039E+04 
 6.40000039E+04  6.40000039E+04  6.40000039E+04  6.40000039E+04  6.40000039E+04  6.40000039E+04 
 6.40000039E+04  6.40000039E+04  6.40000039E+04  6.40000039E+04  6.40000039E+04  6.40000039E+04 
 6.40000039E+04  6.40000039E+04  6.40000039E+04  6.40000039E+04  6.40000039E+04  6.40000039E+04 
 6.40000039E+04  6.40000039E+04  6.40000039E+04  6.40000039E+04  6.40000039E+04  6.40000039E+04 
 6.40000039E+04  6.40000039E+04  6.40000039E+04  6.40000039E+04  6.40000039E+04  6.40000039E+04 
 6.40000039E+04  6.40000039E+04  6.40000039E+04  6.40000039E+04  6.40000039E+04  6.40000039E+04 
 6.40000039E+04  6.40000039E+04  6.40000039E+04  6.40000039E+04  6.40000039E+04  6.40000039E+04 
'MERENR' 
'X'  0.00000000E+00  0.00000000E+00  0.00000000E+00  0.00000000E+00 
'APPORTS' 

 2.00000003E-01  2.00000003E-01  2.00000003E-01  2.00000003E-01  2.00000003E-01  2.00000003E-01 
 2.00000003E-01  2.00000003E-01  2.00000003E-01  2.00000003E-01  2.00000003E-01  2.00000003E-01 
 2.00000003E-01  2.00000003E-01  2.00000003E-01  2.00000003E-01  2.00000003E-01  2.00000003E-01 
 2.00000003E-01  2.00000003E-01  2.00000003E-01  2.00000003E-01  2.00000003E-01  2.00000003E-01 
 2.00000003E-01  2.00000003E-01  2.00000003E-01  2.00000003E-01  2.00000003E-01  2.00000003E-01 
 2.00000003E-01  2.00000003E-01  2.00000003E-01  2.00000003E-01  2.00000003E-01  2.00000003E-01 
 2.00000003E-01  2.00000003E-01  2.00000003E-01  2.00000003E-01  2.00000003E-01  2.00000003E-01 
 2.00000003E-01  2.00000003E-01  2.00000003E-01  2.00000003E-01  2.00000003E-01  2.00000003E-01 
 2.00000003E-01  2.00000003E-01  2.00000003E-01  2.00000003E-01  2.00000003E-01  2.00000003E-01 
 2.00000003E-01  2.00000003E-01  2.00000003E-01  2.00000003E-01  2.00000003E-01  2.00000003E-01 
 2.00000003E-01  2.00000003E-01  2.00000003E-01  2.00000003E-01  2.00000003E-01  2.00000003E-01 
 2.00000003E-01  2.00000003E-01  2.00000003E-01  2.00000003E-01  2.00000003E-01  2.00000003E-01 
 2.00000003E-01  2.00000003E-01  2.00000003E-01  2.00000003E-01  2.00000003E-01  2.00000003E-01 
 2.00000003E-01  2.00000003E-01  2.00000003E-01  2.00000003E-01  2.00000003E-01  2.00000003E-01 
 2.00000003E-01  2.00000003E-01  2.00000003E-01  2.00000003E-01  2.00000003E-01  2.00000003E-01 
 2.00000003E-01  2.00000003E-01  2.00000003E-01  2.00000003E-01  2.00000003E-01  2.00000003E-01 
'MAX OPTIMISATION' 

 0.00000000E+00  0.00000000E+00  0.00000000E+00  0.00000000E+00  0.00000000E+00  0.00000000E+00 
 0.00000000E+00  0.00000000E+00  0.00000000E+00  0.00000000E+00  0.00000000E+00  0.00000000E+00 
 0.00000000E+00  0.00000000E+00  0.00000000E+00  0.00000000E+00  0.00000000E+00  0.00000000E+00 
 0.00000000E+00  0.00000000E+00  0.00000000E+00  0.00000000E+00  0.00000000E+00  0.00000000E+00 
 0.00000000E+00  0.00000000E+00  0.00000000E+00  0.00000000E+00  0.00000000E+00  0.00000000E+00 
 0.00000000E+00  0.00000000E+00  0.00000000E+00  0.00000000E+00  0.00000000E+00  0.00000000E+00 
 0.00000000E+00  0.00000000E+00  0.00000000E+00  0.00000000E+00  0.00000000E+00  0.00000000E+00 
 0.00000000E+00  0.00000000E+00  0.00000000E+00  0.00000000E+00  0.00000000E+00  0.00000000E+00 
 0.00000000E+00  0.00000000E+00  0.00000000E+00  0.00000000E+00  0.00000000E+00  0.00000000E+00 
 0.00000000E+00  0.00000000E+00  0.00000000E+00  0.00000000E+00  0.00000000E+00  0.00000000E+00 
 0.00000000E+00  0.00000000E+00  0.00000000E+00  0.00000000E+00  0.00000000E+00  0.00000000E+00 
 0.00000000E+00  0.00000000E+00  0.00000000E+00  0.00000000E+00  0.00000000E+00  0.00000000E+00 
 0.00000000E+00  0.00000000E+00  0.00000000E+00  0.00000000E+00  0.00000000E+00  0.00000000E+00 
 0.00000000E+00  0.00000000E+00  0.00000000E+00  0.00000000E+00  0.00000000E+00  0.00000000E+00 
 0.00000000E+00  0.00000000E+00  0.00000000E+00  0.00000000E+00  0.00000000E+00  0.00000000E+00 
 0.00000000E+00  0.00000000E+00  0.00000000E+00  0.00000000E+00  0.00000000E+00  0.00000000E+00 
'MIN OPTIMISATION' 

 0.00000000E+00  0.00000000E+00  0.00000000E+00  0.00000000E+00  0.00000000E+00  0.00000000E+00 
 0.00000000E+00  0.00000000E+00  0.00000000E+00  0.00000000E+00  0.00000000E+00  0.00000000E+00 
 0.00000000E+00  0.00000000E+00  0.00000000E+00  0.00000000E+00  0.00000000E+00  0.00000000E+00 
 0.00000000E+00  0.00000000E+00  0.00000000E+00  0.00000000E+00  0.00000000E+00  0.00000000E+00 
 0.00000000E+00  0.00000000E+00  0.00000000E+00  0.00000000E+00  0.00000000E+00  0.00000000E+00 
 0.00000000E+00  0.00000000E+00  0.00000000E+00  0.00000000E+00  0.00000000E+00  0.00000000E+00 
 0.00000000E+00  0.00000000E+00  0.00000000E+00  0.00000000E+00  0.00000000E+00  0.00000000E+00 
 0.00000000E+00  0.00000000E+00  0.00000000E+00  0.00000000E+00  0.00000000E+00  0.00000000E+00 
 0.00000000E+00  0.00000000E+00  0.00000000E+00  0.00000000E+00  0.00000000E+00  0.00000000E+00 
 0.00000000E+00  0.00000000E+00  0.00000000E+00  0.00000000E+00  0.00000000E+00  0.00000000E+00 
 0.00000000E+00  0.00000000E+00  0.00000000E+00  0.00000000E+00  0.00000000E+00  0.00000000E+00 
 0.00000000E+00  0.00000000E+00  0.00000000E+00  0.00000000E+00  0.00000000E+00  0.00000000E+00 
 0.00000000E+00  0.00000000E+00  0.00000000E+00  0.00000000E+00  0.00000000E+00  0.00000000E+00 
 0.00000000E+00  0.00000000E+00  0.00000000E+00  0.00000000E+00  0.00000000E+00  0.00000000E+00 
 0.00000000E+00  0.00000000E+00  0.00000000E+00  0.00000000E+00  0.00000000E+00  0.00000000E+00 
 0.00000000E+00  0.00000000E+00  0.00000000E+00  0.00000000E+00  0.00000000E+00  0.00000000E+00 
'MAX LISSAGE' 

 0.00000000E+00  0.00000000E+00  0.00000000E+00  0.00000000E+00  0.00000000E+00  0.00000000E+00 
 0.00000000E+00  0.00000000E+00  0.00000000E+00  0.00000000E+00  0.00000000E+00  0.00000000E+00 
 0.00000000E+00  0.00000000E+00  0.00000000E+00  0.00000000E+00  0.00000000E+00  0.00000000E+00 
 0.00000000E+00  0.00000000E+00  0.00000000E+00  0.00000000E+00  0.00000000E+00  0.00000000E+00 
 0.00000000E+00  0.00000000E+00  0.00000000E+00  0.00000000E+00  0.00000000E+00  0.00000000E+00 
 0.00000000E+00  0.00000000E+00  0.00000000E+00  0.00000000E+00  0.00000000E+00  0.00000000E+00 
 0.00000000E+00  0.00000000E+00  0.00000000E+00  0.00000000E+00  0.00000000E+00  0.00000000E+00 
 0.00000000E+00  0.00000000E+00  0.00000000E+00  0.00000000E+00  0.00000000E+00  0.00000000E+00 
 0.00000000E+00  0.00000000E+00  0.00000000E+00  0.00000000E+00  0.00000000E+00  0.00000000E+00 
 0.00000000E+00  0.00000000E+00  0.00000000E+00  0.00000000E+00  0.00000000E+00  0.00000000E+00 
 0.00000000E+00  0.00000000E+00  0.00000000E+00  0.00000000E+00  0.00000000E+00  0.00000000E+00 
 0.00000000E+00  0.00000000E+00  0.00000000E+00  0.00000000E+00  0.00000000E+00  0.00000000E+00 
 0.00000000E+00  0.00000000E+00  0.00000000E+00  0.00000000E+00  0.00000000E+00  0.00000000E+00 
 0.00000000E+00  0.00000000E+00  0.00000000E+00  0.00000000E+00  0.00000000E+00  0.00000000E+00 
 0.00000000E+00  0.00000000E+00  0.00000000E+00  0.00000000E+00  0.00000000E+00  0.00000000E+00 
 0.00000000E+00  0.00000000E+00  0.00000000E+00  0.00000000E+00  0.00000000E+00  0.00000000E+00 
'MIN LISSAGE' 

 0.00000000E+00  0.00000000E+00  0.00000000E+00  0.00000000E+00  0.00000000E+00  0.00000000E+00 
 0.00000000E+00  0.00000000E+00  0.00000000E+00  0.00000000E+00  0.00000000E+00  0.00000000E+00 
 0.00000000E+00  0.00000000E+00  0.00000000E+00  0.00000000E+00  0.00000000E+00  0.00000000E+00 
 0.00000000E+00  0.00000000E+00  0.00000000E+00  0.00000000E+00  0.00000000E+00  0.00000000E+00 
 0.00000000E+00  0.00000000E+00  0.00000000E+00  0.00000000E+00  0.00000000E+00  0.00000000E+00 
 0.00000000E+00  0.00000000E+00  0.00000000E+00  0.00000000E+00  0.00000000E+00  0.00000000E+00 
 0.00000000E+00  0.00000000E+00  0.00000000E+00  0.00000000E+00  0.00000000E+00  0.00000000E+00 
 0.00000000E+00  0.00000000E+00  0.00000000E+00  0.00000000E+00  0.00000000E+00  0.00000000E+00 
 0.00000000E+00  0.00000000E+00  0.00000000E+00  0.00000000E+00  0.00000000E+00  0.00000000E+00 
 0.00000000E+00  0.00000000E+00  0.00000000E+00  0.00000000E+00  0.00000000E+00  0.00000000E+00 
 0.00000000E+00  0.00000000E+00  0.00000000E+00  0.00000000E+00  0.00000000E+00  0.00000000E+00 
 0.00000000E+00  0.00000000E+00  0.00000000E+00  0.00000000E+00  0.00000000E+00  0.00000000E+00 
 0.00000000E+00  0.00000000E+00  0.00000000E+00  0.00000000E+00  0.00000000E+00  0.00000000E+00 
 0.00000000E+00  0.00000000E+00  0.00000000E+00  0.00000000E+00  0.00000000E+00  0.00000000E+00 
 0.00000000E+00  0.00000000E+00  0.00000000E+00  0.00000000E+00  0.00000000E+00  0.00000000E+00 
 0.00000000E+00  0.00000000E+00  0.00000000E+00  0.00000000E+00  0.00000000E+00  0.00000000E+00 
'ASTONR' 
'X'  0.00000000E+00  0.00000000E+00  0.00000000E+00  0.00000000E+00 
'APPORTS' 

 5.00000000E-01  5.00000000E-01  5.00000000E-01  5.00000000E-01  5.00000000E-01  5.00000000E-01 
 5.00000000E-01  5.00000000E-01  5.00000000E-01  5.00000000E-01  5.00000000E-01  5.00000000E-01 
 5.00000000E-01  5.00000000E-01  5.00000000E-01  5.00000000E-01  5.00000000E-01  5.00000000E-01 
 5.00000000E-01  5.00000000E-01  5.00000000E-01  5.00000000E-01  5.00000000E-01  5.00000000E-01 
 5.00000000E-01  5.00000000E-01  5.00000000E-01  5.00000000E-01  5.00000000E-01  5.00000000E-01 
 5.00000000E-01  5.00000000E-01  5.00000000E-01  5.00000000E-01  5.00000000E-01  5.00000000E-01 
 5.00000000E-01  5.00000000E-01  5.00000000E-01  5.00000000E-01  5.00000000E-01  5.00000000E-01 
 5.00000000E-01  5.00000000E-01  5.00000000E-01  5.00000000E-01  5.00000000E-01  5.00000000E-01 
 5.00000000E-01  5.00000000E-01  5.00000000E-01  5.00000000E-01  5.00000000E-01  5.00000000E-01 
 5.00000000E-01  5.00000000E-01  5.00000000E-01  5.00000000E-01  5.00000000E-01  5.00000000E-01 
 5.00000000E-01  5.00000000E-01  5.00000000E-01  5.00000000E-01  5.00000000E-01  5.00000000E-01 
 5.00000000E-01  5.00000000E-01  5.00000000E-01  5.00000000E-01  5.00000000E-01  5.00000000E-01 
 5.00000000E-01  5.00000000E-01  5.00000000E-01  5.00000000E-01  5.00000000E-01  5.00000000E-01 
 5.00000000E-01  5.00000000E-01  5.00000000E-01  5.00000000E-01  5.00000000E-01  5.00000000E-01 
 5.00000000E-01  5.00000000E-01  5.00000000E-01  5.00000000E-01  5.00000000E-01  5.00000000E-01 
 5.00000000E-01  5.00000000E-01  5.00000000E-01  5.00000000E-01  5.00000000E-01  5.00000000E-01 
'MAX OPTIMISATION' 

 0.00000000E+00  0.00000000E+00  0.00000000E+00  0.00000000E+00  0.00000000E+00  0.00000000E+00 
 0.00000000E+00  0.00000000E+00  0.00000000E+00  0.00000000E+00  0.00000000E+00  0.00000000E+00 
 0.00000000E+00  0.00000000E+00  0.00000000E+00  0.00000000E+00  0.00000000E+00  0.00000000E+00 
 0.00000000E+00  0.00000000E+00  0.00000000E+00  0.00000000E+00  0.00000000E+00  0.00000000E+00 
 0.00000000E+00  0.00000000E+00  0.00000000E+00  0.00000000E+00  0.00000000E+00  0.00000000E+00 
 0.00000000E+00  0.00000000E+00  0.00000000E+00  0.00000000E+00  0.00000000E+00  0.00000000E+00 
 0.00000000E+00  0.00000000E+00  0.00000000E+00  0.00000000E+00  0.00000000E+00  0.00000000E+00 
 0.00000000E+00  0.00000000E+00  0.00000000E+00  0.00000000E+00  0.00000000E+00  0.00000000E+00 
 0.00000000E+00  0.00000000E+00  0.00000000E+00  0.00000000E+00  0.00000000E+00  0.00000000E+00 
 0.00000000E+00  0.00000000E+00  0.00000000E+00  0.00000000E+00  0.00000000E+00  0.00000000E+00 
 0.00000000E+00  0.00000000E+00  0.00000000E+00  0.00000000E+00  0.00000000E+00  0.00000000E+00 
 0.00000000E+00  0.00000000E+00  0.00000000E+00  0.00000000E+00  0.00000000E+00  0.00000000E+00 
 0.00000000E+00  0.00000000E+00  0.00000000E+00  0.00000000E+00  0.00000000E+00  0.00000000E+00 
 0.00000000E+00  0.00000000E+00  0.00000000E+00  0.00000000E+00  0.00000000E+00  0.00000000E+00 
 0.00000000E+00  0.00000000E+00  0.00000000E+00  0.00000000E+00  0.00000000E+00  0.00000000E+00 
 0.00000000E+00  0.00000000E+00  0.00000000E+00  0.00000000E+00  0.00000000E+00  0.00000000E+00 
'MIN OPTIMISATION' 

 0.00000000E+00  0.00000000E+00  0.00000000E+00  0.00000000E+00  0.00000000E+00  0.00000000E+00 
 0.00000000E+00  0.00000000E+00  0.00000000E+00  0.00000000E+00  0.00000000E+00  0.00000000E+00 
 0.00000000E+00  0.00000000E+00  0.00000000E+00  0.00000000E+00  0.00000000E+00  0.00000000E+00 
 0.00000000E+00  0.00000000E+00  0.00000000E+00  0.00000000E+00  0.00000000E+00  0.00000000E+00 
 0.00000000E+00  0.00000000E+00  0.00000000E+00  0.00000000E+00  0.00000000E+00  0.00000000E+00 
 0.00000000E+00  0.00000000E+00  0.00000000E+00  0.00000000E+00  0.00000000E+00  0.00000000E+00 
 0.00000000E+00  0.00000000E+00  0.00000000E+00  0.00000000E+00  0.00000000E+00  0.00000000E+00 
 0.00000000E+00  0.00000000E+00  0.00000000E+00  0.00000000E+00  0.00000000E+00  0.00000000E+00 
 0.00000000E+00  0.00000000E+00  0.00000000E+00  0.00000000E+00  0.00000000E+00  0.00000000E+00 
 0.00000000E+00  0.00000000E+00  0.00000000E+00  0.00000000E+00  0.00000000E+00  0.00000000E+00 
 0.00000000E+00  0.00000000E+00  0.00000000E+00  0.00000000E+00  0.00000000E+00  0.00000000E+00 
 0.00000000E+00  0.00000000E+00  0.00000000E+00  0.00000000E+00  0.00000000E+00  0.00000000E+00 
 0.00000000E+00  0.00000000E+00  0.00000000E+00  0.00000000E+00  0.00000000E+00  0.00000000E+00 
 0.00000000E+00  0.00000000E+00  0.00000000E+00  0.00000000E+00  0.00000000E+00  0.00000000E+00 
 0.00000000E+00  0.00000000E+00  0.00000000E+00  0.00000000E+00  0.00000000E+00  0.00000000E+00 
 0.00000000E+00  0.00000000E+00  0.00000000E+00  0.00000000E+00  0.00000000E+00  0.00000000E+00 
'MAX LISSAGE' 

 0.00000000E+00  0.00000000E+00  0.00000000E+00  0.00000000E+00  0.00000000E+00  0.00000000E+00 
 0.00000000E+00  0.00000000E+00  0.00000000E+00  0.00000000E+00  0.00000000E+00  0.00000000E+00 
 0.00000000E+00  0.00000000E+00  0.00000000E+00  0.00000000E+00  0.00000000E+00  0.00000000E+00 
 0.00000000E+00  0.00000000E+00  0.00000000E+00  0.00000000E+00  0.00000000E+00  0.00000000E+00 
 0.00000000E+00  0.00000000E+00  0.00000000E+00  0.00000000E+00  0.00000000E+00  0.00000000E+00 
 0.00000000E+00  0.00000000E+00  0.00000000E+00  0.00000000E+00  0.00000000E+00  0.00000000E+00 
 0.00000000E+00  0.00000000E+00  0.00000000E+00  0.00000000E+00  0.00000000E+00  0.00000000E+00 
 0.00000000E+00  0.00000000E+00  0.00000000E+00  0.00000000E+00  0.00000000E+00  0.00000000E+00 
 0.00000000E+00  0.00000000E+00  0.00000000E+00  0.00000000E+00  0.00000000E+00  0.00000000E+00 
 0.00000000E+00  0.00000000E+00  0.00000000E+00  0.00000000E+00  0.00000000E+00  0.00000000E+00 
 0.00000000E+00  0.00000000E+00  0.00000000E+00  0.00000000E+00  0.00000000E+00  0.00000000E+00 
 0.00000000E+00  0.00000000E+00  0.00000000E+00  0.00000000E+00  0.00000000E+00  0.00000000E+00 
 0.00000000E+00  0.00000000E+00  0.00000000E+00  0.00000000E+00  0.00000000E+00  0.00000000E+00 
 0.00000000E+00  0.00000000E+00  0.00000000E+00  0.00000000E+00  0.00000000E+00  0.00000000E+00 
 0.00000000E+00  0.00000000E+00  0.00000000E+00  0.00000000E+00  0.00000000E+00  0.00000000E+00 
 0.00000000E+00  0.00000000E+00  0.00000000E+00  0.00000000E+00  0.00000000E+00  0.00000000E+00 
'MIN LISSAGE' 

 0.00000000E+00  0.00000000E+00  0.00000000E+00  0.00000000E+00  0.00000000E+00  0.00000000E+00 
 0.00000000E+00  0.00000000E+00  0.00000000E+00  0.00000000E+00  0.00000000E+00  0.00000000E+00 
 0.00000000E+00  0.00000000E+00  0.00000000E+00  0.00000000E+00  0.00000000E+00  0.00000000E+00 
 0.00000000E+00  0.00000000E+00  0.00000000E+00  0.00000000E+00  0.00000000E+00  0.00000000E+00 
 0.00000000E+00  0.00000000E+00  0.00000000E+00  0.00000000E+00  0.00000000E+00  0.00000000E+00 
 0.00000000E+00  0.00000000E+00  0.00000000E+00  0.00000000E+00  0.00000000E+00  0.00000000E+00 
 0.00000000E+00  0.00000000E+00  0.00000000E+00  0.00000000E+00  0.00000000E+00  0.00000000E+00 
 0.00000000E+00  0.00000000E+00  0.00000000E+00  0.00000000E+00  0.00000000E+00  0.00000000E+00 
 0.00000000E+00  0.00000000E+00  0.00000000E+00  0.00000000E+00  0.00000000E+00  0.00000000E+00 
 0.00000000E+00  0.00000000E+00  0.00000000E+00  0.00000000E+00  0.00000000E+00  0.00000000E+00 
 0.00000000E+00  0.00000000E+00  0.00000000E+00  0.00000000E+00  0.00000000E+00  0.00000000E+00 
 0.00000000E+00  0.00000000E+00  0.00000000E+00  0.00000000E+00  0.00000000E+00  0.00000000E+00 
 0.00000000E+00  0.00000000E+00  0.00000000E+00  0.00000000E+00  0.00000000E+00  0.00000000E+00 
 0.00000000E+00  0.00000000E+00  0.00000000E+00  0.00000000E+00  0.00000000E+00  0.00000000E+00 
 0.00000000E+00  0.00000000E+00  0.00000000E+00  0.00000000E+00  0.00000000E+00  0.00000000E+00 
 0.00000000E+00  0.00000000E+00  0.00000000E+00  0.00000000E+00  0.00000000E+00  0.00000000E+00 
'LAPARR' 
'E'  6.28500000E+06  6.28500000E+06  6.28500000E+06  1.89999998E-01 
'APPORTS' 

 0.00000000E+00  0.00000000E+00  0.00000000E+00  0.00000000E+00  0.00000000E+00  0.00000000E+00 
 0.00000000E+00  0.00000000E+00  0.00000000E+00  0.00000000E+00  0.00000000E+00  0.00000000E+00 
 0.00000000E+00  0.00000000E+00  0.00000000E+00  0.00000000E+00  0.00000000E+00  0.00000000E+00 
 0.00000000E+00  0.00000000E+00  0.00000000E+00  0.00000000E+00  0.00000000E+00  0.00000000E+00 
 0.00000000E+00  0.00000000E+00  0.00000000E+00  0.00000000E+00  0.00000000E+00  0.00000000E+00 
 0.00000000E+00  0.00000000E+00  0.00000000E+00  0.00000000E+00  0.00000000E+00  0.00000000E+00 
 0.00000000E+00  0.00000000E+00  0.00000000E+00  0.00000000E+00  0.00000000E+00  0.00000000E+00 
 0.00000000E+00  0.00000000E+00  0.00000000E+00  0.00000000E+00  0.00000000E+00  0.00000000E+00 
 0.00000000E+00  0.00000000E+00  0.00000000E+00  0.00000000E+00  0.00000000E+00  0.00000000E+00 
 0.00000000E+00  0.00000000E+00  0.00000000E+00  0.00000000E+00  0.00000000E+00  0.00000000E+00 
 0.00000000E+00  0.00000000E+00  0.00000000E+00  0.00000000E+00  0.00000000E+00  0.00000000E+00 
 0.00000000E+00  0.00000000E+00  0.00000000E+00  0.00000000E+00  0.00000000E+00  0.00000000E+00 
 0.00000000E+00  0.00000000E+00  0.00000000E+00  0.00000000E+00  0.00000000E+00  0.00000000E+00 
 0.00000000E+00  0.00000000E+00  0.00000000E+00  0.00000000E+00  0.00000000E+00  0.00000000E+00 
 0.00000000E+00  0.00000000E+00  0.00000000E+00  0.00000000E+00  0.00000000E+00  0.00000000E+00 
 0.00000000E+00  0.00000000E+00  0.00000000E+00  0.00000000E+00  0.00000000E+00  0.00000000E+00 
'MAX OPTIMISATION' 

 1.57300000E+07  1.57300000E+07  1.57300000E+07  1.57300000E+07  1.57300000E+07  1.57300000E+07 
 1.57300000E+07  1.57300000E+07  1.57300000E+07  1.57300000E+07  1.57300000E+07  1.57300000E+07 
 1.57300000E+07  1.57300000E+07  1.57300000E+07  1.57300000E+07  1.57300000E+07  1.57300000E+07 
 1.57300000E+07  1.57300000E+07  1.57300000E+07  1.57300000E+07  1.57300000E+07  1.57300000E+07 
 1.57300000E+07  1.57300000E+07  1.57300000E+07  1.57300000E+07  1.57300000E+07  1.57300000E+07 
 1.57300000E+07  1.57300000E+07  1.57300000E+07  1.57300000E+07  1.57300000E+07  1.57300000E+07 
 1.57300000E+07  1.57300000E+07  1.57300000E+07  1.57300000E+07  1.57300000E+07  1.57300000E+07 
 1.57300000E+07  1.57300000E+07  1.57300000E+07  1.57300000E+07  1.57300000E+07  6.38500000E+06 
 1.57300000E+07  1.57300000E+07  1.57300000E+07  1.57300000E+07  1.57300000E+07  1.57300000E+07 
 1.57300000E+07  1.57300000E+07  1.57300000E+07  1.57300000E+07  1.57300000E+07  1.57300000E+07 
 1.57300000E+07  1.57300000E+07  1.57300000E+07  1.57300000E+07  1.57300000E+07  1.57300000E+07 
 1.57300000E+07  1.57300000E+07  1.57300000E+07  1.57300000E+07  1.57300000E+07  1.57300000E+07 
 1.57300000E+07  1.57300000E+07  1.57300000E+07  1.57300000E+07  1.57300000E+07  1.57300000E+07 
 1.57300000E+07  1.57300000E+07  1.57300000E+07  1.57300000E+07  1.57300000E+07  1.57300000E+07 
 1.57300000E+07  1.57300000E+07  1.57300000E+07  1.57300000E+07  1.57300000E+07  1.57300000E+07 
 1.57300000E+07  1.57300000E+07  1.57300000E+07  1.57300000E+07  1.57300000E+07  1.57300000E+07 
'MIN OPTIMISATION' 

 0.00000000E+00  0.00000000E+00  0.00000000E+00  0.00000000E+00  0.00000000E+00  0.00000000E+00 
 0.00000000E+00  0.00000000E+00  0.00000000E+00  0.00000000E+00  0.00000000E+00  0.00000000E+00 
 0.00000000E+00  0.00000000E+00  0.00000000E+00  0.00000000E+00  0.00000000E+00  0.00000000E+00 
 0.00000000E+00  0.00000000E+00  0.00000000E+00  0.00000000E+00  0.00000000E+00  0.00000000E+00 
 0.00000000E+00  0.00000000E+00  0.00000000E+00  0.00000000E+00  0.00000000E+00  0.00000000E+00 
 0.00000000E+00  0.00000000E+00  0.00000000E+00  0.00000000E+00  0.00000000E+00  0.00000000E+00 
 0.00000000E+00  0.00000000E+00  0.00000000E+00  0.00000000E+00  0.00000000E+00  0.00000000E+00 
 0.00000000E+00  0.00000000E+00  0.00000000E+00  0.00000000E+00  0.00000000E+00  6.18500000E+06 
 0.00000000E+00  0.00000000E+00  0.00000000E+00  0.00000000E+00  0.00000000E+00  0.00000000E+00 
 0.00000000E+00  0.00000000E+00  0.00000000E+00  0.00000000E+00  0.00000000E+00  0.00000000E+00 
 0.00000000E+00  0.00000000E+00  0.00000000E+00  0.00000000E+00  0.00000000E+00  0.00000000E+00 
 0.00000000E+00  0.00000000E+00  0.00000000E+00  0.00000000E+00  0.00000000E+00  0.00000000E+00 
 0.00000000E+00  0.00000000E+00  0.00000000E+00  0.00000000E+00  0.00000000E+00  0.00000000E+00 
 0.00000000E+00  0.00000000E+00  0.00000000E+00  0.00000000E+00  0.00000000E+00  0.00000000E+00 
 0.00000000E+00  0.00000000E+00  0.00000000E+00  0.00000000E+00  0.00000000E+00  0.00000000E+00 
 0.00000000E+00  0.00000000E+00  0.00000000E+00  0.00000000E+00  0.00000000E+00  0.00000000E+00 
'MAX LISSAGE' 

 1.57300000E+07  1.57300000E+07  1.57300000E+07  1.57300000E+07  1.57300000E+07  1.57300000E+07 
 1.57300000E+07  1.57300000E+07  1.57300000E+07  1.57300000E+07  1.57300000E+07  1.57300000E+07 
 1.57300000E+07  1.57300000E+07  1.57300000E+07  1.57300000E+07  1.57300000E+07  1.57300000E+07 
 1.57300000E+07  1.57300000E+07  1.57300000E+07  1.57300000E+07  1.57300000E+07  1.57300000E+07 
 1.57300000E+07  1.57300000E+07  1.57300000E+07  1.57300000E+07  1.57300000E+07  1.57300000E+07 
 1.57300000E+07  1.57300000E+07  1.57300000E+07  1.57300000E+07  1.57300000E+07  1.57300000E+07 
 1.57300000E+07  1.57300000E+07  1.57300000E+07  1.57300000E+07  1.57300000E+07  1.57300000E+07 
 1.57300000E+07  1.57300000E+07  1.57300000E+07  1.57300000E+07  1.57300000E+07  1.57300000E+07 
 1.57300000E+07  1.57300000E+07  1.57300000E+07  1.57300000E+07  1.57300000E+07  1.57300000E+07 
 1.57300000E+07  1.57300000E+07  1.57300000E+07  1.57300000E+07  1.57300000E+07  1.57300000E+07 
 1.57300000E+07  1.57300000E+07  1.57300000E+07  1.57300000E+07  1.57300000E+07  1.57300000E+07 
 1.57300000E+07  1.57300000E+07  1.57300000E+07  1.57300000E+07  1.57300000E+07  1.57300000E+07 
 1.57300000E+07  1.57300000E+07  1.57300000E+07  1.57300000E+07  1.57300000E+07  1.57300000E+07 
 1.57300000E+07  1.57300000E+07  1.57300000E+07  1.57300000E+07  1.57300000E+07  1.57300000E+07 
 1.57300000E+07  1.57300000E+07  1.57300000E+07  1.57300000E+07  1.57300000E+07  1.57300000E+07 
 1.57300000E+07  1.57300000E+07  1.57300000E+07  1.57300000E+07  1.57300000E+07  1.57300000E+07 
'MIN LISSAGE' 

 0.00000000E+00  0.00000000E+00  0.00000000E+00  0.00000000E+00  0.00000000E+00  0.00000000E+00 
 0.00000000E+00  0.00000000E+00  0.00000000E+00  0.00000000E+00  0.00000000E+00  0.00000000E+00 
 0.00000000E+00  0.00000000E+00  0.00000000E+00  0.00000000E+00  0.00000000E+00  0.00000000E+00 
 0.00000000E+00  0.00000000E+00  0.00000000E+00  0.00000000E+00  0.00000000E+00  0.00000000E+00 
 0.00000000E+00  0.00000000E+00  0.00000000E+00  0.00000000E+00  0.00000000E+00  0.00000000E+00 
 0.00000000E+00  0.00000000E+00  0.00000000E+00  0.00000000E+00  0.00000000E+00  0.00000000E+00 
 0.00000000E+00  0.00000000E+00  0.00000000E+00  0.00000000E+00  0.00000000E+00  0.00000000E+00 
 0.00000000E+00  0.00000000E+00  0.00000000E+00  0.00000000E+00  0.00000000E+00  0.00000000E+00 
 0.00000000E+00  0.00000000E+00  0.00000000E+00  0.00000000E+00  0.00000000E+00  0.00000000E+00 
 0.00000000E+00  0.00000000E+00  0.00000000E+00  0.00000000E+00  0.00000000E+00  0.00000000E+00 
 0.00000000E+00  0.00000000E+00  0.00000000E+00  0.00000000E+00  0.00000000E+00  0.00000000E+00 
 0.00000000E+00  0.00000000E+00  0.00000000E+00  0.00000000E+00  0.00000000E+00  0.00000000E+00 
 0.00000000E+00  0.00000000E+00  0.00000000E+00  0.00000000E+00  0.00000000E+00  0.00000000E+00 
 0.00000000E+00  0.00000000E+00  0.00000000E+00  0.00000000E+00  0.00000000E+00  0.00000000E+00 
 0.00000000E+00  0.00000000E+00  0.00000000E+00  0.00000000E+00  0.00000000E+00  0.00000000E+00 
 0.00000000E+00  0.00000000E+00  0.00000000E+00  0.00000000E+00  0.00000000E+00  0.00000000E+00 
'RIETER' 
'E'  2.81000000E+05  3.13000000E+05  3.13000000E+05  0.00000000E+00 
'APPORTS' 

 0.00000000E+00  0.00000000E+00  0.00000000E+00  0.00000000E+00  0.00000000E+00  0.00000000E+00 
 0.00000000E+00  0.00000000E+00  0.00000000E+00  0.00000000E+00  0.00000000E+00  0.00000000E+00 
 0.00000000E+00  0.00000000E+00  0.00000000E+00  0.00000000E+00  0.00000000E+00  0.00000000E+00 
 0.00000000E+00  0.00000000E+00  0.00000000E+00  0.00000000E+00  0.00000000E+00  0.00000000E+00 
 0.00000000E+00  0.00000000E+00  0.00000000E+00  0.00000000E+00  0.00000000E+00  0.00000000E+00 
 0.00000000E+00  0.00000000E+00  0.00000000E+00  0.00000000E+00  0.00000000E+00  0.00000000E+00 
 0.00000000E+00  0.00000000E+00  0.00000000E+00  0.00000000E+00  0.00000000E+00  0.00000000E+00 
 0.00000000E+00  0.00000000E+00  0.00000000E+00  0.00000000E+00  0.00000000E+00  0.00000000E+00 
 0.00000000E+00  0.00000000E+00  0.00000000E+00  0.00000000E+00  0.00000000E+00  0.00000000E+00 
 0.00000000E+00  0.00000000E+00  0.00000000E+00  0.00000000E+00  0.00000000E+00  0.00000000E+00 
 0.00000000E+00  0.00000000E+00  0.00000000E+00  0.00000000E+00  0.00000000E+00  0.00000000E+00 
 0.00000000E+00  0.00000000E+00  0.00000000E+00  0.00000000E+00  0.00000000E+00  0.00000000E+00 
 0.00000000E+00  0.00000000E+00  0.00000000E+00  0.00000000E+00  0.00000000E+00  0.00000000E+00 
 0.00000000E+00  0.00000000E+00  0.00000000E+00  0.00000000E+00  0.00000000E+00  0.00000000E+00 
 0.00000000E+00  0.00000000E+00  0.00000000E+00  0.00000000E+00  0.00000000E+00  0.00000000E+00 
 0.00000000E+00  0.00000000E+00  0.00000000E+00  0.00000000E+00  0.00000000E+00  0.00000000E+00 
'MAX OPTIMISATION' 

 6.45000000E+05  6.45000000E+05  6.45000000E+05  6.45000000E+05  6.45000000E+05  6.45000000E+05 
 6.45000000E+05  6.45000000E+05  6.45000000E+05  6.45000000E+05  6.45000000E+05  6.45000000E+05 
 6.45000000E+05  6.45000000E+05  6.45000000E+05  6.45000000E+05  6.45000000E+05  6.45000000E+05 
 6.45000000E+05  6.45000000E+05  6.45000000E+05  6.45000000E+05  6.45000000E+05  6.45000000E+05 
 6.45000000E+05  6.45000000E+05  6.45000000E+05  6.45000000E+05  6.45000000E+05  6.45000000E+05 
 6.45000000E+05  6.45000000E+05  6.45000000E+05  6.45000000E+05  6.45000000E+05  6.45000000E+05 
 6.45000000E+05  6.45000000E+05  6.45000000E+05  6.45000000E+05  6.45000000E+05  6.45000000E+05 
 6.45000000E+05  6.45000000E+05  6.45000000E+05  6.45000000E+05  6.45000000E+05  3.01000000E+05 
 6.45000000E+05  6.45000000E+05  6.45000000E+05  6.45000000E+05  6.45000000E+05  6.45000000E+05 
 6.45000000E+05  6.45000000E+05  6.45000000E+05  6.45000000E+05  6.45000000E+05  6.45000000E+05 
 6.45000000E+05  6.45000000E+05  6.45000000E+05  6.45000000E+05  6.45000000E+05  6.45000000E+05 
 6.45000000E+05  6.45000000E+05  6.45000000E+05  6.45000000E+05  6.45000000E+05  6.45000000E+05 
 6.45000000E+05  6.45000000E+05  6.45000000E+05  6.45000000E+05  6.45000000E+05  6.45000000E+05 
 6.45000000E+05  6.45000000E+05  6.45000000E+05  6.45000000E+05  6.45000000E+05  6.45000000E+05 
 6.45000000E+05  6.45000000E+05  6.45000000E+05  6.45000000E+05  6.45000000E+05  6.45000000E+05 
 6.45000000E+05  6.45000000E+05  6.45000000E+05  6.45000000E+05  6.45000000E+05  6.45000000E+05 
'MIN OPTIMISATION' 

 8.00000000E+04  8.00000000E+04  8.00000000E+04  8.00000000E+04  8.00000000E+04  8.00000000E+04 
 8.00000000E+04  8.00000000E+04  8.00000000E+04  8.00000000E+04  8.00000000E+04  8.00000000E+04 
 8.00000000E+04  8.00000000E+04  8.00000000E+04  8.00000000E+04  8.00000000E+04  8.00000000E+04 
 8.00000000E+04  8.00000000E+04  8.00000000E+04  8.00000000E+04  8.00000000E+04  8.00000000E+04 
 8.00000000E+04  8.00000000E+04  8.00000000E+04  8.00000000E+04  8.00000000E+04  8.00000000E+04 
 8.00000000E+04  8.00000000E+04  8.00000000E+04  8.00000000E+04  8.00000000E+04  8.00000000E+04 
 8.00000000E+04  8.00000000E+04  8.00000000E+04  8.00000000E+04  8.00000000E+04  8.00000000E+04 
 8.00000000E+04  8.00000000E+04  8.00000000E+04  8.00000000E+04  8.00000000E+04  2.61000000E+05 
 8.00000000E+04  8.00000000E+04  8.00000000E+04  8.00000000E+04  8.00000000E+04  8.00000000E+04 
 8.00000000E+04  8.00000000E+04  8.00000000E+04  8.00000000E+04  8.00000000E+04  8.00000000E+04 
 8.00000000E+04  8.00000000E+04  8.00000000E+04  8.00000000E+04  8.00000000E+04  8.00000000E+04 
 8.00000000E+04  8.00000000E+04  8.00000000E+04  8.00000000E+04  8.00000000E+04  8.00000000E+04 
 8.00000000E+04  8.00000000E+04  8.00000000E+04  8.00000000E+04  8.00000000E+04  8.00000000E+04 
 8.00000000E+04  8.00000000E+04  8.00000000E+04  8.00000000E+04  8.00000000E+04  8.00000000E+04 
 8.00000000E+04  8.00000000E+04  8.00000000E+04  8.00000000E+04  8.00000000E+04  8.00000000E+04 
 8.00000000E+04  8.00000000E+04  8.00000000E+04  8.00000000E+04  8.00000000E+04  8.00000000E+04 
'MAX LISSAGE' 

 7.30000000E+05  7.30000000E+05  7.30000000E+05  7.30000000E+05  7.30000000E+05  7.30000000E+05 
 7.30000000E+05  7.30000000E+05  7.30000000E+05  7.30000000E+05  7.30000000E+05  7.30000000E+05 
 7.30000000E+05  7.30000000E+05  7.30000000E+05  7.30000000E+05  7.30000000E+05  7.30000000E+05 
 7.30000000E+05  7.30000000E+05  7.30000000E+05  7.30000000E+05  7.30000000E+05  7.30000000E+05 
 7.30000000E+05  7.30000000E+05  7.30000000E+05  7.30000000E+05  7.30000000E+05  7.30000000E+05 
 7.30000000E+05  7.30000000E+05  7.30000000E+05  7.30000000E+05  7.30000000E+05  7.30000000E+05 
 7.30000000E+05  7.30000000E+05  7.30000000E+05  7.30000000E+05  7.30000000E+05  7.30000000E+05 
 7.30000000E+05  7.30000000E+05  7.30000000E+05  7.30000000E+05  7.30000000E+05  7.30000000E+05 
 7.30000000E+05  7.30000000E+05  7.30000000E+05  7.30000000E+05  7.30000000E+05  7.30000000E+05 
 7.30000000E+05  7.30000000E+05  7.30000000E+05  7.30000000E+05  7.30000000E+05  7.30000000E+05 
 7.30000000E+05  7.30000000E+05  7.30000000E+05  7.30000000E+05  7.30000000E+05  7.30000000E+05 
 7.30000000E+05  7.30000000E+05  7.30000000E+05  7.30000000E+05  7.30000000E+05  7.30000000E+05 
 7.30000000E+05  7.30000000E+05  7.30000000E+05  7.30000000E+05  7.30000000E+05  7.30000000E+05 
 7.30000000E+05  7.30000000E+05  7.30000000E+05  7.30000000E+05  7.30000000E+05  7.30000000E+05 
 7.30000000E+05  7.30000000E+05  7.30000000E+05  7.30000000E+05  7.30000000E+05  7.30000000E+05 
 7.30000000E+05  7.30000000E+05  7.30000000E+05  7.30000000E+05  7.30000000E+05  7.30000000E+05 
'MIN LISSAGE' 

 0.00000000E+00  0.00000000E+00  0.00000000E+00  0.00000000E+00  0.00000000E+00  0.00000000E+00 
 0.00000000E+00  0.00000000E+00  0.00000000E+00  0.00000000E+00  0.00000000E+00  0.00000000E+00 
 0.00000000E+00  0.00000000E+00  0.00000000E+00  0.00000000E+00  0.00000000E+00  0.00000000E+00 
 0.00000000E+00  0.00000000E+00  0.00000000E+00  0.00000000E+00  0.00000000E+00  0.00000000E+00 
 0.00000000E+00  0.00000000E+00  0.00000000E+00  0.00000000E+00  0.00000000E+00  0.00000000E+00 
 0.00000000E+00  0.00000000E+00  0.00000000E+00  0.00000000E+00  0.00000000E+00  0.00000000E+00 
 0.00000000E+00  0.00000000E+00  0.00000000E+00  0.00000000E+00  0.00000000E+00  0.00000000E+00 
 0.00000000E+00  0.00000000E+00  0.00000000E+00  0.00000000E+00  0.00000000E+00  0.00000000E+00 
 0.00000000E+00  0.00000000E+00  0.00000000E+00  0.00000000E+00  0.00000000E+00  0.00000000E+00 
 0.00000000E+00  0.00000000E+00  0.00000000E+00  0.00000000E+00  0.00000000E+00  0.00000000E+00 
 0.00000000E+00  0.00000000E+00  0.00000000E+00  0.00000000E+00  0.00000000E+00  0.00000000E+00 
 0.00000000E+00  0.00000000E+00  0.00000000E+00  0.00000000E+00  0.00000000E+00  0.00000000E+00 
 0.00000000E+00  0.00000000E+00  0.00000000E+00  0.00000000E+00  0.00000000E+00  0.00000000E+00 
 0.00000000E+00  0.00000000E+00  0.00000000E+00  0.00000000E+00  0.00000000E+00  0.00000000E+00 
 0.00000000E+00  0.00000000E+00  0.00000000E+00  0.00000000E+00  0.00000000E+00  0.00000000E+00 
 0.00000000E+00  0.00000000E+00  0.00000000E+00  0.00000000E+00  0.00000000E+00  0.00000000E+00 
'GARRAR' 
'X'  0.00000000E+00  0.00000000E+00  0.00000000E+00  0.00000000E+00 
'APPORTS' 

 7.90000010E+00  7.90000010E+00  7.90000010E+00  7.90000010E+00  7.90000010E+00  7.90000010E+00 
 7.90000010E+00  7.20000029E+00  7.20000029E+00  7.20000029E+00  7.20000029E+00  1.07999992E+01 
 1.07999992E+01  1.07999992E+01  1.07999992E+01  1.07999992E+01  1.07999992E+01  1.07999992E+01 
 7.20000029E+00  7.20000029E+00  1.08000002E+01  1.08000002E+01  7.20000029E+00  7.20000029E+00 
 7.20000029E+00  7.20000029E+00  7.20000029E+00  7.20000029E+00  7.20000029E+00  7.20000029E+00 
 7.20000029E+00  7.20000029E+00  7.20000029E+00  1.08000002E+01  1.08000002E+01  7.20000029E+00 
 7.20000029E+00  7.20000029E+00  7.20000029E+00  7.20000029E+00  7.20000029E+00  7.20000029E+00 
 7.20000029E+00  7.20000029E+00  7.20000029E+00  7.20000029E+00  7.20000029E+00  7.20000029E+00 
 7.20000029E+00  7.20000029E+00  7.20000029E+00  7.20000029E+00  7.20000029E+00  7.20000029E+00 
 1.08000002E+01  1.08000002E+01  1.08000002E+01  1.08000002E+01  1.08000002E+01  1.08000002E+01 
 1.08000002E+01  1.08000002E+01  1.08000002E+01  1.08000002E+01  1.08000002E+01  1.08000002E+01 
 1.08000002E+01  7.20000029E+00  7.20000029E+00  7.20000029E+00  7.20000029E+00  7.20000029E+00 
 1.08000002E+01  1.08000002E+01  1.08000002E+01  7.20000029E+00  7.20000029E+00  1.08000002E+01 
 1.08000002E+01  1.08000002E+01  7.20000029E+00  7.20000029E+00  7.20000029E+00  7.20000029E+00 
 7.20000029E+00  7.20000029E+00  7.20000029E+00  7.20000029E+00  7.20000029E+00  7.20000029E+00 
 7.20000029E+00  7.20000029E+00  7.20000029E+00  7.20000029E+00  7.20000029E+00  7.20000029E+00 
'MAX OPTIMISATION' 

 0.00000000E+00  0.00000000E+00  0.00000000E+00  0.00000000E+00  0.00000000E+00  0.00000000E+00 
 0.00000000E+00  0.00000000E+00  0.00000000E+00  0.00000000E+00  0.00000000E+00  0.00000000E+00 
 0.00000000E+00  0.00000000E+00  0.00000000E+00  0.00000000E+00  0.00000000E+00  0.00000000E+00 
 0.00000000E+00  0.00000000E+00  0.00000000E+00  0.00000000E+00  0.00000000E+00  0.00000000E+00 
 0.00000000E+00  0.00000000E+00  0.00000000E+00  0.00000000E+00  0.00000000E+00  0.00000000E+00 
 0.00000000E+00  0.00000000E+00  0.00000000E+00  0.00000000E+00  0.00000000E+00  0.00000000E+00 
 0.00000000E+00  0.00000000E+00  0.00000000E+00  0.00000000E+00  0.00000000E+00  0.00000000E+00 
 0.00000000E+00  0.00000000E+00  0.00000000E+00  0.00000000E+00  0.00000000E+00  0.00000000E+00 
 0.00000000E+00  0.00000000E+00  0.00000000E+00  0.00000000E+00  0.00000000E+00  0.00000000E+00 
 0.00000000E+00  0.00000000E+00  0.00000000E+00  0.00000000E+00  0.00000000E+00  0.00000000E+00 
 0.00000000E+00  0.00000000E+00  0.00000000E+00  0.00000000E+00  0.00000000E+00  0.00000000E+00 
 0.00000000E+00  0.00000000E+00  0.00000000E+00  0.00000000E+00  0.00000000E+00  0.00000000E+00 
 0.00000000E+00  0.00000000E+00  0.00000000E+00  0.00000000E+00  0.00000000E+00  0.00000000E+00 
 0.00000000E+00  0.00000000E+00  0.00000000E+00  0.00000000E+00  0.00000000E+00  0.00000000E+00 
 0.00000000E+00  0.00000000E+00  0.00000000E+00  0.00000000E+00  0.00000000E+00  0.00000000E+00 
 0.00000000E+00  0.00000000E+00  0.00000000E+00  0.00000000E+00  0.00000000E+00  0.00000000E+00 
'MIN OPTIMISATION' 

 0.00000000E+00  0.00000000E+00  0.00000000E+00  0.00000000E+00  0.00000000E+00  0.00000000E+00 
 0.00000000E+00  0.00000000E+00  0.00000000E+00  0.00000000E+00  0.00000000E+00  0.00000000E+00 
 0.00000000E+00  0.00000000E+00  0.00000000E+00  0.00000000E+00  0.00000000E+00  0.00000000E+00 
 0.00000000E+00  0.00000000E+00  0.00000000E+00  0.00000000E+00  0.00000000E+00  0.00000000E+00 
 0.00000000E+00  0.00000000E+00  0.00000000E+00  0.00000000E+00  0.00000000E+00  0.00000000E+00 
 0.00000000E+00  0.00000000E+00  0.00000000E+00  0.00000000E+00  0.00000000E+00  0.00000000E+00 
 0.00000000E+00  0.00000000E+00  0.00000000E+00  0.00000000E+00  0.00000000E+00  0.00000000E+00 
 0.00000000E+00  0.00000000E+00  0.00000000E+00  0.00000000E+00  0.00000000E+00  0.00000000E+00 
 0.00000000E+00  0.00000000E+00  0.00000000E+00  0.00000000E+00  0.00000000E+00  0.00000000E+00 
 0.00000000E+00  0.00000000E+00  0.00000000E+00  0.00000000E+00  0.00000000E+00  0.00000000E+00 
 0.00000000E+00  0.00000000E+00  0.00000000E+00  0.00000000E+00  0.00000000E+00  0.00000000E+00 
 0.00000000E+00  0.00000000E+00  0.00000000E+00  0.00000000E+00  0.00000000E+00  0.00000000E+00 
 0.00000000E+00  0.00000000E+00  0.00000000E+00  0.00000000E+00  0.00000000E+00  0.00000000E+00 
 0.00000000E+00  0.00000000E+00  0.00000000E+00  0.00000000E+00  0.00000000E+00  0.00000000E+00 
 0.00000000E+00  0.00000000E+00  0.00000000E+00  0.00000000E+00  0.00000000E+00  0.00000000E+00 
 0.00000000E+00  0.00000000E+00  0.00000000E+00  0.00000000E+00  0.00000000E+00  0.00000000E+00 
'MAX LISSAGE' 

 0.00000000E+00  0.00000000E+00  0.00000000E+00  0.00000000E+00  0.00000000E+00  0.00000000E+00 
 0.00000000E+00  0.00000000E+00  0.00000000E+00  0.00000000E+00  0.00000000E+00  0.00000000E+00 
 0.00000000E+00  0.00000000E+00  0.00000000E+00  0.00000000E+00  0.00000000E+00  0.00000000E+00 
 0.00000000E+00  0.00000000E+00  0.00000000E+00  0.00000000E+00  0.00000000E+00  0.00000000E+00 
 0.00000000E+00  0.00000000E+00  0.00000000E+00  0.00000000E+00  0.00000000E+00  0.00000000E+00 
 0.00000000E+00  0.00000000E+00  0.00000000E+00  0.00000000E+00  0.00000000E+00  0.00000000E+00 
 0.00000000E+00  0.00000000E+00  0.00000000E+00  0.00000000E+00  0.00000000E+00  0.00000000E+00 
 0.00000000E+00  0.00000000E+00  0.00000000E+00  0.00000000E+00  0.00000000E+00  0.00000000E+00 
 0.00000000E+00  0.00000000E+00  0.00000000E+00  0.00000000E+00  0.00000000E+00  0.00000000E+00 
 0.00000000E+00  0.00000000E+00  0.00000000E+00  0.00000000E+00  0.00000000E+00  0.00000000E+00 
 0.00000000E+00  0.00000000E+00  0.00000000E+00  0.00000000E+00  0.00000000E+00  0.00000000E+00 
 0.00000000E+00  0.00000000E+00  0.00000000E+00  0.00000000E+00  0.00000000E+00  0.00000000E+00 
 0.00000000E+00  0.00000000E+00  0.00000000E+00  0.00000000E+00  0.00000000E+00  0.00000000E+00 
 0.00000000E+00  0.00000000E+00  0.00000000E+00  0.00000000E+00  0.00000000E+00  0.00000000E+00 
 0.00000000E+00  0.00000000E+00  0.00000000E+00  0.00000000E+00  0.00000000E+00  0.00000000E+00 
 0.00000000E+00  0.00000000E+00  0.00000000E+00  0.00000000E+00  0.00000000E+00  0.00000000E+00 
'MIN LISSAGE' 

 0.00000000E+00  0.00000000E+00  0.00000000E+00  0.00000000E+00  0.00000000E+00  0.00000000E+00 
 0.00000000E+00  0.00000000E+00  0.00000000E+00  0.00000000E+00  0.00000000E+00  0.00000000E+00 
 0.00000000E+00  0.00000000E+00  0.00000000E+00  0.00000000E+00  0.00000000E+00  0.00000000E+00 
 0.00000000E+00  0.00000000E+00  0.00000000E+00  0.00000000E+00  0.00000000E+00  0.00000000E+00 
 0.00000000E+00  0.00000000E+00  0.00000000E+00  0.00000000E+00  0.00000000E+00  0.00000000E+00 
 0.00000000E+00  0.00000000E+00  0.00000000E+00  0.00000000E+00  0.00000000E+00  0.00000000E+00 
 0.00000000E+00  0.00000000E+00  0.00000000E+00  0.00000000E+00  0.00000000E+00  0.00000000E+00 
 0.00000000E+00  0.00000000E+00  0.00000000E+00  0.00000000E+00  0.00000000E+00  0.00000000E+00 
 0.00000000E+00  0.00000000E+00  0.00000000E+00  0.00000000E+00  0.00000000E+00  0.00000000E+00 
 0.00000000E+00  0.00000000E+00  0.00000000E+00  0.00000000E+00  0.00000000E+00  0.00000000E+00 
 0.00000000E+00  0.00000000E+00  0.00000000E+00  0.00000000E+00  0.00000000E+00  0.00000000E+00 
 0.00000000E+00  0.00000000E+00  0.00000000E+00  0.00000000E+00  0.00000000E+00  0.00000000E+00 
 0.00000000E+00  0.00000000E+00  0.00000000E+00  0.00000000E+00  0.00000000E+00  0.00000000E+00 
 0.00000000E+00  0.00000000E+00  0.00000000E+00  0.00000000E+00  0.00000000E+00  0.00000000E+00 
 0.00000000E+00  0.00000000E+00  0.00000000E+00  0.00000000E+00  0.00000000E+00  0.00000000E+00 
 0.00000000E+00  0.00000000E+00  0.00000000E+00  0.00000000E+00  0.00000000E+00  0.00000000E+00 
'NAGUIR' 
'E'  3.41320000E+07  0.00000000E+00  4.13300000E+07  1.70600012E-01 
'APPORTS' 

 0.00000000E+00  0.00000000E+00  0.00000000E+00  0.00000000E+00  0.00000000E+00  0.00000000E+00 
 0.00000000E+00  0.00000000E+00  0.00000000E+00  0.00000000E+00  0.00000000E+00  0.00000000E+00 
 0.00000000E+00  0.00000000E+00  0.00000000E+00  0.00000000E+00  0.00000000E+00  0.00000000E+00 
 0.00000000E+00  0.00000000E+00  0.00000000E+00  0.00000000E+00  0.00000000E+00  0.00000000E+00 
 0.00000000E+00  0.00000000E+00  0.00000000E+00  0.00000000E+00  0.00000000E+00  0.00000000E+00 
 0.00000000E+00  0.00000000E+00  0.00000000E+00  0.00000000E+00  0.00000000E+00  0.00000000E+00 
 0.00000000E+00  0.00000000E+00  0.00000000E+00  0.00000000E+00  0.00000000E+00  0.00000000E+00 
 0.00000000E+00  0.00000000E+00  0.00000000E+00  0.00000000E+00  0.00000000E+00  0.00000000E+00 
 0.00000000E+00  0.00000000E+00  0.00000000E+00  0.00000000E+00  0.00000000E+00  0.00000000E+00 
 0.00000000E+00  0.00000000E+00  0.00000000E+00  0.00000000E+00  0.00000000E+00  0.00000000E+00 
 0.00000000E+00  0.00000000E+00  0.00000000E+00  0.00000000E+00  0.00000000E+00  0.00000000E+00 
 0.00000000E+00  0.00000000E+00  0.00000000E+00  0.00000000E+00  0.00000000E+00  0.00000000E+00 
 0.00000000E+00  0.00000000E+00  0.00000000E+00  0.00000000E+00  0.00000000E+00  0.00000000E+00 
 0.00000000E+00  0.00000000E+00  0.00000000E+00  0.00000000E+00  0.00000000E+00  0.00000000E+00 
 0.00000000E+00  0.00000000E+00  0.00000000E+00  0.00000000E+00  0.00000000E+00  0.00000000E+00 
 0.00000000E+00  0.00000000E+00  0.00000000E+00  0.00000000E+00  0.00000000E+00  0.00000000E+00 
'MAX OPTIMISATION' 

 4.13300000E+07  4.13300000E+07  4.13300000E+07  4.13300000E+07  4.13300000E+07  4.13300000E+07 
 4.13300000E+07  4.13300000E+07  4.13300000E+07  4.13300000E+07  4.13300000E+07  4.13300000E+07 
 4.13300000E+07  4.13300000E+07  4.13300000E+07  4.13300000E+07  4.13300000E+07  4.13300000E+07 
 4.13300000E+07  4.13300000E+07  4.13300000E+07  4.13300000E+07  4.13300000E+07  4.13300000E+07 
 4.13300000E+07  4.13300000E+07  4.13300000E+07  4.13300000E+07  4.13300000E+07  4.13300000E+07 
 4.13300000E+07  4.13300000E+07  4.13300000E+07  4.13300000E+07  4.13300000E+07  4.13300000E+07 
 4.13300000E+07  4.13300000E+07  4.13300000E+07  4.13300000E+07  4.13300000E+07  4.13300000E+07 
 4.13300000E+07  4.13300000E+07  4.13300000E+07  4.13300000E+07  4.13300000E+07  4.13300000E+07 
 4.13300000E+07  4.13300000E+07  4.13300000E+07  4.13300000E+07  4.13300000E+07  4.13300000E+07 
 4.13300000E+07  4.13300000E+07  4.13300000E+07  4.13300000E+07  4.13300000E+07  4.13300000E+07 
 4.13300000E+07  4.13300000E+07  4.13300000E+07  4.13300000E+07  4.13300000E+07  4.13300000E+07 
 4.13300000E+07  4.13300000E+07  4.13300000E+07  4.13300000E+07  4.13300000E+07  4.13300000E+07 
 4.13300000E+07  4.13300000E+07  4.13300000E+07  4.13300000E+07  4.13300000E+07  4.13300000E+07 
 4.13300000E+07  4.13300000E+07  4.13300000E+07  4.13300000E+07  4.13300000E+07  4.13300000E+07 
 4.13300000E+07  4.13300000E+07  4.13300000E+07  4.13300000E+07  4.13300000E+07  4.13300000E+07 
 4.13300000E+07  4.13300000E+07  4.13300000E+07  4.13300000E+07  4.13300000E+07  4.13300000E+07 
'MIN OPTIMISATION' 

 0.00000000E+00  0.00000000E+00  0.00000000E+00  0.00000000E+00  0.00000000E+00  0.00000000E+00 
 0.00000000E+00  0.00000000E+00  0.00000000E+00  0.00000000E+00  0.00000000E+00  0.00000000E+00 
 0.00000000E+00  0.00000000E+00  0.00000000E+00  0.00000000E+00  0.00000000E+00  0.00000000E+00 
 0.00000000E+00  0.00000000E+00  0.00000000E+00  0.00000000E+00  0.00000000E+00  0.00000000E+00 
 0.00000000E+00  0.00000000E+00  0.00000000E+00  0.00000000E+00  0.00000000E+00  0.00000000E+00 
 0.00000000E+00  0.00000000E+00  0.00000000E+00  0.00000000E+00  0.00000000E+00  0.00000000E+00 
 0.00000000E+00  0.00000000E+00  0.00000000E+00  0.00000000E+00  0.00000000E+00  0.00000000E+00 
 0.00000000E+00  0.00000000E+00  0.00000000E+00  0.00000000E+00  0.00000000E+00  0.00000000E+00 
 0.00000000E+00  0.00000000E+00  0.00000000E+00  0.00000000E+00  0.00000000E+00  0.00000000E+00 
 0.00000000E+00  0.00000000E+00  0.00000000E+00  0.00000000E+00  0.00000000E+00  0.00000000E+00 
 0.00000000E+00  0.00000000E+00  0.00000000E+00  0.00000000E+00  0.00000000E+00  0.00000000E+00 
 0.00000000E+00  0.00000000E+00  0.00000000E+00  0.00000000E+00  0.00000000E+00  0.00000000E+00 
 0.00000000E+00  0.00000000E+00  0.00000000E+00  0.00000000E+00  0.00000000E+00  0.00000000E+00 
 0.00000000E+00  0.00000000E+00  0.00000000E+00  0.00000000E+00  0.00000000E+00  0.00000000E+00 
 0.00000000E+00  0.00000000E+00  0.00000000E+00  0.00000000E+00  0.00000000E+00  0.00000000E+00 
 0.00000000E+00  0.00000000E+00  0.00000000E+00  0.00000000E+00  0.00000000E+00  0.00000000E+00 
'MAX LISSAGE' 

 4.13300000E+07  4.13300000E+07  4.13300000E+07  4.13300000E+07  4.13300000E+07  4.13300000E+07 
 4.13300000E+07  4.13300000E+07  4.13300000E+07  4.13300000E+07  4.13300000E+07  4.13300000E+07 
 4.13300000E+07  4.13300000E+07  4.13300000E+07  4.13300000E+07  4.13300000E+07  4.13300000E+07 
 4.13300000E+07  4.13300000E+07  4.13300000E+07  4.13300000E+07  4.13300000E+07  4.13300000E+07 
 4.13300000E+07  4.13300000E+07  4.13300000E+07  4.13300000E+07  4.13300000E+07  4.13300000E+07 
 4.13300000E+07  4.13300000E+07  4.13300000E+07  4.13300000E+07  4.13300000E+07  4.13300000E+07 
 4.13300000E+07  4.13300000E+07  4.13300000E+07  4.13300000E+07  4.13300000E+07  4.13300000E+07 
 4.13300000E+07  4.13300000E+07  4.13300000E+07  4.13300000E+07  4.13300000E+07  4.13300000E+07 
 4.13300000E+07  4.13300000E+07  4.13300000E+07  4.13300000E+07  4.13300000E+07  4.13300000E+07 
 4.13300000E+07  4.13300000E+07  4.13300000E+07  4.13300000E+07  4.13300000E+07  4.13300000E+07 
 4.13300000E+07  4.13300000E+07  4.13300000E+07  4.13300000E+07  4.13300000E+07  4.13300000E+07 
 4.13300000E+07  4.13300000E+07  4.13300000E+07  4.13300000E+07  4.13300000E+07  4.13300000E+07 
 4.13300000E+07  4.13300000E+07  4.13300000E+07  4.13300000E+07  4.13300000E+07  4.13300000E+07 
 4.13300000E+07  4.13300000E+07  4.13300000E+07  4.13300000E+07  4.13300000E+07  4.13300000E+07 
 4.13300000E+07  4.13300000E+07  4.13300000E+07  4.13300000E+07  4.13300000E+07  4.13300000E+07 
 4.13300000E+07  4.13300000E+07  4.13300000E+07  4.13300000E+07  4.13300000E+07  4.13300000E+07 
'MIN LISSAGE' 

 0.00000000E+00  0.00000000E+00  0.00000000E+00  0.00000000E+00  0.00000000E+00  0.00000000E+00 
 0.00000000E+00  0.00000000E+00  0.00000000E+00  0.00000000E+00  0.00000000E+00  0.00000000E+00 
 0.00000000E+00  0.00000000E+00  0.00000000E+00  0.00000000E+00  0.00000000E+00  0.00000000E+00 
 0.00000000E+00  0.00000000E+00  0.00000000E+00  0.00000000E+00  0.00000000E+00  0.00000000E+00 
 0.00000000E+00  0.00000000E+00  0.00000000E+00  0.00000000E+00  0.00000000E+00  0.00000000E+00 
 0.00000000E+00  0.00000000E+00  0.00000000E+00  0.00000000E+00  0.00000000E+00  0.00000000E+00 
 0.00000000E+00  0.00000000E+00  0.00000000E+00  0.00000000E+00  0.00000000E+00  0.00000000E+00 
 0.00000000E+00  0.00000000E+00  0.00000000E+00  0.00000000E+00  0.00000000E+00  0.00000000E+00 
 0.00000000E+00  0.00000000E+00  0.00000000E+00  0.00000000E+00  0.00000000E+00  0.00000000E+00 
 0.00000000E+00  0.00000000E+00  0.00000000E+00  0.00000000E+00  0.00000000E+00  0.00000000E+00 
 0.00000000E+00  0.00000000E+00  0.00000000E+00  0.00000000E+00  0.00000000E+00  0.00000000E+00 
 0.00000000E+00  0.00000000E+00  0.00000000E+00  0.00000000E+00  0.00000000E+00  0.00000000E+00 
 0.00000000E+00  0.00000000E+00  0.00000000E+00  0.00000000E+00  0.00000000E+00  0.00000000E+00 
 0.00000000E+00  0.00000000E+00  0.00000000E+00  0.00000000E+00  0.00000000E+00  0.00000000E+00 
 0.00000000E+00  0.00000000E+00  0.00000000E+00  0.00000000E+00  0.00000000E+00  0.00000000E+00 
 0.00000000E+00  0.00000000E+00  0.00000000E+00  0.00000000E+00  0.00000000E+00  0.00000000E+00 
'LAOUZR' 
'E'  2.00730000E+07  0.00000000E+00  4.19730000E+07  8.39999989E-02 
'APPORTS' 

 0.00000000E+00  0.00000000E+00  0.00000000E+00  0.00000000E+00  0.00000000E+00  0.00000000E+00 
 0.00000000E+00  0.00000000E+00  0.00000000E+00  0.00000000E+00  0.00000000E+00  0.00000000E+00 
 0.00000000E+00  0.00000000E+00  0.00000000E+00  0.00000000E+00  0.00000000E+00  0.00000000E+00 
 0.00000000E+00  0.00000000E+00  0.00000000E+00  0.00000000E+00  0.00000000E+00  0.00000000E+00 
 0.00000000E+00  0.00000000E+00  0.00000000E+00  0.00000000E+00  0.00000000E+00  0.00000000E+00 
 0.00000000E+00  0.00000000E+00  0.00000000E+00  0.00000000E+00  0.00000000E+00  0.00000000E+00 
 0.00000000E+00  0.00000000E+00  0.00000000E+00  0.00000000E+00  0.00000000E+00  0.00000000E+00 
 0.00000000E+00  0.00000000E+00  0.00000000E+00  0.00000000E+00  0.00000000E+00  0.00000000E+00 
 0.00000000E+00  0.00000000E+00  0.00000000E+00  0.00000000E+00  0.00000000E+00  0.00000000E+00 
 0.00000000E+00  0.00000000E+00  0.00000000E+00  0.00000000E+00  0.00000000E+00  0.00000000E+00 
 0.00000000E+00  0.00000000E+00  0.00000000E+00  0.00000000E+00  0.00000000E+00  0.00000000E+00 
 0.00000000E+00  0.00000000E+00  0.00000000E+00  0.00000000E+00  0.00000000E+00  0.00000000E+00 
 0.00000000E+00  0.00000000E+00  0.00000000E+00  0.00000000E+00  0.00000000E+00  0.00000000E+00 
 0.00000000E+00  0.00000000E+00  0.00000000E+00  0.00000000E+00  0.00000000E+00  0.00000000E+00 
 0.00000000E+00  0.00000000E+00  0.00000000E+00  0.00000000E+00  0.00000000E+00  0.00000000E+00 
 0.00000000E+00  0.00000000E+00  0.00000000E+00  0.00000000E+00  0.00000000E+00  0.00000000E+00 
'MAX OPTIMISATION' 

 4.19730000E+07  4.19730000E+07  4.19730000E+07  4.19730000E+07  4.19730000E+07  4.19730000E+07 
 4.19730000E+07  4.19730000E+07  4.19730000E+07  4.19730000E+07  4.19730000E+07  4.19730000E+07 
 4.19730000E+07  4.19730000E+07  4.19730000E+07  4.19730000E+07  4.19730000E+07  4.19730000E+07 
 4.19730000E+07  4.19730000E+07  4.19730000E+07  4.19730000E+07  4.19730000E+07  4.19730000E+07 
 4.19730000E+07  4.19730000E+07  4.19730000E+07  4.19730000E+07  4.19730000E+07  4.19730000E+07 
 4.19730000E+07  4.19730000E+07  4.19730000E+07  4.19730000E+07  4.19730000E+07  4.19730000E+07 
 4.19730000E+07  4.19730000E+07  4.19730000E+07  4.19730000E+07  4.19730000E+07  4.19730000E+07 
 4.19730000E+07  4.19730000E+07  4.19730000E+07  4.19730000E+07  4.19730000E+07  4.19730000E+07 
 4.19730000E+07  4.19730000E+07  4.19730000E+07  4.19730000E+07  4.19730000E+07  4.19730000E+07 
 4.19730000E+07  4.19730000E+07  4.19730000E+07  4.19730000E+07  4.19730000E+07  4.19730000E+07 
 4.19730000E+07  4.19730000E+07  4.19730000E+07  4.19730000E+07  4.19730000E+07  4.19730000E+07 
 4.19730000E+07  4.19730000E+07  4.19730000E+07  4.19730000E+07  4.19730000E+07  4.19730000E+07 
 4.19730000E+07  4.19730000E+07  4.19730000E+07  4.19730000E+07  4.19730000E+07  4.19730000E+07 
 4.19730000E+07  4.19730000E+07  4.19730000E+07  4.19730000E+07  4.19730000E+07  4.19730000E+07 
 4.19730000E+07  4.19730000E+07  4.19730000E+07  4.19730000E+07  4.19730000E+07  4.19730000E+07 
 4.19730000E+07  4.19730000E+07  4.19730000E+07  4.19730000E+07  4.19730000E+07  4.19730000E+07 
'MIN OPTIMISATION' 

 0.00000000E+00  0.00000000E+00  0.00000000E+00  0.00000000E+00  0.00000000E+00  0.00000000E+00 
 0.00000000E+00  0.00000000E+00  0.00000000E+00  0.00000000E+00  0.00000000E+00  0.00000000E+00 
 0.00000000E+00  0.00000000E+00  0.00000000E+00  0.00000000E+00  0.00000000E+00  0.00000000E+00 
 0.00000000E+00  0.00000000E+00  0.00000000E+00  0.00000000E+00  0.00000000E+00  0.00000000E+00 
 0.00000000E+00  0.00000000E+00  0.00000000E+00  0.00000000E+00  0.00000000E+00  0.00000000E+00 
 0.00000000E+00  0.00000000E+00  0.00000000E+00  0.00000000E+00  0.00000000E+00  0.00000000E+00 
 0.00000000E+00  0.00000000E+00  0.00000000E+00  0.00000000E+00  0.00000000E+00  0.00000000E+00 
 0.00000000E+00  0.00000000E+00  0.00000000E+00  0.00000000E+00  0.00000000E+00  0.00000000E+00 
 0.00000000E+00  0.00000000E+00  0.00000000E+00  0.00000000E+00  0.00000000E+00  0.00000000E+00 
 0.00000000E+00  0.00000000E+00  0.00000000E+00  0.00000000E+00  0.00000000E+00  0.00000000E+00 
 0.00000000E+00  0.00000000E+00  0.00000000E+00  0.00000000E+00  0.00000000E+00  0.00000000E+00 
 0.00000000E+00  0.00000000E+00  0.00000000E+00  0.00000000E+00  0.00000000E+00  0.00000000E+00 
 0.00000000E+00  0.00000000E+00  0.00000000E+00  0.00000000E+00  0.00000000E+00  0.00000000E+00 
 0.00000000E+00  0.00000000E+00  0.00000000E+00  0.00000000E+00  0.00000000E+00  0.00000000E+00 
 0.00000000E+00  0.00000000E+00  0.00000000E+00  0.00000000E+00  0.00000000E+00  0.00000000E+00 
 0.00000000E+00  0.00000000E+00  0.00000000E+00  0.00000000E+00  0.00000000E+00  0.00000000E+00 
'MAX LISSAGE' 

 4.19730000E+07  4.19730000E+07  4.19730000E+07  4.19730000E+07  4.19730000E+07  4.19730000E+07 
 4.19730000E+07  4.19730000E+07  4.19730000E+07  4.19730000E+07  4.19730000E+07  4.19730000E+07 
 4.19730000E+07  4.19730000E+07  4.19730000E+07  4.19730000E+07  4.19730000E+07  4.19730000E+07 
 4.19730000E+07  4.19730000E+07  4.19730000E+07  4.19730000E+07  4.19730000E+07  4.19730000E+07 
 4.19730000E+07  4.19730000E+07  4.19730000E+07  4.19730000E+07  4.19730000E+07  4.19730000E+07 
 4.19730000E+07  4.19730000E+07  4.19730000E+07  4.19730000E+07  4.19730000E+07  4.19730000E+07 
 4.19730000E+07  4.19730000E+07  4.19730000E+07  4.19730000E+07  4.19730000E+07  4.19730000E+07 
 4.19730000E+07  4.19730000E+07  4.19730000E+07  4.19730000E+07  4.19730000E+07  4.19730000E+07 
 4.19730000E+07  4.19730000E+07  4.19730000E+07  4.19730000E+07  4.19730000E+07  4.19730000E+07 
 4.19730000E+07  4.19730000E+07  4.19730000E+07  4.19730000E+07  4.19730000E+07  4.19730000E+07 
 4.19730000E+07  4.19730000E+07  4.19730000E+07  4.19730000E+07  4.19730000E+07  4.19730000E+07 
 4.19730000E+07  4.19730000E+07  4.19730000E+07  4.19730000E+07  4.19730000E+07  4.19730000E+07 
 4.19730000E+07  4.19730000E+07  4.19730000E+07  4.19730000E+07  4.19730000E+07  4.19730000E+07 
 4.19730000E+07  4.19730000E+07  4.19730000E+07  4.19730000E+07  4.19730000E+07  4.19730000E+07 
 4.19730000E+07  4.19730000E+07  4.19730000E+07  4.19730000E+07  4.19730000E+07  4.19730000E+07 
 4.19730000E+07  4.19730000E+07  4.19730000E+07  4.19730000E+07  4.19730000E+07  4.19730000E+07 
'MIN LISSAGE' 

 0.00000000E+00  0.00000000E+00  0.00000000E+00  0.00000000E+00  0.00000000E+00  0.00000000E+00 
 0.00000000E+00  0.00000000E+00  0.00000000E+00  0.00000000E+00  0.00000000E+00  0.00000000E+00 
 0.00000000E+00  0.00000000E+00  0.00000000E+00  0.00000000E+00  0.00000000E+00  0.00000000E+00 
 0.00000000E+00  0.00000000E+00  0.00000000E+00  0.00000000E+00  0.00000000E+00  0.00000000E+00 
 0.00000000E+00  0.00000000E+00  0.00000000E+00  0.00000000E+00  0.00000000E+00  0.00000000E+00 
 0.00000000E+00  0.00000000E+00  0.00000000E+00  0.00000000E+00  0.00000000E+00  0.00000000E+00 
 0.00000000E+00  0.00000000E+00  0.00000000E+00  0.00000000E+00  0.00000000E+00  0.00000000E+00 
 0.00000000E+00  0.00000000E+00  0.00000000E+00  0.00000000E+00  0.00000000E+00  0.00000000E+00 
 0.00000000E+00  0.00000000E+00  0.00000000E+00  0.00000000E+00  0.00000000E+00  0.00000000E+00 
 0.00000000E+00  0.00000000E+00  0.00000000E+00  0.00000000E+00  0.00000000E+00  0.00000000E+00 
 0.00000000E+00  0.00000000E+00  0.00000000E+00  0.00000000E+00  0.00000000E+00  0.00000000E+00 
 0.00000000E+00  0.00000000E+00  0.00000000E+00  0.00000000E+00  0.00000000E+00  0.00000000E+00 
 0.00000000E+00  0.00000000E+00  0.00000000E+00  0.00000000E+00  0.00000000E+00  0.00000000E+00 
 0.00000000E+00  0.00000000E+00  0.00000000E+00  0.00000000E+00  0.00000000E+00  0.00000000E+00 
 0.00000000E+00  0.00000000E+00  0.00000000E+00  0.00000000E+00  0.00000000E+00  0.00000000E+00 
 0.00000000E+00  0.00000000E+00  0.00000000E+00  0.00000000E+00  0.00000000E+00  0.00000000E+00 
'PINETR' 
'E'  2.40500000E+06  4.80003594E+05  4.80003594E+05  9.67999995E-02 
'APPORTS' 

 1.00000000E+01  1.00000000E+01  1.00000000E+01  1.00000000E+01  1.00000000E+01  1.00000000E+01 
 1.00000000E+01  1.00000000E+01  1.00000000E+01  1.00000000E+01  1.00000000E+01  1.00000000E+01 
 1.00000000E+01  1.00000000E+01  1.00000000E+01  1.00000000E+01  1.00000000E+01  1.00000000E+01 
 1.00000000E+01  1.00000000E+01  1.00000000E+01  1.00000000E+01  1.00000000E+01  1.00000000E+01 
 1.00000000E+01  1.00000000E+01  1.00000000E+01  1.00000000E+01  1.00000000E+01  1.00000000E+01 
 1.00000000E+01  1.00000000E+01  1.00000000E+01  1.00000000E+01  1.00000000E+01  1.00000000E+01 
 1.00000000E+01  1.00000000E+01  1.00000000E+01  1.00000000E+01  1.00000000E+01  1.00000000E+01 
 1.00000000E+01  1.00000000E+01  1.00000000E+01  1.00000000E+01  1.00000000E+01  1.00000000E+01 
 1.00000000E+01  1.00000000E+01  1.00000000E+01  1.00000000E+01  1.00000000E+01  1.00000000E+01 
 1.00000000E+01  1.00000000E+01  1.00000000E+01  1.00000000E+01  1.00000000E+01  1.00000000E+01 
 1.00000000E+01  1.00000000E+01  1.00000000E+01  1.00000000E+01  1.00000000E+01  1.00000000E+01 
 1.00000000E+01  1.00000000E+01  1.00000000E+01  1.00000000E+01  1.00000000E+01  1.00000000E+01 
 1.00000000E+01  1.00000000E+01  1.00000000E+01  1.00000000E+01  1.00000000E+01  1.00000000E+01 
 1.00000000E+01  1.00000000E+01  1.00000000E+01  1.00000000E+01  1.00000000E+01  1.00000000E+01 
 1.00000000E+01  1.00000000E+01  1.00000000E+01  1.00000000E+01  1.00000000E+01  1.00000000E+01 
 1.00000000E+01  1.00000000E+01  1.00000000E+01  1.00000000E+01  1.00000000E+01  1.00000000E+01 
'MAX OPTIMISATION' 

 4.29598450E+06  4.29598450E+06  4.29598450E+06  4.29598450E+06  4.29598450E+06  4.29598450E+06 
 4.29598450E+06  4.29598450E+06  4.29598450E+06  4.29598450E+06  4.29598450E+06  4.29598450E+06 
 4.29598450E+06  4.29598450E+06  4.29598450E+06  4.29598450E+06  4.29598450E+06  4.29598450E+06 
 4.29598450E+06  4.29598450E+06  4.29598450E+06  4.29598450E+06  4.29598450E+06  4.29598450E+06 
 4.29598450E+06  4.29598450E+06  4.29598450E+06  4.29598450E+06  4.29598450E+06  4.29598450E+06 
 4.29598450E+06  4.29598450E+06  4.29598450E+06  4.29598450E+06  4.29598450E+06  4.29598450E+06 
 4.29598450E+06  4.29598450E+06  4.29598450E+06  4.29598450E+06  4.29598450E+06  4.29598450E+06 
 4.29598450E+06  4.29598450E+06  4.29598450E+06  4.29598450E+06  4.29598450E+06  1.23598650E+06 
 4.29598450E+06  4.29598450E+06  4.29598450E+06  4.29598450E+06  4.29598450E+06  4.29598450E+06 
 4.29598450E+06  4.29598450E+06  4.29598450E+06  4.29598450E+06  4.29598450E+06  4.29598450E+06 
 4.29598450E+06  4.29598450E+06  4.29598450E+06  4.29598450E+06  4.29598450E+06  4.29598450E+06 
 4.29598450E+06  4.29598450E+06  4.29598450E+06  4.29598450E+06  4.29598450E+06  4.29598450E+06 
 4.29598450E+06  4.29598450E+06  4.29598450E+06  4.29598450E+06  4.29598450E+06  4.29598450E+06 
 4.29598450E+06  4.29598450E+06  4.29598450E+06  4.29598450E+06  4.29598450E+06  4.29598450E+06 
 4.29598450E+06  4.29598450E+06  4.29598450E+06  4.29598450E+06  4.29598450E+06  4.29598450E+06 
 4.29598450E+06  4.29598450E+06  4.29598450E+06  4.29598450E+06  4.29598450E+06  4.29598450E+06 
'MIN OPTIMISATION' 

 4.80003594E+05  4.80003594E+05  4.80003594E+05  4.80003594E+05  4.80003594E+05  4.80003594E+05 
 4.80003594E+05  4.80003594E+05  4.80003594E+05  4.80003594E+05  4.80003594E+05  4.80003594E+05 
 4.80003594E+05  4.80003594E+05  4.80003594E+05  4.80003594E+05  4.80003594E+05  4.80003594E+05 
 4.80003594E+05  4.80003594E+05  4.80003594E+05  4.80003594E+05  4.80003594E+05  4.80003594E+05 
 4.80003594E+05  4.80003594E+05  4.80003594E+05  4.80003594E+05  4.80003594E+05  4.80003594E+05 
 4.80003594E+05  4.80003594E+05  4.80003594E+05  4.80003594E+05  4.80003594E+05  4.80003594E+05 
 4.80003594E+05  4.80003594E+05  4.80003594E+05  4.80003594E+05  4.80003594E+05  4.80003594E+05 
 4.80003594E+05  4.80003594E+05  4.80003594E+05  4.80003594E+05  4.80003594E+05  6.35996938E+05 
 4.80003594E+05  4.80003594E+05  4.80003594E+05  4.80003594E+05  4.80003594E+05  4.80003594E+05 
 4.80003594E+05  4.80003594E+05  4.80003594E+05  4.80003594E+05  4.80003594E+05  4.80003594E+05 
 4.80003594E+05  4.80003594E+05  4.80003594E+05  4.80003594E+05  4.80003594E+05  4.80003594E+05 
 4.80003594E+05  4.80003594E+05  4.80003594E+05  4.80003594E+05  4.80003594E+05  4.80003594E+05 
 4.80003594E+05  4.80003594E+05  4.80003594E+05  4.80003594E+05  4.80003594E+05  4.80003594E+05 
 4.80003594E+05  4.80003594E+05  4.80003594E+05  4.80003594E+05  4.80003594E+05  4.80003594E+05 
 4.80003594E+05  4.80003594E+05  4.80003594E+05  4.80003594E+05  4.80003594E+05  4.80003594E+05 
 4.80003594E+05  4.80003594E+05  4.80003594E+05  4.80003594E+05  4.80003594E+05  4.80003594E+05 
'MAX LISSAGE' 

 4.46000000E+06  4.46000000E+06  4.46000000E+06  4.46000000E+06  4.46000000E+06  4.46000000E+06 
 4.46000000E+06  4.46000000E+06  4.46000000E+06  4.46000000E+06  4.46000000E+06  4.46000000E+06 
 4.46000000E+06  4.46000000E+06  4.46000000E+06  4.46000000E+06  4.46000000E+06  4.46000000E+06 
 4.46000000E+06  4.46000000E+06  4.46000000E+06  4.46000000E+06  4.46000000E+06  4.46000000E+06 
 4.46000000E+06  4.46000000E+06  4.46000000E+06  4.46000000E+06  4.46000000E+06  4.46000000E+06 
 4.46000000E+06  4.46000000E+06  4.46000000E+06  4.46000000E+06  4.46000000E+06  4.46000000E+06 
 4.46000000E+06  4.46000000E+06  4.46000000E+06  4.46000000E+06  4.46000000E+06  4.46000000E+06 
 4.46000000E+06  4.46000000E+06  4.46000000E+06  4.46000000E+06  4.46000000E+06  4.46000000E+06 
 4.46000000E+06  4.46000000E+06  4.46000000E+06  4.46000000E+06  4.46000000E+06  4.46000000E+06 
 4.46000000E+06  4.46000000E+06  4.46000000E+06  4.46000000E+06  4.46000000E+06  4.46000000E+06 
 4.46000000E+06  4.46000000E+06  4.46000000E+06  4.46000000E+06  4.46000000E+06  4.46000000E+06 
 4.46000000E+06  4.46000000E+06  4.46000000E+06  4.46000000E+06  4.46000000E+06  4.46000000E+06 
 4.46000000E+06  4.46000000E+06  4.46000000E+06  4.46000000E+06  4.46000000E+06  4.46000000E+06 
 4.46000000E+06  4.46000000E+06  4.46000000E+06  4.46000000E+06  4.46000000E+06  4.46000000E+06 
 4.46000000E+06  4.46000000E+06  4.46000000E+06  4.46000000E+06  4.46000000E+06  4.46000000E+06 
 4.46000000E+06  4.46000000E+06  4.46000000E+06  4.46000000E+06  4.46000000E+06  4.46000000E+06 
'MIN LISSAGE' 

 4.80003594E+05  4.80003594E+05  4.80003594E+05  4.80003594E+05  4.80003594E+05  4.80003594E+05 
 4.80003594E+05  4.80003594E+05  4.80003594E+05  4.80003594E+05  4.80003594E+05  4.80003594E+05 
 4.80003594E+05  4.80003594E+05  4.80003594E+05  4.80003594E+05  4.80003594E+05  4.80003594E+05 
 4.80003594E+05  4.80003594E+05  4.80003594E+05  4.80003594E+05  4.80003594E+05  4.80003594E+05 
 4.80003594E+05  4.80003594E+05  4.80003594E+05  4.80003594E+05  4.80003594E+05  4.80003594E+05 
 4.80003594E+05  4.80003594E+05  4.80003594E+05  4.80003594E+05  4.80003594E+05  4.80003594E+05 
 4.80003594E+05  4.80003594E+05  4.80003594E+05  4.80003594E+05  4.80003594E+05  4.80003594E+05 
 4.80003594E+05  4.80003594E+05  4.80003594E+05  4.80003594E+05  4.80003594E+05  4.80003594E+05 
 4.80003594E+05  4.80003594E+05  4.80003594E+05  4.80003594E+05  4.80003594E+05  4.80003594E+05 
 4.80003594E+05  4.80003594E+05  4.80003594E+05  4.80003594E+05  4.80003594E+05  4.80003594E+05 
 4.80003594E+05  4.80003594E+05  4.80003594E+05  4.80003594E+05  4.80003594E+05  4.80003594E+05 
 4.80003594E+05  4.80003594E+05  4.80003594E+05  4.80003594E+05  4.80003594E+05  4.80003594E+05 
 4.80003594E+05  4.80003594E+05  4.80003594E+05  4.80003594E+05  4.80003594E+05  4.80003594E+05 
 4.80003594E+05  4.80003594E+05  4.80003594E+05  4.80003594E+05  4.80003594E+05  4.80003594E+05 
 4.80003594E+05  4.80003594E+05  4.80003594E+05  4.80003594E+05  4.80003594E+05  4.80003594E+05 
 4.80003594E+05  4.80003594E+05  4.80003594E+05  4.80003594E+05  4.80003594E+05  4.80003594E+05 
'TRUELR' 
'E'  1.25000000E+06  1.25000000E+06  1.25000000E+06  0.00000000E+00 
'APPORTS' 

 1.00000001E-01  1.00000001E-01  1.00000001E-01  1.00000001E-01  1.00000001E-01  1.00000001E-01 
 1.00000001E-01  1.00000001E-01  1.00000001E-01  1.00000001E-01  1.00000001E-01  1.00000001E-01 
 1.00000001E-01  1.00000001E-01  1.00000001E-01  1.00000001E-01  1.00000001E-01  1.00000001E-01 
 1.00000001E-01  1.00000001E-01  1.00000001E-01  1.00000001E-01  1.00000001E-01  1.00000001E-01 
 1.00000001E-01  1.00000001E-01  1.00000001E-01  1.00000001E-01  1.00000001E-01  1.00000001E-01 
 1.00000001E-01  1.00000001E-01  1.00000001E-01  1.00000001E-01  1.00000001E-01  1.00000001E-01 
 1.00000001E-01  1.00000001E-01  1.00000001E-01  1.00000001E-01  1.00000001E-01  1.00000001E-01 
 1.00000001E-01  1.00000001E-01  1.00000001E-01  1.00000001E-01  1.00000001E-01  1.00000001E-01 
 1.00000001E-01  1.00000001E-01  1.00000001E-01  1.00000001E-01  1.00000001E-01  1.00000001E-01 
 1.00000001E-01  1.00000001E-01  1.00000001E-01  1.00000001E-01  1.00000001E-01  1.00000001E-01 
 1.00000001E-01  1.00000001E-01  1.00000001E-01  1.00000001E-01  1.00000001E-01  1.00000001E-01 
 1.00000001E-01  1.00000001E-01  1.00000001E-01  1.00000001E-01  1.00000001E-01  1.00000001E-01 
 1.00000001E-01  1.00000001E-01  1.00000001E-01  1.00000001E-01  1.00000001E-01  1.00000001E-01 
 1.00000001E-01  1.00000001E-01  1.00000001E-01  1.00000001E-01  1.00000001E-01  1.00000001E-01 
 1.00000001E-01  1.00000001E-01  1.00000001E-01  1.00000001E-01  1.00000001E-01  1.00000001E-01 
 1.00000001E-01  1.00000001E-01  1.00000001E-01  1.00000001E-01  1.00000001E-01  1.00000001E-01 
'MAX OPTIMISATION' 

 1.25000000E+06  1.25000000E+06  1.25000000E+06  1.25000000E+06  1.25000000E+06  1.25000000E+06 
 1.25000000E+06  1.25000000E+06  1.25000000E+06  1.25000000E+06  1.25000000E+06  1.25000000E+06 
 1.25000000E+06  1.25000000E+06  1.25000000E+06  1.25000000E+06  1.25000000E+06  1.25000000E+06 
 1.25000000E+06  1.25000000E+06  1.25000000E+06  1.25000000E+06  1.25000000E+06  1.25000000E+06 
 1.25000000E+06  1.25000000E+06  1.25000000E+06  1.25000000E+06  1.25000000E+06  1.25000000E+06 
 1.25000000E+06  1.25000000E+06  1.25000000E+06  1.25000000E+06  1.25000000E+06  1.25000000E+06 
 1.25000000E+06  1.25000000E+06  1.25000000E+06  1.25000000E+06  1.25000000E+06  1.25000000E+06 
 1.25000000E+06  1.25000000E+06  1.25000000E+06  1.25000000E+06  1.25000000E+06  1.25000000E+06 
 1.25000000E+06  1.25000000E+06  1.25000000E+06  1.25000000E+06  1.25000000E+06  1.25000000E+06 
 1.25000000E+06  1.25000000E+06  1.25000000E+06  1.25000000E+06  1.25000000E+06  1.25000000E+06 
 1.25000000E+06  1.25000000E+06  1.25000000E+06  1.25000000E+06  1.25000000E+06  1.25000000E+06 
 1.25000000E+06  1.25000000E+06  1.25000000E+06  1.25000000E+06  1.25000000E+06  1.25000000E+06 
 1.25000000E+06  1.25000000E+06  1.25000000E+06  1.25000000E+06  1.25000000E+06  1.25000000E+06 
 1.25000000E+06  1.25000000E+06  1.25000000E+06  1.25000000E+06  1.25000000E+06  1.25000000E+06 
 1.25000000E+06  1.25000000E+06  1.25000000E+06  1.25000000E+06  1.25000000E+06  1.25000000E+06 
 1.25000000E+06  1.25000000E+06  1.25000000E+06  1.25000000E+06  1.25000000E+06  1.25000000E+06 
'MIN OPTIMISATION' 

 9.50000000E+05  9.50000000E+05  9.50000000E+05  9.50000000E+05  9.50000000E+05  9.50000000E+05 
 9.50000000E+05  9.50000000E+05  9.50000000E+05  9.50000000E+05  9.50000000E+05  9.50000000E+05 
 9.50000000E+05  9.50000000E+05  9.50000000E+05  9.50000000E+05  9.50000000E+05  9.50000000E+05 
 9.50000000E+05  9.50000000E+05  9.50000000E+05  9.50000000E+05  9.50000000E+05  9.50000000E+05 
 9.50000000E+05  9.50000000E+05  9.50000000E+05  9.50000000E+05  9.50000000E+05  9.50000000E+05 
 9.50000000E+05  9.50000000E+05  9.50000000E+05  9.50000000E+05  9.50000000E+05  9.50000000E+05 
 9.50000000E+05  9.50000000E+05  9.50000000E+05  9.50000000E+05  9.50000000E+05  9.50000000E+05 
 9.50000000E+05  9.50000000E+05  9.50000000E+05  9.50000000E+05  9.50000000E+05  1.23000000E+06 
 9.50000000E+05  9.50000000E+05  9.50000000E+05  9.50000000E+05  9.50000000E+05  9.50000000E+05 
 9.50000000E+05  9.50000000E+05  9.50000000E+05  9.50000000E+05  9.50000000E+05  9.50000000E+05 
 9.50000000E+05  9.50000000E+05  9.50000000E+05  9.50000000E+05  9.50000000E+05  9.50000000E+05 
 9.50000000E+05  9.50000000E+05  9.50000000E+05  9.50000000E+05  9.50000000E+05  9.50000000E+05 
 9.50000000E+05  9.50000000E+05  9.50000000E+05  9.50000000E+05  9.50000000E+05  9.50000000E+05 
 9.50000000E+05  9.50000000E+05  9.50000000E+05  9.50000000E+05  9.50000000E+05  9.50000000E+05 
 9.50000000E+05  9.50000000E+05  9.50000000E+05  9.50000000E+05  9.50000000E+05  9.50000000E+05 
 9.50000000E+05  9.50000000E+05  9.50000000E+05  9.50000000E+05  9.50000000E+05  9.50000000E+05 
'MAX LISSAGE' 

 1.25000000E+06  1.25000000E+06  1.25000000E+06  1.25000000E+06  1.25000000E+06  1.25000000E+06 
 1.25000000E+06  1.25000000E+06  1.25000000E+06  1.25000000E+06  1.25000000E+06  1.25000000E+06 
 1.25000000E+06  1.25000000E+06  1.25000000E+06  1.25000000E+06  1.25000000E+06  1.25000000E+06 
 1.25000000E+06  1.25000000E+06  1.25000000E+06  1.25000000E+06  1.25000000E+06  1.25000000E+06 
 1.25000000E+06  1.25000000E+06  1.25000000E+06  1.25000000E+06  1.25000000E+06  1.25000000E+06 
 1.25000000E+06  1.25000000E+06  1.25000000E+06  1.25000000E+06  1.25000000E+06  1.25000000E+06 
 1.25000000E+06  1.25000000E+06  1.25000000E+06  1.25000000E+06  1.25000000E+06  1.25000000E+06 
 1.25000000E+06  1.25000000E+06  1.25000000E+06  1.25000000E+06  1.25000000E+06  1.25000000E+06 
 1.25000000E+06  1.25000000E+06  1.25000000E+06  1.25000000E+06  1.25000000E+06  1.25000000E+06 
 1.25000000E+06  1.25000000E+06  1.25000000E+06  1.25000000E+06  1.25000000E+06  1.25000000E+06 
 1.25000000E+06  1.25000000E+06  1.25000000E+06  1.25000000E+06  1.25000000E+06  1.25000000E+06 
 1.25000000E+06  1.25000000E+06  1.25000000E+06  1.25000000E+06  1.25000000E+06  1.25000000E+06 
 1.25000000E+06  1.25000000E+06  1.25000000E+06  1.25000000E+06  1.25000000E+06  1.25000000E+06 
 1.25000000E+06  1.25000000E+06  1.25000000E+06  1.25000000E+06  1.25000000E+06  1.25000000E+06 
 1.25000000E+06  1.25000000E+06  1.25000000E+06  1.25000000E+06  1.25000000E+06  1.25000000E+06 
 1.25000000E+06  1.25000000E+06  1.25000000E+06  1.25000000E+06  1.25000000E+06  1.25000000E+06 
'MIN LISSAGE' 

 9.00000000E+05  9.00000000E+05  9.00000000E+05  9.00000000E+05  9.00000000E+05  9.00000000E+05 
 9.00000000E+05  9.00000000E+05  9.00000000E+05  9.00000000E+05  9.00000000E+05  9.00000000E+05 
 9.00000000E+05  9.00000000E+05  9.00000000E+05  9.00000000E+05  9.00000000E+05  9.00000000E+05 
 9.00000000E+05  9.00000000E+05  9.00000000E+05  9.00000000E+05  9.00000000E+05  9.00000000E+05 
 9.00000000E+05  9.00000000E+05  9.00000000E+05  9.00000000E+05  9.00000000E+05  9.00000000E+05 
 9.00000000E+05  9.00000000E+05  9.00000000E+05  9.00000000E+05  9.00000000E+05  9.00000000E+05 
 9.00000000E+05  9.00000000E+05  9.00000000E+05  9.00000000E+05  9.00000000E+05  9.00000000E+05 
 9.00000000E+05  9.00000000E+05  9.00000000E+05  9.00000000E+05  9.00000000E+05  9.00000000E+05 
 9.00000000E+05  9.00000000E+05  9.00000000E+05  9.00000000E+05  9.00000000E+05  9.00000000E+05 
 9.00000000E+05  9.00000000E+05  9.00000000E+05  9.00000000E+05  9.00000000E+05  9.00000000E+05 
 9.00000000E+05  9.00000000E+05  9.00000000E+05  9.00000000E+05  9.00000000E+05  9.00000000E+05 
 9.00000000E+05  9.00000000E+05  9.00000000E+05  9.00000000E+05  9.00000000E+05  9.00000000E+05 
 9.00000000E+05  9.00000000E+05  9.00000000E+05  9.00000000E+05  9.00000000E+05  9.00000000E+05 
 9.00000000E+05  9.00000000E+05  9.00000000E+05  9.00000000E+05  9.00000000E+05  9.00000000E+05 
 9.00000000E+05  9.00000000E+05  9.00000000E+05  9.00000000E+05  9.00000000E+05  9.00000000E+05 
 9.00000000E+05  9.00000000E+05  9.00000000E+05  9.00000000E+05  9.00000000E+05  9.00000000E+05 
'PARELR' 
'E'  1.32242008E+08  0.00000000E+00  1.67680000E+08  9.67999995E-02 
'APPORTS' 

 0.00000000E+00  0.00000000E+00  0.00000000E+00  0.00000000E+00  0.00000000E+00  0.00000000E+00 
 0.00000000E+00  0.00000000E+00  0.00000000E+00  0.00000000E+00  0.00000000E+00  0.00000000E+00 
 0.00000000E+00  0.00000000E+00  0.00000000E+00  0.00000000E+00  0.00000000E+00  0.00000000E+00 
 0.00000000E+00  0.00000000E+00  0.00000000E+00  0.00000000E+00  0.00000000E+00  0.00000000E+00 
 0.00000000E+00  0.00000000E+00  0.00000000E+00  0.00000000E+00  0.00000000E+00  0.00000000E+00 
 0.00000000E+00  0.00000000E+00  0.00000000E+00  0.00000000E+00  0.00000000E+00  0.00000000E+00 
 0.00000000E+00  0.00000000E+00  0.00000000E+00  0.00000000E+00  0.00000000E+00  0.00000000E+00 
 0.00000000E+00  0.00000000E+00  0.00000000E+00  0.00000000E+00  0.00000000E+00  0.00000000E+00 
 0.00000000E+00  0.00000000E+00  0.00000000E+00  0.00000000E+00  0.00000000E+00  0.00000000E+00 
 0.00000000E+00  0.00000000E+00  0.00000000E+00  0.00000000E+00  0.00000000E+00  0.00000000E+00 
 0.00000000E+00  0.00000000E+00  0.00000000E+00  0.00000000E+00  0.00000000E+00  0.00000000E+00 
 0.00000000E+00  0.00000000E+00  0.00000000E+00  0.00000000E+00  0.00000000E+00  0.00000000E+00 
 0.00000000E+00  0.00000000E+00  0.00000000E+00  0.00000000E+00  0.00000000E+00  0.00000000E+00 
 0.00000000E+00  0.00000000E+00  0.00000000E+00  0.00000000E+00  0.00000000E+00  0.00000000E+00 
 0.00000000E+00  0.00000000E+00  0.00000000E+00  0.00000000E+00  0.00000000E+00  0.00000000E+00 
 0.00000000E+00  0.00000000E+00  0.00000000E+00  0.00000000E+00  0.00000000E+00  0.00000000E+00 
'MAX OPTIMISATION' 

 1.67680000E+08  1.67680000E+08  1.67680000E+08  1.67680000E+08  1.67680000E+08  1.67680000E+08 
 1.67680000E+08  1.67680000E+08  1.67680000E+08  1.67680000E+08  1.67680000E+08  1.67680000E+08 
 1.67680000E+08  1.67680000E+08  1.67680000E+08  1.67680000E+08  1.67680000E+08  1.67680000E+08 
 1.67680000E+08  1.67680000E+08  1.67680000E+08  1.67680000E+08  1.67680000E+08  1.67680000E+08 
 1.67680000E+08  1.67680000E+08  1.67680000E+08  1.67680000E+08  1.67680000E+08  1.67680000E+08 
 1.67680000E+08  1.67680000E+08  1.67680000E+08  1.67680000E+08  1.67680000E+08  1.67680000E+08 
 1.67680000E+08  1.67680000E+08  1.67680000E+08  1.67680000E+08  1.67680000E+08  1.67680000E+08 
 1.67680000E+08  1.67680000E+08  1.67680000E+08  1.67680000E+08  1.67680000E+08  1.67680000E+08 
 1.67680000E+08  1.67680000E+08  1.67680000E+08  1.67680000E+08  1.67680000E+08  1.67680000E+08 
 1.67680000E+08  1.67680000E+08  1.67680000E+08  1.67680000E+08  1.67680000E+08  1.67680000E+08 
 1.67680000E+08  1.67680000E+08  1.67680000E+08  1.67680000E+08  1.67680000E+08  1.67680000E+08 
 1.67680000E+08  1.67680000E+08  1.67680000E+08  1.67680000E+08  1.67680000E+08  1.67680000E+08 
 1.67680000E+08  1.67680000E+08  1.67680000E+08  1.67680000E+08  1.67680000E+08  1.67680000E+08 
 1.67680000E+08  1.67680000E+08  1.67680000E+08  1.67680000E+08  1.67680000E+08  1.67680000E+08 
 1.67680000E+08  1.67680000E+08  1.67680000E+08  1.67680000E+08  1.67680000E+08  1.67680000E+08 
 1.67680000E+08  1.67680000E+08  1.67680000E+08  1.67680000E+08  1.67680000E+08  1.67680000E+08 
'MIN OPTIMISATION' 

 0.00000000E+00  0.00000000E+00  0.00000000E+00  0.00000000E+00  0.00000000E+00  0.00000000E+00 
 0.00000000E+00  0.00000000E+00  0.00000000E+00  0.00000000E+00  0.00000000E+00  0.00000000E+00 
 0.00000000E+00  0.00000000E+00  0.00000000E+00  0.00000000E+00  0.00000000E+00  0.00000000E+00 
 0.00000000E+00  0.00000000E+00  0.00000000E+00  0.00000000E+00  0.00000000E+00  0.00000000E+00 
 0.00000000E+00  0.00000000E+00  0.00000000E+00  0.00000000E+00  0.00000000E+00  0.00000000E+00 
 0.00000000E+00  0.00000000E+00  0.00000000E+00  0.00000000E+00  0.00000000E+00  0.00000000E+00 
 0.00000000E+00  0.00000000E+00  0.00000000E+00  0.00000000E+00  0.00000000E+00  0.00000000E+00 
 0.00000000E+00  0.00000000E+00  0.00000000E+00  0.00000000E+00  0.00000000E+00  0.00000000E+00 
 0.00000000E+00  0.00000000E+00  0.00000000E+00  0.00000000E+00  0.00000000E+00  0.00000000E+00 
 0.00000000E+00  0.00000000E+00  0.00000000E+00  0.00000000E+00  0.00000000E+00  0.00000000E+00 
 0.00000000E+00  0.00000000E+00  0.00000000E+00  0.00000000E+00  0.00000000E+00  0.00000000E+00 
 0.00000000E+00  0.00000000E+00  0.00000000E+00  0.00000000E+00  0.00000000E+00  0.00000000E+00 
 0.00000000E+00  0.00000000E+00  0.00000000E+00  0.00000000E+00  0.00000000E+00  0.00000000E+00 
 0.00000000E+00  0.00000000E+00  0.00000000E+00  0.00000000E+00  0.00000000E+00  0.00000000E+00 
 0.00000000E+00  0.00000000E+00  0.00000000E+00  0.00000000E+00  0.00000000E+00  0.00000000E+00 
 0.00000000E+00  0.00000000E+00  0.00000000E+00  0.00000000E+00  0.00000000E+00  0.00000000E+00 
'MAX LISSAGE' 

 1.67680000E+08  1.67680000E+08  1.67680000E+08  1.67680000E+08  1.67680000E+08  1.67680000E+08 
 1.67680000E+08  1.67680000E+08  1.67680000E+08  1.67680000E+08  1.67680000E+08  1.67680000E+08 
 1.67680000E+08  1.67680000E+08  1.67680000E+08  1.67680000E+08  1.67680000E+08  1.67680000E+08 
 1.67680000E+08  1.67680000E+08  1.67680000E+08  1.67680000E+08  1.67680000E+08  1.67680000E+08 
 1.67680000E+08  1.67680000E+08  1.67680000E+08  1.67680000E+08  1.67680000E+08  1.67680000E+08 
 1.67680000E+08  1.67680000E+08  1.67680000E+08  1.67680000E+08  1.67680000E+08  1.67680000E+08 
 1.67680000E+08  1.67680000E+08  1.67680000E+08  1.67680000E+08  1.67680000E+08  1.67680000E+08 
 1.67680000E+08  1.67680000E+08  1.67680000E+08  1.67680000E+08  1.67680000E+08  1.67680000E+08 
 1.67680000E+08  1.67680000E+08  1.67680000E+08  1.67680000E+08  1.67680000E+08  1.67680000E+08 
 1.67680000E+08  1.67680000E+08  1.67680000E+08  1.67680000E+08  1.67680000E+08  1.67680000E+08 
 1.67680000E+08  1.67680000E+08  1.67680000E+08  1.67680000E+08  1.67680000E+08  1.67680000E+08 
 1.67680000E+08  1.67680000E+08  1.67680000E+08  1.67680000E+08  1.67680000E+08  1.67680000E+08 
 1.67680000E+08  1.67680000E+08  1.67680000E+08  1.67680000E+08  1.67680000E+08  1.67680000E+08 
 1.67680000E+08  1.67680000E+08  1.67680000E+08  1.67680000E+08  1.67680000E+08  1.67680000E+08 
 1.67680000E+08  1.67680000E+08  1.67680000E+08  1.67680000E+08  1.67680000E+08  1.67680000E+08 
 1.67680000E+08  1.67680000E+08  1.67680000E+08  1.67680000E+08  1.67680000E+08  1.67680000E+08 
'MIN LISSAGE' 

 0.00000000E+00  0.00000000E+00  0.00000000E+00  0.00000000E+00  0.00000000E+00  0.00000000E+00 
 0.00000000E+00  0.00000000E+00  0.00000000E+00  0.00000000E+00  0.00000000E+00  0.00000000E+00 
 0.00000000E+00  0.00000000E+00  0.00000000E+00  0.00000000E+00  0.00000000E+00  0.00000000E+00 
 0.00000000E+00  0.00000000E+00  0.00000000E+00  0.00000000E+00  0.00000000E+00  0.00000000E+00 
 0.00000000E+00  0.00000000E+00  0.00000000E+00  0.00000000E+00  0.00000000E+00  0.00000000E+00 
 0.00000000E+00  0.00000000E+00  0.00000000E+00  0.00000000E+00  0.00000000E+00  0.00000000E+00 
 0.00000000E+00  0.00000000E+00  0.00000000E+00  0.00000000E+00  0.00000000E+00  0.00000000E+00 
 0.00000000E+00  0.00000000E+00  0.00000000E+00  0.00000000E+00  0.00000000E+00  0.00000000E+00 
 0.00000000E+00  0.00000000E+00  0.00000000E+00  0.00000000E+00  0.00000000E+00  0.00000000E+00 
 0.00000000E+00  0.00000000E+00  0.00000000E+00  0.00000000E+00  0.00000000E+00  0.00000000E+00 
 0.00000000E+00  0.00000000E+00  0.00000000E+00  0.00000000E+00  0.00000000E+00  0.00000000E+00 
 0.00000000E+00  0.00000000E+00  0.00000000E+00  0.00000000E+00  0.00000000E+00  0.00000000E+00 
 0.00000000E+00  0.00000000E+00  0.00000000E+00  0.00000000E+00  0.00000000E+00  0.00000000E+00 
 0.00000000E+00  0.00000000E+00  0.00000000E+00  0.00000000E+00  0.00000000E+00  0.00000000E+00 
 0.00000000E+00  0.00000000E+00  0.00000000E+00  0.00000000E+00  0.00000000E+00  0.00000000E+00 
 0.00000000E+00  0.00000000E+00  0.00000000E+00  0.00000000E+00  0.00000000E+00  0.00000000E+00 
'VILLER' 
'E'  7.33000000E+06  7.05700000E+06  7.05700000E+06  0.00000000E+00 
'APPORTS' 

 5.00000000E-01  5.00000000E-01  5.00000000E-01  5.00000000E-01  5.00000000E-01  5.00000000E-01 
 5.00000000E-01  5.00000000E-01  5.00000000E-01  5.00000000E-01  5.00000000E-01  5.00000000E-01 
 5.00000000E-01  5.00000000E-01  5.00000000E-01  5.00000000E-01  5.00000000E-01  5.00000000E-01 
 5.00000000E-01  5.00000000E-01  5.00000000E-01  5.00000000E-01  5.00000000E-01  5.00000000E-01 
 5.00000000E-01  5.00000000E-01  5.00000000E-01  5.00000000E-01  5.00000000E-01  5.00000000E-01 
 5.00000000E-01  5.00000000E-01  5.00000000E-01  5.00000000E-01  5.00000000E-01  5.00000000E-01 
 5.00000000E-01  5.00000000E-01  5.00000000E-01  5.00000000E-01  5.00000000E-01  5.00000000E-01 
 5.00000000E-01  5.00000000E-01  5.00000000E-01  5.00000000E-01  5.00000000E-01  5.00000000E-01 
 5.00000000E-01  5.00000000E-01  5.00000000E-01  5.00000000E-01  5.00000000E-01  5.00000000E-01 
 5.00000000E-01  5.00000000E-01  5.00000000E-01  5.00000000E-01  5.00000000E-01  5.00000000E-01 
 5.00000000E-01  5.00000000E-01  5.00000000E-01  5.00000000E-01  5.00000000E-01  5.00000000E-01 
 5.00000000E-01  5.00000000E-01  5.00000000E-01  5.00000000E-01  5.00000000E-01  5.00000000E-01 
 5.00000000E-01  5.00000000E-01  5.00000000E-01  5.00000000E-01  5.00000000E-01  5.00000000E-01 
 5.00000000E-01  5.00000000E-01  5.00000000E-01  5.00000000E-01  5.00000000E-01  5.00000000E-01 
 5.00000000E-01  5.00000000E-01  5.00000000E-01  5.00000000E-01  5.00000000E-01  5.00000000E-01 
 5.00000000E-01  5.00000000E-01  5.00000000E-01  5.00000000E-01  5.00000000E-01  5.00000000E-01 
'MAX OPTIMISATION' 

 8.13898550E+06  8.13898550E+06  8.13898550E+06  8.13898550E+06  8.13898550E+06  8.13898550E+06 
 8.13898550E+06  8.13898550E+06  8.13898550E+06  8.13898550E+06  8.13898550E+06  8.13898550E+06 
 8.13898550E+06  8.13898550E+06  8.13898550E+06  8.13898550E+06  8.13898550E+06  8.13898550E+06 
 8.13898550E+06  8.13898550E+06  8.13898550E+06  8.13898550E+06  8.13898550E+06  8.13898550E+06 
 8.13898550E+06  8.13898550E+06  8.13898550E+06  8.13898550E+06  8.13898550E+06  8.13898550E+06 
 8.13898550E+06  8.13898550E+06  8.13898550E+06  8.13898550E+06  8.13898550E+06  8.13898550E+06 
 8.13898550E+06  8.13898550E+06  8.13898550E+06  8.13898550E+06  8.13898550E+06  8.13898550E+06 
 8.13898550E+06  8.13898550E+06  8.13898550E+06  8.13898550E+06  8.13898550E+06  6.93703500E+06 
 8.13898550E+06  8.13898550E+06  8.13898550E+06  8.13898550E+06  8.13898550E+06  8.13898550E+06 
 8.13898550E+06  8.13898550E+06  8.13898550E+06  8.13898550E+06  8.13898550E+06  8.13898550E+06 
 8.13898550E+06  8.13898550E+06  8.13898550E+06  8.13898550E+06  8.13898550E+06  8.13898550E+06 
 8.13898550E+06  8.13898550E+06  8.13898550E+06  8.13898550E+06  8.13898550E+06  8.13898550E+06 
 8.13898550E+06  8.13898550E+06  8.13898550E+06  8.13898550E+06  8.13898550E+06  8.13898550E+06 
 8.13898550E+06  8.13898550E+06  8.13898550E+06  8.13898550E+06  8.13898550E+06  8.13898550E+06 
 8.13898550E+06  8.13898550E+06  8.13898550E+06  8.13898550E+06  8.13898550E+06  8.13898550E+06 
 8.13898550E+06  8.13898550E+06  8.13898550E+06  8.13898550E+06  8.13898550E+06  8.13898550E+06 
'MIN OPTIMISATION' 

 1.14300538E+06  1.14300538E+06  1.14300538E+06  1.14300538E+06  1.14300538E+06  1.14300538E+06 
 1.14300538E+06  1.14300538E+06  1.14300538E+06  1.14300538E+06  1.14300538E+06  1.14300538E+06 
 1.14300538E+06  1.14300538E+06  1.14300538E+06  1.14300538E+06  1.14300538E+06  1.14300538E+06 
 1.14300538E+06  1.14300538E+06  1.14300538E+06  1.14300538E+06  1.14300538E+06  1.14300538E+06 
 1.14300538E+06  1.14300538E+06  1.14300538E+06  1.14300538E+06  1.14300538E+06  1.14300538E+06 
 1.14300538E+06  1.14300538E+06  1.14300538E+06  1.14300538E+06  1.14300538E+06  1.14300538E+06 
 1.14300538E+06  1.14300538E+06  1.14300538E+06  1.14300538E+06  1.14300538E+06  1.14300538E+06 
 1.14300538E+06  1.14300538E+06  1.14300538E+06  1.14300538E+06  1.14300538E+06  6.89697350E+06 
 1.14300538E+06  1.14300538E+06  1.14300538E+06  1.14300538E+06  1.14300538E+06  1.14300538E+06 
 1.14300538E+06  1.14300538E+06  1.14300538E+06  1.14300538E+06  1.14300538E+06  1.14300538E+06 
 1.14300538E+06  1.14300538E+06  1.14300538E+06  1.14300538E+06  1.14300538E+06  1.14300538E+06 
 1.14300538E+06  1.14300538E+06  1.14300538E+06  1.14300538E+06  1.14300538E+06  1.14300538E+06 
 1.14300538E+06  1.14300538E+06  1.14300538E+06  1.14300538E+06  1.14300538E+06  1.14300538E+06 
 1.14300538E+06  1.14300538E+06  1.14300538E+06  1.14300538E+06  1.14300538E+06  1.14300538E+06 
 1.14300538E+06  1.14300538E+06  1.14300538E+06  1.14300538E+06  1.14300538E+06  1.14300538E+06 
 1.14300538E+06  1.14300538E+06  1.14300538E+06  1.14300538E+06  1.14300538E+06  1.14300538E+06 
'MAX LISSAGE' 

 8.40000000E+06  8.40000000E+06  8.40000000E+06  8.40000000E+06  8.40000000E+06  8.40000000E+06 
 8.40000000E+06  8.40000000E+06  8.40000000E+06  8.40000000E+06  8.40000000E+06  8.40000000E+06 
 8.40000000E+06  8.40000000E+06  8.40000000E+06  8.40000000E+06  8.40000000E+06  8.40000000E+06 
 8.40000000E+06  8.40000000E+06  8.40000000E+06  8.40000000E+06  8.40000000E+06  8.40000000E+06 
 8.40000000E+06  8.40000000E+06  8.40000000E+06  8.40000000E+06  8.40000000E+06  8.40000000E+06 
 8.40000000E+06  8.40000000E+06  8.40000000E+06  8.40000000E+06  8.40000000E+06  8.40000000E+06 
 8.40000000E+06  8.40000000E+06  8.40000000E+06  8.40000000E+06  8.40000000E+06  8.40000000E+06 
 8.40000000E+06  8.40000000E+06  8.40000000E+06  8.40000000E+06  8.40000000E+06  8.40000000E+06 
 8.40000000E+06  8.40000000E+06  8.40000000E+06  8.40000000E+06  8.40000000E+06  8.40000000E+06 
 8.40000000E+06  8.40000000E+06  8.40000000E+06  8.40000000E+06  8.40000000E+06  8.40000000E+06 
 8.40000000E+06  8.40000000E+06  8.40000000E+06  8.40000000E+06  8.40000000E+06  8.40000000E+06 
 8.40000000E+06  8.40000000E+06  8.40000000E+06  8.40000000E+06  8.40000000E+06  8.40000000E+06 
 8.40000000E+06  8.40000000E+06  8.40000000E+06  8.40000000E+06  8.40000000E+06  8.40000000E+06 
 8.40000000E+06  8.40000000E+06  8.40000000E+06  8.40000000E+06  8.40000000E+06  8.40000000E+06 
 8.40000000E+06  8.40000000E+06  8.40000000E+06  8.40000000E+06  8.40000000E+06  8.40000000E+06 
 8.40000000E+06  8.40000000E+06  8.40000000E+06  8.40000000E+06  8.40000000E+06  8.40000000E+06 
'MIN LISSAGE' 

 1.99976797E+05  1.99976797E+05  1.99976797E+05  1.99976797E+05  1.99976797E+05  1.99976797E+05 
 1.99976797E+05  1.99976797E+05  1.99976797E+05  1.99976797E+05  1.99976797E+05  1.99976797E+05 
 1.99976797E+05  1.99976797E+05  1.99976797E+05  1.99976797E+05  1.99976797E+05  1.99976797E+05 
 1.99976797E+05  1.99976797E+05  1.99976797E+05  1.99976797E+05  1.99976797E+05  1.99976797E+05 
 1.99976797E+05  1.99976797E+05  1.99976797E+05  1.99976797E+05  1.99976797E+05  1.99976797E+05 
 1.99976797E+05  1.99976797E+05  1.99976797E+05  1.99976797E+05  1.99976797E+05  1.99976797E+05 
 1.99976797E+05  1.99976797E+05  1.99976797E+05  1.99976797E+05  1.99976797E+05  1.99976797E+05 
 1.99976797E+05  1.99976797E+05  1.99976797E+05  1.99976797E+05  1.99976797E+05  1.99976797E+05 
 1.99976797E+05  1.99976797E+05  1.99976797E+05  1.99976797E+05  1.99976797E+05  1.99976797E+05 
 1.99976797E+05  1.99976797E+05  1.99976797E+05  1.99976797E+05  1.99976797E+05  1.99976797E+05 
 1.99976797E+05  1.99976797E+05  1.99976797E+05  1.99976797E+05  1.99976797E+05  1.99976797E+05 
 1.99976797E+05  1.99976797E+05  1.99976797E+05  1.99976797E+05  1.99976797E+05  1.99976797E+05 
 1.99976797E+05  1.99976797E+05  1.99976797E+05  1.99976797E+05  1.99976797E+05  1.99976797E+05 
 1.99976797E+05  1.99976797E+05  1.99976797E+05  1.99976797E+05  1.99976797E+05  1.99976797E+05 
 1.99976797E+05  1.99976797E+05  1.99976797E+05  1.99976797E+05  1.99976797E+05  1.99976797E+05 
 1.99976797E+05  1.99976797E+05  1.99976797E+05  1.99976797E+05  1.99976797E+05  1.99976797E+05 
'JOURDR' 
'E'  2.80300000E+06  2.80300000E+06  2.80300000E+06  0.00000000E+00 
'APPORTS' 

 1.00000001E-01  1.00000001E-01  1.00000001E-01  1.00000001E-01  1.00000001E-01  1.00000001E-01 
 1.00000001E-01  1.00000001E-01  1.00000001E-01  1.00000001E-01  1.00000001E-01  1.00000001E-01 
 1.00000001E-01  1.00000001E-01  1.00000001E-01  1.00000001E-01  1.00000001E-01  1.00000001E-01 
 1.00000001E-01  1.00000001E-01  1.00000001E-01  1.00000001E-01  1.00000001E-01  1.00000001E-01 
 1.00000001E-01  1.00000001E-01  1.00000001E-01  1.00000001E-01  1.00000001E-01  1.00000001E-01 
 1.00000001E-01  1.00000001E-01  1.00000001E-01  1.00000001E-01  1.00000001E-01  1.00000001E-01 
 1.00000001E-01  1.00000001E-01  1.00000001E-01  1.00000001E-01  1.00000001E-01  1.00000001E-01 
 1.00000001E-01  1.00000001E-01  1.00000001E-01  1.00000001E-01  1.00000001E-01  1.00000001E-01 
 1.00000001E-01  1.00000001E-01  1.00000001E-01  1.00000001E-01  1.00000001E-01  1.00000001E-01 
 1.00000001E-01  1.00000001E-01  1.00000001E-01  1.00000001E-01  1.00000001E-01  1.00000001E-01 
 1.00000001E-01  1.00000001E-01  1.00000001E-01  1.00000001E-01  1.00000001E-01  1.00000001E-01 
 1.00000001E-01  1.00000001E-01  1.00000001E-01  1.00000001E-01  1.00000001E-01  1.00000001E-01 
 1.00000001E-01  1.00000001E-01  1.00000001E-01  1.00000001E-01  1.00000001E-01  1.00000001E-01 
 1.00000001E-01  1.00000001E-01  1.00000001E-01  1.00000001E-01  1.00000001E-01  1.00000001E-01 
 1.00000001E-01  1.00000001E-01  1.00000001E-01  1.00000001E-01  1.00000001E-01  1.00000001E-01 
 1.00000001E-01  1.00000001E-01  1.00000001E-01  1.00000001E-01  1.00000001E-01  1.00000001E-01 
'MAX OPTIMISATION' 

 3.13300000E+06  3.13300000E+06  3.13300000E+06  3.13300000E+06  3.13300000E+06  3.13300000E+06 
 3.13300000E+06  3.13300000E+06  3.13300000E+06  3.13300000E+06  3.13300000E+06  3.13300000E+06 
 3.13300000E+06  3.13300000E+06  3.13300000E+06  3.13300000E+06  3.13300000E+06  3.13300000E+06 
 3.13300000E+06  3.13300000E+06  3.13300000E+06  3.13300000E+06  3.13300000E+06  3.13300000E+06 
 3.13300000E+06  3.13300000E+06  3.13300000E+06  3.13300000E+06  3.13300000E+06  3.13300000E+06 
 3.13300000E+06  3.13300000E+06  3.13300000E+06  3.13300000E+06  3.13300000E+06  3.13300000E+06 
 3.13300000E+06  3.13300000E+06  3.13300000E+06  3.13300000E+06  3.13300000E+06  3.13300000E+06 
 3.13300000E+06  3.13300000E+06  3.13300000E+06  3.13300000E+06  3.13300000E+06  2.82300000E+06 
 3.13300000E+06  3.13300000E+06  3.13300000E+06  3.13300000E+06  3.13300000E+06  3.13300000E+06 
 3.13300000E+06  3.13300000E+06  3.13300000E+06  3.13300000E+06  3.13300000E+06  3.13300000E+06 
 3.13300000E+06  3.13300000E+06  3.13300000E+06  3.13300000E+06  3.13300000E+06  3.13300000E+06 
 3.13300000E+06  3.13300000E+06  3.13300000E+06  3.13300000E+06  3.13300000E+06  3.13300000E+06 
 3.13300000E+06  3.13300000E+06  3.13300000E+06  3.13300000E+06  3.13300000E+06  3.13300000E+06 
 3.13300000E+06  3.13300000E+06  3.13300000E+06  3.13300000E+06  3.13300000E+06  3.13300000E+06 
 3.13300000E+06  3.13300000E+06  3.13300000E+06  3.13300000E+06  3.13300000E+06  3.13300000E+06 
 3.13300000E+06  3.13300000E+06  3.13300000E+06  3.13300000E+06  3.13300000E+06  3.13300000E+06 
'MIN OPTIMISATION' 

 1.54600000E+06  1.54600000E+06  1.54600000E+06  1.54600000E+06  1.54600000E+06  1.54600000E+06 
 1.54600000E+06  1.54600000E+06  1.54600000E+06  1.54600000E+06  1.54600000E+06  1.54600000E+06 
 1.54600000E+06  1.54600000E+06  1.54600000E+06  1.54600000E+06  1.54600000E+06  1.54600000E+06 
 1.54600000E+06  1.54600000E+06  1.54600000E+06  1.54600000E+06  1.54600000E+06  1.54600000E+06 
 1.54600000E+06  1.54600000E+06  1.54600000E+06  1.54600000E+06  1.54600000E+06  1.54600000E+06 
 1.54600000E+06  1.54600000E+06  1.54600000E+06  1.54600000E+06  1.54600000E+06  1.54600000E+06 
 1.54600000E+06  1.54600000E+06  1.54600000E+06  1.54600000E+06  1.54600000E+06  1.54600000E+06 
 1.54600000E+06  1.54600000E+06  1.54600000E+06  1.54600000E+06  1.54600000E+06  2.78300000E+06 
 1.54600000E+06  1.54600000E+06  1.54600000E+06  1.54600000E+06  1.54600000E+06  1.54600000E+06 
 1.54600000E+06  1.54600000E+06  1.54600000E+06  1.54600000E+06  1.54600000E+06  1.54600000E+06 
 1.54600000E+06  1.54600000E+06  1.54600000E+06  1.54600000E+06  1.54600000E+06  1.54600000E+06 
 1.54600000E+06  1.54600000E+06  1.54600000E+06  1.54600000E+06  1.54600000E+06  1.54600000E+06 
 1.54600000E+06  1.54600000E+06  1.54600000E+06  1.54600000E+06  1.54600000E+06  1.54600000E+06 
 1.54600000E+06  1.54600000E+06  1.54600000E+06  1.54600000E+06  1.54600000E+06  1.54600000E+06 
 1.54600000E+06  1.54600000E+06  1.54600000E+06  1.54600000E+06  1.54600000E+06  1.54600000E+06 
 1.54600000E+06  1.54600000E+06  1.54600000E+06  1.54600000E+06  1.54600000E+06  1.54600000E+06 
'MAX LISSAGE' 

 3.26000000E+06  3.26000000E+06  3.26000000E+06  3.26000000E+06  3.26000000E+06  3.26000000E+06 
 3.26000000E+06  3.26000000E+06  3.26000000E+06  3.26000000E+06  3.26000000E+06  3.26000000E+06 
 3.26000000E+06  3.26000000E+06  3.26000000E+06  3.26000000E+06  3.26000000E+06  3.26000000E+06 
 3.26000000E+06  3.26000000E+06  3.26000000E+06  3.26000000E+06  3.26000000E+06  3.26000000E+06 
 3.26000000E+06  3.26000000E+06  3.26000000E+06  3.26000000E+06  3.26000000E+06  3.26000000E+06 
 3.26000000E+06  3.26000000E+06  3.26000000E+06  3.26000000E+06  3.26000000E+06  3.26000000E+06 
 3.26000000E+06  3.26000000E+06  3.26000000E+06  3.26000000E+06  3.26000000E+06  3.26000000E+06 
 3.26000000E+06  3.26000000E+06  3.26000000E+06  3.26000000E+06  3.26000000E+06  3.26000000E+06 
 3.26000000E+06  3.26000000E+06  3.26000000E+06  3.26000000E+06  3.26000000E+06  3.26000000E+06 
 3.26000000E+06  3.26000000E+06  3.26000000E+06  3.26000000E+06  3.26000000E+06  3.26000000E+06 
 3.26000000E+06  3.26000000E+06  3.26000000E+06  3.26000000E+06  3.26000000E+06  3.26000000E+06 
 3.26000000E+06  3.26000000E+06  3.26000000E+06  3.26000000E+06  3.26000000E+06  3.26000000E+06 
 3.26000000E+06  3.26000000E+06  3.26000000E+06  3.26000000E+06  3.26000000E+06  3.26000000E+06 
 3.26000000E+06  3.26000000E+06  3.26000000E+06  3.26000000E+06  3.26000000E+06  3.26000000E+06 
 3.26000000E+06  3.26000000E+06  3.26000000E+06  3.26000000E+06  3.26000000E+06  3.26000000E+06 
 3.26000000E+06  3.26000000E+06  3.26000000E+06  3.26000000E+06  3.26000000E+06  3.26000000E+06 
'MIN LISSAGE' 

 1.33000000E+06  1.33000000E+06  1.33000000E+06  1.33000000E+06  1.33000000E+06  1.33000000E+06 
 1.33000000E+06  1.33000000E+06  1.33000000E+06  1.33000000E+06  1.33000000E+06  1.33000000E+06 
 1.33000000E+06  1.33000000E+06  1.33000000E+06  1.33000000E+06  1.33000000E+06  1.33000000E+06 
 1.33000000E+06  1.33000000E+06  1.33000000E+06  1.33000000E+06  1.33000000E+06  1.33000000E+06 
 1.33000000E+06  1.33000000E+06  1.33000000E+06  1.33000000E+06  1.33000000E+06  1.33000000E+06 
 1.33000000E+06  1.33000000E+06  1.33000000E+06  1.33000000E+06  1.33000000E+06  1.33000000E+06 
 1.33000000E+06  1.33000000E+06  1.33000000E+06  1.33000000E+06  1.33000000E+06  1.33000000E+06 
 1.33000000E+06  1.33000000E+06  1.33000000E+06  1.33000000E+06  1.33000000E+06  1.33000000E+06 
 1.33000000E+06  1.33000000E+06  1.33000000E+06  1.33000000E+06  1.33000000E+06  1.33000000E+06 
 1.33000000E+06  1.33000000E+06  1.33000000E+06  1.33000000E+06  1.33000000E+06  1.33000000E+06 
 1.33000000E+06  1.33000000E+06  1.33000000E+06  1.33000000E+06  1.33000000E+06  1.33000000E+06 
 1.33000000E+06  1.33000000E+06  1.33000000E+06  1.33000000E+06  1.33000000E+06  1.33000000E+06 
 1.33000000E+06  1.33000000E+06  1.33000000E+06  1.33000000E+06  1.33000000E+06  1.33000000E+06 
 1.33000000E+06  1.33000000E+06  1.33000000E+06  1.33000000E+06  1.33000000E+06  1.33000000E+06 
 1.33000000E+06  1.33000000E+06  1.33000000E+06  1.33000000E+06  1.33000000E+06  1.33000000E+06 
 1.33000000E+06  1.33000000E+06  1.33000000E+06  1.33000000E+06  1.33000000E+06  1.33000000E+06 
'CROUXR' 
'E'  9.60000000E+05  9.60000000E+05  9.60000000E+05  0.00000000E+00 
'APPORTS' 

 2.77000008E+01  2.77000008E+01  2.77000008E+01  2.77000008E+01  2.77000008E+01  1.70000005E+00 
 1.70000005E+00  1.70000005E+00  1.70000005E+00  1.70000005E+00  1.70000005E+00  1.70000005E+00 
 1.70000005E+00  1.70000005E+00  1.70000005E+00  1.70000005E+00  1.70000005E+00  1.70000005E+00 
 1.70000005E+00  1.70000005E+00  1.70000005E+00  1.70000005E+00  1.70000005E+00  1.70000005E+00 
 1.70000005E+00  1.70000005E+00  1.70000005E+00  1.70000005E+00  1.70000005E+00  1.70000005E+00 
 1.70000005E+00  1.70000005E+00  1.70000005E+00  1.70000005E+00  1.70000005E+00  1.70000005E+00 
 1.70000005E+00  1.70000005E+00  1.70000005E+00  1.70000005E+00  1.70000005E+00  1.70000005E+00 
 1.70000005E+00  1.70000005E+00  1.70000005E+00  1.70000005E+00  1.70000005E+00  1.70000005E+00 
 1.70000005E+00  1.70000005E+00  1.70000005E+00  1.70000005E+00  1.70000005E+00  1.70000005E+00 
 1.70000005E+00  1.70000005E+00  1.70000005E+00  1.70000005E+00  1.70000005E+00  1.70000005E+00 
 1.70000005E+00  1.70000005E+00  1.70000005E+00  1.70000005E+00  1.70000005E+00  1.70000005E+00 
 1.70000005E+00  1.70000005E+00  1.70000005E+00  1.70000005E+00  1.70000005E+00  1.70000005E+00 
 1.70000005E+00  1.70000005E+00  1.70000005E+00  1.70000005E+00  1.70000005E+00  1.70000005E+00 
 1.70000005E+00  1.70000005E+00  1.70000005E+00  1.70000005E+00  1.70000005E+00  1.70000005E+00 
 1.70000005E+00  1.70000005E+00  1.70000005E+00  1.70000005E+00  1.70000005E+00  1.70000005E+00 
 1.70000005E+00  1.70000005E+00  1.70000005E+00  1.70000005E+00  1.70000005E+00  1.70000005E+00 
'MAX OPTIMISATION' 

 1.69200000E+06  1.69200000E+06  1.69200000E+06  1.69200000E+06  1.69200000E+06  1.69200000E+06 
 1.69200000E+06  1.69200000E+06  1.69200000E+06  1.69200000E+06  1.69200000E+06  1.69200000E+06 
 1.69200000E+06  1.69200000E+06  1.69200000E+06  1.69200000E+06  1.69200000E+06  1.69200000E+06 
 1.69200000E+06  1.69200000E+06  1.69200000E+06  1.69200000E+06  1.69200000E+06  1.69200000E+06 
 1.69200000E+06  1.69200000E+06  1.69200000E+06  1.69200000E+06  1.69200000E+06  1.69200000E+06 
 1.69200000E+06  1.69200000E+06  1.69200000E+06  1.69200000E+06  1.69200000E+06  1.69200000E+06 
 1.69200000E+06  1.69200000E+06  1.69200000E+06  1.69200000E+06  1.69200000E+06  1.69200000E+06 
 1.69200000E+06  1.69200000E+06  1.69200000E+06  1.69200000E+06  1.69200000E+06  2.71996938E+05 
 1.69200000E+06  1.69200000E+06  1.69200000E+06  1.69200000E+06  1.69200000E+06  1.69200000E+06 
 1.69200000E+06  1.69200000E+06  1.69200000E+06  1.69200000E+06  1.69200000E+06  1.69200000E+06 
 1.69200000E+06  1.69200000E+06  1.69200000E+06  1.69200000E+06  1.69200000E+06  1.69200000E+06 
 1.69200000E+06  1.69200000E+06  1.69200000E+06  1.69200000E+06  1.69200000E+06  1.69200000E+06 
 1.69200000E+06  1.69200000E+06  1.69200000E+06  1.69200000E+06  1.69200000E+06  1.69200000E+06 
 1.69200000E+06  1.69200000E+06  1.69200000E+06  1.69200000E+06  1.69200000E+06  1.69200000E+06 
 1.69200000E+06  1.69200000E+06  1.69200000E+06  1.69200000E+06  1.69200000E+06  1.69200000E+06 
 1.69200000E+06  1.69200000E+06  1.69200000E+06  1.69200000E+06  1.69200000E+06  1.69200000E+06 
'MIN OPTIMISATION' 

 2.52003672E+05  2.52003672E+05  2.52003672E+05  2.52003672E+05  2.52003672E+05  2.52003672E+05 
 2.52003672E+05  2.52003672E+05  2.52003672E+05  2.52003672E+05  2.52003672E+05  2.52003672E+05 
 2.52003672E+05  2.52003672E+05  2.52003672E+05  2.52003672E+05  2.52003672E+05  2.52003672E+05 
 2.52003672E+05  2.52003672E+05  2.52003672E+05  2.52003672E+05  2.52003672E+05  2.52003672E+05 
 2.52003672E+05  2.52003672E+05  2.52003672E+05  2.52003672E+05  2.52003672E+05  2.52003672E+05 
 2.52003672E+05  2.52003672E+05  2.52003672E+05  2.52003672E+05  2.52003672E+05  2.52003672E+05 
 2.52003672E+05  2.52003672E+05  2.52003672E+05  2.52003672E+05  2.52003672E+05  2.52003672E+05 
 2.52003672E+05  2.52003672E+05  2.52003672E+05  2.52003672E+05  2.52003672E+05  2.52003672E+05 
 2.52003672E+05  2.52003672E+05  2.52003672E+05  2.52003672E+05  2.52003672E+05  2.52003672E+05 
 2.52003672E+05  2.52003672E+05  2.52003672E+05  2.52003672E+05  2.52003672E+05  2.52003672E+05 
 2.52003672E+05  2.52003672E+05  2.52003672E+05  2.52003672E+05  2.52003672E+05  2.52003672E+05 
 2.52003672E+05  2.52003672E+05  2.52003672E+05  2.52003672E+05  2.52003672E+05  2.52003672E+05 
 2.52003672E+05  2.52003672E+05  2.52003672E+05  2.52003672E+05  2.52003672E+05  2.52003672E+05 
 2.52003672E+05  2.52003672E+05  2.52003672E+05  2.52003672E+05  2.52003672E+05  2.52003672E+05 
 2.52003672E+05  2.52003672E+05  2.52003672E+05  2.52003672E+05  2.52003672E+05  2.52003672E+05 
 2.52003672E+05  2.52003672E+05  2.52003672E+05  2.52003672E+05  2.52003672E+05  2.52003672E+05 
'MAX LISSAGE' 

 1.80000000E+06  1.80000000E+06  1.80000000E+06  1.80000000E+06  1.80000000E+06  1.80000000E+06 
 1.80000000E+06  1.80000000E+06  1.80000000E+06  1.80000000E+06  1.80000000E+06  1.80000000E+06 
 1.80000000E+06  1.80000000E+06  1.80000000E+06  1.80000000E+06  1.80000000E+06  1.80000000E+06 
 1.80000000E+06  1.80000000E+06  1.80000000E+06  1.80000000E+06  1.80000000E+06  1.80000000E+06 
 1.80000000E+06  1.80000000E+06  1.80000000E+06  1.80000000E+06  1.80000000E+06  1.80000000E+06 
 1.80000000E+06  1.80000000E+06  1.80000000E+06  1.80000000E+06  1.80000000E+06  1.80000000E+06 
 1.80000000E+06  1.80000000E+06  1.80000000E+06  1.80000000E+06  1.80000000E+06  1.80000000E+06 
 1.80000000E+06  1.80000000E+06  1.80000000E+06  1.80000000E+06  1.80000000E+06  1.80000000E+06 
 1.80000000E+06  1.80000000E+06  1.80000000E+06  1.80000000E+06  1.80000000E+06  1.80000000E+06 
 1.80000000E+06  1.80000000E+06  1.80000000E+06  1.80000000E+06  1.80000000E+06  1.80000000E+06 
 1.80000000E+06  1.80000000E+06  1.80000000E+06  1.80000000E+06  1.80000000E+06  1.80000000E+06 
 1.80000000E+06  1.80000000E+06  1.80000000E+06  1.80000000E+06  1.80000000E+06  1.80000000E+06 
 1.80000000E+06  1.80000000E+06  1.80000000E+06  1.80000000E+06  1.80000000E+06  1.80000000E+06 
 1.80000000E+06  1.80000000E+06  1.80000000E+06  1.80000000E+06  1.80000000E+06  1.80000000E+06 
 1.80000000E+06  1.80000000E+06  1.80000000E+06  1.80000000E+06  1.80000000E+06  1.80000000E+06 
 1.80000000E+06  1.80000000E+06  1.80000000E+06  1.80000000E+06  1.80000000E+06  1.80000000E+06 
'MIN LISSAGE' 

 1.90004891E+05  1.90004891E+05  1.90004891E+05  1.90004891E+05  1.90004891E+05  1.90004891E+05 
 1.90004891E+05  1.90004891E+05  1.90004891E+05  1.90004891E+05  1.90004891E+05  1.90004891E+05 
 1.90004891E+05  1.90004891E+05  1.90004891E+05  1.90004891E+05  1.90004891E+05  1.90004891E+05 
 1.90004891E+05  1.90004891E+05  1.90004891E+05  1.90004891E+05  1.90004891E+05  1.90004891E+05 
 1.90004891E+05  1.90004891E+05  1.90004891E+05  1.90004891E+05  1.90004891E+05  1.90004891E+05 
 1.90004891E+05  1.90004891E+05  1.90004891E+05  1.90004891E+05  1.90004891E+05  1.90004891E+05 
 1.90004891E+05  1.90004891E+05  1.90004891E+05  1.90004891E+05  1.90004891E+05  1.90004891E+05 
 1.90004891E+05  1.90004891E+05  1.90004891E+05  1.90004891E+05  1.90004891E+05  1.90004891E+05 
 1.90004891E+05  1.90004891E+05  1.90004891E+05  1.90004891E+05  1.90004891E+05  1.90004891E+05 
 1.90004891E+05  1.90004891E+05  1.90004891E+05  1.90004891E+05  1.90004891E+05  1.90004891E+05 
 1.90004891E+05  1.90004891E+05  1.90004891E+05  1.90004891E+05  1.90004891E+05  1.90004891E+05 
 1.90004891E+05  1.90004891E+05  1.90004891E+05  1.90004891E+05  1.90004891E+05  1.90004891E+05 
 1.90004891E+05  1.90004891E+05  1.90004891E+05  1.90004891E+05  1.90004891E+05  1.90004891E+05 
 1.90004891E+05  1.90004891E+05  1.90004891E+05  1.90004891E+05  1.90004891E+05  1.90004891E+05 
 1.90004891E+05  1.90004891E+05  1.90004891E+05  1.90004891E+05  1.90004891E+05  1.90004891E+05 
 1.90004891E+05  1.90004891E+05  1.90004891E+05  1.90004891E+05  1.90004891E+05  1.90004891E+05 
'S.SABR' 
'X'  0.00000000E+00  0.00000000E+00  0.00000000E+00  0.00000000E+00 
'APPORTS' 

 3.82999992E+01  3.82999992E+01  3.82999992E+01  3.82999992E+01  3.82999992E+01  3.82999992E+01 
 3.82999992E+01  3.82999992E+01  3.82999992E+01  3.82999992E+01  3.82999992E+01  3.82999992E+01 
 3.82999992E+01  3.82999992E+01  3.82999992E+01  8.00000012E-01  8.00000012E-01  8.00000012E-01 
 8.00000012E-01  8.00000012E-01  8.00000012E-01  8.00000012E-01  8.00000012E-01  8.00000012E-01 
 8.00000012E-01  8.00000012E-01  8.00000012E-01  8.00000012E-01  8.00000012E-01  8.00000012E-01 
 8.00000012E-01  8.00000012E-01  8.00000012E-01  8.00000012E-01  8.00000012E-01  8.00000012E-01 
 8.00000012E-01  8.00000012E-01  8.00000012E-01  8.00000012E-01  8.00000012E-01  8.00000012E-01 
 8.00000012E-01  8.00000012E-01  8.00000012E-01  8.00000012E-01  8.00000012E-01  8.00000012E-01 
 8.00000012E-01  8.00000012E-01  8.00000012E-01  8.00000012E-01  8.00000012E-01  8.00000012E-01 
 8.00000012E-01  8.00000012E-01  8.00000012E-01  8.00000012E-01  8.00000012E-01  8.00000012E-01 
 8.00000012E-01  8.00000012E-01  8.00000012E-01  8.00000012E-01  8.00000012E-01  8.00000012E-01 
 8.00000012E-01  8.00000012E-01  8.00000012E-01  8.00000012E-01  8.00000012E-01  8.00000012E-01 
 8.00000012E-01  8.00000012E-01  8.00000012E-01  8.00000012E-01  8.00000012E-01  8.00000012E-01 
 8.00000012E-01  8.00000012E-01  8.00000012E-01  8.00000012E-01  8.00000012E-01  8.00000012E-01 
 8.00000012E-01  8.00000012E-01  8.00000012E-01  8.00000012E-01  8.00000012E-01  8.00000012E-01 
 8.00000012E-01  8.00000012E-01  8.00000012E-01  8.00000012E-01  8.00000012E-01  8.00000012E-01 
'MAX OPTIMISATION' 

 0.00000000E+00  0.00000000E+00  0.00000000E+00  0.00000000E+00  0.00000000E+00  0.00000000E+00 
 0.00000000E+00  0.00000000E+00  0.00000000E+00  0.00000000E+00  0.00000000E+00  0.00000000E+00 
 0.00000000E+00  0.00000000E+00  0.00000000E+00  0.00000000E+00  0.00000000E+00  0.00000000E+00 
 0.00000000E+00  0.00000000E+00  0.00000000E+00  0.00000000E+00  0.00000000E+00  0.00000000E+00 
 0.00000000E+00  0.00000000E+00  0.00000000E+00  0.00000000E+00  0.00000000E+00  0.00000000E+00 
 0.00000000E+00  0.00000000E+00  0.00000000E+00  0.00000000E+00  0.00000000E+00  0.00000000E+00 
 0.00000000E+00  0.00000000E+00  0.00000000E+00  0.00000000E+00  0.00000000E+00  0.00000000E+00 
 0.00000000E+00  0.00000000E+00  0.00000000E+00  0.00000000E+00  0.00000000E+00  0.00000000E+00 
 0.00000000E+00  0.00000000E+00  0.00000000E+00  0.00000000E+00  0.00000000E+00  0.00000000E+00 
 0.00000000E+00  0.00000000E+00  0.00000000E+00  0.00000000E+00  0.00000000E+00  0.00000000E+00 
 0.00000000E+00  0.00000000E+00  0.00000000E+00  0.00000000E+00  0.00000000E+00  0.00000000E+00 
 0.00000000E+00  0.00000000E+00  0.00000000E+00  0.00000000E+00  0.00000000E+00  0.00000000E+00 
 0.00000000E+00  0.00000000E+00  0.00000000E+00  0.00000000E+00  0.00000000E+00  0.00000000E+00 
 0.00000000E+00  0.00000000E+00  0.00000000E+00  0.00000000E+00  0.00000000E+00  0.00000000E+00 
 0.00000000E+00  0.00000000E+00  0.00000000E+00  0.00000000E+00  0.00000000E+00  0.00000000E+00 
 0.00000000E+00  0.00000000E+00  0.00000000E+00  0.00000000E+00  0.00000000E+00  0.00000000E+00 
'MIN OPTIMISATION' 

 0.00000000E+00  0.00000000E+00  0.00000000E+00  0.00000000E+00  0.00000000E+00  0.00000000E+00 
 0.00000000E+00  0.00000000E+00  0.00000000E+00  0.00000000E+00  0.00000000E+00  0.00000000E+00 
 0.00000000E+00  0.00000000E+00  0.00000000E+00  0.00000000E+00  0.00000000E+00  0.00000000E+00 
 0.00000000E+00  0.00000000E+00  0.00000000E+00  0.00000000E+00  0.00000000E+00  0.00000000E+00 
 0.00000000E+00  0.00000000E+00  0.00000000E+00  0.00000000E+00  0.00000000E+00  0.00000000E+00 
 0.00000000E+00  0.00000000E+00  0.00000000E+00  0.00000000E+00  0.00000000E+00  0.00000000E+00 
 0.00000000E+00  0.00000000E+00  0.00000000E+00  0.00000000E+00  0.00000000E+00  0.00000000E+00 
 0.00000000E+00  0.00000000E+00  0.00000000E+00  0.00000000E+00  0.00000000E+00  0.00000000E+00 
 0.00000000E+00  0.00000000E+00  0.00000000E+00  0.00000000E+00  0.00000000E+00  0.00000000E+00 
 0.00000000E+00  0.00000000E+00  0.00000000E+00  0.00000000E+00  0.00000000E+00  0.00000000E+00 
 0.00000000E+00  0.00000000E+00  0.00000000E+00  0.00000000E+00  0.00000000E+00  0.00000000E+00 
 0.00000000E+00  0.00000000E+00  0.00000000E+00  0.00000000E+00  0.00000000E+00  0.00000000E+00 
 0.00000000E+00  0.00000000E+00  0.00000000E+00  0.00000000E+00  0.00000000E+00  0.00000000E+00 
 0.00000000E+00  0.00000000E+00  0.00000000E+00  0.00000000E+00  0.00000000E+00  0.00000000E+00 
 0.00000000E+00  0.00000000E+00  0.00000000E+00  0.00000000E+00  0.00000000E+00  0.00000000E+00 
 0.00000000E+00  0.00000000E+00  0.00000000E+00  0.00000000E+00  0.00000000E+00  0.00000000E+00 
'MAX LISSAGE' 

 0.00000000E+00  0.00000000E+00  0.00000000E+00  0.00000000E+00  0.00000000E+00  0.00000000E+00 
 0.00000000E+00  0.00000000E+00  0.00000000E+00  0.00000000E+00  0.00000000E+00  0.00000000E+00 
 0.00000000E+00  0.00000000E+00  0.00000000E+00  0.00000000E+00  0.00000000E+00  0.00000000E+00 
 0.00000000E+00  0.00000000E+00  0.00000000E+00  0.00000000E+00  0.00000000E+00  0.00000000E+00 
 0.00000000E+00  0.00000000E+00  0.00000000E+00  0.00000000E+00  0.00000000E+00  0.00000000E+00 
 0.00000000E+00  0.00000000E+00  0.00000000E+00  0.00000000E+00  0.00000000E+00  0.00000000E+00 
 0.00000000E+00  0.00000000E+00  0.00000000E+00  0.00000000E+00  0.00000000E+00  0.00000000E+00 
 0.00000000E+00  0.00000000E+00  0.00000000E+00  0.00000000E+00  0.00000000E+00  0.00000000E+00 
 0.00000000E+00  0.00000000E+00  0.00000000E+00  0.00000000E+00  0.00000000E+00  0.00000000E+00 
 0.00000000E+00  0.00000000E+00  0.00000000E+00  0.00000000E+00  0.00000000E+00  0.00000000E+00 
 0.00000000E+00  0.00000000E+00  0.00000000E+00  0.00000000E+00  0.00000000E+00  0.00000000E+00 
 0.00000000E+00  0.00000000E+00  0.00000000E+00  0.00000000E+00  0.00000000E+00  0.00000000E+00 
 0.00000000E+00  0.00000000E+00  0.00000000E+00  0.00000000E+00  0.00000000E+00  0.00000000E+00 
 0.00000000E+00  0.00000000E+00  0.00000000E+00  0.00000000E+00  0.00000000E+00  0.00000000E+00 
 0.00000000E+00  0.00000000E+00  0.00000000E+00  0.00000000E+00  0.00000000E+00  0.00000000E+00 
 0.00000000E+00  0.00000000E+00  0.00000000E+00  0.00000000E+00  0.00000000E+00  0.00000000E+00 
'MIN LISSAGE' 

 0.00000000E+00  0.00000000E+00  0.00000000E+00  0.00000000E+00  0.00000000E+00  0.00000000E+00 
 0.00000000E+00  0.00000000E+00  0.00000000E+00  0.00000000E+00  0.00000000E+00  0.00000000E+00 
 0.00000000E+00  0.00000000E+00  0.00000000E+00  0.00000000E+00  0.00000000E+00  0.00000000E+00 
 0.00000000E+00  0.00000000E+00  0.00000000E+00  0.00000000E+00  0.00000000E+00  0.00000000E+00 
 0.00000000E+00  0.00000000E+00  0.00000000E+00  0.00000000E+00  0.00000000E+00  0.00000000E+00 
 0.00000000E+00  0.00000000E+00  0.00000000E+00  0.00000000E+00  0.00000000E+00  0.00000000E+00 
 0.00000000E+00  0.00000000E+00  0.00000000E+00  0.00000000E+00  0.00000000E+00  0.00000000E+00 
 0.00000000E+00  0.00000000E+00  0.00000000E+00  0.00000000E+00  0.00000000E+00  0.00000000E+00 
 0.00000000E+00  0.00000000E+00  0.00000000E+00  0.00000000E+00  0.00000000E+00  0.00000000E+00 
 0.00000000E+00  0.00000000E+00  0.00000000E+00  0.00000000E+00  0.00000000E+00  0.00000000E+00 
 0.00000000E+00  0.00000000E+00  0.00000000E+00  0.00000000E+00  0.00000000E+00  0.00000000E+00 
 0.00000000E+00  0.00000000E+00  0.00000000E+00  0.00000000E+00  0.00000000E+00  0.00000000E+00 
 0.00000000E+00  0.00000000E+00  0.00000000E+00  0.00000000E+00  0.00000000E+00  0.00000000E+00 
 0.00000000E+00  0.00000000E+00  0.00000000E+00  0.00000000E+00  0.00000000E+00  0.00000000E+00 
 0.00000000E+00  0.00000000E+00  0.00000000E+00  0.00000000E+00  0.00000000E+00  0.00000000E+00 
 0.00000000E+00  0.00000000E+00  0.00000000E+00  0.00000000E+00  0.00000000E+00  0.00000000E+00 
'S.PONR' 
'E'  8.09249984E+08  8.27000000E+07  1.02414003E+09  1.02899998E-01 
'APPORTS' 

 0.00000000E+00  0.00000000E+00  0.00000000E+00  0.00000000E+00  0.00000000E+00  0.00000000E+00 
 0.00000000E+00  0.00000000E+00  0.00000000E+00  0.00000000E+00  0.00000000E+00  0.00000000E+00 
 0.00000000E+00  0.00000000E+00  0.00000000E+00  0.00000000E+00  0.00000000E+00  0.00000000E+00 
 0.00000000E+00  0.00000000E+00  0.00000000E+00  0.00000000E+00  0.00000000E+00  0.00000000E+00 
 0.00000000E+00  0.00000000E+00  0.00000000E+00  0.00000000E+00  0.00000000E+00  0.00000000E+00 
 0.00000000E+00  0.00000000E+00  0.00000000E+00  0.00000000E+00  0.00000000E+00  0.00000000E+00 
 0.00000000E+00  0.00000000E+00  0.00000000E+00  0.00000000E+00  0.00000000E+00  0.00000000E+00 
 0.00000000E+00  0.00000000E+00  0.00000000E+00  0.00000000E+00  0.00000000E+00  0.00000000E+00 
 0.00000000E+00  0.00000000E+00  0.00000000E+00  0.00000000E+00  0.00000000E+00  0.00000000E+00 
 0.00000000E+00  0.00000000E+00  0.00000000E+00  0.00000000E+00  0.00000000E+00  0.00000000E+00 
 0.00000000E+00  0.00000000E+00  0.00000000E+00  0.00000000E+00  0.00000000E+00  0.00000000E+00 
 0.00000000E+00  0.00000000E+00  0.00000000E+00  0.00000000E+00  0.00000000E+00  0.00000000E+00 
 0.00000000E+00  0.00000000E+00  0.00000000E+00  0.00000000E+00  0.00000000E+00  0.00000000E+00 
 0.00000000E+00  0.00000000E+00  0.00000000E+00  0.00000000E+00  0.00000000E+00  0.00000000E+00 
 0.00000000E+00  0.00000000E+00  0.00000000E+00  0.00000000E+00  0.00000000E+00  0.00000000E+00 
 0.00000000E+00  0.00000000E+00  0.00000000E+00  0.00000000E+00  0.00000000E+00  0.00000000E+00 
'MAX OPTIMISATION' 

 1.02414003E+09  1.02414003E+09  1.02414003E+09  1.02414003E+09  1.02414003E+09  1.02414003E+09 
 1.02414003E+09  1.02414003E+09  1.02414003E+09  1.02414003E+09  1.02414003E+09  1.02414003E+09 
 1.02414003E+09  1.02414003E+09  1.02414003E+09  1.02414003E+09  1.02414003E+09  1.02414003E+09 
 1.02414003E+09  1.02414003E+09  1.02414003E+09  1.02414003E+09  1.02414003E+09  1.02414003E+09 
 1.02414003E+09  1.02414003E+09  1.02414003E+09  1.02414003E+09  1.02414003E+09  1.02414003E+09 
 1.02414003E+09  1.02414003E+09  1.02414003E+09  1.02414003E+09  1.02414003E+09  1.02414003E+09 
 1.02414003E+09  1.02414003E+09  1.02414003E+09  1.02414003E+09  1.02414003E+09  1.02414003E+09 
 1.02414003E+09  1.02414003E+09  1.02414003E+09  1.02414003E+09  1.02414003E+09  1.02414003E+09 
 1.02414003E+09  1.02414003E+09  1.02414003E+09  1.02414003E+09  1.02414003E+09  1.02414003E+09 
 1.02414003E+09  1.02414003E+09  1.02414003E+09  1.02414003E+09  1.02414003E+09  1.02414003E+09 
 1.02414003E+09  1.02414003E+09  1.02414003E+09  1.02414003E+09  1.02414003E+09  1.02414003E+09 
 1.02414003E+09  1.02414003E+09  1.02414003E+09  1.02414003E+09  1.02414003E+09  1.02414003E+09 
 1.02414003E+09  1.02414003E+09  1.02414003E+09  1.02414003E+09  1.02414003E+09  1.02414003E+09 
 1.02414003E+09  1.02414003E+09  1.02414003E+09  1.02414003E+09  1.02414003E+09  1.02414003E+09 
 1.02414003E+09  1.02414003E+09  1.02414003E+09  1.02414003E+09  1.02414003E+09  1.02414003E+09 
 1.02414003E+09  1.02414003E+09  1.02414003E+09  1.02414003E+09  1.02414003E+09  1.02414003E+09 
'MIN OPTIMISATION' 

 8.27000000E+07  8.27000000E+07  8.27000000E+07  8.27000000E+07  8.27000000E+07  8.27000000E+07 
 8.27000000E+07  8.27000000E+07  8.27000000E+07  8.27000000E+07  8.27000000E+07  8.27000000E+07 
 8.27000000E+07  8.27000000E+07  8.27000000E+07  8.27000000E+07  8.27000000E+07  8.27000000E+07 
 8.27000000E+07  8.27000000E+07  8.27000000E+07  8.27000000E+07  8.27000000E+07  8.27000000E+07 
 8.27000000E+07  8.27000000E+07  8.27000000E+07  8.27000000E+07  8.27000000E+07  8.27000000E+07 
 8.27000000E+07  8.27000000E+07  8.27000000E+07  8.27000000E+07  8.27000000E+07  8.27000000E+07 
 8.27000000E+07  8.27000000E+07  8.27000000E+07  8.27000000E+07  8.27000000E+07  8.27000000E+07 
 8.27000000E+07  8.27000000E+07  8.27000000E+07  8.27000000E+07  8.27000000E+07  8.27000000E+07 
 8.27000000E+07  8.27000000E+07  8.27000000E+07  8.27000000E+07  8.27000000E+07  8.27000000E+07 
 8.27000000E+07  8.27000000E+07  8.27000000E+07  8.27000000E+07  8.27000000E+07  8.27000000E+07 
 8.27000000E+07  8.27000000E+07  8.27000000E+07  8.27000000E+07  8.27000000E+07  8.27000000E+07 
 8.27000000E+07  8.27000000E+07  8.27000000E+07  8.27000000E+07  8.27000000E+07  8.27000000E+07 
 8.27000000E+07  8.27000000E+07  8.27000000E+07  8.27000000E+07  8.27000000E+07  8.27000000E+07 
 8.27000000E+07  8.27000000E+07  8.27000000E+07  8.27000000E+07  8.27000000E+07  8.27000000E+07 
 8.27000000E+07  8.27000000E+07  8.27000000E+07  8.27000000E+07  8.27000000E+07  8.27000000E+07 
 8.27000000E+07  8.27000000E+07  8.27000000E+07  8.27000000E+07  8.27000000E+07  8.27000000E+07 
'MAX LISSAGE' 

 1.02414003E+09  1.02414003E+09  1.02414003E+09  1.02414003E+09  1.02414003E+09  1.02414003E+09 
 1.02414003E+09  1.02414003E+09  1.02414003E+09  1.02414003E+09  1.02414003E+09  1.02414003E+09 
 1.02414003E+09  1.02414003E+09  1.02414003E+09  1.02414003E+09  1.02414003E+09  1.02414003E+09 
 1.02414003E+09  1.02414003E+09  1.02414003E+09  1.02414003E+09  1.02414003E+09  1.02414003E+09 
 1.02414003E+09  1.02414003E+09  1.02414003E+09  1.02414003E+09  1.02414003E+09  1.02414003E+09 
 1.02414003E+09  1.02414003E+09  1.02414003E+09  1.02414003E+09  1.02414003E+09  1.02414003E+09 
 1.02414003E+09  1.02414003E+09  1.02414003E+09  1.02414003E+09  1.02414003E+09  1.02414003E+09 
 1.02414003E+09  1.02414003E+09  1.02414003E+09  1.02414003E+09  1.02414003E+09  1.02414003E+09 
 1.02414003E+09  1.02414003E+09  1.02414003E+09  1.02414003E+09  1.02414003E+09  1.02414003E+09 
 1.02414003E+09  1.02414003E+09  1.02414003E+09  1.02414003E+09  1.02414003E+09  1.02414003E+09 
 1.02414003E+09  1.02414003E+09  1.02414003E+09  1.02414003E+09  1.02414003E+09  1.02414003E+09 
 1.02414003E+09  1.02414003E+09  1.02414003E+09  1.02414003E+09  1.02414003E+09  1.02414003E+09 
 1.02414003E+09  1.02414003E+09  1.02414003E+09  1.02414003E+09  1.02414003E+09  1.02414003E+09 
 1.02414003E+09  1.02414003E+09  1.02414003E+09  1.02414003E+09  1.02414003E+09  1.02414003E+09 
 1.02414003E+09  1.02414003E+09  1.02414003E+09  1.02414003E+09  1.02414003E+09  1.02414003E+09 
 1.02414003E+09  1.02414003E+09  1.02414003E+09  1.02414003E+09  1.02414003E+09  1.02414003E+09 
'MIN LISSAGE' 

 2.93000000E+07  2.93000000E+07  2.93000000E+07  2.93000000E+07  2.93000000E+07  2.93000000E+07 
 2.93000000E+07  2.93000000E+07  2.93000000E+07  2.93000000E+07  2.93000000E+07  2.93000000E+07 
 2.93000000E+07  2.93000000E+07  2.93000000E+07  2.93000000E+07  2.93000000E+07  2.93000000E+07 
 2.93000000E+07  2.93000000E+07  2.93000000E+07  2.93000000E+07  2.93000000E+07  2.93000000E+07 
 2.93000000E+07  2.93000000E+07  2.93000000E+07  2.93000000E+07  2.93000000E+07  2.93000000E+07 
 2.93000000E+07  2.93000000E+07  2.93000000E+07  2.93000000E+07  2.93000000E+07  2.93000000E+07 
 2.93000000E+07  2.93000000E+07  2.93000000E+07  2.93000000E+07  2.93000000E+07  2.93000000E+07 
 2.93000000E+07  2.93000000E+07  2.93000000E+07  2.93000000E+07  2.93000000E+07  2.93000000E+07 
 2.93000000E+07  2.93000000E+07  2.93000000E+07  2.93000000E+07  2.93000000E+07  2.93000000E+07 
 2.93000000E+07  2.93000000E+07  2.93000000E+07  2.93000000E+07  2.93000000E+07  2.93000000E+07 
 2.93000000E+07  2.93000000E+07  2.93000000E+07  2.93000000E+07  2.93000000E+07  2.93000000E+07 
 2.93000000E+07  2.93000000E+07  2.93000000E+07  2.93000000E+07  2.93000000E+07  2.93000000E+07 
 2.93000000E+07  2.93000000E+07  2.93000000E+07  2.93000000E+07  2.93000000E+07  2.93000000E+07 
 2.93000000E+07  2.93000000E+07  2.93000000E+07  2.93000000E+07  2.93000000E+07  2.93000000E+07 
 2.93000000E+07  2.93000000E+07  2.93000000E+07  2.93000000E+07  2.93000000E+07  2.93000000E+07 
 2.93000000E+07  2.93000000E+07  2.93000000E+07  2.93000000E+07  2.93000000E+07  2.93000000E+07 
'ESPINR' 
'E'  3.85000000E+05  3.85000000E+05  3.85000000E+05  0.00000000E+00 
'APPORTS' 

-4.00000000E+00 -4.00000000E+00 -4.00000000E+00 -4.00000000E+00 -4.00000000E+00 -4.00000000E+00 
-4.00000000E+00 -4.00000000E+00 -4.00000000E+00 -4.00000000E+00 -4.00000000E+00 -4.00000000E+00 
-4.00000000E+00 -4.00000000E+00 -4.00000000E+00 -4.00000000E+00 -4.00000000E+00 -4.00000000E+00 
-4.00000000E+00 -4.00000000E+00 -4.00000000E+00 -4.00000000E+00 -4.00000000E+00 -4.00000000E+00 
-4.00000000E+00 -4.00000000E+00 -4.00000000E+00 -4.00000000E+00 -4.00000000E+00 -4.00000000E+00 
-4.00000000E+00 -4.00000000E+00 -4.00000000E+00 -4.00000000E+00 -4.00000000E+00 -4.00000000E+00 
-4.00000000E+00 -4.00000000E+00 -4.00000000E+00 -4.00000000E+00 -4.00000000E+00 -4.00000000E+00 
-4.00000000E+00 -4.00000000E+00 -4.00000000E+00 -4.00000000E+00 -4.00000000E+00 -4.00000000E+00 
-4.00000000E+00 -4.00000000E+00 -4.00000000E+00 -4.00000000E+00 -4.00000000E+00 -4.00000000E+00 
-4.00000000E+00 -4.00000000E+00 -4.00000000E+00 -4.00000000E+00 -4.00000000E+00 -4.00000000E+00 
-4.00000000E+00 -4.00000000E+00 -4.00000000E+00 -4.00000000E+00 -4.00000000E+00 -4.00000000E+00 
-4.00000000E+00 -4.00000000E+00 -4.00000000E+00 -4.00000000E+00 -4.00000000E+00 -4.00000000E+00 
-4.00000000E+00 -4.00000000E+00 -4.00000000E+00 -4.00000000E+00 -4.00000000E+00 -4.00000000E+00 
-4.00000000E+00 -4.00000000E+00 -4.00000000E+00 -4.00000000E+00 -4.00000000E+00 -4.00000000E+00 
-4.00000000E+00 -4.00000000E+00 -4.00000000E+00 -4.00000000E+00 -4.00000000E+00 -4.00000000E+00 
-4.00000000E+00 -4.00000000E+00 -4.00000000E+00 -4.00000000E+00 -4.00000000E+00 -4.00000000E+00 
'MAX OPTIMISATION' 

 1.26300000E+06  1.26300000E+06  1.26300000E+06  1.26300000E+06  1.26300000E+06  1.26300000E+06 
 1.26300000E+06  1.26300000E+06  1.26300000E+06  1.26300000E+06  1.26300000E+06  1.26300000E+06 
 1.26300000E+06  1.26300000E+06  1.26300000E+06  1.26300000E+06  1.26300000E+06  1.26300000E+06 
 1.26300000E+06  1.26300000E+06  1.26300000E+06  1.26300000E+06  1.26300000E+06  1.26300000E+06 
 1.26300000E+06  1.26300000E+06  1.26300000E+06  1.26300000E+06  1.26300000E+06  1.26300000E+06 
 1.26300000E+06  1.26300000E+06  1.26300000E+06  1.26300000E+06  1.26300000E+06  1.26300000E+06 
 1.26300000E+06  1.26300000E+06  1.26300000E+06  1.26300000E+06  1.26300000E+06  1.26300000E+06 
 1.26300000E+06  1.26300000E+06  1.26300000E+06  1.26300000E+06  1.26300000E+06  1.26300000E+06 
 1.26300000E+06  1.26300000E+06  1.26300000E+06  1.26300000E+06  1.26300000E+06  1.26300000E+06 
 1.26300000E+06  1.26300000E+06  1.26300000E+06  1.26300000E+06  1.26300000E+06  1.26300000E+06 
 1.26300000E+06  1.26300000E+06  1.26300000E+06  1.26300000E+06  1.26300000E+06  1.26300000E+06 
 1.26300000E+06  1.26300000E+06  1.26300000E+06  1.26300000E+06  1.26300000E+06  1.26300000E+06 
 1.26300000E+06  1.26300000E+06  1.26300000E+06  1.26300000E+06  1.26300000E+06  1.26300000E+06 
 1.26300000E+06  1.26300000E+06  1.26300000E+06  1.26300000E+06  1.26300000E+06  1.26300000E+06 
 1.26300000E+06  1.26300000E+06  1.26300000E+06  1.26300000E+06  1.26300000E+06  1.26300000E+06 
 1.26300000E+06  1.26300000E+06  1.26300000E+06  1.26300000E+06  1.26300000E+06  1.26300000E+06 
'MIN OPTIMISATION' 

 2.59999984E+05  2.59999984E+05  2.59999984E+05  2.59999984E+05  2.59999984E+05  2.59999984E+05 
 2.59999984E+05  2.59999984E+05  2.59999984E+05  2.59999984E+05  2.59999984E+05  2.59999984E+05 
 2.59999984E+05  2.59999984E+05  2.59999984E+05  2.59999984E+05  2.59999984E+05  2.59999984E+05 
 2.59999984E+05  2.59999984E+05  2.59999984E+05  2.59999984E+05  2.59999984E+05  2.59999984E+05 
 2.59999984E+05  2.59999984E+05  2.59999984E+05  2.59999984E+05  2.59999984E+05  2.59999984E+05 
 2.59999984E+05  2.59999984E+05  2.59999984E+05  2.59999984E+05  2.59999984E+05  2.59999984E+05 
 2.59999984E+05  2.59999984E+05  2.59999984E+05  2.59999984E+05  2.59999984E+05  2.59999984E+05 
 2.59999984E+05  2.59999984E+05  2.59999984E+05  2.59999984E+05  2.59999984E+05  2.59999984E+05 
 2.59999984E+05  2.59999984E+05  2.59999984E+05  2.59999984E+05  2.59999984E+05  2.59999984E+05 
 2.59999984E+05  2.59999984E+05  2.59999984E+05  2.59999984E+05  2.59999984E+05  2.59999984E+05 
 2.59999984E+05  2.59999984E+05  2.59999984E+05  2.59999984E+05  2.59999984E+05  2.59999984E+05 
 2.59999984E+05  2.59999984E+05  2.59999984E+05  2.59999984E+05  2.59999984E+05  2.59999984E+05 
 2.59999984E+05  2.59999984E+05  2.59999984E+05  2.59999984E+05  2.59999984E+05  2.59999984E+05 
 2.59999984E+05  2.59999984E+05  2.59999984E+05  2.59999984E+05  2.59999984E+05  2.59999984E+05 
 2.59999984E+05  2.59999984E+05  2.59999984E+05  2.59999984E+05  2.59999984E+05  2.59999984E+05 
 2.59999984E+05  2.59999984E+05  2.59999984E+05  2.59999984E+05  2.59999984E+05  2.59999984E+05 
'MAX LISSAGE' 

 1.45000000E+06  1.45000000E+06  1.45000000E+06  1.45000000E+06  1.45000000E+06  1.45000000E+06 
 1.45000000E+06  1.45000000E+06  1.45000000E+06  1.45000000E+06  1.45000000E+06  1.45000000E+06 
 1.45000000E+06  1.45000000E+06  1.45000000E+06  1.45000000E+06  1.45000000E+06  1.45000000E+06 
 1.45000000E+06  1.45000000E+06  1.45000000E+06  1.45000000E+06  1.45000000E+06  1.45000000E+06 
 1.45000000E+06  1.45000000E+06  1.45000000E+06  1.45000000E+06  1.45000000E+06  1.45000000E+06 
 1.45000000E+06  1.45000000E+06  1.45000000E+06  1.45000000E+06  1.45000000E+06  1.45000000E+06 
 1.45000000E+06  1.45000000E+06  1.45000000E+06  1.45000000E+06  1.45000000E+06  1.45000000E+06 
 1.45000000E+06  1.45000000E+06  1.45000000E+06  1.45000000E+06  1.45000000E+06  1.45000000E+06 
 1.45000000E+06  1.45000000E+06  1.45000000E+06  1.45000000E+06  1.45000000E+06  1.45000000E+06 
 1.45000000E+06  1.45000000E+06  1.45000000E+06  1.45000000E+06  1.45000000E+06  1.45000000E+06 
 1.45000000E+06  1.45000000E+06  1.45000000E+06  1.45000000E+06  1.45000000E+06  1.45000000E+06 
 1.45000000E+06  1.45000000E+06  1.45000000E+06  1.45000000E+06  1.45000000E+06  1.45000000E+06 
 1.45000000E+06  1.45000000E+06  1.45000000E+06  1.45000000E+06  1.45000000E+06  1.45000000E+06 
 1.45000000E+06  1.45000000E+06  1.45000000E+06  1.45000000E+06  1.45000000E+06  1.45000000E+06 
 1.45000000E+06  1.45000000E+06  1.45000000E+06  1.45000000E+06  1.45000000E+06  1.45000000E+06 
 1.45000000E+06  1.45000000E+06  1.45000000E+06  1.45000000E+06  1.45000000E+06  1.45000000E+06 
'MIN LISSAGE' 

 1.00000000E+05  1.00000000E+05  1.00000000E+05  1.00000000E+05  1.00000000E+05  1.00000000E+05 
 1.00000000E+05  1.00000000E+05  1.00000000E+05  1.00000000E+05  1.00000000E+05  1.00000000E+05 
 1.00000000E+05  1.00000000E+05  1.00000000E+05  1.00000000E+05  1.00000000E+05  1.00000000E+05 
 1.00000000E+05  1.00000000E+05  1.00000000E+05  1.00000000E+05  1.00000000E+05  1.00000000E+05 
 1.00000000E+05  1.00000000E+05  1.00000000E+05  1.00000000E+05  1.00000000E+05  1.00000000E+05 
 1.00000000E+05  1.00000000E+05  1.00000000E+05  1.00000000E+05  1.00000000E+05  1.00000000E+05 
 1.00000000E+05  1.00000000E+05  1.00000000E+05  1.00000000E+05  1.00000000E+05  1.00000000E+05 
 1.00000000E+05  1.00000000E+05  1.00000000E+05  1.00000000E+05  1.00000000E+05  1.00000000E+05 
 1.00000000E+05  1.00000000E+05  1.00000000E+05  1.00000000E+05  1.00000000E+05  1.00000000E+05 
 1.00000000E+05  1.00000000E+05  1.00000000E+05  1.00000000E+05  1.00000000E+05  1.00000000E+05 
 1.00000000E+05  1.00000000E+05  1.00000000E+05  1.00000000E+05  1.00000000E+05  1.00000000E+05 
 1.00000000E+05  1.00000000E+05  1.00000000E+05  1.00000000E+05  1.00000000E+05  1.00000000E+05 
 1.00000000E+05  1.00000000E+05  1.00000000E+05  1.00000000E+05  1.00000000E+05  1.00000000E+05 
 1.00000000E+05  1.00000000E+05  1.00000000E+05  1.00000000E+05  1.00000000E+05  1.00000000E+05 
 1.00000000E+05  1.00000000E+05  1.00000000E+05  1.00000000E+05  1.00000000E+05  1.00000000E+05 
 1.00000000E+05  1.00000000E+05  1.00000000E+05  1.00000000E+05  1.00000000E+05  1.00000000E+05 
'SISTER' 
'X'  0.00000000E+00  0.00000000E+00  0.00000000E+00  0.00000000E+00 
'APPORTS' 

 0.00000000E+00  0.00000000E+00  0.00000000E+00  0.00000000E+00  0.00000000E+00  0.00000000E+00 
 0.00000000E+00  0.00000000E+00  0.00000000E+00  0.00000000E+00  0.00000000E+00  0.00000000E+00 
 0.00000000E+00  0.00000000E+00  0.00000000E+00  0.00000000E+00  0.00000000E+00  0.00000000E+00 
 0.00000000E+00  0.00000000E+00  0.00000000E+00  0.00000000E+00  0.00000000E+00  0.00000000E+00 
 0.00000000E+00  0.00000000E+00  0.00000000E+00  0.00000000E+00  0.00000000E+00  0.00000000E+00 
 0.00000000E+00  0.00000000E+00  0.00000000E+00  0.00000000E+00  0.00000000E+00  0.00000000E+00 
 0.00000000E+00  0.00000000E+00  0.00000000E+00  0.00000000E+00  0.00000000E+00  0.00000000E+00 
 0.00000000E+00  0.00000000E+00  0.00000000E+00  0.00000000E+00  0.00000000E+00  0.00000000E+00 
 0.00000000E+00  0.00000000E+00  0.00000000E+00  0.00000000E+00  0.00000000E+00  0.00000000E+00 
 0.00000000E+00  0.00000000E+00  0.00000000E+00  0.00000000E+00  0.00000000E+00  0.00000000E+00 
 0.00000000E+00  0.00000000E+00  0.00000000E+00  0.00000000E+00  0.00000000E+00  0.00000000E+00 
 0.00000000E+00  0.00000000E+00  0.00000000E+00  0.00000000E+00  0.00000000E+00  0.00000000E+00 
 0.00000000E+00  0.00000000E+00  0.00000000E+00  0.00000000E+00  0.00000000E+00  0.00000000E+00 
 0.00000000E+00  0.00000000E+00  0.00000000E+00  0.00000000E+00  0.00000000E+00  0.00000000E+00 
 0.00000000E+00  0.00000000E+00  0.00000000E+00  0.00000000E+00  0.00000000E+00  0.00000000E+00 
 0.00000000E+00  0.00000000E+00  0.00000000E+00  0.00000000E+00  0.00000000E+00  0.00000000E+00 
'MAX OPTIMISATION' 

 0.00000000E+00  0.00000000E+00  0.00000000E+00  0.00000000E+00  0.00000000E+00  0.00000000E+00 
 0.00000000E+00  0.00000000E+00  0.00000000E+00  0.00000000E+00  0.00000000E+00  0.00000000E+00 
 0.00000000E+00  0.00000000E+00  0.00000000E+00  0.00000000E+00  0.00000000E+00  0.00000000E+00 
 0.00000000E+00  0.00000000E+00  0.00000000E+00  0.00000000E+00  0.00000000E+00  0.00000000E+00 
 0.00000000E+00  0.00000000E+00  0.00000000E+00  0.00000000E+00  0.00000000E+00  0.00000000E+00 
 0.00000000E+00  0.00000000E+00  0.00000000E+00  0.00000000E+00  0.00000000E+00  0.00000000E+00 
 0.00000000E+00  0.00000000E+00  0.00000000E+00  0.00000000E+00  0.00000000E+00  0.00000000E+00 
 0.00000000E+00  0.00000000E+00  0.00000000E+00  0.00000000E+00  0.00000000E+00  0.00000000E+00 
 0.00000000E+00  0.00000000E+00  0.00000000E+00  0.00000000E+00  0.00000000E+00  0.00000000E+00 
 0.00000000E+00  0.00000000E+00  0.00000000E+00  0.00000000E+00  0.00000000E+00  0.00000000E+00 
 0.00000000E+00  0.00000000E+00  0.00000000E+00  0.00000000E+00  0.00000000E+00  0.00000000E+00 
 0.00000000E+00  0.00000000E+00  0.00000000E+00  0.00000000E+00  0.00000000E+00  0.00000000E+00 
 0.00000000E+00  0.00000000E+00  0.00000000E+00  0.00000000E+00  0.00000000E+00  0.00000000E+00 
 0.00000000E+00  0.00000000E+00  0.00000000E+00  0.00000000E+00  0.00000000E+00  0.00000000E+00 
 0.00000000E+00  0.00000000E+00  0.00000000E+00  0.00000000E+00  0.00000000E+00  0.00000000E+00 
 0.00000000E+00  0.00000000E+00  0.00000000E+00  0.00000000E+00  0.00000000E+00  0.00000000E+00 
'MIN OPTIMISATION' 

 0.00000000E+00  0.00000000E+00  0.00000000E+00  0.00000000E+00  0.00000000E+00  0.00000000E+00 
 0.00000000E+00  0.00000000E+00  0.00000000E+00  0.00000000E+00  0.00000000E+00  0.00000000E+00 
 0.00000000E+00  0.00000000E+00  0.00000000E+00  0.00000000E+00  0.00000000E+00  0.00000000E+00 
 0.00000000E+00  0.00000000E+00  0.00000000E+00  0.00000000E+00  0.00000000E+00  0.00000000E+00 
 0.00000000E+00  0.00000000E+00  0.00000000E+00  0.00000000E+00  0.00000000E+00  0.00000000E+00 
 0.00000000E+00  0.00000000E+00  0.00000000E+00  0.00000000E+00  0.00000000E+00  0.00000000E+00 
 0.00000000E+00  0.00000000E+00  0.00000000E+00  0.00000000E+00  0.00000000E+00  0.00000000E+00 
 0.00000000E+00  0.00000000E+00  0.00000000E+00  0.00000000E+00  0.00000000E+00  0.00000000E+00 
 0.00000000E+00  0.00000000E+00  0.00000000E+00  0.00000000E+00  0.00000000E+00  0.00000000E+00 
 0.00000000E+00  0.00000000E+00  0.00000000E+00  0.00000000E+00  0.00000000E+00  0.00000000E+00 
 0.00000000E+00  0.00000000E+00  0.00000000E+00  0.00000000E+00  0.00000000E+00  0.00000000E+00 
 0.00000000E+00  0.00000000E+00  0.00000000E+00  0.00000000E+00  0.00000000E+00  0.00000000E+00 
 0.00000000E+00  0.00000000E+00  0.00000000E+00  0.00000000E+00  0.00000000E+00  0.00000000E+00 
 0.00000000E+00  0.00000000E+00  0.00000000E+00  0.00000000E+00  0.00000000E+00  0.00000000E+00 
 0.00000000E+00  0.00000000E+00  0.00000000E+00  0.00000000E+00  0.00000000E+00  0.00000000E+00 
 0.00000000E+00  0.00000000E+00  0.00000000E+00  0.00000000E+00  0.00000000E+00  0.00000000E+00 
'MAX LISSAGE' 

 0.00000000E+00  0.00000000E+00  0.00000000E+00  0.00000000E+00  0.00000000E+00  0.00000000E+00 
 0.00000000E+00  0.00000000E+00  0.00000000E+00  0.00000000E+00  0.00000000E+00  0.00000000E+00 
 0.00000000E+00  0.00000000E+00  0.00000000E+00  0.00000000E+00  0.00000000E+00  0.00000000E+00 
 0.00000000E+00  0.00000000E+00  0.00000000E+00  0.00000000E+00  0.00000000E+00  0.00000000E+00 
 0.00000000E+00  0.00000000E+00  0.00000000E+00  0.00000000E+00  0.00000000E+00  0.00000000E+00 
 0.00000000E+00  0.00000000E+00  0.00000000E+00  0.00000000E+00  0.00000000E+00  0.00000000E+00 
 0.00000000E+00  0.00000000E+00  0.00000000E+00  0.00000000E+00  0.00000000E+00  0.00000000E+00 
 0.00000000E+00  0.00000000E+00  0.00000000E+00  0.00000000E+00  0.00000000E+00  0.00000000E+00 
 0.00000000E+00  0.00000000E+00  0.00000000E+00  0.00000000E+00  0.00000000E+00  0.00000000E+00 
 0.00000000E+00  0.00000000E+00  0.00000000E+00  0.00000000E+00  0.00000000E+00  0.00000000E+00 
 0.00000000E+00  0.00000000E+00  0.00000000E+00  0.00000000E+00  0.00000000E+00  0.00000000E+00 
 0.00000000E+00  0.00000000E+00  0.00000000E+00  0.00000000E+00  0.00000000E+00  0.00000000E+00 
 0.00000000E+00  0.00000000E+00  0.00000000E+00  0.00000000E+00  0.00000000E+00  0.00000000E+00 
 0.00000000E+00  0.00000000E+00  0.00000000E+00  0.00000000E+00  0.00000000E+00  0.00000000E+00 
 0.00000000E+00  0.00000000E+00  0.00000000E+00  0.00000000E+00  0.00000000E+00  0.00000000E+00 
 0.00000000E+00  0.00000000E+00  0.00000000E+00  0.00000000E+00  0.00000000E+00  0.00000000E+00 
'MIN LISSAGE' 

 0.00000000E+00  0.00000000E+00  0.00000000E+00  0.00000000E+00  0.00000000E+00  0.00000000E+00 
 0.00000000E+00  0.00000000E+00  0.00000000E+00  0.00000000E+00  0.00000000E+00  0.00000000E+00 
 0.00000000E+00  0.00000000E+00  0.00000000E+00  0.00000000E+00  0.00000000E+00  0.00000000E+00 
 0.00000000E+00  0.00000000E+00  0.00000000E+00  0.00000000E+00  0.00000000E+00  0.00000000E+00 
 0.00000000E+00  0.00000000E+00  0.00000000E+00  0.00000000E+00  0.00000000E+00  0.00000000E+00 
 0.00000000E+00  0.00000000E+00  0.00000000E+00  0.00000000E+00  0.00000000E+00  0.00000000E+00 
 0.00000000E+00  0.00000000E+00  0.00000000E+00  0.00000000E+00  0.00000000E+00  0.00000000E+00 
 0.00000000E+00  0.00000000E+00  0.00000000E+00  0.00000000E+00  0.00000000E+00  0.00000000E+00 
 0.00000000E+00  0.00000000E+00  0.00000000E+00  0.00000000E+00  0.00000000E+00  0.00000000E+00 
 0.00000000E+00  0.00000000E+00  0.00000000E+00  0.00000000E+00  0.00000000E+00  0.00000000E+00 
 0.00000000E+00  0.00000000E+00  0.00000000E+00  0.00000000E+00  0.00000000E+00  0.00000000E+00 
 0.00000000E+00  0.00000000E+00  0.00000000E+00  0.00000000E+00  0.00000000E+00  0.00000000E+00 
 0.00000000E+00  0.00000000E+00  0.00000000E+00  0.00000000E+00  0.00000000E+00  0.00000000E+00 
 0.00000000E+00  0.00000000E+00  0.00000000E+00  0.00000000E+00  0.00000000E+00  0.00000000E+00 
 0.00000000E+00  0.00000000E+00  0.00000000E+00  0.00000000E+00  0.00000000E+00  0.00000000E+00 
 0.00000000E+00  0.00000000E+00  0.00000000E+00  0.00000000E+00  0.00000000E+00  0.00000000E+00 
'LAZERR' 
'E'  3.74000000E+05  2.88000000E+05  4.92000000E+05  0.00000000E+00 
'APPORTS' 

 1.50000000E+00  1.50000000E+00  1.50000000E+00  1.50000000E+00  1.50000000E+00  1.50000000E+00 
 1.50000000E+00  1.50000000E+00  1.50000000E+00  1.50000000E+00  1.50000000E+00  1.50000000E+00 
 1.50000000E+00  1.50000000E+00  1.50000000E+00  1.50000000E+00  1.50000000E+00  1.50000000E+00 
 1.50000000E+00  1.50000000E+00  1.50000000E+00  1.50000000E+00  1.50000000E+00  1.50000000E+00 
 1.50000000E+00  1.50000000E+00  1.50000000E+00  1.50000000E+00  1.50000000E+00  1.50000000E+00 
 1.50000000E+00  1.50000000E+00  1.50000000E+00  1.50000000E+00  1.50000000E+00  1.50000000E+00 
 1.50000000E+00  1.50000000E+00  1.50000000E+00  1.50000000E+00  1.50000000E+00  1.50000000E+00 
 1.50000000E+00  1.50000000E+00  1.50000000E+00  1.50000000E+00  1.50000000E+00  1.50000000E+00 
 1.50000000E+00  1.50000000E+00  1.50000000E+00  1.50000000E+00  1.50000000E+00  1.50000000E+00 
 1.50000000E+00  1.50000000E+00  1.50000000E+00  1.50000000E+00  1.50000000E+00  1.50000000E+00 
 1.50000000E+00  1.50000000E+00  1.50000000E+00  1.50000000E+00  1.50000000E+00  1.50000000E+00 
 1.50000000E+00  1.50000000E+00  1.50000000E+00  1.50000000E+00  1.50000000E+00  1.50000000E+00 
 1.50000000E+00  1.50000000E+00  1.50000000E+00  1.50000000E+00  1.50000000E+00  1.50000000E+00 
 1.50000000E+00  1.50000000E+00  1.50000000E+00  1.50000000E+00  1.50000000E+00  1.50000000E+00 
 1.50000000E+00  1.50000000E+00  1.50000000E+00  1.50000000E+00  1.50000000E+00  1.50000000E+00 
 1.50000000E+00  1.50000000E+00  1.50000000E+00  1.50000000E+00  1.50000000E+00  1.50000000E+00 
'MAX OPTIMISATION' 

 4.92000000E+05  4.92000000E+05  4.92000000E+05  4.92000000E+05  4.92000000E+05  4.92000000E+05 
 4.92000000E+05  4.92000000E+05  4.92000000E+05  4.92000000E+05  4.92000000E+05  4.92000000E+05 
 4.92000000E+05  4.92000000E+05  4.92000000E+05  4.92000000E+05  4.92000000E+05  4.92000000E+05 
 4.92000000E+05  4.92000000E+05  4.92000000E+05  4.92000000E+05  4.92000000E+05  4.92000000E+05 
 4.92000000E+05  4.92000000E+05  4.92000000E+05  4.92000000E+05  4.92000000E+05  4.92000000E+05 
 4.92000000E+05  4.92000000E+05  4.92000000E+05  4.92000000E+05  4.92000000E+05  4.92000000E+05 
 4.92000000E+05  4.92000000E+05  4.92000000E+05  4.92000000E+05  4.92000000E+05  4.92000000E+05 
 4.92000000E+05  4.92000000E+05  4.92000000E+05  4.92000000E+05  4.92000000E+05  4.92000000E+05 
 4.92000000E+05  4.92000000E+05  4.92000000E+05  4.92000000E+05  4.92000000E+05  4.92000000E+05 
 4.92000000E+05  4.92000000E+05  4.92000000E+05  4.92000000E+05  4.92000000E+05  4.92000000E+05 
 4.92000000E+05  4.92000000E+05  4.92000000E+05  4.92000000E+05  4.92000000E+05  4.92000000E+05 
 4.92000000E+05  4.92000000E+05  4.92000000E+05  4.92000000E+05  4.92000000E+05  4.92000000E+05 
 4.92000000E+05  4.92000000E+05  4.92000000E+05  4.92000000E+05  4.92000000E+05  4.92000000E+05 
 4.92000000E+05  4.92000000E+05  4.92000000E+05  4.92000000E+05  4.92000000E+05  4.92000000E+05 
 4.92000000E+05  4.92000000E+05  4.92000000E+05  4.92000000E+05  4.92000000E+05  4.92000000E+05 
 4.92000000E+05  4.92000000E+05  4.92000000E+05  4.92000000E+05  4.92000000E+05  4.92000000E+05 
'MIN OPTIMISATION' 

 2.88000000E+05  2.88000000E+05  2.88000000E+05  2.88000000E+05  2.88000000E+05  2.88000000E+05 
 2.88000000E+05  2.88000000E+05  2.88000000E+05  2.88000000E+05  2.88000000E+05  2.88000000E+05 
 2.88000000E+05  2.88000000E+05  2.88000000E+05  2.88000000E+05  2.88000000E+05  2.88000000E+05 
 2.88000000E+05  2.88000000E+05  2.88000000E+05  2.88000000E+05  2.88000000E+05  2.88000000E+05 
 2.88000000E+05  2.88000000E+05  2.88000000E+05  2.88000000E+05  2.88000000E+05  2.88000000E+05 
 2.88000000E+05  2.88000000E+05  2.88000000E+05  2.88000000E+05  2.88000000E+05  2.88000000E+05 
 2.88000000E+05  2.88000000E+05  2.88000000E+05  2.88000000E+05  2.88000000E+05  2.88000000E+05 
 2.88000000E+05  2.88000000E+05  2.88000000E+05  2.88000000E+05  2.88000000E+05  2.88000000E+05 
 2.88000000E+05  2.88000000E+05  2.88000000E+05  2.88000000E+05  2.88000000E+05  2.88000000E+05 
 2.88000000E+05  2.88000000E+05  2.88000000E+05  2.88000000E+05  2.88000000E+05  2.88000000E+05 
 2.88000000E+05  2.88000000E+05  2.88000000E+05  2.88000000E+05  2.88000000E+05  2.88000000E+05 
 2.88000000E+05  2.88000000E+05  2.88000000E+05  2.88000000E+05  2.88000000E+05  2.88000000E+05 
 2.88000000E+05  2.88000000E+05  2.88000000E+05  2.88000000E+05  2.88000000E+05  2.88000000E+05 
 2.88000000E+05  2.88000000E+05  2.88000000E+05  2.88000000E+05  2.88000000E+05  2.88000000E+05 
 2.88000000E+05  2.88000000E+05  2.88000000E+05  2.88000000E+05  2.88000000E+05  2.88000000E+05 
 2.88000000E+05  2.88000000E+05  2.88000000E+05  2.88000000E+05  2.88000000E+05  2.88000000E+05 
'MAX LISSAGE' 

 5.19999969E+05  5.19999969E+05  5.19999969E+05  5.19999969E+05  5.19999969E+05  5.19999969E+05 
 5.19999969E+05  5.19999969E+05  5.19999969E+05  5.19999969E+05  5.19999969E+05  5.19999969E+05 
 5.19999969E+05  5.19999969E+05  5.19999969E+05  5.19999969E+05  5.19999969E+05  5.19999969E+05 
 5.19999969E+05  5.19999969E+05  5.19999969E+05  5.19999969E+05  5.19999969E+05  5.19999969E+05 
 5.19999969E+05  5.19999969E+05  5.19999969E+05  5.19999969E+05  5.19999969E+05  5.19999969E+05 
 5.19999969E+05  5.19999969E+05  5.19999969E+05  5.19999969E+05  5.19999969E+05  5.19999969E+05 
 5.19999969E+05  5.19999969E+05  5.19999969E+05  5.19999969E+05  5.19999969E+05  5.19999969E+05 
 5.19999969E+05  5.19999969E+05  5.19999969E+05  5.19999969E+05  5.19999969E+05  5.19999969E+05 
 5.19999969E+05  5.19999969E+05  5.19999969E+05  5.19999969E+05  5.19999969E+05  5.19999969E+05 
 5.19999969E+05  5.19999969E+05  5.19999969E+05  5.19999969E+05  5.19999969E+05  5.19999969E+05 
 5.19999969E+05  5.19999969E+05  5.19999969E+05  5.19999969E+05  5.19999969E+05  5.19999969E+05 
 5.19999969E+05  5.19999969E+05  5.19999969E+05  5.19999969E+05  5.19999969E+05  5.19999969E+05 
 5.19999969E+05  5.19999969E+05  5.19999969E+05  5.19999969E+05  5.19999969E+05  5.19999969E+05 
 5.19999969E+05  5.19999969E+05  5.19999969E+05  5.19999969E+05  5.19999969E+05  5.19999969E+05 
 5.19999969E+05  5.19999969E+05  5.19999969E+05  5.19999969E+05  5.19999969E+05  5.19999969E+05 
 5.19999969E+05  5.19999969E+05  5.19999969E+05  5.19999969E+05  5.19999969E+05  5.19999969E+05 
'MIN LISSAGE' 

 2.59999984E+05  2.59999984E+05  2.59999984E+05  2.59999984E+05  2.59999984E+05  2.59999984E+05 
 2.59999984E+05  2.59999984E+05  2.59999984E+05  2.59999984E+05  2.59999984E+05  2.59999984E+05 
 2.59999984E+05  2.59999984E+05  2.59999984E+05  2.59999984E+05  2.59999984E+05  2.59999984E+05 
 2.59999984E+05  2.59999984E+05  2.59999984E+05  2.59999984E+05  2.59999984E+05  2.59999984E+05 
 2.59999984E+05  2.59999984E+05  2.59999984E+05  2.59999984E+05  2.59999984E+05  2.59999984E+05 
 2.59999984E+05  2.59999984E+05  2.59999984E+05  2.59999984E+05  2.59999984E+05  2.59999984E+05 
 2.59999984E+05  2.59999984E+05  2.59999984E+05  2.59999984E+05  2.59999984E+05  2.59999984E+05 
 2.59999984E+05  2.59999984E+05  2.59999984E+05  2.59999984E+05  2.59999984E+05  2.59999984E+05 
 2.59999984E+05  2.59999984E+05  2.59999984E+05  2.59999984E+05  2.59999984E+05  2.59999984E+05 
 2.59999984E+05  2.59999984E+05  2.59999984E+05  2.59999984E+05  2.59999984E+05  2.59999984E+05 
 2.59999984E+05  2.59999984E+05  2.59999984E+05  2.59999984E+05  2.59999984E+05  2.59999984E+05 
 2.59999984E+05  2.59999984E+05  2.59999984E+05  2.59999984E+05  2.59999984E+05  2.59999984E+05 
 2.59999984E+05  2.59999984E+05  2.59999984E+05  2.59999984E+05  2.59999984E+05  2.59999984E+05 
 2.59999984E+05  2.59999984E+05  2.59999984E+05  2.59999984E+05  2.59999984E+05  2.59999984E+05 
 2.59999984E+05  2.59999984E+05  2.59999984E+05  2.59999984E+05  2.59999984E+05  2.59999984E+05 
 2.59999984E+05  2.59999984E+05  2.59999984E+05  2.59999984E+05  2.59999984E+05  2.59999984E+05 
'SSLAZR' 
'E'  4.90000000E+05  4.90000000E+05  4.90000000E+05  0.00000000E+00 
'APPORTS' 

 2.00000000E+00  2.00000000E+00  2.00000000E+00  2.00000000E+00  2.00000000E+00  2.00000000E+00 
 2.00000000E+00  2.00000000E+00  2.00000000E+00  2.00000000E+00  2.00000000E+00  2.00000000E+00 
 2.00000000E+00  2.00000000E+00  2.00000000E+00  2.00000000E+00  2.00000000E+00  2.00000000E+00 
 2.00000000E+00  2.00000000E+00  2.00000000E+00  2.00000000E+00  2.00000000E+00  2.00000000E+00 
 2.00000000E+00  2.00000000E+00  2.00000000E+00  2.00000000E+00  2.00000000E+00  2.00000000E+00 
 2.00000000E+00  2.00000000E+00  2.00000000E+00  2.00000000E+00  2.00000000E+00  2.00000000E+00 
 2.00000000E+00  2.00000000E+00  2.00000000E+00  2.00000000E+00  2.00000000E+00  2.00000000E+00 
 2.00000000E+00  2.00000000E+00  2.00000000E+00  2.00000000E+00  2.00000000E+00  2.00000000E+00 
 2.00000000E+00  2.00000000E+00  2.00000000E+00  2.00000000E+00  2.00000000E+00  2.00000000E+00 
 2.00000000E+00  2.00000000E+00  2.00000000E+00  2.00000000E+00  2.00000000E+00  2.00000000E+00 
 2.00000000E+00  2.00000000E+00  2.00000000E+00  2.00000000E+00  2.00000000E+00  2.00000000E+00 
 2.00000000E+00  2.00000000E+00  2.00000000E+00  2.00000000E+00  2.00000000E+00  2.00000000E+00 
 2.00000000E+00  2.00000000E+00  2.00000000E+00  2.00000000E+00  2.00000000E+00  2.00000000E+00 
 2.00000000E+00  2.00000000E+00  2.00000000E+00  2.00000000E+00  2.00000000E+00  2.00000000E+00 
 2.00000000E+00  2.00000000E+00  2.00000000E+00  2.00000000E+00  2.00000000E+00  2.00000000E+00 
 2.00000000E+00  2.00000000E+00  2.00000000E+00  2.00000000E+00  2.00000000E+00  2.00000000E+00 
'MAX OPTIMISATION' 

 5.32000000E+05  5.32000000E+05  5.32000000E+05  5.32000000E+05  5.32000000E+05  5.32000000E+05 
 5.32000000E+05  5.32000000E+05  5.32000000E+05  5.32000000E+05  5.32000000E+05  5.32000000E+05 
 5.32000000E+05  5.32000000E+05  5.32000000E+05  5.32000000E+05  5.32000000E+05  5.32000000E+05 
 5.32000000E+05  5.32000000E+05  5.32000000E+05  5.32000000E+05  5.32000000E+05  5.32000000E+05 
 5.32000000E+05  5.32000000E+05  5.32000000E+05  5.32000000E+05  5.32000000E+05  5.32000000E+05 
 5.32000000E+05  5.32000000E+05  5.32000000E+05  5.32000000E+05  5.32000000E+05  5.32000000E+05 
 5.32000000E+05  5.32000000E+05  5.32000000E+05  5.32000000E+05  5.32000000E+05  5.32000000E+05 
 5.32000000E+05  5.32000000E+05  5.32000000E+05  5.32000000E+05  5.32000000E+05  5.32000000E+05 
 5.32000000E+05  5.32000000E+05  5.32000000E+05  5.32000000E+05  5.32000000E+05  5.32000000E+05 
 5.32000000E+05  5.32000000E+05  5.32000000E+05  5.32000000E+05  5.32000000E+05  5.32000000E+05 
 5.32000000E+05  5.32000000E+05  5.32000000E+05  5.32000000E+05  5.32000000E+05  5.32000000E+05 
 5.32000000E+05  5.32000000E+05  5.32000000E+05  5.32000000E+05  5.32000000E+05  5.32000000E+05 
 5.32000000E+05  5.32000000E+05  5.32000000E+05  5.32000000E+05  5.32000000E+05  5.32000000E+05 
 5.32000000E+05  5.32000000E+05  5.32000000E+05  5.32000000E+05  5.32000000E+05  5.32000000E+05 
 5.32000000E+05  5.32000000E+05  5.32000000E+05  5.32000000E+05  5.32000000E+05  5.32000000E+05 
 5.32000000E+05  5.32000000E+05  5.32000000E+05  5.32000000E+05  5.32000000E+05  5.32000000E+05 
'MIN OPTIMISATION' 

 3.55000000E+05  3.55000000E+05  3.55000000E+05  3.55000000E+05  3.55000000E+05  3.55000000E+05 
 3.55000000E+05  3.55000000E+05  3.55000000E+05  3.55000000E+05  3.55000000E+05  3.55000000E+05 
 3.55000000E+05  3.55000000E+05  3.55000000E+05  3.55000000E+05  3.55000000E+05  3.55000000E+05 
 3.55000000E+05  3.55000000E+05  3.55000000E+05  3.55000000E+05  3.55000000E+05  3.55000000E+05 
 3.55000000E+05  3.55000000E+05  3.55000000E+05  3.55000000E+05  3.55000000E+05  3.55000000E+05 
 3.55000000E+05  3.55000000E+05  3.55000000E+05  3.55000000E+05  3.55000000E+05  3.55000000E+05 
 3.55000000E+05  3.55000000E+05  3.55000000E+05  3.55000000E+05  3.55000000E+05  3.55000000E+05 
 3.55000000E+05  3.55000000E+05  3.55000000E+05  3.55000000E+05  3.55000000E+05  3.55000000E+05 
 3.55000000E+05  3.55000000E+05  3.55000000E+05  3.55000000E+05  3.55000000E+05  3.55000000E+05 
 3.55000000E+05  3.55000000E+05  3.55000000E+05  3.55000000E+05  3.55000000E+05  3.55000000E+05 
 3.55000000E+05  3.55000000E+05  3.55000000E+05  3.55000000E+05  3.55000000E+05  3.55000000E+05 
 3.55000000E+05  3.55000000E+05  3.55000000E+05  3.55000000E+05  3.55000000E+05  3.55000000E+05 
 3.55000000E+05  3.55000000E+05  3.55000000E+05  3.55000000E+05  3.55000000E+05  3.55000000E+05 
 3.55000000E+05  3.55000000E+05  3.55000000E+05  3.55000000E+05  3.55000000E+05  3.55000000E+05 
 3.55000000E+05  3.55000000E+05  3.55000000E+05  3.55000000E+05  3.55000000E+05  3.55000000E+05 
 3.55000000E+05  3.55000000E+05  3.55000000E+05  3.55000000E+05  3.55000000E+05  3.55000000E+05 
'MAX LISSAGE' 

 6.00000000E+05  6.00000000E+05  6.00000000E+05  6.00000000E+05  6.00000000E+05  6.00000000E+05 
 6.00000000E+05  6.00000000E+05  6.00000000E+05  6.00000000E+05  6.00000000E+05  6.00000000E+05 
 6.00000000E+05  6.00000000E+05  6.00000000E+05  6.00000000E+05  6.00000000E+05  6.00000000E+05 
 6.00000000E+05  6.00000000E+05  6.00000000E+05  6.00000000E+05  6.00000000E+05  6.00000000E+05 
 6.00000000E+05  6.00000000E+05  6.00000000E+05  6.00000000E+05  6.00000000E+05  6.00000000E+05 
 6.00000000E+05  6.00000000E+05  6.00000000E+05  6.00000000E+05  6.00000000E+05  6.00000000E+05 
 6.00000000E+05  6.00000000E+05  6.00000000E+05  6.00000000E+05  6.00000000E+05  6.00000000E+05 
 6.00000000E+05  6.00000000E+05  6.00000000E+05  6.00000000E+05  6.00000000E+05  6.00000000E+05 
 6.00000000E+05  6.00000000E+05  6.00000000E+05  6.00000000E+05  6.00000000E+05  6.00000000E+05 
 6.00000000E+05  6.00000000E+05  6.00000000E+05  6.00000000E+05  6.00000000E+05  6.00000000E+05 
 6.00000000E+05  6.00000000E+05  6.00000000E+05  6.00000000E+05  6.00000000E+05  6.00000000E+05 
 6.00000000E+05  6.00000000E+05  6.00000000E+05  6.00000000E+05  6.00000000E+05  6.00000000E+05 
 6.00000000E+05  6.00000000E+05  6.00000000E+05  6.00000000E+05  6.00000000E+05  6.00000000E+05 
 6.00000000E+05  6.00000000E+05  6.00000000E+05  6.00000000E+05  6.00000000E+05  6.00000000E+05 
 6.00000000E+05  6.00000000E+05  6.00000000E+05  6.00000000E+05  6.00000000E+05  6.00000000E+05 
 6.00000000E+05  6.00000000E+05  6.00000000E+05  6.00000000E+05  6.00000000E+05  6.00000000E+05 
'MIN LISSAGE' 

 2.90000000E+05  2.90000000E+05  2.90000000E+05  2.90000000E+05  2.90000000E+05  2.90000000E+05 
 2.90000000E+05  2.90000000E+05  2.90000000E+05  2.90000000E+05  2.90000000E+05  2.90000000E+05 
 2.90000000E+05  2.90000000E+05  2.90000000E+05  2.90000000E+05  2.90000000E+05  2.90000000E+05 
 2.90000000E+05  2.90000000E+05  2.90000000E+05  2.90000000E+05  2.90000000E+05  2.90000000E+05 
 2.90000000E+05  2.90000000E+05  2.90000000E+05  2.90000000E+05  2.90000000E+05  2.90000000E+05 
 2.90000000E+05  2.90000000E+05  2.90000000E+05  2.90000000E+05  2.90000000E+05  2.90000000E+05 
 2.90000000E+05  2.90000000E+05  2.90000000E+05  2.90000000E+05  2.90000000E+05  2.90000000E+05 
 2.90000000E+05  2.90000000E+05  2.90000000E+05  2.90000000E+05  2.90000000E+05  2.90000000E+05 
 2.90000000E+05  2.90000000E+05  2.90000000E+05  2.90000000E+05  2.90000000E+05  2.90000000E+05 
 2.90000000E+05  2.90000000E+05  2.90000000E+05  2.90000000E+05  2.90000000E+05  2.90000000E+05 
 2.90000000E+05  2.90000000E+05  2.90000000E+05  2.90000000E+05  2.90000000E+05  2.90000000E+05 
 2.90000000E+05  2.90000000E+05  2.90000000E+05  2.90000000E+05  2.90000000E+05  2.90000000E+05 
 2.90000000E+05  2.90000000E+05  2.90000000E+05  2.90000000E+05  2.90000000E+05  2.90000000E+05 
 2.90000000E+05  2.90000000E+05  2.90000000E+05  2.90000000E+05  2.90000000E+05  2.90000000E+05 
 2.90000000E+05  2.90000000E+05  2.90000000E+05  2.90000000E+05  2.90000000E+05  2.90000000E+05 
 2.90000000E+05  2.90000000E+05  2.90000000E+05  2.90000000E+05  2.90000000E+05  2.90000000E+05 
'ESCALR' 
'E'  8.30000000E+05  8.30000000E+05  8.30000000E+05  0.00000000E+00 
'APPORTS' 

 4.00000000E+00  4.00000000E+00  4.00000000E+00  4.00000000E+00  4.00000000E+00  4.00000000E+00 
 4.00000000E+00  4.00000000E+00  4.00000000E+00  4.00000000E+00  4.00000000E+00  4.00000000E+00 
 4.00000000E+00  4.00000000E+00  4.00000000E+00  4.00000000E+00  4.00000000E+00  4.00000000E+00 
 4.00000000E+00  4.00000000E+00  4.00000000E+00  4.00000000E+00  4.00000000E+00  4.00000000E+00 
 4.00000000E+00  4.00000000E+00  4.00000000E+00  4.00000000E+00  4.00000000E+00  4.00000000E+00 
 4.00000000E+00  4.00000000E+00  4.00000000E+00  4.00000000E+00  4.00000000E+00  4.00000000E+00 
 4.00000000E+00  4.00000000E+00  4.00000000E+00  4.00000000E+00  4.00000000E+00  4.00000000E+00 
 4.00000000E+00  4.00000000E+00  4.00000000E+00  4.00000000E+00  4.00000000E+00  4.00000000E+00 
 4.00000000E+00  4.00000000E+00  4.00000000E+00  4.00000000E+00  4.00000000E+00  4.00000000E+00 
 4.00000000E+00  4.00000000E+00  4.00000000E+00  4.00000000E+00  4.00000000E+00  4.00000000E+00 
 4.00000000E+00  4.00000000E+00  4.00000000E+00  4.00000000E+00  4.00000000E+00  4.00000000E+00 
 4.00000000E+00  4.00000000E+00  4.00000000E+00  4.00000000E+00  4.00000000E+00  4.00000000E+00 
 4.00000000E+00  4.00000000E+00  4.00000000E+00  4.00000000E+00  4.00000000E+00  4.00000000E+00 
 4.00000000E+00  4.00000000E+00  4.00000000E+00  4.00000000E+00  4.00000000E+00  4.00000000E+00 
 4.00000000E+00  4.00000000E+00  4.00000000E+00  4.00000000E+00  4.00000000E+00  4.00000000E+00 
 4.00000000E+00  4.00000000E+00  4.00000000E+00  4.00000000E+00  4.00000000E+00  4.00000000E+00 
'MAX OPTIMISATION' 

 1.10000000E+06  1.10000000E+06  1.10000000E+06  1.10000000E+06  1.10000000E+06  1.10000000E+06 
 1.10000000E+06  1.10000000E+06  1.10000000E+06  1.10000000E+06  1.10000000E+06  1.10000000E+06 
 1.10000000E+06  1.10000000E+06  1.10000000E+06  1.10000000E+06  1.10000000E+06  1.10000000E+06 
 1.10000000E+06  1.10000000E+06  1.10000000E+06  1.10000000E+06  1.10000000E+06  1.10000000E+06 
 1.10000000E+06  1.10000000E+06  1.10000000E+06  1.10000000E+06  1.10000000E+06  1.10000000E+06 
 1.10000000E+06  1.10000000E+06  1.10000000E+06  1.10000000E+06  1.10000000E+06  1.10000000E+06 
 1.10000000E+06  1.10000000E+06  1.10000000E+06  1.10000000E+06  1.10000000E+06  1.10000000E+06 
 1.10000000E+06  1.10000000E+06  1.10000000E+06  1.10000000E+06  1.10000000E+06  1.10000000E+06 
 1.10000000E+06  1.10000000E+06  1.10000000E+06  1.10000000E+06  1.10000000E+06  1.10000000E+06 
 1.10000000E+06  1.10000000E+06  1.10000000E+06  1.10000000E+06  1.10000000E+06  1.10000000E+06 
 1.10000000E+06  1.10000000E+06  1.10000000E+06  1.10000000E+06  1.10000000E+06  1.10000000E+06 
 1.10000000E+06  1.10000000E+06  1.10000000E+06  1.10000000E+06  1.10000000E+06  1.10000000E+06 
 1.10000000E+06  1.10000000E+06  1.10000000E+06  1.10000000E+06  1.10000000E+06  1.10000000E+06 
 1.10000000E+06  1.10000000E+06  1.10000000E+06  1.10000000E+06  1.10000000E+06  1.10000000E+06 
 1.10000000E+06  1.10000000E+06  1.10000000E+06  1.10000000E+06  1.10000000E+06  1.10000000E+06 
 1.10000000E+06  1.10000000E+06  1.10000000E+06  1.10000000E+06  1.10000000E+06  1.10000000E+06 
'MIN OPTIMISATION' 

 4.81000000E+05  4.81000000E+05  4.81000000E+05  4.81000000E+05  4.81000000E+05  4.81000000E+05 
 4.81000000E+05  4.81000000E+05  4.81000000E+05  4.81000000E+05  4.81000000E+05  4.81000000E+05 
 4.81000000E+05  4.81000000E+05  4.81000000E+05  4.81000000E+05  4.81000000E+05  4.81000000E+05 
 4.81000000E+05  4.81000000E+05  4.81000000E+05  4.81000000E+05  4.81000000E+05  4.81000000E+05 
 4.81000000E+05  4.81000000E+05  4.81000000E+05  4.81000000E+05  4.81000000E+05  4.81000000E+05 
 4.81000000E+05  4.81000000E+05  4.81000000E+05  4.81000000E+05  4.81000000E+05  4.81000000E+05 
 4.81000000E+05  4.81000000E+05  4.81000000E+05  4.81000000E+05  4.81000000E+05  4.81000000E+05 
 4.81000000E+05  4.81000000E+05  4.81000000E+05  4.81000000E+05  4.81000000E+05  4.81000000E+05 
 4.81000000E+05  4.81000000E+05  4.81000000E+05  4.81000000E+05  4.81000000E+05  4.81000000E+05 
 4.81000000E+05  4.81000000E+05  4.81000000E+05  4.81000000E+05  4.81000000E+05  4.81000000E+05 
 4.81000000E+05  4.81000000E+05  4.81000000E+05  4.81000000E+05  4.81000000E+05  4.81000000E+05 
 4.81000000E+05  4.81000000E+05  4.81000000E+05  4.81000000E+05  4.81000000E+05  4.81000000E+05 
 4.81000000E+05  4.81000000E+05  4.81000000E+05  4.81000000E+05  4.81000000E+05  4.81000000E+05 
 4.81000000E+05  4.81000000E+05  4.81000000E+05  4.81000000E+05  4.81000000E+05  4.81000000E+05 
 4.81000000E+05  4.81000000E+05  4.81000000E+05  4.81000000E+05  4.81000000E+05  4.81000000E+05 
 4.81000000E+05  4.81000000E+05  4.81000000E+05  4.81000000E+05  4.81000000E+05  4.81000000E+05 
'MAX LISSAGE' 

 1.31000000E+06  1.31000000E+06  1.31000000E+06  1.31000000E+06  1.31000000E+06  1.31000000E+06 
 1.31000000E+06  1.31000000E+06  1.31000000E+06  1.31000000E+06  1.31000000E+06  1.31000000E+06 
 1.31000000E+06  1.31000000E+06  1.31000000E+06  1.31000000E+06  1.31000000E+06  1.31000000E+06 
 1.31000000E+06  1.31000000E+06  1.31000000E+06  1.31000000E+06  1.31000000E+06  1.31000000E+06 
 1.31000000E+06  1.31000000E+06  1.31000000E+06  1.31000000E+06  1.31000000E+06  1.31000000E+06 
 1.31000000E+06  1.31000000E+06  1.31000000E+06  1.31000000E+06  1.31000000E+06  1.31000000E+06 
 1.31000000E+06  1.31000000E+06  1.31000000E+06  1.31000000E+06  1.31000000E+06  1.31000000E+06 
 1.31000000E+06  1.31000000E+06  1.31000000E+06  1.31000000E+06  1.31000000E+06  1.31000000E+06 
 1.31000000E+06  1.31000000E+06  1.31000000E+06  1.31000000E+06  1.31000000E+06  1.31000000E+06 
 1.31000000E+06  1.31000000E+06  1.31000000E+06  1.31000000E+06  1.31000000E+06  1.31000000E+06 
 1.31000000E+06  1.31000000E+06  1.31000000E+06  1.31000000E+06  1.31000000E+06  1.31000000E+06 
 1.31000000E+06  1.31000000E+06  1.31000000E+06  1.31000000E+06  1.31000000E+06  1.31000000E+06 
 1.31000000E+06  1.31000000E+06  1.31000000E+06  1.31000000E+06  1.31000000E+06  1.31000000E+06 
 1.31000000E+06  1.31000000E+06  1.31000000E+06  1.31000000E+06  1.31000000E+06  1.31000000E+06 
 1.31000000E+06  1.31000000E+06  1.31000000E+06  1.31000000E+06  1.31000000E+06  1.31000000E+06 
 1.31000000E+06  1.31000000E+06  1.31000000E+06  1.31000000E+06  1.31000000E+06  1.31000000E+06 
'MIN LISSAGE' 

 2.80000000E+05  2.80000000E+05  2.80000000E+05  2.80000000E+05  2.80000000E+05  2.80000000E+05 
 2.80000000E+05  2.80000000E+05  2.80000000E+05  2.80000000E+05  2.80000000E+05  2.80000000E+05 
 2.80000000E+05  2.80000000E+05  2.80000000E+05  2.80000000E+05  2.80000000E+05  2.80000000E+05 
 2.80000000E+05  2.80000000E+05  2.80000000E+05  2.80000000E+05  2.80000000E+05  2.80000000E+05 
 2.80000000E+05  2.80000000E+05  2.80000000E+05  2.80000000E+05  2.80000000E+05  2.80000000E+05 
 2.80000000E+05  2.80000000E+05  2.80000000E+05  2.80000000E+05  2.80000000E+05  2.80000000E+05 
 2.80000000E+05  2.80000000E+05  2.80000000E+05  2.80000000E+05  2.80000000E+05  2.80000000E+05 
 2.80000000E+05  2.80000000E+05  2.80000000E+05  2.80000000E+05  2.80000000E+05  2.80000000E+05 
 2.80000000E+05  2.80000000E+05  2.80000000E+05  2.80000000E+05  2.80000000E+05  2.80000000E+05 
 2.80000000E+05  2.80000000E+05  2.80000000E+05  2.80000000E+05  2.80000000E+05  2.80000000E+05 
 2.80000000E+05  2.80000000E+05  2.80000000E+05  2.80000000E+05  2.80000000E+05  2.80000000E+05 
 2.80000000E+05  2.80000000E+05  2.80000000E+05  2.80000000E+05  2.80000000E+05  2.80000000E+05 
 2.80000000E+05  2.80000000E+05  2.80000000E+05  2.80000000E+05  2.80000000E+05  2.80000000E+05 
 2.80000000E+05  2.80000000E+05  2.80000000E+05  2.80000000E+05  2.80000000E+05  2.80000000E+05 
 2.80000000E+05  2.80000000E+05  2.80000000E+05  2.80000000E+05  2.80000000E+05  2.80000000E+05 
 2.80000000E+05  2.80000000E+05  2.80000000E+05  2.80000000E+05  2.80000000E+05  2.80000000E+05 
'MANOSR' 
'X'  0.00000000E+00  0.00000000E+00  0.00000000E+00  0.00000000E+00 
'APPORTS' 

 0.00000000E+00  0.00000000E+00  0.00000000E+00  0.00000000E+00  0.00000000E+00  0.00000000E+00 
 0.00000000E+00  0.00000000E+00  0.00000000E+00  0.00000000E+00  0.00000000E+00  0.00000000E+00 
 0.00000000E+00  0.00000000E+00  0.00000000E+00  0.00000000E+00  0.00000000E+00  0.00000000E+00 
 0.00000000E+00  0.00000000E+00  0.00000000E+00  0.00000000E+00  0.00000000E+00  0.00000000E+00 
 0.00000000E+00  0.00000000E+00  0.00000000E+00  0.00000000E+00  0.00000000E+00  0.00000000E+00 
 0.00000000E+00  0.00000000E+00  0.00000000E+00  0.00000000E+00  0.00000000E+00  0.00000000E+00 
 0.00000000E+00  0.00000000E+00  0.00000000E+00  0.00000000E+00  0.00000000E+00  0.00000000E+00 
 0.00000000E+00  0.00000000E+00  0.00000000E+00  0.00000000E+00  0.00000000E+00  0.00000000E+00 
 0.00000000E+00  0.00000000E+00  0.00000000E+00  0.00000000E+00  0.00000000E+00  0.00000000E+00 
 0.00000000E+00  0.00000000E+00  0.00000000E+00  0.00000000E+00  0.00000000E+00  0.00000000E+00 
 0.00000000E+00  0.00000000E+00  0.00000000E+00  0.00000000E+00  0.00000000E+00  0.00000000E+00 
 0.00000000E+00  0.00000000E+00  0.00000000E+00  0.00000000E+00  0.00000000E+00  0.00000000E+00 
 0.00000000E+00  0.00000000E+00  0.00000000E+00  0.00000000E+00  0.00000000E+00  0.00000000E+00 
 0.00000000E+00  0.00000000E+00  0.00000000E+00  0.00000000E+00  0.00000000E+00  0.00000000E+00 
 0.00000000E+00  0.00000000E+00  0.00000000E+00  0.00000000E+00  0.00000000E+00  0.00000000E+00 
 0.00000000E+00  0.00000000E+00  0.00000000E+00  0.00000000E+00  0.00000000E+00  0.00000000E+00 
'MAX OPTIMISATION' 

 0.00000000E+00  0.00000000E+00  0.00000000E+00  0.00000000E+00  0.00000000E+00  0.00000000E+00 
 0.00000000E+00  0.00000000E+00  0.00000000E+00  0.00000000E+00  0.00000000E+00  0.00000000E+00 
 0.00000000E+00  0.00000000E+00  0.00000000E+00  0.00000000E+00  0.00000000E+00  0.00000000E+00 
 0.00000000E+00  0.00000000E+00  0.00000000E+00  0.00000000E+00  0.00000000E+00  0.00000000E+00 
 0.00000000E+00  0.00000000E+00  0.00000000E+00  0.00000000E+00  0.00000000E+00  0.00000000E+00 
 0.00000000E+00  0.00000000E+00  0.00000000E+00  0.00000000E+00  0.00000000E+00  0.00000000E+00 
 0.00000000E+00  0.00000000E+00  0.00000000E+00  0.00000000E+00  0.00000000E+00  0.00000000E+00 
 0.00000000E+00  0.00000000E+00  0.00000000E+00  0.00000000E+00  0.00000000E+00  0.00000000E+00 
 0.00000000E+00  0.00000000E+00  0.00000000E+00  0.00000000E+00  0.00000000E+00  0.00000000E+00 
 0.00000000E+00  0.00000000E+00  0.00000000E+00  0.00000000E+00  0.00000000E+00  0.00000000E+00 
 0.00000000E+00  0.00000000E+00  0.00000000E+00  0.00000000E+00  0.00000000E+00  0.00000000E+00 
 0.00000000E+00  0.00000000E+00  0.00000000E+00  0.00000000E+00  0.00000000E+00  0.00000000E+00 
 0.00000000E+00  0.00000000E+00  0.00000000E+00  0.00000000E+00  0.00000000E+00  0.00000000E+00 
 0.00000000E+00  0.00000000E+00  0.00000000E+00  0.00000000E+00  0.00000000E+00  0.00000000E+00 
 0.00000000E+00  0.00000000E+00  0.00000000E+00  0.00000000E+00  0.00000000E+00  0.00000000E+00 
 0.00000000E+00  0.00000000E+00  0.00000000E+00  0.00000000E+00  0.00000000E+00  0.00000000E+00 
'MIN OPTIMISATION' 

 0.00000000E+00  0.00000000E+00  0.00000000E+00  0.00000000E+00  0.00000000E+00  0.00000000E+00 
 0.00000000E+00  0.00000000E+00  0.00000000E+00  0.00000000E+00  0.00000000E+00  0.00000000E+00 
 0.00000000E+00  0.00000000E+00  0.00000000E+00  0.00000000E+00  0.00000000E+00  0.00000000E+00 
 0.00000000E+00  0.00000000E+00  0.00000000E+00  0.00000000E+00  0.00000000E+00  0.00000000E+00 
 0.00000000E+00  0.00000000E+00  0.00000000E+00  0.00000000E+00  0.00000000E+00  0.00000000E+00 
 0.00000000E+00  0.00000000E+00  0.00000000E+00  0.00000000E+00  0.00000000E+00  0.00000000E+00 
 0.00000000E+00  0.00000000E+00  0.00000000E+00  0.00000000E+00  0.00000000E+00  0.00000000E+00 
 0.00000000E+00  0.00000000E+00  0.00000000E+00  0.00000000E+00  0.00000000E+00  0.00000000E+00 
 0.00000000E+00  0.00000000E+00  0.00000000E+00  0.00000000E+00  0.00000000E+00  0.00000000E+00 
 0.00000000E+00  0.00000000E+00  0.00000000E+00  0.00000000E+00  0.00000000E+00  0.00000000E+00 
 0.00000000E+00  0.00000000E+00  0.00000000E+00  0.00000000E+00  0.00000000E+00  0.00000000E+00 
 0.00000000E+00  0.00000000E+00  0.00000000E+00  0.00000000E+00  0.00000000E+00  0.00000000E+00 
 0.00000000E+00  0.00000000E+00  0.00000000E+00  0.00000000E+00  0.00000000E+00  0.00000000E+00 
 0.00000000E+00  0.00000000E+00  0.00000000E+00  0.00000000E+00  0.00000000E+00  0.00000000E+00 
 0.00000000E+00  0.00000000E+00  0.00000000E+00  0.00000000E+00  0.00000000E+00  0.00000000E+00 
 0.00000000E+00  0.00000000E+00  0.00000000E+00  0.00000000E+00  0.00000000E+00  0.00000000E+00 
'MAX LISSAGE' 

 0.00000000E+00  0.00000000E+00  0.00000000E+00  0.00000000E+00  0.00000000E+00  0.00000000E+00 
 0.00000000E+00  0.00000000E+00  0.00000000E+00  0.00000000E+00  0.00000000E+00  0.00000000E+00 
 0.00000000E+00  0.00000000E+00  0.00000000E+00  0.00000000E+00  0.00000000E+00  0.00000000E+00 
 0.00000000E+00  0.00000000E+00  0.00000000E+00  0.00000000E+00  0.00000000E+00  0.00000000E+00 
 0.00000000E+00  0.00000000E+00  0.00000000E+00  0.00000000E+00  0.00000000E+00  0.00000000E+00 
 0.00000000E+00  0.00000000E+00  0.00000000E+00  0.00000000E+00  0.00000000E+00  0.00000000E+00 
 0.00000000E+00  0.00000000E+00  0.00000000E+00  0.00000000E+00  0.00000000E+00  0.00000000E+00 
 0.00000000E+00  0.00000000E+00  0.00000000E+00  0.00000000E+00  0.00000000E+00  0.00000000E+00 
 0.00000000E+00  0.00000000E+00  0.00000000E+00  0.00000000E+00  0.00000000E+00  0.00000000E+00 
 0.00000000E+00  0.00000000E+00  0.00000000E+00  0.00000000E+00  0.00000000E+00  0.00000000E+00 
 0.00000000E+00  0.00000000E+00  0.00000000E+00  0.00000000E+00  0.00000000E+00  0.00000000E+00 
 0.00000000E+00  0.00000000E+00  0.00000000E+00  0.00000000E+00  0.00000000E+00  0.00000000E+00 
 0.00000000E+00  0.00000000E+00  0.00000000E+00  0.00000000E+00  0.00000000E+00  0.00000000E+00 
 0.00000000E+00  0.00000000E+00  0.00000000E+00  0.00000000E+00  0.00000000E+00  0.00000000E+00 
 0.00000000E+00  0.00000000E+00  0.00000000E+00  0.00000000E+00  0.00000000E+00  0.00000000E+00 
 0.00000000E+00  0.00000000E+00  0.00000000E+00  0.00000000E+00  0.00000000E+00  0.00000000E+00 
'MIN LISSAGE' 

 0.00000000E+00  0.00000000E+00  0.00000000E+00  0.00000000E+00  0.00000000E+00  0.00000000E+00 
 0.00000000E+00  0.00000000E+00  0.00000000E+00  0.00000000E+00  0.00000000E+00  0.00000000E+00 
 0.00000000E+00  0.00000000E+00  0.00000000E+00  0.00000000E+00  0.00000000E+00  0.00000000E+00 
 0.00000000E+00  0.00000000E+00  0.00000000E+00  0.00000000E+00  0.00000000E+00  0.00000000E+00 
 0.00000000E+00  0.00000000E+00  0.00000000E+00  0.00000000E+00  0.00000000E+00  0.00000000E+00 
 0.00000000E+00  0.00000000E+00  0.00000000E+00  0.00000000E+00  0.00000000E+00  0.00000000E+00 
 0.00000000E+00  0.00000000E+00  0.00000000E+00  0.00000000E+00  0.00000000E+00  0.00000000E+00 
 0.00000000E+00  0.00000000E+00  0.00000000E+00  0.00000000E+00  0.00000000E+00  0.00000000E+00 
 0.00000000E+00  0.00000000E+00  0.00000000E+00  0.00000000E+00  0.00000000E+00  0.00000000E+00 
 0.00000000E+00  0.00000000E+00  0.00000000E+00  0.00000000E+00  0.00000000E+00  0.00000000E+00 
 0.00000000E+00  0.00000000E+00  0.00000000E+00  0.00000000E+00  0.00000000E+00  0.00000000E+00 
 0.00000000E+00  0.00000000E+00  0.00000000E+00  0.00000000E+00  0.00000000E+00  0.00000000E+00 
 0.00000000E+00  0.00000000E+00  0.00000000E+00  0.00000000E+00  0.00000000E+00  0.00000000E+00 
 0.00000000E+00  0.00000000E+00  0.00000000E+00  0.00000000E+00  0.00000000E+00  0.00000000E+00 
 0.00000000E+00  0.00000000E+00  0.00000000E+00  0.00000000E+00  0.00000000E+00  0.00000000E+00 
 0.00000000E+00  0.00000000E+00  0.00000000E+00  0.00000000E+00  0.00000000E+00  0.00000000E+00 
'SSTULR' 
'X'  0.00000000E+00  0.00000000E+00  0.00000000E+00  0.00000000E+00 
'APPORTS' 

 0.00000000E+00  0.00000000E+00  0.00000000E+00  0.00000000E+00  0.00000000E+00  0.00000000E+00 
 0.00000000E+00  0.00000000E+00  0.00000000E+00  0.00000000E+00  0.00000000E+00  0.00000000E+00 
 0.00000000E+00  0.00000000E+00  0.00000000E+00  0.00000000E+00  0.00000000E+00  0.00000000E+00 
 0.00000000E+00  0.00000000E+00  0.00000000E+00  0.00000000E+00  0.00000000E+00  0.00000000E+00 
 0.00000000E+00  0.00000000E+00  0.00000000E+00  0.00000000E+00  0.00000000E+00  0.00000000E+00 
 0.00000000E+00  0.00000000E+00  0.00000000E+00  0.00000000E+00  0.00000000E+00  0.00000000E+00 
 0.00000000E+00  0.00000000E+00  0.00000000E+00  0.00000000E+00  0.00000000E+00  0.00000000E+00 
 0.00000000E+00  0.00000000E+00  0.00000000E+00  0.00000000E+00  0.00000000E+00  0.00000000E+00 
 0.00000000E+00  0.00000000E+00  0.00000000E+00  0.00000000E+00  0.00000000E+00  0.00000000E+00 
 0.00000000E+00  0.00000000E+00  0.00000000E+00  0.00000000E+00  0.00000000E+00  0.00000000E+00 
 0.00000000E+00  0.00000000E+00  0.00000000E+00  0.00000000E+00  0.00000000E+00  0.00000000E+00 
 0.00000000E+00  0.00000000E+00  0.00000000E+00  0.00000000E+00  0.00000000E+00  0.00000000E+00 
 0.00000000E+00  0.00000000E+00  0.00000000E+00  0.00000000E+00  0.00000000E+00  0.00000000E+00 
 0.00000000E+00  0.00000000E+00  0.00000000E+00  0.00000000E+00  0.00000000E+00  0.00000000E+00 
 0.00000000E+00  0.00000000E+00  0.00000000E+00  0.00000000E+00  0.00000000E+00  0.00000000E+00 
 0.00000000E+00  0.00000000E+00  0.00000000E+00  0.00000000E+00  0.00000000E+00  0.00000000E+00 
'MAX OPTIMISATION' 

 0.00000000E+00  0.00000000E+00  0.00000000E+00  0.00000000E+00  0.00000000E+00  0.00000000E+00 
 0.00000000E+00  0.00000000E+00  0.00000000E+00  0.00000000E+00  0.00000000E+00  0.00000000E+00 
 0.00000000E+00  0.00000000E+00  0.00000000E+00  0.00000000E+00  0.00000000E+00  0.00000000E+00 
 0.00000000E+00  0.00000000E+00  0.00000000E+00  0.00000000E+00  0.00000000E+00  0.00000000E+00 
 0.00000000E+00  0.00000000E+00  0.00000000E+00  0.00000000E+00  0.00000000E+00  0.00000000E+00 
 0.00000000E+00  0.00000000E+00  0.00000000E+00  0.00000000E+00  0.00000000E+00  0.00000000E+00 
 0.00000000E+00  0.00000000E+00  0.00000000E+00  0.00000000E+00  0.00000000E+00  0.00000000E+00 
 0.00000000E+00  0.00000000E+00  0.00000000E+00  0.00000000E+00  0.00000000E+00  0.00000000E+00 
 0.00000000E+00  0.00000000E+00  0.00000000E+00  0.00000000E+00  0.00000000E+00  0.00000000E+00 
 0.00000000E+00  0.00000000E+00  0.00000000E+00  0.00000000E+00  0.00000000E+00  0.00000000E+00 
 0.00000000E+00  0.00000000E+00  0.00000000E+00  0.00000000E+00  0.00000000E+00  0.00000000E+00 
 0.00000000E+00  0.00000000E+00  0.00000000E+00  0.00000000E+00  0.00000000E+00  0.00000000E+00 
 0.00000000E+00  0.00000000E+00  0.00000000E+00  0.00000000E+00  0.00000000E+00  0.00000000E+00 
 0.00000000E+00  0.00000000E+00  0.00000000E+00  0.00000000E+00  0.00000000E+00  0.00000000E+00 
 0.00000000E+00  0.00000000E+00  0.00000000E+00  0.00000000E+00  0.00000000E+00  0.00000000E+00 
 0.00000000E+00  0.00000000E+00  0.00000000E+00  0.00000000E+00  0.00000000E+00  0.00000000E+00 
'MIN OPTIMISATION' 

 0.00000000E+00  0.00000000E+00  0.00000000E+00  0.00000000E+00  0.00000000E+00  0.00000000E+00 
 0.00000000E+00  0.00000000E+00  0.00000000E+00  0.00000000E+00  0.00000000E+00  0.00000000E+00 
 0.00000000E+00  0.00000000E+00  0.00000000E+00  0.00000000E+00  0.00000000E+00  0.00000000E+00 
 0.00000000E+00  0.00000000E+00  0.00000000E+00  0.00000000E+00  0.00000000E+00  0.00000000E+00 
 0.00000000E+00  0.00000000E+00  0.00000000E+00  0.00000000E+00  0.00000000E+00  0.00000000E+00 
 0.00000000E+00  0.00000000E+00  0.00000000E+00  0.00000000E+00  0.00000000E+00  0.00000000E+00 
 0.00000000E+00  0.00000000E+00  0.00000000E+00  0.00000000E+00  0.00000000E+00  0.00000000E+00 
 0.00000000E+00  0.00000000E+00  0.00000000E+00  0.00000000E+00  0.00000000E+00  0.00000000E+00 
 0.00000000E+00  0.00000000E+00  0.00000000E+00  0.00000000E+00  0.00000000E+00  0.00000000E+00 
 0.00000000E+00  0.00000000E+00  0.00000000E+00  0.00000000E+00  0.00000000E+00  0.00000000E+00 
 0.00000000E+00  0.00000000E+00  0.00000000E+00  0.00000000E+00  0.00000000E+00  0.00000000E+00 
 0.00000000E+00  0.00000000E+00  0.00000000E+00  0.00000000E+00  0.00000000E+00  0.00000000E+00 
 0.00000000E+00  0.00000000E+00  0.00000000E+00  0.00000000E+00  0.00000000E+00  0.00000000E+00 
 0.00000000E+00  0.00000000E+00  0.00000000E+00  0.00000000E+00  0.00000000E+00  0.00000000E+00 
 0.00000000E+00  0.00000000E+00  0.00000000E+00  0.00000000E+00  0.00000000E+00  0.00000000E+00 
 0.00000000E+00  0.00000000E+00  0.00000000E+00  0.00000000E+00  0.00000000E+00  0.00000000E+00 
'MAX LISSAGE' 

 0.00000000E+00  0.00000000E+00  0.00000000E+00  0.00000000E+00  0.00000000E+00  0.00000000E+00 
 0.00000000E+00  0.00000000E+00  0.00000000E+00  0.00000000E+00  0.00000000E+00  0.00000000E+00 
 0.00000000E+00  0.00000000E+00  0.00000000E+00  0.00000000E+00  0.00000000E+00  0.00000000E+00 
 0.00000000E+00  0.00000000E+00  0.00000000E+00  0.00000000E+00  0.00000000E+00  0.00000000E+00 
 0.00000000E+00  0.00000000E+00  0.00000000E+00  0.00000000E+00  0.00000000E+00  0.00000000E+00 
 0.00000000E+00  0.00000000E+00  0.00000000E+00  0.00000000E+00  0.00000000E+00  0.00000000E+00 
 0.00000000E+00  0.00000000E+00  0.00000000E+00  0.00000000E+00  0.00000000E+00  0.00000000E+00 
 0.00000000E+00  0.00000000E+00  0.00000000E+00  0.00000000E+00  0.00000000E+00  0.00000000E+00 
 0.00000000E+00  0.00000000E+00  0.00000000E+00  0.00000000E+00  0.00000000E+00  0.00000000E+00 
 0.00000000E+00  0.00000000E+00  0.00000000E+00  0.00000000E+00  0.00000000E+00  0.00000000E+00 
 0.00000000E+00  0.00000000E+00  0.00000000E+00  0.00000000E+00  0.00000000E+00  0.00000000E+00 
 0.00000000E+00  0.00000000E+00  0.00000000E+00  0.00000000E+00  0.00000000E+00  0.00000000E+00 
 0.00000000E+00  0.00000000E+00  0.00000000E+00  0.00000000E+00  0.00000000E+00  0.00000000E+00 
 0.00000000E+00  0.00000000E+00  0.00000000E+00  0.00000000E+00  0.00000000E+00  0.00000000E+00 
 0.00000000E+00  0.00000000E+00  0.00000000E+00  0.00000000E+00  0.00000000E+00  0.00000000E+00 
 0.00000000E+00  0.00000000E+00  0.00000000E+00  0.00000000E+00  0.00000000E+00  0.00000000E+00 
'MIN LISSAGE' 

 0.00000000E+00  0.00000000E+00  0.00000000E+00  0.00000000E+00  0.00000000E+00  0.00000000E+00 
 0.00000000E+00  0.00000000E+00  0.00000000E+00  0.00000000E+00  0.00000000E+00  0.00000000E+00 
 0.00000000E+00  0.00000000E+00  0.00000000E+00  0.00000000E+00  0.00000000E+00  0.00000000E+00 
 0.00000000E+00  0.00000000E+00  0.00000000E+00  0.00000000E+00  0.00000000E+00  0.00000000E+00 
 0.00000000E+00  0.00000000E+00  0.00000000E+00  0.00000000E+00  0.00000000E+00  0.00000000E+00 
 0.00000000E+00  0.00000000E+00  0.00000000E+00  0.00000000E+00  0.00000000E+00  0.00000000E+00 
 0.00000000E+00  0.00000000E+00  0.00000000E+00  0.00000000E+00  0.00000000E+00  0.00000000E+00 
 0.00000000E+00  0.00000000E+00  0.00000000E+00  0.00000000E+00  0.00000000E+00  0.00000000E+00 
 0.00000000E+00  0.00000000E+00  0.00000000E+00  0.00000000E+00  0.00000000E+00  0.00000000E+00 
 0.00000000E+00  0.00000000E+00  0.00000000E+00  0.00000000E+00  0.00000000E+00  0.00000000E+00 
 0.00000000E+00  0.00000000E+00  0.00000000E+00  0.00000000E+00  0.00000000E+00  0.00000000E+00 
 0.00000000E+00  0.00000000E+00  0.00000000E+00  0.00000000E+00  0.00000000E+00  0.00000000E+00 
 0.00000000E+00  0.00000000E+00  0.00000000E+00  0.00000000E+00  0.00000000E+00  0.00000000E+00 
 0.00000000E+00  0.00000000E+00  0.00000000E+00  0.00000000E+00  0.00000000E+00  0.00000000E+00 
 0.00000000E+00  0.00000000E+00  0.00000000E+00  0.00000000E+00  0.00000000E+00  0.00000000E+00 
 0.00000000E+00  0.00000000E+00  0.00000000E+00  0.00000000E+00  0.00000000E+00  0.00000000E+00 
'LARGUR' 
'X'  0.00000000E+00  0.00000000E+00  0.00000000E+00  0.00000000E+00 
'APPORTS' 

 0.00000000E+00  0.00000000E+00  0.00000000E+00  0.00000000E+00  0.00000000E+00  0.00000000E+00 
 0.00000000E+00  0.00000000E+00  0.00000000E+00  0.00000000E+00  0.00000000E+00  0.00000000E+00 
 0.00000000E+00  0.00000000E+00  0.00000000E+00  0.00000000E+00  0.00000000E+00  0.00000000E+00 
 0.00000000E+00  0.00000000E+00  0.00000000E+00  0.00000000E+00  0.00000000E+00  0.00000000E+00 
 0.00000000E+00  0.00000000E+00  0.00000000E+00  0.00000000E+00  0.00000000E+00  0.00000000E+00 
 0.00000000E+00  0.00000000E+00  0.00000000E+00  0.00000000E+00  0.00000000E+00  0.00000000E+00 
 0.00000000E+00  0.00000000E+00  0.00000000E+00  0.00000000E+00  0.00000000E+00  0.00000000E+00 
 0.00000000E+00  0.00000000E+00  0.00000000E+00  0.00000000E+00  0.00000000E+00  0.00000000E+00 
 0.00000000E+00  0.00000000E+00  0.00000000E+00  0.00000000E+00  0.00000000E+00  0.00000000E+00 
 0.00000000E+00  0.00000000E+00  0.00000000E+00  0.00000000E+00  0.00000000E+00  0.00000000E+00 
 0.00000000E+00  0.00000000E+00  0.00000000E+00  0.00000000E+00  0.00000000E+00  0.00000000E+00 
 0.00000000E+00  0.00000000E+00  0.00000000E+00  0.00000000E+00  0.00000000E+00  0.00000000E+00 
 0.00000000E+00  0.00000000E+00  0.00000000E+00  0.00000000E+00  0.00000000E+00  0.00000000E+00 
 0.00000000E+00  0.00000000E+00  0.00000000E+00  0.00000000E+00  0.00000000E+00  0.00000000E+00 
 0.00000000E+00  0.00000000E+00  0.00000000E+00  0.00000000E+00  0.00000000E+00  0.00000000E+00 
 0.00000000E+00  0.00000000E+00  0.00000000E+00  0.00000000E+00  0.00000000E+00  0.00000000E+00 
'MAX OPTIMISATION' 

 0.00000000E+00  0.00000000E+00  0.00000000E+00  0.00000000E+00  0.00000000E+00  0.00000000E+00 
 0.00000000E+00  0.00000000E+00  0.00000000E+00  0.00000000E+00  0.00000000E+00  0.00000000E+00 
 0.00000000E+00  0.00000000E+00  0.00000000E+00  0.00000000E+00  0.00000000E+00  0.00000000E+00 
 0.00000000E+00  0.00000000E+00  0.00000000E+00  0.00000000E+00  0.00000000E+00  0.00000000E+00 
 0.00000000E+00  0.00000000E+00  0.00000000E+00  0.00000000E+00  0.00000000E+00  0.00000000E+00 
 0.00000000E+00  0.00000000E+00  0.00000000E+00  0.00000000E+00  0.00000000E+00  0.00000000E+00 
 0.00000000E+00  0.00000000E+00  0.00000000E+00  0.00000000E+00  0.00000000E+00  0.00000000E+00 
 0.00000000E+00  0.00000000E+00  0.00000000E+00  0.00000000E+00  0.00000000E+00  0.00000000E+00 
 0.00000000E+00  0.00000000E+00  0.00000000E+00  0.00000000E+00  0.00000000E+00  0.00000000E+00 
 0.00000000E+00  0.00000000E+00  0.00000000E+00  0.00000000E+00  0.00000000E+00  0.00000000E+00 
 0.00000000E+00  0.00000000E+00  0.00000000E+00  0.00000000E+00  0.00000000E+00  0.00000000E+00 
 0.00000000E+00  0.00000000E+00  0.00000000E+00  0.00000000E+00  0.00000000E+00  0.00000000E+00 
 0.00000000E+00  0.00000000E+00  0.00000000E+00  0.00000000E+00  0.00000000E+00  0.00000000E+00 
 0.00000000E+00  0.00000000E+00  0.00000000E+00  0.00000000E+00  0.00000000E+00  0.00000000E+00 
 0.00000000E+00  0.00000000E+00  0.00000000E+00  0.00000000E+00  0.00000000E+00  0.00000000E+00 
 0.00000000E+00  0.00000000E+00  0.00000000E+00  0.00000000E+00  0.00000000E+00  0.00000000E+00 
'MIN OPTIMISATION' 

 0.00000000E+00  0.00000000E+00  0.00000000E+00  0.00000000E+00  0.00000000E+00  0.00000000E+00 
 0.00000000E+00  0.00000000E+00  0.00000000E+00  0.00000000E+00  0.00000000E+00  0.00000000E+00 
 0.00000000E+00  0.00000000E+00  0.00000000E+00  0.00000000E+00  0.00000000E+00  0.00000000E+00 
 0.00000000E+00  0.00000000E+00  0.00000000E+00  0.00000000E+00  0.00000000E+00  0.00000000E+00 
 0.00000000E+00  0.00000000E+00  0.00000000E+00  0.00000000E+00  0.00000000E+00  0.00000000E+00 
 0.00000000E+00  0.00000000E+00  0.00000000E+00  0.00000000E+00  0.00000000E+00  0.00000000E+00 
 0.00000000E+00  0.00000000E+00  0.00000000E+00  0.00000000E+00  0.00000000E+00  0.00000000E+00 
 0.00000000E+00  0.00000000E+00  0.00000000E+00  0.00000000E+00  0.00000000E+00  0.00000000E+00 
 0.00000000E+00  0.00000000E+00  0.00000000E+00  0.00000000E+00  0.00000000E+00  0.00000000E+00 
 0.00000000E+00  0.00000000E+00  0.00000000E+00  0.00000000E+00  0.00000000E+00  0.00000000E+00 
 0.00000000E+00  0.00000000E+00  0.00000000E+00  0.00000000E+00  0.00000000E+00  0.00000000E+00 
 0.00000000E+00  0.00000000E+00  0.00000000E+00  0.00000000E+00  0.00000000E+00  0.00000000E+00 
 0.00000000E+00  0.00000000E+00  0.00000000E+00  0.00000000E+00  0.00000000E+00  0.00000000E+00 
 0.00000000E+00  0.00000000E+00  0.00000000E+00  0.00000000E+00  0.00000000E+00  0.00000000E+00 
 0.00000000E+00  0.00000000E+00  0.00000000E+00  0.00000000E+00  0.00000000E+00  0.00000000E+00 
 0.00000000E+00  0.00000000E+00  0.00000000E+00  0.00000000E+00  0.00000000E+00  0.00000000E+00 
'MAX LISSAGE' 

 0.00000000E+00  0.00000000E+00  0.00000000E+00  0.00000000E+00  0.00000000E+00  0.00000000E+00 
 0.00000000E+00  0.00000000E+00  0.00000000E+00  0.00000000E+00  0.00000000E+00  0.00000000E+00 
 0.00000000E+00  0.00000000E+00  0.00000000E+00  0.00000000E+00  0.00000000E+00  0.00000000E+00 
 0.00000000E+00  0.00000000E+00  0.00000000E+00  0.00000000E+00  0.00000000E+00  0.00000000E+00 
 0.00000000E+00  0.00000000E+00  0.00000000E+00  0.00000000E+00  0.00000000E+00  0.00000000E+00 
 0.00000000E+00  0.00000000E+00  0.00000000E+00  0.00000000E+00  0.00000000E+00  0.00000000E+00 
 0.00000000E+00  0.00000000E+00  0.00000000E+00  0.00000000E+00  0.00000000E+00  0.00000000E+00 
 0.00000000E+00  0.00000000E+00  0.00000000E+00  0.00000000E+00  0.00000000E+00  0.00000000E+00 
 0.00000000E+00  0.00000000E+00  0.00000000E+00  0.00000000E+00  0.00000000E+00  0.00000000E+00 
 0.00000000E+00  0.00000000E+00  0.00000000E+00  0.00000000E+00  0.00000000E+00  0.00000000E+00 
 0.00000000E+00  0.00000000E+00  0.00000000E+00  0.00000000E+00  0.00000000E+00  0.00000000E+00 
 0.00000000E+00  0.00000000E+00  0.00000000E+00  0.00000000E+00  0.00000000E+00  0.00000000E+00 
 0.00000000E+00  0.00000000E+00  0.00000000E+00  0.00000000E+00  0.00000000E+00  0.00000000E+00 
 0.00000000E+00  0.00000000E+00  0.00000000E+00  0.00000000E+00  0.00000000E+00  0.00000000E+00 
 0.00000000E+00  0.00000000E+00  0.00000000E+00  0.00000000E+00  0.00000000E+00  0.00000000E+00 
 0.00000000E+00  0.00000000E+00  0.00000000E+00  0.00000000E+00  0.00000000E+00  0.00000000E+00 
'MIN LISSAGE' 

 0.00000000E+00  0.00000000E+00  0.00000000E+00  0.00000000E+00  0.00000000E+00  0.00000000E+00 
 0.00000000E+00  0.00000000E+00  0.00000000E+00  0.00000000E+00  0.00000000E+00  0.00000000E+00 
 0.00000000E+00  0.00000000E+00  0.00000000E+00  0.00000000E+00  0.00000000E+00  0.00000000E+00 
 0.00000000E+00  0.00000000E+00  0.00000000E+00  0.00000000E+00  0.00000000E+00  0.00000000E+00 
 0.00000000E+00  0.00000000E+00  0.00000000E+00  0.00000000E+00  0.00000000E+00  0.00000000E+00 
 0.00000000E+00  0.00000000E+00  0.00000000E+00  0.00000000E+00  0.00000000E+00  0.00000000E+00 
 0.00000000E+00  0.00000000E+00  0.00000000E+00  0.00000000E+00  0.00000000E+00  0.00000000E+00 
 0.00000000E+00  0.00000000E+00  0.00000000E+00  0.00000000E+00  0.00000000E+00  0.00000000E+00 
 0.00000000E+00  0.00000000E+00  0.00000000E+00  0.00000000E+00  0.00000000E+00  0.00000000E+00 
 0.00000000E+00  0.00000000E+00  0.00000000E+00  0.00000000E+00  0.00000000E+00  0.00000000E+00 
 0.00000000E+00  0.00000000E+00  0.00000000E+00  0.00000000E+00  0.00000000E+00  0.00000000E+00 
 0.00000000E+00  0.00000000E+00  0.00000000E+00  0.00000000E+00  0.00000000E+00  0.00000000E+00 
 0.00000000E+00  0.00000000E+00  0.00000000E+00  0.00000000E+00  0.00000000E+00  0.00000000E+00 
 0.00000000E+00  0.00000000E+00  0.00000000E+00  0.00000000E+00  0.00000000E+00  0.00000000E+00 
 0.00000000E+00  0.00000000E+00  0.00000000E+00  0.00000000E+00  0.00000000E+00  0.00000000E+00 
 0.00000000E+00  0.00000000E+00  0.00000000E+00  0.00000000E+00  0.00000000E+00  0.00000000E+00 
'BXMONR' 
'X'  0.00000000E+00  0.00000000E+00  0.00000000E+00  0.00000000E+00 
'APPORTS' 

 0.00000000E+00  0.00000000E+00  0.00000000E+00  0.00000000E+00  0.00000000E+00  0.00000000E+00 
 0.00000000E+00  0.00000000E+00  0.00000000E+00  0.00000000E+00  0.00000000E+00  0.00000000E+00 
 0.00000000E+00  0.00000000E+00  0.00000000E+00  0.00000000E+00  0.00000000E+00  0.00000000E+00 
 0.00000000E+00  0.00000000E+00  0.00000000E+00  0.00000000E+00  0.00000000E+00  0.00000000E+00 
 0.00000000E+00  0.00000000E+00  0.00000000E+00  0.00000000E+00  0.00000000E+00  0.00000000E+00 
 0.00000000E+00  0.00000000E+00  0.00000000E+00  0.00000000E+00  0.00000000E+00  0.00000000E+00 
 0.00000000E+00  0.00000000E+00  0.00000000E+00  0.00000000E+00  0.00000000E+00  0.00000000E+00 
 0.00000000E+00  0.00000000E+00  0.00000000E+00  0.00000000E+00  0.00000000E+00  0.00000000E+00 
 0.00000000E+00  0.00000000E+00  0.00000000E+00  0.00000000E+00  0.00000000E+00  0.00000000E+00 
 0.00000000E+00  0.00000000E+00  0.00000000E+00  0.00000000E+00  0.00000000E+00  0.00000000E+00 
 0.00000000E+00  0.00000000E+00  0.00000000E+00  0.00000000E+00  0.00000000E+00  0.00000000E+00 
 0.00000000E+00  0.00000000E+00  0.00000000E+00  0.00000000E+00  0.00000000E+00  0.00000000E+00 
 0.00000000E+00  0.00000000E+00  0.00000000E+00  0.00000000E+00  0.00000000E+00  0.00000000E+00 
 0.00000000E+00  0.00000000E+00  0.00000000E+00  0.00000000E+00  0.00000000E+00  0.00000000E+00 
 0.00000000E+00  0.00000000E+00  0.00000000E+00  0.00000000E+00  0.00000000E+00  0.00000000E+00 
 0.00000000E+00  0.00000000E+00  0.00000000E+00  0.00000000E+00  0.00000000E+00  0.00000000E+00 
'MAX OPTIMISATION' 

 0.00000000E+00  0.00000000E+00  0.00000000E+00  0.00000000E+00  0.00000000E+00  0.00000000E+00 
 0.00000000E+00  0.00000000E+00  0.00000000E+00  0.00000000E+00  0.00000000E+00  0.00000000E+00 
 0.00000000E+00  0.00000000E+00  0.00000000E+00  0.00000000E+00  0.00000000E+00  0.00000000E+00 
 0.00000000E+00  0.00000000E+00  0.00000000E+00  0.00000000E+00  0.00000000E+00  0.00000000E+00 
 0.00000000E+00  0.00000000E+00  0.00000000E+00  0.00000000E+00  0.00000000E+00  0.00000000E+00 
 0.00000000E+00  0.00000000E+00  0.00000000E+00  0.00000000E+00  0.00000000E+00  0.00000000E+00 
 0.00000000E+00  0.00000000E+00  0.00000000E+00  0.00000000E+00  0.00000000E+00  0.00000000E+00 
 0.00000000E+00  0.00000000E+00  0.00000000E+00  0.00000000E+00  0.00000000E+00  0.00000000E+00 
 0.00000000E+00  0.00000000E+00  0.00000000E+00  0.00000000E+00  0.00000000E+00  0.00000000E+00 
 0.00000000E+00  0.00000000E+00  0.00000000E+00  0.00000000E+00  0.00000000E+00  0.00000000E+00 
 0.00000000E+00  0.00000000E+00  0.00000000E+00  0.00000000E+00  0.00000000E+00  0.00000000E+00 
 0.00000000E+00  0.00000000E+00  0.00000000E+00  0.00000000E+00  0.00000000E+00  0.00000000E+00 
 0.00000000E+00  0.00000000E+00  0.00000000E+00  0.00000000E+00  0.00000000E+00  0.00000000E+00 
 0.00000000E+00  0.00000000E+00  0.00000000E+00  0.00000000E+00  0.00000000E+00  0.00000000E+00 
 0.00000000E+00  0.00000000E+00  0.00000000E+00  0.00000000E+00  0.00000000E+00  0.00000000E+00 
 0.00000000E+00  0.00000000E+00  0.00000000E+00  0.00000000E+00  0.00000000E+00  0.00000000E+00 
'MIN OPTIMISATION' 

 0.00000000E+00  0.00000000E+00  0.00000000E+00  0.00000000E+00  0.00000000E+00  0.00000000E+00 
 0.00000000E+00  0.00000000E+00  0.00000000E+00  0.00000000E+00  0.00000000E+00  0.00000000E+00 
 0.00000000E+00  0.00000000E+00  0.00000000E+00  0.00000000E+00  0.00000000E+00  0.00000000E+00 
 0.00000000E+00  0.00000000E+00  0.00000000E+00  0.00000000E+00  0.00000000E+00  0.00000000E+00 
 0.00000000E+00  0.00000000E+00  0.00000000E+00  0.00000000E+00  0.00000000E+00  0.00000000E+00 
 0.00000000E+00  0.00000000E+00  0.00000000E+00  0.00000000E+00  0.00000000E+00  0.00000000E+00 
 0.00000000E+00  0.00000000E+00  0.00000000E+00  0.00000000E+00  0.00000000E+00  0.00000000E+00 
 0.00000000E+00  0.00000000E+00  0.00000000E+00  0.00000000E+00  0.00000000E+00  0.00000000E+00 
 0.00000000E+00  0.00000000E+00  0.00000000E+00  0.00000000E+00  0.00000000E+00  0.00000000E+00 
 0.00000000E+00  0.00000000E+00  0.00000000E+00  0.00000000E+00  0.00000000E+00  0.00000000E+00 
 0.00000000E+00  0.00000000E+00  0.00000000E+00  0.00000000E+00  0.00000000E+00  0.00000000E+00 
 0.00000000E+00  0.00000000E+00  0.00000000E+00  0.00000000E+00  0.00000000E+00  0.00000000E+00 
 0.00000000E+00  0.00000000E+00  0.00000000E+00  0.00000000E+00  0.00000000E+00  0.00000000E+00 
 0.00000000E+00  0.00000000E+00  0.00000000E+00  0.00000000E+00  0.00000000E+00  0.00000000E+00 
 0.00000000E+00  0.00000000E+00  0.00000000E+00  0.00000000E+00  0.00000000E+00  0.00000000E+00 
 0.00000000E+00  0.00000000E+00  0.00000000E+00  0.00000000E+00  0.00000000E+00  0.00000000E+00 
'MAX LISSAGE' 

 0.00000000E+00  0.00000000E+00  0.00000000E+00  0.00000000E+00  0.00000000E+00  0.00000000E+00 
 0.00000000E+00  0.00000000E+00  0.00000000E+00  0.00000000E+00  0.00000000E+00  0.00000000E+00 
 0.00000000E+00  0.00000000E+00  0.00000000E+00  0.00000000E+00  0.00000000E+00  0.00000000E+00 
 0.00000000E+00  0.00000000E+00  0.00000000E+00  0.00000000E+00  0.00000000E+00  0.00000000E+00 
 0.00000000E+00  0.00000000E+00  0.00000000E+00  0.00000000E+00  0.00000000E+00  0.00000000E+00 
 0.00000000E+00  0.00000000E+00  0.00000000E+00  0.00000000E+00  0.00000000E+00  0.00000000E+00 
 0.00000000E+00  0.00000000E+00  0.00000000E+00  0.00000000E+00  0.00000000E+00  0.00000000E+00 
 0.00000000E+00  0.00000000E+00  0.00000000E+00  0.00000000E+00  0.00000000E+00  0.00000000E+00 
 0.00000000E+00  0.00000000E+00  0.00000000E+00  0.00000000E+00  0.00000000E+00  0.00000000E+00 
 0.00000000E+00  0.00000000E+00  0.00000000E+00  0.00000000E+00  0.00000000E+00  0.00000000E+00 
 0.00000000E+00  0.00000000E+00  0.00000000E+00  0.00000000E+00  0.00000000E+00  0.00000000E+00 
 0.00000000E+00  0.00000000E+00  0.00000000E+00  0.00000000E+00  0.00000000E+00  0.00000000E+00 
 0.00000000E+00  0.00000000E+00  0.00000000E+00  0.00000000E+00  0.00000000E+00  0.00000000E+00 
 0.00000000E+00  0.00000000E+00  0.00000000E+00  0.00000000E+00  0.00000000E+00  0.00000000E+00 
 0.00000000E+00  0.00000000E+00  0.00000000E+00  0.00000000E+00  0.00000000E+00  0.00000000E+00 
 0.00000000E+00  0.00000000E+00  0.00000000E+00  0.00000000E+00  0.00000000E+00  0.00000000E+00 
'MIN LISSAGE' 

 0.00000000E+00  0.00000000E+00  0.00000000E+00  0.00000000E+00  0.00000000E+00  0.00000000E+00 
 0.00000000E+00  0.00000000E+00  0.00000000E+00  0.00000000E+00  0.00000000E+00  0.00000000E+00 
 0.00000000E+00  0.00000000E+00  0.00000000E+00  0.00000000E+00  0.00000000E+00  0.00000000E+00 
 0.00000000E+00  0.00000000E+00  0.00000000E+00  0.00000000E+00  0.00000000E+00  0.00000000E+00 
 0.00000000E+00  0.00000000E+00  0.00000000E+00  0.00000000E+00  0.00000000E+00  0.00000000E+00 
 0.00000000E+00  0.00000000E+00  0.00000000E+00  0.00000000E+00  0.00000000E+00  0.00000000E+00 
 0.00000000E+00  0.00000000E+00  0.00000000E+00  0.00000000E+00  0.00000000E+00  0.00000000E+00 
 0.00000000E+00  0.00000000E+00  0.00000000E+00  0.00000000E+00  0.00000000E+00  0.00000000E+00 
 0.00000000E+00  0.00000000E+00  0.00000000E+00  0.00000000E+00  0.00000000E+00  0.00000000E+00 
 0.00000000E+00  0.00000000E+00  0.00000000E+00  0.00000000E+00  0.00000000E+00  0.00000000E+00 
 0.00000000E+00  0.00000000E+00  0.00000000E+00  0.00000000E+00  0.00000000E+00  0.00000000E+00 
 0.00000000E+00  0.00000000E+00  0.00000000E+00  0.00000000E+00  0.00000000E+00  0.00000000E+00 
 0.00000000E+00  0.00000000E+00  0.00000000E+00  0.00000000E+00  0.00000000E+00  0.00000000E+00 
 0.00000000E+00  0.00000000E+00  0.00000000E+00  0.00000000E+00  0.00000000E+00  0.00000000E+00 
 0.00000000E+00  0.00000000E+00  0.00000000E+00  0.00000000E+00  0.00000000E+00  0.00000000E+00 
 0.00000000E+00  0.00000000E+00  0.00000000E+00  0.00000000E+00  0.00000000E+00  0.00000000E+00 
'CADARR' 
'E'  1.31800000E+06  1.31800000E+06  1.31800000E+06  0.00000000E+00 
'APPORTS' 

 4.60000000E+01  3.40000000E+01  1.00000000E+01  1.00000000E+01  1.00000000E+01  1.00000000E+01 
 1.00000000E+01  1.00000000E+01  1.00000000E+01  1.00000000E+01  1.00000000E+01  1.00000000E+01 
 1.00000000E+01  1.00000000E+01  1.00000000E+01  1.00000000E+01  1.00000000E+01  1.00000000E+01 
 1.00000000E+01  1.00000000E+01  1.00000000E+01  1.00000000E+01  1.00000000E+01  1.00000000E+01 
 1.00000000E+01  1.00000000E+01  1.00000000E+01  1.00000000E+01  1.00000000E+01  1.00000000E+01 
 1.00000000E+01  1.00000000E+01  1.00000000E+01  1.00000000E+01  1.00000000E+01  1.00000000E+01 
 1.00000000E+01  1.00000000E+01  1.00000000E+01  1.00000000E+01  1.00000000E+01  1.00000000E+01 
 1.00000000E+01  1.00000000E+01  1.00000000E+01  1.00000000E+01  1.00000000E+01  1.00000000E+01 
 1.00000000E+01  1.00000000E+01  1.00000000E+01  1.00000000E+01  1.00000000E+01  1.00000000E+01 
 1.00000000E+01  1.00000000E+01  1.00000000E+01  1.00000000E+01  1.00000000E+01  1.00000000E+01 
-5.00000000E+00 -5.00000000E+00 -5.00000000E+00 -5.00000000E+00 -2.00000000E+01 -2.00000000E+01 
-2.00000000E+01 -2.00000000E+01 -3.50000000E+01 -3.50000000E+01 -3.50000000E+01 -3.50000000E+01 
-6.00000000E+01 -6.00000000E+01 -6.00000000E+01 -6.00000000E+01 -3.50000000E+01 -1.00000000E+01 
-5.00000000E+00 -5.00000000E+00  0.00000000E+00  0.00000000E+00  1.00000000E+01  1.00000000E+01 
 1.00000000E+01  1.00000000E+01  1.00000000E+01  1.00000000E+01  1.00000000E+01  1.00000000E+01 
 1.00000000E+01  1.00000000E+01  1.00000000E+01  1.00000000E+01  1.00000000E+01  1.00000000E+01 
'MAX OPTIMISATION' 

 1.76000000E+06  1.76000000E+06  1.76000000E+06  1.76000000E+06  1.76000000E+06  1.76000000E+06 
 1.76000000E+06  1.76000000E+06  1.76000000E+06  1.76000000E+06  1.76000000E+06  1.76000000E+06 
 1.76000000E+06  1.76000000E+06  1.76000000E+06  1.76000000E+06  1.76000000E+06  1.76000000E+06 
 1.76000000E+06  1.76000000E+06  1.76000000E+06  1.76000000E+06  1.76000000E+06  1.76000000E+06 
 1.76000000E+06  1.76000000E+06  1.76000000E+06  1.76000000E+06  1.76000000E+06  1.76000000E+06 
 1.76000000E+06  1.76000000E+06  1.76000000E+06  1.76000000E+06  1.76000000E+06  1.76000000E+06 
 1.76000000E+06  1.76000000E+06  1.76000000E+06  1.76000000E+06  1.76000000E+06  1.76000000E+06 
 1.76000000E+06  1.76000000E+06  1.76000000E+06  1.76000000E+06  1.76000000E+06  1.76000000E+06 
 1.76000000E+06  1.76000000E+06  1.90000000E+06  1.90000000E+06  1.90000000E+06  1.90000000E+06 
 1.90000000E+06  1.90000000E+06  1.90000000E+06  1.90000000E+06  2.04000000E+06  2.04000000E+06 
 2.04000000E+06  2.04000000E+06  2.04000000E+06  2.04000000E+06  2.04000000E+06  2.04000000E+06 
 2.04000000E+06  2.04000000E+06  2.04000000E+06  2.04000000E+06  2.04000000E+06  2.04000000E+06 
 2.04000000E+06  2.04000000E+06  2.04000000E+06  2.04000000E+06  2.04000000E+06  2.04000000E+06 
 2.04000000E+06  2.04000000E+06  2.04000000E+06  2.04000000E+06  1.90000000E+06  1.90000000E+06 
 1.90000000E+06  1.90000000E+06  1.76000000E+06  1.76000000E+06  1.76000000E+06  1.76000000E+06 
 1.76000000E+06  1.76000000E+06  1.76000000E+06  1.76000000E+06  1.76000000E+06  1.76000000E+06 
'MIN OPTIMISATION' 

 8.95001188E+05  8.95001188E+05  8.95001188E+05  8.95001188E+05  8.95001188E+05  8.95001188E+05 
 8.95001188E+05  8.95001188E+05  8.95001188E+05  8.95001188E+05  8.95001188E+05  8.95001188E+05 
 8.95001188E+05  8.95001188E+05  8.95001188E+05  8.95001188E+05  8.95001188E+05  8.95001188E+05 
 8.95001188E+05  8.95001188E+05  8.95001188E+05  8.95001188E+05  8.95001188E+05  8.95001188E+05 
 8.95001188E+05  8.95001188E+05  8.95001188E+05  8.95001188E+05  8.95001188E+05  8.95001188E+05 
 8.95001188E+05  8.95001188E+05  8.95001188E+05  8.95001188E+05  8.95001188E+05  8.95001188E+05 
 8.95001188E+05  8.95001188E+05  8.95001188E+05  8.95001188E+05  8.95001188E+05  8.95001188E+05 
 8.95001188E+05  8.95001188E+05  8.95001188E+05  8.95001188E+05  8.95001188E+05  8.95001188E+05 
 8.95001188E+05  8.95001188E+05  8.95001188E+05  8.95001188E+05  8.95001188E+05  8.95001188E+05 
 8.95001188E+05  8.95001188E+05  1.64500800E+06  1.64500800E+06  1.90000000E+06  1.90000000E+06 
 1.90000000E+06  1.90000000E+06  1.90000000E+06  1.90000000E+06  1.90000000E+06  1.90000000E+06 
 1.90000000E+06  1.90000000E+06  1.90000000E+06  1.90000000E+06  1.90000000E+06  1.90000000E+06 
 1.90000000E+06  1.90000000E+06  1.90000000E+06  1.90000000E+06  1.90000000E+06  1.90000000E+06 
 1.90000000E+06  1.90000000E+06  1.90000000E+06  1.90000000E+06  8.95001188E+05  8.95001188E+05 
 8.95001188E+05  8.95001188E+05  8.95001188E+05  8.95001188E+05  8.95001188E+05  8.95001188E+05 
 8.95001188E+05  8.95001188E+05  8.95001188E+05  8.95001188E+05  8.95001188E+05  8.95001188E+05 
'MAX LISSAGE' 

 1.90000000E+06  1.90000000E+06  1.90000000E+06  1.90000000E+06  1.90000000E+06  1.90000000E+06 
 1.90000000E+06  1.90000000E+06  1.90000000E+06  1.90000000E+06  1.90000000E+06  1.90000000E+06 
 1.90000000E+06  1.90000000E+06  1.90000000E+06  1.90000000E+06  1.90000000E+06  1.90000000E+06 
 1.90000000E+06  1.90000000E+06  1.90000000E+06  1.90000000E+06  1.90000000E+06  1.90000000E+06 
 1.90000000E+06  1.90000000E+06  1.90000000E+06  1.90000000E+06  1.90000000E+06  1.90000000E+06 
 1.90000000E+06  1.90000000E+06  1.90000000E+06  1.90000000E+06  1.90000000E+06  1.90000000E+06 
 1.90000000E+06  1.90000000E+06  1.90000000E+06  1.90000000E+06  1.90000000E+06  1.90000000E+06 
 1.90000000E+06  1.90000000E+06  1.90000000E+06  1.90000000E+06  1.90000000E+06  1.90000000E+06 
 1.90000000E+06  1.90000000E+06  2.04000000E+06  2.04000000E+06  2.04000000E+06  2.04000000E+06 
 2.04000000E+06  2.04000000E+06  2.04000000E+06  2.04000000E+06  2.04000000E+06  2.04000000E+06 
 2.04000000E+06  2.04000000E+06  2.04000000E+06  2.04000000E+06  2.04000000E+06  2.04000000E+06 
 2.04000000E+06  2.04000000E+06  2.04000000E+06  2.04000000E+06  2.04000000E+06  2.04000000E+06 
 2.04000000E+06  2.04000000E+06  2.04000000E+06  2.04000000E+06  2.04000000E+06  2.04000000E+06 
 2.04000000E+06  2.04000000E+06  2.04000000E+06  2.04000000E+06  2.04000000E+06  2.04000000E+06 
 2.04000000E+06  2.04000000E+06  1.90000000E+06  1.90000000E+06  1.90000000E+06  1.90000000E+06 
 1.90000000E+06  1.90000000E+06  1.90000000E+06  1.90000000E+06  1.90000000E+06  1.90000000E+06 
'MIN LISSAGE' 

 7.50000750E+05  7.50000750E+05  7.50000750E+05  7.50000750E+05  7.50000750E+05  7.50000750E+05 
 7.50000750E+05  7.50000750E+05  7.50000750E+05  7.50000750E+05  7.50000750E+05  7.50000750E+05 
 7.50000750E+05  7.50000750E+05  7.50000750E+05  7.50000750E+05  7.50000750E+05  7.50000750E+05 
 7.50000750E+05  7.50000750E+05  7.50000750E+05  7.50000750E+05  7.50000750E+05  7.50000750E+05 
 7.50000750E+05  7.50000750E+05  7.50000750E+05  7.50000750E+05  7.50000750E+05  7.50000750E+05 
 7.50000750E+05  7.50000750E+05  7.50000750E+05  7.50000750E+05  7.50000750E+05  7.50000750E+05 
 7.50000750E+05  7.50000750E+05  7.50000750E+05  7.50000750E+05  7.50000750E+05  7.50000750E+05 
 7.50000750E+05  7.50000750E+05  7.50000750E+05  7.50000750E+05  7.50000750E+05  7.50000750E+05 
 7.50000750E+05  7.50000750E+05  7.50000750E+05  7.50000750E+05  7.50000750E+05  7.50000750E+05 
 7.50000750E+05  7.50000750E+05  1.50000912E+06  1.50000912E+06  1.90000000E+06  1.90000000E+06 
 1.90000000E+06  1.90000000E+06  1.90000000E+06  1.90000000E+06  1.90000000E+06  1.90000000E+06 
 1.90000000E+06  1.90000000E+06  1.90000000E+06  1.90000000E+06  1.90000000E+06  1.90000000E+06 
 1.90000000E+06  1.90000000E+06  1.90000000E+06  1.90000000E+06  1.90000000E+06  1.90000000E+06 
 1.90000000E+06  1.90000000E+06  1.90000000E+06  1.90000000E+06  7.50000750E+05  7.50000750E+05 
 7.50000750E+05  7.50000750E+05  7.50000750E+05  7.50000750E+05  7.50000750E+05  7.50000750E+05 
 7.50000750E+05  7.50000750E+05  7.50000750E+05  7.50000750E+05  7.50000750E+05  7.50000750E+05 
'SSCROR' 
'E'  1.94436992E+08  1.72740000E+07  2.97228992E+08  5.33000007E-02 
'APPORTS' 

 0.00000000E+00  0.00000000E+00  0.00000000E+00  0.00000000E+00  0.00000000E+00  0.00000000E+00 
 0.00000000E+00  0.00000000E+00  0.00000000E+00  0.00000000E+00  0.00000000E+00  0.00000000E+00 
 0.00000000E+00  1.60000000E+01  1.60000000E+01  1.60000000E+01  1.60000000E+01  1.60000000E+01 
 1.60000000E+01  1.60000000E+01  1.60000000E+01  1.60000000E+01  1.60000000E+01  1.60000000E+01 
 1.60000000E+01  1.60000000E+01  1.60000000E+01  1.60000000E+01  1.60000000E+01  1.60000000E+01 
 1.60000000E+01  1.60000000E+01  1.60000000E+01  1.60000000E+01  1.60000000E+01  1.60000000E+01 
 1.60000000E+01  1.60000000E+01  2.10000000E+01  2.60000000E+01  3.20000000E+01  4.00000000E+01 
 4.00000000E+01  4.00000000E+01  4.00000000E+01  4.00000000E+01  4.00000000E+01  4.00000000E+01 
 4.00000000E+01  4.00000000E+01  4.00000000E+01  4.00000000E+01  4.00000000E+01  4.00000000E+01 
 4.00000000E+01  4.00000000E+01  4.00000000E+01  4.00000000E+01  4.00000000E+01  4.00000000E+01 
 4.00000000E+01  4.00000000E+01  3.20000000E+01  2.40000000E+01  2.40000000E+01  2.40000000E+01 
 2.40000000E+01  2.40000000E+01  2.40000000E+01  2.40000000E+01  2.40000000E+01  2.40000000E+01 
 2.40000000E+01  2.40000000E+01  2.40000000E+01  2.40000000E+01  2.40000000E+01  2.40000000E+01 
 2.40000000E+01  2.40000000E+01  2.40000000E+01  2.40000000E+01  2.40000000E+01  2.40000000E+01 
 2.40000000E+01  2.40000000E+01  2.40000000E+01  2.40000000E+01  2.40000000E+01  2.40000000E+01 
 2.40000000E+01  2.40000000E+01  2.40000000E+01  2.40000000E+01  2.40000000E+01  2.40000000E+01 
'MAX OPTIMISATION' 

 2.97228992E+08  2.97228992E+08  2.97228992E+08  2.97228992E+08  2.97228992E+08  2.97228992E+08 
 2.97228992E+08  2.97228992E+08  2.97228992E+08  2.97228992E+08  2.97228992E+08  2.97228992E+08 
 2.97228992E+08  2.97228992E+08  2.97228992E+08  2.97228992E+08  2.97228992E+08  2.97228992E+08 
 2.97228992E+08  2.97228992E+08  2.97228992E+08  2.97228992E+08  2.97228992E+08  2.97228992E+08 
 2.97228992E+08  2.97228992E+08  2.97228992E+08  2.97228992E+08  2.97228992E+08  2.97228992E+08 
 2.97228992E+08  2.97228992E+08  2.97228992E+08  2.97228992E+08  2.97228992E+08  2.97228992E+08 
 2.97228992E+08  2.97228992E+08  2.97228992E+08  2.97228992E+08  2.97228992E+08  2.97228992E+08 
 2.97228992E+08  2.97228992E+08  2.97228992E+08  2.97228992E+08  2.97228992E+08  2.97228992E+08 
 2.97228992E+08  2.97228992E+08  2.97228992E+08  2.97228992E+08  2.97228992E+08  2.97228992E+08 
 2.97228992E+08  2.97228992E+08  2.97228992E+08  2.97228992E+08  2.97228992E+08  2.97228992E+08 
 2.97228992E+08  2.97228992E+08  2.97228992E+08  2.97228992E+08  2.97228992E+08  2.97228992E+08 
 2.97228992E+08  2.97228992E+08  2.97228992E+08  2.97228992E+08  2.97228992E+08  2.97228992E+08 
 2.97228992E+08  2.97228992E+08  2.97228992E+08  2.97228992E+08  2.97228992E+08  2.97228992E+08 
 2.97228992E+08  2.97228992E+08  2.97228992E+08  2.97228992E+08  2.97228992E+08  2.97228992E+08 
 2.97228992E+08  2.97228992E+08  2.97228992E+08  2.97228992E+08  2.97228992E+08  2.97228992E+08 
 2.97228992E+08  2.97228992E+08  2.97228992E+08  2.97228992E+08  2.97228992E+08  2.97228992E+08 
'MIN OPTIMISATION' 

 1.72740000E+07  1.72740000E+07  1.72740000E+07  1.72740000E+07  1.72740000E+07  1.72740000E+07 
 1.72740000E+07  1.72740000E+07  1.72740000E+07  1.72740000E+07  1.72740000E+07  1.72740000E+07 
 1.72740000E+07  1.72740000E+07  1.72740000E+07  1.72740000E+07  1.72740000E+07  1.72740000E+07 
 1.72740000E+07  1.72740000E+07  1.72740000E+07  1.72740000E+07  1.72740000E+07  1.72740000E+07 
 1.72740000E+07  1.72740000E+07  1.72740000E+07  1.72740000E+07  1.72740000E+07  1.72740000E+07 
 1.72740000E+07  1.72740000E+07  1.72740000E+07  1.72740000E+07  1.72740000E+07  1.72740000E+07 
 1.72740000E+07  1.72740000E+07  1.72740000E+07  1.72740000E+07  1.72740000E+07  1.72740000E+07 
 1.72740000E+07  1.72740000E+07  1.72740000E+07  1.72740000E+07  1.72740000E+07  1.72740000E+07 
 1.72740000E+07  1.72740000E+07  1.72740000E+07  1.72740000E+07  1.72740000E+07  1.72740000E+07 
 1.72740000E+07  1.72740000E+07  1.72740000E+07  1.72740000E+07  1.72740000E+07  1.72740000E+07 
 1.72740000E+07  1.72740000E+07  1.72740000E+07  1.72740000E+07  1.72740000E+07  1.72740000E+07 
 1.72740000E+07  1.72740000E+07  1.72740000E+07  1.72740000E+07  1.72740000E+07  1.72740000E+07 
 1.72740000E+07  1.72740000E+07  1.72740000E+07  1.72740000E+07  1.72740000E+07  1.72740000E+07 
 1.72740000E+07  1.72740000E+07  1.72740000E+07  1.72740000E+07  1.72740000E+07  1.72740000E+07 
 1.72740000E+07  1.72740000E+07  1.72740000E+07  1.72740000E+07  1.72740000E+07  1.72740000E+07 
 1.72740000E+07  1.72740000E+07  1.72740000E+07  1.72740000E+07  1.72740000E+07  1.72740000E+07 
'MAX LISSAGE' 

 2.99407008E+08  2.99407008E+08  2.99407008E+08  2.99407008E+08  2.99407008E+08  2.99407008E+08 
 2.99407008E+08  2.99407008E+08  2.99407008E+08  2.99407008E+08  2.99407008E+08  2.99407008E+08 
 2.99407008E+08  2.99407008E+08  2.99407008E+08  2.99407008E+08  2.99407008E+08  2.99407008E+08 
 2.99407008E+08  2.99407008E+08  2.99407008E+08  2.99407008E+08  2.99407008E+08  2.99407008E+08 
 2.99407008E+08  2.99407008E+08  2.99407008E+08  2.99407008E+08  2.99407008E+08  2.99407008E+08 
 2.99407008E+08  2.99407008E+08  2.99407008E+08  2.99407008E+08  2.99407008E+08  2.99407008E+08 
 2.99407008E+08  2.99407008E+08  2.99407008E+08  2.99407008E+08  2.99407008E+08  2.99407008E+08 
 2.99407008E+08  2.99407008E+08  2.99407008E+08  2.99407008E+08  2.99407008E+08  2.99407008E+08 
 2.99407008E+08  2.99407008E+08  2.99407008E+08  2.99407008E+08  2.99407008E+08  2.99407008E+08 
 2.99407008E+08  2.99407008E+08  2.99407008E+08  2.99407008E+08  2.99407008E+08  2.99407008E+08 
 2.99407008E+08  2.99407008E+08  2.99407008E+08  2.99407008E+08  2.99407008E+08  2.99407008E+08 
 2.99407008E+08  2.99407008E+08  2.99407008E+08  2.99407008E+08  2.99407008E+08  2.99407008E+08 
 2.99407008E+08  2.99407008E+08  2.99407008E+08  2.99407008E+08  2.99407008E+08  2.99407008E+08 
 2.99407008E+08  2.99407008E+08  2.99407008E+08  2.99407008E+08  2.99407008E+08  2.99407008E+08 
 2.99407008E+08  2.99407008E+08  2.99407008E+08  2.99407008E+08  2.99407008E+08  2.99407008E+08 
 2.99407008E+08  2.99407008E+08  2.99407008E+08  2.99407008E+08  2.99407008E+08  2.99407008E+08 
'MIN LISSAGE' 

 8.59500000E+06  8.59500000E+06  8.59500000E+06  8.59500000E+06  8.59500000E+06  8.59500000E+06 
 8.59500000E+06  8.59500000E+06  8.59500000E+06  8.59500000E+06  8.59500000E+06  8.59500000E+06 
 8.59500000E+06  8.59500000E+06  8.59500000E+06  8.59500000E+06  8.59500000E+06  8.59500000E+06 
 8.59500000E+06  8.59500000E+06  8.59500000E+06  8.59500000E+06  8.59500000E+06  8.59500000E+06 
 8.59500000E+06  8.59500000E+06  8.59500000E+06  8.59500000E+06  8.59500000E+06  8.59500000E+06 
 8.59500000E+06  8.59500000E+06  8.59500000E+06  8.59500000E+06  8.59500000E+06  8.59500000E+06 
 8.59500000E+06  8.59500000E+06  8.59500000E+06  8.59500000E+06  8.59500000E+06  8.59500000E+06 
 8.59500000E+06  8.59500000E+06  8.59500000E+06  8.59500000E+06  8.59500000E+06  8.59500000E+06 
 8.59500000E+06  8.59500000E+06  8.59500000E+06  8.59500000E+06  8.59500000E+06  8.59500000E+06 
 8.59500000E+06  8.59500000E+06  8.59500000E+06  8.59500000E+06  8.59500000E+06  8.59500000E+06 
 8.59500000E+06  8.59500000E+06  8.59500000E+06  8.59500000E+06  8.59500000E+06  8.59500000E+06 
 8.59500000E+06  8.59500000E+06  8.59500000E+06  8.59500000E+06  8.59500000E+06  8.59500000E+06 
 8.59500000E+06  8.59500000E+06  8.59500000E+06  8.59500000E+06  8.59500000E+06  8.59500000E+06 
 8.59500000E+06  8.59500000E+06  8.59500000E+06  8.59500000E+06  8.59500000E+06  8.59500000E+06 
 8.59500000E+06  8.59500000E+06  8.59500000E+06  8.59500000E+06  8.59500000E+06  8.59500000E+06 
 8.59500000E+06  8.59500000E+06  8.59500000E+06  8.59500000E+06  8.59500000E+06  8.59500000E+06 
'QUINSR' 
'E'  6.80000000E+06  6.80000000E+06  6.80000000E+06  0.00000000E+00 
'APPORTS' 

 0.00000000E+00  0.00000000E+00  0.00000000E+00  0.00000000E+00  0.00000000E+00  0.00000000E+00 
 0.00000000E+00  0.00000000E+00  0.00000000E+00  0.00000000E+00  0.00000000E+00  0.00000000E+00 
 0.00000000E+00  0.00000000E+00  0.00000000E+00  0.00000000E+00  0.00000000E+00  0.00000000E+00 
 0.00000000E+00  0.00000000E+00  0.00000000E+00  0.00000000E+00  0.00000000E+00  0.00000000E+00 
 0.00000000E+00  0.00000000E+00  0.00000000E+00  0.00000000E+00  0.00000000E+00  0.00000000E+00 
 0.00000000E+00  0.00000000E+00  0.00000000E+00  0.00000000E+00  0.00000000E+00  0.00000000E+00 
 0.00000000E+00  0.00000000E+00  0.00000000E+00  0.00000000E+00  0.00000000E+00  0.00000000E+00 
 0.00000000E+00  0.00000000E+00  0.00000000E+00  0.00000000E+00  0.00000000E+00  0.00000000E+00 
 0.00000000E+00  0.00000000E+00  0.00000000E+00  0.00000000E+00  0.00000000E+00  0.00000000E+00 
 0.00000000E+00  0.00000000E+00  0.00000000E+00  0.00000000E+00  0.00000000E+00  0.00000000E+00 
 0.00000000E+00  0.00000000E+00  0.00000000E+00  0.00000000E+00  0.00000000E+00  0.00000000E+00 
 0.00000000E+00  0.00000000E+00  0.00000000E+00  0.00000000E+00  0.00000000E+00  0.00000000E+00 
 0.00000000E+00  0.00000000E+00  0.00000000E+00  0.00000000E+00  0.00000000E+00  0.00000000E+00 
 0.00000000E+00  0.00000000E+00  0.00000000E+00  0.00000000E+00  0.00000000E+00  0.00000000E+00 
 0.00000000E+00  0.00000000E+00  0.00000000E+00  0.00000000E+00  0.00000000E+00  0.00000000E+00 
 0.00000000E+00  0.00000000E+00  0.00000000E+00  0.00000000E+00  0.00000000E+00  0.00000000E+00 
'MAX OPTIMISATION' 

 6.97900000E+06  6.97900000E+06  6.97900000E+06  6.97900000E+06  6.97900000E+06  6.97900000E+06 
 6.97900000E+06  6.97900000E+06  6.97900000E+06  6.97900000E+06  6.97900000E+06  6.97900000E+06 
 6.97900000E+06  6.97900000E+06  6.97900000E+06  6.97900000E+06  6.97900000E+06  6.97900000E+06 
 6.97900000E+06  6.97900000E+06  6.97900000E+06  6.97900000E+06  6.97900000E+06  6.97900000E+06 
 6.97900000E+06  6.97900000E+06  6.97900000E+06  6.97900000E+06  6.97900000E+06  6.97900000E+06 
 6.97900000E+06  6.97900000E+06  6.97900000E+06  6.97900000E+06  6.97900000E+06  6.97900000E+06 
 6.97900000E+06  6.97900000E+06  6.97900000E+06  6.97900000E+06  6.97900000E+06  6.97900000E+06 
 6.97900000E+06  6.97900000E+06  6.97900000E+06  6.97900000E+06  6.97900000E+06  6.97900000E+06 
 6.97900000E+06  6.97900000E+06  6.97900000E+06  6.97900000E+06  6.97900000E+06  6.97900000E+06 
 6.97900000E+06  6.97900000E+06  6.97900000E+06  6.97900000E+06  6.97900000E+06  6.97900000E+06 
 6.97900000E+06  6.97900000E+06  6.97900000E+06  6.97900000E+06  6.97900000E+06  6.97900000E+06 
 6.97900000E+06  6.97900000E+06  6.97900000E+06  6.97900000E+06  6.97900000E+06  6.97900000E+06 
 6.97900000E+06  6.97900000E+06  6.97900000E+06  6.97900000E+06  6.97900000E+06  6.97900000E+06 
 6.97900000E+06  6.97900000E+06  6.97900000E+06  6.97900000E+06  6.97900000E+06  6.97900000E+06 
 6.97900000E+06  6.97900000E+06  6.97900000E+06  6.97900000E+06  6.97900000E+06  6.97900000E+06 
 6.97900000E+06  6.97900000E+06  6.97900000E+06  6.97900000E+06  6.97900000E+06  6.97900000E+06 
'MIN OPTIMISATION' 

 2.95400000E+06  2.95400000E+06  2.95400000E+06  2.95400000E+06  2.95400000E+06  2.95400000E+06 
 2.95400000E+06  2.95400000E+06  2.95400000E+06  2.95400000E+06  2.95400000E+06  2.95400000E+06 
 2.95400000E+06  2.95400000E+06  2.95400000E+06  2.95400000E+06  2.95400000E+06  2.95400000E+06 
 2.95400000E+06  2.95400000E+06  2.95400000E+06  2.95400000E+06  2.95400000E+06  2.95400000E+06 
 2.95400000E+06  2.95400000E+06  2.95400000E+06  2.95400000E+06  2.95400000E+06  2.95400000E+06 
 2.95400000E+06  2.95400000E+06  2.95400000E+06  2.95400000E+06  2.95400000E+06  2.95400000E+06 
 2.95400000E+06  2.95400000E+06  2.95400000E+06  2.95400000E+06  2.95400000E+06  2.95400000E+06 
 2.95400000E+06  2.95400000E+06  2.95400000E+06  2.95400000E+06  2.95400000E+06  2.95400000E+06 
 2.95400000E+06  2.95400000E+06  2.95400000E+06  2.95400000E+06  2.95400000E+06  2.95400000E+06 
 2.95400000E+06  2.95400000E+06  2.95400000E+06  2.95400000E+06  2.95400000E+06  2.95400000E+06 
 2.95400000E+06  2.95400000E+06  2.95400000E+06  2.95400000E+06  2.95400000E+06  2.95400000E+06 
 2.95400000E+06  2.95400000E+06  2.95400000E+06  2.95400000E+06  2.95400000E+06  2.95400000E+06 
 2.95400000E+06  2.95400000E+06  2.95400000E+06  2.95400000E+06  2.95400000E+06  2.95400000E+06 
 2.95400000E+06  2.95400000E+06  2.95400000E+06  2.95400000E+06  2.95400000E+06  2.95400000E+06 
 2.95400000E+06  2.95400000E+06  2.95400000E+06  2.95400000E+06  2.95400000E+06  2.95400000E+06 
 2.95400000E+06  2.95400000E+06  2.95400000E+06  2.95400000E+06  2.95400000E+06  2.95400000E+06 
'MAX LISSAGE' 

 7.35000000E+06  7.35000000E+06  7.35000000E+06  7.35000000E+06  7.35000000E+06  7.35000000E+06 
 7.35000000E+06  7.35000000E+06  7.35000000E+06  7.35000000E+06  7.35000000E+06  7.35000000E+06 
 7.35000000E+06  7.35000000E+06  7.35000000E+06  7.35000000E+06  7.35000000E+06  7.35000000E+06 
 7.35000000E+06  7.35000000E+06  7.35000000E+06  7.35000000E+06  7.35000000E+06  7.35000000E+06 
 7.35000000E+06  7.35000000E+06  7.35000000E+06  7.35000000E+06  7.35000000E+06  7.35000000E+06 
 7.35000000E+06  7.35000000E+06  7.35000000E+06  7.35000000E+06  7.35000000E+06  7.35000000E+06 
 7.35000000E+06  7.35000000E+06  7.35000000E+06  7.35000000E+06  7.35000000E+06  7.35000000E+06 
 7.35000000E+06  7.35000000E+06  7.35000000E+06  7.35000000E+06  7.35000000E+06  7.35000000E+06 
 7.35000000E+06  7.35000000E+06  7.35000000E+06  7.35000000E+06  7.35000000E+06  7.35000000E+06 
 7.35000000E+06  7.35000000E+06  7.35000000E+06  7.35000000E+06  7.35000000E+06  7.35000000E+06 
 7.35000000E+06  7.35000000E+06  7.35000000E+06  7.35000000E+06  7.35000000E+06  7.35000000E+06 
 7.35000000E+06  7.35000000E+06  7.35000000E+06  7.35000000E+06  7.35000000E+06  7.35000000E+06 
 7.35000000E+06  7.35000000E+06  7.35000000E+06  7.35000000E+06  7.35000000E+06  7.35000000E+06 
 7.35000000E+06  7.35000000E+06  7.35000000E+06  7.35000000E+06  7.35000000E+06  7.35000000E+06 
 7.35000000E+06  7.35000000E+06  7.35000000E+06  7.35000000E+06  7.35000000E+06  7.35000000E+06 
 7.35000000E+06  7.35000000E+06  7.35000000E+06  7.35000000E+06  7.35000000E+06  7.35000000E+06 
'MIN LISSAGE' 

 2.57000000E+06  2.57000000E+06  2.57000000E+06  2.57000000E+06  2.57000000E+06  2.57000000E+06 
 2.57000000E+06  2.57000000E+06  2.57000000E+06  2.57000000E+06  2.57000000E+06  2.57000000E+06 
 2.57000000E+06  2.57000000E+06  2.57000000E+06  2.57000000E+06  2.57000000E+06  2.57000000E+06 
 2.57000000E+06  2.57000000E+06  2.57000000E+06  2.57000000E+06  2.57000000E+06  2.57000000E+06 
 2.57000000E+06  2.57000000E+06  2.57000000E+06  2.57000000E+06  2.57000000E+06  2.57000000E+06 
 2.57000000E+06  2.57000000E+06  2.57000000E+06  2.57000000E+06  2.57000000E+06  2.57000000E+06 
 2.57000000E+06  2.57000000E+06  2.57000000E+06  2.57000000E+06  2.57000000E+06  2.57000000E+06 
 2.57000000E+06  2.57000000E+06  2.57000000E+06  2.57000000E+06  2.57000000E+06  2.57000000E+06 
 2.57000000E+06  2.57000000E+06  2.57000000E+06  2.57000000E+06  2.57000000E+06  2.57000000E+06 
 2.57000000E+06  2.57000000E+06  2.57000000E+06  2.57000000E+06  2.57000000E+06  2.57000000E+06 
 2.57000000E+06  2.57000000E+06  2.57000000E+06  2.57000000E+06  2.57000000E+06  2.57000000E+06 
 2.57000000E+06  2.57000000E+06  2.57000000E+06  2.57000000E+06  2.57000000E+06  2.57000000E+06 
 2.57000000E+06  2.57000000E+06  2.57000000E+06  2.57000000E+06  2.57000000E+06  2.57000000E+06 
 2.57000000E+06  2.57000000E+06  2.57000000E+06  2.57000000E+06  2.57000000E+06  2.57000000E+06 
 2.57000000E+06  2.57000000E+06  2.57000000E+06  2.57000000E+06  2.57000000E+06  2.57000000E+06 
 2.57000000E+06  2.57000000E+06  2.57000000E+06  2.57000000E+06  2.57000000E+06  2.57000000E+06 
'GREOUR' 
'E'  2.51900000E+06  2.51900000E+06  2.51900000E+06  0.00000000E+00 
'APPORTS' 

-4.00000000E+00 -4.00000000E+00 -4.00000000E+00 -4.00000000E+00 -4.00000000E+00 -4.00000000E+00 
-4.00000000E+00 -4.00000000E+00 -4.00000000E+00 -4.00000000E+00 -4.00000000E+00 -4.00000000E+00 
-4.00000000E+00 -4.00000000E+00 -4.00000000E+00 -4.00000000E+00 -4.00000000E+00 -4.00000000E+00 
-4.00000000E+00 -4.00000000E+00 -4.00000000E+00 -4.00000000E+00 -4.00000000E+00 -4.00000000E+00 
-4.00000000E+00 -4.00000000E+00 -4.00000000E+00 -4.00000000E+00 -4.00000000E+00 -4.00000000E+00 
-4.00000000E+00 -4.00000000E+00 -4.00000000E+00 -4.00000000E+00 -4.00000000E+00 -4.00000000E+00 
-4.00000000E+00 -4.00000000E+00 -4.00000000E+00 -4.00000000E+00 -4.00000000E+00 -4.00000000E+00 
-4.00000000E+00 -4.00000000E+00 -4.00000000E+00 -4.00000000E+00 -4.00000000E+00 -4.00000000E+00 
-4.00000000E+00 -4.00000000E+00 -4.00000000E+00 -4.00000000E+00 -4.00000000E+00 -4.00000000E+00 
-4.00000000E+00 -4.00000000E+00 -4.00000000E+00 -4.00000000E+00 -4.00000000E+00 -4.00000000E+00 
-4.00000000E+00 -4.00000000E+00 -4.00000000E+00 -4.00000000E+00 -4.00000000E+00 -4.00000000E+00 
-4.00000000E+00 -4.00000000E+00 -4.00000000E+00 -4.00000000E+00 -4.00000000E+00 -4.00000000E+00 
-4.00000000E+00 -4.00000000E+00 -4.00000000E+00 -4.00000000E+00 -4.00000000E+00 -4.00000000E+00 
-4.00000000E+00 -4.00000000E+00 -4.00000000E+00 -4.00000000E+00 -4.00000000E+00 -4.00000000E+00 
-4.00000000E+00 -4.00000000E+00 -4.00000000E+00 -4.00000000E+00 -4.00000000E+00 -4.00000000E+00 
-4.00000000E+00 -4.00000000E+00 -4.00000000E+00 -4.00000000E+00 -4.00000000E+00 -4.00000000E+00 
'MAX OPTIMISATION' 

 3.74000000E+06  3.74000000E+06  3.74000000E+06  3.74000000E+06  3.74000000E+06  3.74000000E+06 
 3.74000000E+06  3.74000000E+06  3.74000000E+06  3.74000000E+06  3.74000000E+06  3.74000000E+06 
 3.74000000E+06  3.74000000E+06  3.74000000E+06  3.74000000E+06  3.74000000E+06  3.74000000E+06 
 3.74000000E+06  3.74000000E+06  3.74000000E+06  3.74000000E+06  3.74000000E+06  3.74000000E+06 
 3.74000000E+06  3.74000000E+06  3.74000000E+06  3.74000000E+06  3.74000000E+06  3.74000000E+06 
 3.74000000E+06  3.74000000E+06  3.74000000E+06  3.74000000E+06  3.74000000E+06  3.74000000E+06 
 3.74000000E+06  3.74000000E+06  3.74000000E+06  3.74000000E+06  3.74000000E+06  3.74000000E+06 
 3.74000000E+06  3.74000000E+06  3.74000000E+06  3.74000000E+06  3.74000000E+06  3.74000000E+06 
 3.74000000E+06  3.74000000E+06  3.74000000E+06  3.74000000E+06  3.74000000E+06  3.74000000E+06 
 3.74000000E+06  3.74000000E+06  3.74000000E+06  3.74000000E+06  3.74000000E+06  3.74000000E+06 
 3.74000000E+06  3.74000000E+06  3.74000000E+06  3.74000000E+06  3.74000000E+06  3.74000000E+06 
 3.74000000E+06  3.74000000E+06  3.74000000E+06  3.74000000E+06  3.74000000E+06  3.74000000E+06 
 3.74000000E+06  3.74000000E+06  3.74000000E+06  3.74000000E+06  3.74000000E+06  3.74000000E+06 
 3.74000000E+06  3.74000000E+06  3.74000000E+06  3.74000000E+06  3.74000000E+06  3.74000000E+06 
 3.74000000E+06  3.74000000E+06  3.74000000E+06  3.74000000E+06  3.74000000E+06  3.74000000E+06 
 3.74000000E+06  3.74000000E+06  3.74000000E+06  3.74000000E+06  3.74000000E+06  3.74000000E+06 
'MIN OPTIMISATION' 

 9.75000000E+05  9.75000000E+05  9.75000000E+05  9.75000000E+05  9.75000000E+05  9.75000000E+05 
 9.75000000E+05  9.75000000E+05  9.75000000E+05  9.75000000E+05  9.75000000E+05  9.75000000E+05 
 9.75000000E+05  9.75000000E+05  9.75000000E+05  9.75000000E+05  9.75000000E+05  9.75000000E+05 
 9.75000000E+05  9.75000000E+05  9.75000000E+05  9.75000000E+05  9.75000000E+05  9.75000000E+05 
 9.75000000E+05  9.75000000E+05  9.75000000E+05  9.75000000E+05  9.75000000E+05  9.75000000E+05 
 9.75000000E+05  9.75000000E+05  9.75000000E+05  9.75000000E+05  9.75000000E+05  9.75000000E+05 
 9.75000000E+05  9.75000000E+05  9.75000000E+05  9.75000000E+05  9.75000000E+05  9.75000000E+05 
 9.75000000E+05  9.75000000E+05  9.75000000E+05  9.75000000E+05  9.75000000E+05  9.75000000E+05 
 9.75000000E+05  9.75000000E+05  9.75000000E+05  9.75000000E+05  9.75000000E+05  9.75000000E+05 
 9.75000000E+05  9.75000000E+05  9.75000000E+05  9.75000000E+05  9.75000000E+05  9.75000000E+05 
 9.75000000E+05  9.75000000E+05  9.75000000E+05  9.75000000E+05  9.75000000E+05  9.75000000E+05 
 9.75000000E+05  9.75000000E+05  9.75000000E+05  9.75000000E+05  9.75000000E+05  9.75000000E+05 
 9.75000000E+05  9.75000000E+05  9.75000000E+05  9.75000000E+05  9.75000000E+05  9.75000000E+05 
 9.75000000E+05  9.75000000E+05  9.75000000E+05  9.75000000E+05  9.75000000E+05  9.75000000E+05 
 9.75000000E+05  9.75000000E+05  9.75000000E+05  9.75000000E+05  9.75000000E+05  9.75000000E+05 
 9.75000000E+05  9.75000000E+05  9.75000000E+05  9.75000000E+05  9.75000000E+05  9.75000000E+05 
'MAX LISSAGE' 

 4.09700000E+06  4.09700000E+06  4.09700000E+06  4.09700000E+06  4.09700000E+06  4.09700000E+06 
 4.09700000E+06  4.09700000E+06  4.09700000E+06  4.09700000E+06  4.09700000E+06  4.09700000E+06 
 4.09700000E+06  4.09700000E+06  4.09700000E+06  4.09700000E+06  4.09700000E+06  4.09700000E+06 
 4.09700000E+06  4.09700000E+06  4.09700000E+06  4.09700000E+06  4.09700000E+06  4.09700000E+06 
 4.09700000E+06  4.09700000E+06  4.09700000E+06  4.09700000E+06  4.09700000E+06  4.09700000E+06 
 4.09700000E+06  4.09700000E+06  4.09700000E+06  4.09700000E+06  4.09700000E+06  4.09700000E+06 
 4.09700000E+06  4.09700000E+06  4.09700000E+06  4.09700000E+06  4.09700000E+06  4.09700000E+06 
 4.09700000E+06  4.09700000E+06  4.09700000E+06  4.09700000E+06  4.09700000E+06  4.09700000E+06 
 4.09700000E+06  4.09700000E+06  4.09700000E+06  4.09700000E+06  4.09700000E+06  4.09700000E+06 
 4.09700000E+06  4.09700000E+06  4.09700000E+06  4.09700000E+06  4.09700000E+06  4.09700000E+06 
 4.09700000E+06  4.09700000E+06  4.09700000E+06  4.09700000E+06  4.09700000E+06  4.09700000E+06 
 4.09700000E+06  4.09700000E+06  4.09700000E+06  4.09700000E+06  4.09700000E+06  4.09700000E+06 
 4.09700000E+06  4.09700000E+06  4.09700000E+06  4.09700000E+06  4.09700000E+06  4.09700000E+06 
 4.09700000E+06  4.09700000E+06  4.09700000E+06  4.09700000E+06  4.09700000E+06  4.09700000E+06 
 4.09700000E+06  4.09700000E+06  4.09700000E+06  4.09700000E+06  4.09700000E+06  4.09700000E+06 
 4.09700000E+06  4.09700000E+06  4.09700000E+06  4.09700000E+06  4.09700000E+06  4.09700000E+06 
'MIN LISSAGE' 

 6.30000000E+05  6.30000000E+05  6.30000000E+05  6.30000000E+05  6.30000000E+05  6.30000000E+05 
 6.30000000E+05  6.30000000E+05  6.30000000E+05  6.30000000E+05  6.30000000E+05  6.30000000E+05 
 6.30000000E+05  6.30000000E+05  6.30000000E+05  6.30000000E+05  6.30000000E+05  6.30000000E+05 
 6.30000000E+05  6.30000000E+05  6.30000000E+05  6.30000000E+05  6.30000000E+05  6.30000000E+05 
 6.30000000E+05  6.30000000E+05  6.30000000E+05  6.30000000E+05  6.30000000E+05  6.30000000E+05 
 6.30000000E+05  6.30000000E+05  6.30000000E+05  6.30000000E+05  6.30000000E+05  6.30000000E+05 
 6.30000000E+05  6.30000000E+05  6.30000000E+05  6.30000000E+05  6.30000000E+05  6.30000000E+05 
 6.30000000E+05  6.30000000E+05  6.30000000E+05  6.30000000E+05  6.30000000E+05  6.30000000E+05 
 6.30000000E+05  6.30000000E+05  6.30000000E+05  6.30000000E+05  6.30000000E+05  6.30000000E+05 
 6.30000000E+05  6.30000000E+05  6.30000000E+05  6.30000000E+05  6.30000000E+05  6.30000000E+05 
 6.30000000E+05  6.30000000E+05  6.30000000E+05  6.30000000E+05  6.30000000E+05  6.30000000E+05 
 6.30000000E+05  6.30000000E+05  6.30000000E+05  6.30000000E+05  6.30000000E+05  6.30000000E+05 
 6.30000000E+05  6.30000000E+05  6.30000000E+05  6.30000000E+05  6.30000000E+05  6.30000000E+05 
 6.30000000E+05  6.30000000E+05  6.30000000E+05  6.30000000E+05  6.30000000E+05  6.30000000E+05 
 6.30000000E+05  6.30000000E+05  6.30000000E+05  6.30000000E+05  6.30000000E+05  6.30000000E+05 
 6.30000000E+05  6.30000000E+05  6.30000000E+05  6.30000000E+05  6.30000000E+05  6.30000000E+05 
'SSESTR' 
'E'  2.37000000E+05  2.37000000E+05  2.37000000E+05  0.00000000E+00 
'APPORTS' 

 0.00000000E+00  0.00000000E+00  0.00000000E+00  0.00000000E+00  0.00000000E+00  0.00000000E+00 
 0.00000000E+00  0.00000000E+00  0.00000000E+00  0.00000000E+00  0.00000000E+00  0.00000000E+00 
 0.00000000E+00  0.00000000E+00  0.00000000E+00  0.00000000E+00  0.00000000E+00  0.00000000E+00 
 0.00000000E+00  0.00000000E+00  0.00000000E+00  0.00000000E+00  0.00000000E+00  0.00000000E+00 
 0.00000000E+00  0.00000000E+00  0.00000000E+00  0.00000000E+00  0.00000000E+00  0.00000000E+00 
 0.00000000E+00  0.00000000E+00  0.00000000E+00  0.00000000E+00  0.00000000E+00  0.00000000E+00 
 0.00000000E+00  0.00000000E+00  0.00000000E+00  0.00000000E+00  0.00000000E+00  0.00000000E+00 
 0.00000000E+00  0.00000000E+00  0.00000000E+00  0.00000000E+00  0.00000000E+00  0.00000000E+00 
 0.00000000E+00  0.00000000E+00  0.00000000E+00  0.00000000E+00  0.00000000E+00  0.00000000E+00 
 0.00000000E+00  0.00000000E+00  0.00000000E+00  0.00000000E+00  0.00000000E+00  0.00000000E+00 
 0.00000000E+00  0.00000000E+00  0.00000000E+00  0.00000000E+00  0.00000000E+00  0.00000000E+00 
 0.00000000E+00  0.00000000E+00  0.00000000E+00  0.00000000E+00  0.00000000E+00  0.00000000E+00 
 0.00000000E+00  0.00000000E+00  0.00000000E+00  0.00000000E+00  0.00000000E+00  0.00000000E+00 
 0.00000000E+00  0.00000000E+00  0.00000000E+00  0.00000000E+00  0.00000000E+00  0.00000000E+00 
 0.00000000E+00  0.00000000E+00  0.00000000E+00  0.00000000E+00  0.00000000E+00  0.00000000E+00 
 0.00000000E+00  0.00000000E+00  0.00000000E+00  0.00000000E+00  0.00000000E+00  0.00000000E+00 
'MAX OPTIMISATION' 

 2.37000000E+05  2.37000000E+05  2.37000000E+05  2.37000000E+05  2.37000000E+05  2.37000000E+05 
 2.37000000E+05  2.37000000E+05  2.37000000E+05  2.37000000E+05  2.37000000E+05  2.37000000E+05 
 2.37000000E+05  2.37000000E+05  2.37000000E+05  2.37000000E+05  2.37000000E+05  2.37000000E+05 
 2.37000000E+05  2.37000000E+05  2.37000000E+05  2.37000000E+05  2.37000000E+05  2.37000000E+05 
 2.37000000E+05  2.37000000E+05  2.37000000E+05  2.37000000E+05  2.37000000E+05  2.37000000E+05 
 2.37000000E+05  2.37000000E+05  2.37000000E+05  2.37000000E+05  2.37000000E+05  2.37000000E+05 
 2.37000000E+05  2.37000000E+05  2.37000000E+05  2.37000000E+05  2.37000000E+05  2.37000000E+05 
 2.37000000E+05  2.37000000E+05  2.37000000E+05  2.37000000E+05  2.37000000E+05  2.37000000E+05 
 2.37000000E+05  2.37000000E+05  2.37000000E+05  2.37000000E+05  2.37000000E+05  2.37000000E+05 
 2.37000000E+05  2.37000000E+05  2.37000000E+05  2.37000000E+05  2.37000000E+05  2.37000000E+05 
 2.37000000E+05  2.37000000E+05  2.37000000E+05  2.37000000E+05  2.37000000E+05  2.37000000E+05 
 2.37000000E+05  2.37000000E+05  2.37000000E+05  2.37000000E+05  2.37000000E+05  2.37000000E+05 
 2.37000000E+05  2.37000000E+05  2.37000000E+05  2.37000000E+05  2.37000000E+05  2.37000000E+05 
 2.37000000E+05  2.37000000E+05  2.37000000E+05  2.37000000E+05  2.37000000E+05  2.37000000E+05 
 2.37000000E+05  2.37000000E+05  2.37000000E+05  2.37000000E+05  2.37000000E+05  2.37000000E+05 
 2.37000000E+05  2.37000000E+05  2.37000000E+05  2.37000000E+05  2.37000000E+05  2.37000000E+05 
'MIN OPTIMISATION' 

 2.37000000E+05  2.37000000E+05  2.37000000E+05  2.37000000E+05  2.37000000E+05  2.37000000E+05 
 2.37000000E+05  2.37000000E+05  2.37000000E+05  2.37000000E+05  2.37000000E+05  2.37000000E+05 
 2.37000000E+05  2.37000000E+05  2.37000000E+05  2.37000000E+05  2.37000000E+05  2.37000000E+05 
 2.37000000E+05  2.37000000E+05  2.37000000E+05  2.37000000E+05  2.37000000E+05  2.37000000E+05 
 2.37000000E+05  2.37000000E+05  2.37000000E+05  2.37000000E+05  2.37000000E+05  2.37000000E+05 
 2.37000000E+05  2.37000000E+05  2.37000000E+05  2.37000000E+05  2.37000000E+05  2.37000000E+05 
 2.37000000E+05  2.37000000E+05  2.37000000E+05  2.37000000E+05  2.37000000E+05  2.37000000E+05 
 2.37000000E+05  2.37000000E+05  2.37000000E+05  2.37000000E+05  2.37000000E+05  2.37000000E+05 
 2.37000000E+05  2.37000000E+05  2.37000000E+05  2.37000000E+05  2.37000000E+05  2.37000000E+05 
 2.37000000E+05  2.37000000E+05  2.37000000E+05  2.37000000E+05  2.37000000E+05  2.37000000E+05 
 2.37000000E+05  2.37000000E+05  2.37000000E+05  2.37000000E+05  2.37000000E+05  2.37000000E+05 
 2.37000000E+05  2.37000000E+05  2.37000000E+05  2.37000000E+05  2.37000000E+05  2.37000000E+05 
 2.37000000E+05  2.37000000E+05  2.37000000E+05  2.37000000E+05  2.37000000E+05  2.37000000E+05 
 2.37000000E+05  2.37000000E+05  2.37000000E+05  2.37000000E+05  2.37000000E+05  2.37000000E+05 
 2.37000000E+05  2.37000000E+05  2.37000000E+05  2.37000000E+05  2.37000000E+05  2.37000000E+05 
 2.37000000E+05  2.37000000E+05  2.37000000E+05  2.37000000E+05  2.37000000E+05  2.37000000E+05 
'MAX LISSAGE' 

 3.09000000E+05  3.09000000E+05  3.09000000E+05  3.09000000E+05  3.09000000E+05  3.09000000E+05 
 3.09000000E+05  3.09000000E+05  3.09000000E+05  3.09000000E+05  3.09000000E+05  3.09000000E+05 
 3.09000000E+05  3.09000000E+05  3.09000000E+05  3.09000000E+05  3.09000000E+05  3.09000000E+05 
 3.09000000E+05  3.09000000E+05  3.09000000E+05  3.09000000E+05  3.09000000E+05  3.09000000E+05 
 3.09000000E+05  3.09000000E+05  3.09000000E+05  3.09000000E+05  3.09000000E+05  3.09000000E+05 
 3.09000000E+05  3.09000000E+05  3.09000000E+05  3.09000000E+05  3.09000000E+05  3.09000000E+05 
 3.09000000E+05  3.09000000E+05  3.09000000E+05  3.09000000E+05  3.09000000E+05  3.09000000E+05 
 3.09000000E+05  3.09000000E+05  3.09000000E+05  3.09000000E+05  3.09000000E+05  3.09000000E+05 
 3.09000000E+05  3.09000000E+05  3.09000000E+05  3.09000000E+05  3.09000000E+05  3.09000000E+05 
 3.09000000E+05  3.09000000E+05  3.09000000E+05  3.09000000E+05  3.09000000E+05  3.09000000E+05 
 3.09000000E+05  3.09000000E+05  3.09000000E+05  3.09000000E+05  3.09000000E+05  3.09000000E+05 
 3.09000000E+05  3.09000000E+05  3.09000000E+05  3.09000000E+05  3.09000000E+05  3.09000000E+05 
 3.09000000E+05  3.09000000E+05  3.09000000E+05  3.09000000E+05  3.09000000E+05  3.09000000E+05 
 3.09000000E+05  3.09000000E+05  3.09000000E+05  3.09000000E+05  3.09000000E+05  3.09000000E+05 
 3.09000000E+05  3.09000000E+05  3.09000000E+05  3.09000000E+05  3.09000000E+05  3.09000000E+05 
 3.09000000E+05  3.09000000E+05  3.09000000E+05  3.09000000E+05  3.09000000E+05  3.09000000E+05 
'MIN LISSAGE' 

 1.50000000E+04  1.50000000E+04  1.50000000E+04  1.50000000E+04  1.50000000E+04  1.50000000E+04 
 1.50000000E+04  1.50000000E+04  1.50000000E+04  1.50000000E+04  1.50000000E+04  1.50000000E+04 
 1.50000000E+04  1.50000000E+04  1.50000000E+04  1.50000000E+04  1.50000000E+04  1.50000000E+04 
 1.50000000E+04  1.50000000E+04  1.50000000E+04  1.50000000E+04  1.50000000E+04  1.50000000E+04 
 1.50000000E+04  1.50000000E+04  1.50000000E+04  1.50000000E+04  1.50000000E+04  1.50000000E+04 
 1.50000000E+04  1.50000000E+04  1.50000000E+04  1.50000000E+04  1.50000000E+04  1.50000000E+04 
 1.50000000E+04  1.50000000E+04  1.50000000E+04  1.50000000E+04  1.50000000E+04  1.50000000E+04 
 1.50000000E+04  1.50000000E+04  1.50000000E+04  1.50000000E+04  1.50000000E+04  1.50000000E+04 
 1.50000000E+04  1.50000000E+04  1.50000000E+04  1.50000000E+04  1.50000000E+04  1.50000000E+04 
 1.50000000E+04  1.50000000E+04  1.50000000E+04  1.50000000E+04  1.50000000E+04  1.50000000E+04 
 1.50000000E+04  1.50000000E+04  1.50000000E+04  1.50000000E+04  1.50000000E+04  1.50000000E+04 
 1.50000000E+04  1.50000000E+04  1.50000000E+04  1.50000000E+04  1.50000000E+04  1.50000000E+04 
 1.50000000E+04  1.50000000E+04  1.50000000E+04  1.50000000E+04  1.50000000E+04  1.50000000E+04 
 1.50000000E+04  1.50000000E+04  1.50000000E+04  1.50000000E+04  1.50000000E+04  1.50000000E+04 
 1.50000000E+04  1.50000000E+04  1.50000000E+04  1.50000000E+04  1.50000000E+04  1.50000000E+04 
 1.50000000E+04  1.50000000E+04  1.50000000E+04  1.50000000E+04  1.50000000E+04  1.50000000E+04 
'MALLER' 
'E'  8.60000000E+04  8.60000000E+04  8.60000000E+04  0.00000000E+00 
'APPORTS' 

 0.00000000E+00  0.00000000E+00  0.00000000E+00  0.00000000E+00  0.00000000E+00  0.00000000E+00 
 0.00000000E+00  0.00000000E+00  0.00000000E+00  0.00000000E+00  0.00000000E+00  0.00000000E+00 
 8.00000000E+00  8.00000000E+00  8.00000000E+00  8.00000000E+00  8.00000000E+00  8.00000000E+00 
 8.00000000E+00  8.00000000E+00  8.00000000E+00  8.00000000E+00  8.00000000E+00  8.00000000E+00 
 0.00000000E+00  0.00000000E+00  0.00000000E+00  0.00000000E+00  0.00000000E+00  0.00000000E+00 
 0.00000000E+00  0.00000000E+00  0.00000000E+00  0.00000000E+00  0.00000000E+00  0.00000000E+00 
 0.00000000E+00  0.00000000E+00  0.00000000E+00  0.00000000E+00  0.00000000E+00  0.00000000E+00 
 0.00000000E+00  0.00000000E+00  0.00000000E+00  0.00000000E+00  0.00000000E+00  0.00000000E+00 
 0.00000000E+00  0.00000000E+00  0.00000000E+00  0.00000000E+00  0.00000000E+00  0.00000000E+00 
 0.00000000E+00  0.00000000E+00  0.00000000E+00  0.00000000E+00  0.00000000E+00  0.00000000E+00 
 0.00000000E+00  0.00000000E+00  0.00000000E+00  0.00000000E+00  0.00000000E+00  0.00000000E+00 
 0.00000000E+00  0.00000000E+00  0.00000000E+00  0.00000000E+00  0.00000000E+00  0.00000000E+00 
 0.00000000E+00  0.00000000E+00  0.00000000E+00  0.00000000E+00  0.00000000E+00  0.00000000E+00 
 0.00000000E+00  0.00000000E+00  0.00000000E+00  0.00000000E+00  0.00000000E+00  0.00000000E+00 
 0.00000000E+00  0.00000000E+00  0.00000000E+00  0.00000000E+00  0.00000000E+00  0.00000000E+00 
 0.00000000E+00  0.00000000E+00  0.00000000E+00  0.00000000E+00  0.00000000E+00  0.00000000E+00 
'MAX OPTIMISATION' 

 8.60000000E+04  8.60000000E+04  8.60000000E+04  8.60000000E+04  8.60000000E+04  8.60000000E+04 
 8.60000000E+04  8.60000000E+04  8.60000000E+04  8.60000000E+04  8.60000000E+04  8.60000000E+04 
 8.60000000E+04  8.60000000E+04  8.60000000E+04  8.60000000E+04  8.60000000E+04  8.60000000E+04 
 8.60000000E+04  8.60000000E+04  8.60000000E+04  8.60000000E+04  8.60000000E+04  8.60000000E+04 
 8.60000000E+04  8.60000000E+04  8.60000000E+04  8.60000000E+04  8.60000000E+04  8.60000000E+04 
 8.60000000E+04  8.60000000E+04  8.60000000E+04  8.60000000E+04  8.60000000E+04  8.60000000E+04 
 8.60000000E+04  8.60000000E+04  8.60000000E+04  8.60000000E+04  8.60000000E+04  8.60000000E+04 
 8.60000000E+04  8.60000000E+04  8.60000000E+04  8.60000000E+04  8.60000000E+04  8.60000000E+04 
 8.60000000E+04  8.60000000E+04  8.60000000E+04  8.60000000E+04  8.60000000E+04  8.60000000E+04 
 8.60000000E+04  8.60000000E+04  8.60000000E+04  8.60000000E+04  8.60000000E+04  8.60000000E+04 
 8.60000000E+04  8.60000000E+04  8.60000000E+04  8.60000000E+04  8.60000000E+04  8.60000000E+04 
 8.60000000E+04  8.60000000E+04  8.60000000E+04  8.60000000E+04  8.60000000E+04  8.60000000E+04 
 8.60000000E+04  8.60000000E+04  8.60000000E+04  8.60000000E+04  8.60000000E+04  8.60000000E+04 
 8.60000000E+04  8.60000000E+04  8.60000000E+04  8.60000000E+04  8.60000000E+04  8.60000000E+04 
 8.60000000E+04  8.60000000E+04  8.60000000E+04  8.60000000E+04  8.60000000E+04  8.60000000E+04 
 8.60000000E+04  8.60000000E+04  8.60000000E+04  8.60000000E+04  8.60000000E+04  8.60000000E+04 
'MIN OPTIMISATION' 

 8.60000000E+04  8.60000000E+04  8.60000000E+04  8.60000000E+04  8.60000000E+04  8.60000000E+04 
 8.60000000E+04  8.60000000E+04  8.60000000E+04  8.60000000E+04  8.60000000E+04  8.60000000E+04 
 8.60000000E+04  8.60000000E+04  8.60000000E+04  8.60000000E+04  8.60000000E+04  8.60000000E+04 
 8.60000000E+04  8.60000000E+04  8.60000000E+04  8.60000000E+04  8.60000000E+04  8.60000000E+04 
 8.60000000E+04  8.60000000E+04  8.60000000E+04  8.60000000E+04  8.60000000E+04  8.60000000E+04 
 8.60000000E+04  8.60000000E+04  8.60000000E+04  8.60000000E+04  8.60000000E+04  8.60000000E+04 
 8.60000000E+04  8.60000000E+04  8.60000000E+04  8.60000000E+04  8.60000000E+04  8.60000000E+04 
 8.60000000E+04  8.60000000E+04  8.60000000E+04  8.60000000E+04  8.60000000E+04  8.60000000E+04 
 8.60000000E+04  8.60000000E+04  8.60000000E+04  8.60000000E+04  8.60000000E+04  8.60000000E+04 
 8.60000000E+04  8.60000000E+04  8.60000000E+04  8.60000000E+04  8.60000000E+04  8.60000000E+04 
 8.60000000E+04  8.60000000E+04  8.60000000E+04  8.60000000E+04  8.60000000E+04  8.60000000E+04 
 8.60000000E+04  8.60000000E+04  8.60000000E+04  8.60000000E+04  8.60000000E+04  8.60000000E+04 
 8.60000000E+04  8.60000000E+04  8.60000000E+04  8.60000000E+04  8.60000000E+04  8.60000000E+04 
 8.60000000E+04  8.60000000E+04  8.60000000E+04  8.60000000E+04  8.60000000E+04  8.60000000E+04 
 8.60000000E+04  8.60000000E+04  8.60000000E+04  8.60000000E+04  8.60000000E+04  8.60000000E+04 
 8.60000000E+04  8.60000000E+04  8.60000000E+04  8.60000000E+04  8.60000000E+04  8.60000000E+04 
'MAX LISSAGE' 

 1.44000000E+05  1.44000000E+05  1.44000000E+05  1.44000000E+05  1.44000000E+05  1.44000000E+05 
 1.44000000E+05  1.44000000E+05  1.44000000E+05  1.44000000E+05  1.44000000E+05  1.44000000E+05 
 1.44000000E+05  1.44000000E+05  1.44000000E+05  1.44000000E+05  1.44000000E+05  1.44000000E+05 
 1.44000000E+05  1.44000000E+05  1.44000000E+05  1.44000000E+05  1.44000000E+05  1.44000000E+05 
 1.44000000E+05  1.44000000E+05  1.44000000E+05  1.44000000E+05  1.44000000E+05  1.44000000E+05 
 1.44000000E+05  1.44000000E+05  1.44000000E+05  1.44000000E+05  1.44000000E+05  1.44000000E+05 
 1.44000000E+05  1.44000000E+05  1.44000000E+05  1.44000000E+05  1.44000000E+05  1.44000000E+05 
 1.44000000E+05  1.44000000E+05  1.44000000E+05  1.44000000E+05  1.44000000E+05  1.44000000E+05 
 1.44000000E+05  1.44000000E+05  1.44000000E+05  1.44000000E+05  1.44000000E+05  1.44000000E+05 
 1.44000000E+05  1.44000000E+05  1.44000000E+05  1.44000000E+05  1.44000000E+05  1.44000000E+05 
 1.44000000E+05  1.44000000E+05  1.44000000E+05  1.44000000E+05  1.44000000E+05  1.44000000E+05 
 1.44000000E+05  1.44000000E+05  1.44000000E+05  1.44000000E+05  1.44000000E+05  1.44000000E+05 
 1.44000000E+05  1.44000000E+05  1.44000000E+05  1.44000000E+05  1.44000000E+05  1.44000000E+05 
 1.44000000E+05  1.44000000E+05  1.44000000E+05  1.44000000E+05  1.44000000E+05  1.44000000E+05 
 1.44000000E+05  1.44000000E+05  1.44000000E+05  1.44000000E+05  1.44000000E+05  1.44000000E+05 
 1.44000000E+05  1.44000000E+05  1.44000000E+05  1.44000000E+05  1.44000000E+05  1.44000000E+05 
'MIN LISSAGE' 

 2.90000000E+04  2.90000000E+04  2.90000000E+04  2.90000000E+04  2.90000000E+04  2.90000000E+04 
 2.90000000E+04  2.90000000E+04  2.90000000E+04  2.90000000E+04  2.90000000E+04  2.90000000E+04 
 2.90000000E+04  2.90000000E+04  2.90000000E+04  2.90000000E+04  2.90000000E+04  2.90000000E+04 
 2.90000000E+04  2.90000000E+04  2.90000000E+04  2.90000000E+04  2.90000000E+04  2.90000000E+04 
 2.90000000E+04  2.90000000E+04  2.90000000E+04  2.90000000E+04  2.90000000E+04  2.90000000E+04 
 2.90000000E+04  2.90000000E+04  2.90000000E+04  2.90000000E+04  2.90000000E+04  2.90000000E+04 
 2.90000000E+04  2.90000000E+04  2.90000000E+04  2.90000000E+04  2.90000000E+04  2.90000000E+04 
 2.90000000E+04  2.90000000E+04  2.90000000E+04  2.90000000E+04  2.90000000E+04  2.90000000E+04 
 2.90000000E+04  2.90000000E+04  2.90000000E+04  2.90000000E+04  2.90000000E+04  2.90000000E+04 
 2.90000000E+04  2.90000000E+04  2.90000000E+04  2.90000000E+04  2.90000000E+04  2.90000000E+04 
 2.90000000E+04  2.90000000E+04  2.90000000E+04  2.90000000E+04  2.90000000E+04  2.90000000E+04 
 2.90000000E+04  2.90000000E+04  2.90000000E+04  2.90000000E+04  2.90000000E+04  2.90000000E+04 
 2.90000000E+04  2.90000000E+04  2.90000000E+04  2.90000000E+04  2.90000000E+04  2.90000000E+04 
 2.90000000E+04  2.90000000E+04  2.90000000E+04  2.90000000E+04  2.90000000E+04  2.90000000E+04 
 2.90000000E+04  2.90000000E+04  2.90000000E+04  2.90000000E+04  2.90000000E+04  2.90000000E+04 
 2.90000000E+04  2.90000000E+04  2.90000000E+04  2.90000000E+04  2.90000000E+04  2.90000000E+04 
'SALONR' 
'E'  6.49999961E+04  6.49999961E+04  6.49999961E+04  0.00000000E+00 
'APPORTS' 

-1.50000000E+01 -1.50000000E+01 -1.50000000E+01 -1.50000000E+01 -1.50000000E+01 -1.50000000E+01 
-1.50000000E+01 -1.50000000E+01 -1.50000000E+01 -1.50000000E+01 -1.50000000E+01 -1.50000000E+01 
-1.50000000E+01 -1.50000000E+01 -1.50000000E+01 -1.50000000E+01 -1.50000000E+01 -1.50000000E+01 
-1.50000000E+01 -1.50000000E+01 -1.50000000E+01 -1.50000000E+01 -1.50000000E+01 -1.50000000E+01 
-1.50000000E+01 -1.50000000E+01 -1.50000000E+01 -1.50000000E+01 -1.50000000E+01 -1.50000000E+01 
-1.50000000E+01 -1.50000000E+01 -1.50000000E+01 -1.50000000E+01 -1.50000000E+01 -1.50000000E+01 
-1.50000000E+01 -1.50000000E+01 -1.50000000E+01 -1.50000000E+01 -1.50000000E+01 -1.50000000E+01 
-1.50000000E+01 -1.50000000E+01 -1.50000000E+01 -1.50000000E+01 -1.50000000E+01 -1.50000000E+01 
-1.50000000E+01 -1.50000000E+01 -1.50000000E+01 -1.50000000E+01 -1.50000000E+01 -1.50000000E+01 
-1.50000000E+01 -1.50000000E+01 -1.50000000E+01 -1.50000000E+01 -1.50000000E+01 -1.50000000E+01 
-1.50000000E+01 -1.50000000E+01 -1.50000000E+01 -1.50000000E+01 -1.50000000E+01 -1.50000000E+01 
-1.50000000E+01 -1.50000000E+01 -1.50000000E+01 -1.50000000E+01 -1.50000000E+01 -1.50000000E+01 
-1.50000000E+01 -1.50000000E+01 -1.50000000E+01 -1.50000000E+01 -1.50000000E+01 -1.50000000E+01 
-1.50000000E+01 -1.50000000E+01 -1.50000000E+01 -1.50000000E+01 -1.50000000E+01 -1.50000000E+01 
-1.50000000E+01 -1.50000000E+01 -1.50000000E+01 -1.50000000E+01 -1.50000000E+01 -1.50000000E+01 
-1.50000000E+01 -1.50000000E+01 -1.50000000E+01 -1.50000000E+01 -1.50000000E+01 -1.50000000E+01 
'MAX OPTIMISATION' 

 6.49999961E+04  6.49999961E+04  6.49999961E+04  6.49999961E+04  6.49999961E+04  6.49999961E+04 
 6.49999961E+04  6.49999961E+04  6.49999961E+04  6.49999961E+04  6.49999961E+04  6.49999961E+04 
 6.49999961E+04  6.49999961E+04  6.49999961E+04  6.49999961E+04  6.49999961E+04  6.49999961E+04 
 6.49999961E+04  6.49999961E+04  6.49999961E+04  6.49999961E+04  6.49999961E+04  6.49999961E+04 
 6.49999961E+04  6.49999961E+04  6.49999961E+04  6.49999961E+04  6.49999961E+04  6.49999961E+04 
 6.49999961E+04  6.49999961E+04  6.49999961E+04  6.49999961E+04  6.49999961E+04  6.49999961E+04 
 6.49999961E+04  6.49999961E+04  6.49999961E+04  6.49999961E+04  6.49999961E+04  6.49999961E+04 
 6.49999961E+04  6.49999961E+04  6.49999961E+04  6.49999961E+04  6.49999961E+04  6.49999961E+04 
 6.49999961E+04  6.49999961E+04  6.49999961E+04  6.49999961E+04  6.49999961E+04  6.49999961E+04 
 6.49999961E+04  6.49999961E+04  6.49999961E+04  6.49999961E+04  6.49999961E+04  6.49999961E+04 
 6.49999961E+04  6.49999961E+04  6.49999961E+04  6.49999961E+04  6.49999961E+04  6.49999961E+04 
 6.49999961E+04  6.49999961E+04  6.49999961E+04  6.49999961E+04  6.49999961E+04  6.49999961E+04 
 6.49999961E+04  6.49999961E+04  6.49999961E+04  6.49999961E+04  6.49999961E+04  6.49999961E+04 
 6.49999961E+04  6.49999961E+04  6.49999961E+04  6.49999961E+04  6.49999961E+04  6.49999961E+04 
 6.49999961E+04  6.49999961E+04  6.49999961E+04  6.49999961E+04  6.49999961E+04  6.49999961E+04 
 6.49999961E+04  6.49999961E+04  6.49999961E+04  6.49999961E+04  6.49999961E+04  6.49999961E+04 
'MIN OPTIMISATION' 

 6.49999961E+04  6.49999961E+04  6.49999961E+04  6.49999961E+04  6.49999961E+04  6.49999961E+04 
 6.49999961E+04  6.49999961E+04  6.49999961E+04  6.49999961E+04  6.49999961E+04  6.49999961E+04 
 6.49999961E+04  6.49999961E+04  6.49999961E+04  6.49999961E+04  6.49999961E+04  6.49999961E+04 
 6.49999961E+04  6.49999961E+04  6.49999961E+04  6.49999961E+04  6.49999961E+04  6.49999961E+04 
 6.49999961E+04  6.49999961E+04  6.49999961E+04  6.49999961E+04  6.49999961E+04  6.49999961E+04 
 6.49999961E+04  6.49999961E+04  6.49999961E+04  6.49999961E+04  6.49999961E+04  6.49999961E+04 
 6.49999961E+04  6.49999961E+04  6.49999961E+04  6.49999961E+04  6.49999961E+04  6.49999961E+04 
 6.49999961E+04  6.49999961E+04  6.49999961E+04  6.49999961E+04  6.49999961E+04  6.49999961E+04 
 6.49999961E+04  6.49999961E+04  6.49999961E+04  6.49999961E+04  6.49999961E+04  6.49999961E+04 
 6.49999961E+04  6.49999961E+04  6.49999961E+04  6.49999961E+04  6.49999961E+04  6.49999961E+04 
 6.49999961E+04  6.49999961E+04  6.49999961E+04  6.49999961E+04  6.49999961E+04  6.49999961E+04 
 6.49999961E+04  6.49999961E+04  6.49999961E+04  6.49999961E+04  6.49999961E+04  6.49999961E+04 
 6.49999961E+04  6.49999961E+04  6.49999961E+04  6.49999961E+04  6.49999961E+04  6.49999961E+04 
 6.49999961E+04  6.49999961E+04  6.49999961E+04  6.49999961E+04  6.49999961E+04  6.49999961E+04 
 6.49999961E+04  6.49999961E+04  6.49999961E+04  6.49999961E+04  6.49999961E+04  6.49999961E+04 
 6.49999961E+04  6.49999961E+04  6.49999961E+04  6.49999961E+04  6.49999961E+04  6.49999961E+04 
'MAX LISSAGE' 

 1.23000000E+05  1.23000000E+05  1.23000000E+05  1.23000000E+05  1.23000000E+05  1.23000000E+05 
 1.23000000E+05  1.23000000E+05  1.23000000E+05  1.23000000E+05  1.23000000E+05  1.23000000E+05 
 1.23000000E+05  1.23000000E+05  1.23000000E+05  1.23000000E+05  1.23000000E+05  1.23000000E+05 
 1.23000000E+05  1.23000000E+05  1.23000000E+05  1.23000000E+05  1.23000000E+05  1.23000000E+05 
 1.23000000E+05  1.23000000E+05  1.23000000E+05  1.23000000E+05  1.23000000E+05  1.23000000E+05 
 1.23000000E+05  1.23000000E+05  1.23000000E+05  1.23000000E+05  1.23000000E+05  1.23000000E+05 
 1.23000000E+05  1.23000000E+05  1.23000000E+05  1.23000000E+05  1.23000000E+05  1.23000000E+05 
 1.23000000E+05  1.23000000E+05  1.23000000E+05  1.23000000E+05  1.23000000E+05  1.23000000E+05 
 1.23000000E+05  1.23000000E+05  1.23000000E+05  1.23000000E+05  1.23000000E+05  1.23000000E+05 
 1.23000000E+05  1.23000000E+05  1.23000000E+05  1.23000000E+05  1.23000000E+05  1.23000000E+05 
 1.23000000E+05  1.23000000E+05  1.23000000E+05  1.23000000E+05  1.23000000E+05  1.23000000E+05 
 1.23000000E+05  1.23000000E+05  1.23000000E+05  1.23000000E+05  1.23000000E+05  1.23000000E+05 
 1.23000000E+05  1.23000000E+05  1.23000000E+05  1.23000000E+05  1.23000000E+05  1.23000000E+05 
 1.23000000E+05  1.23000000E+05  1.23000000E+05  1.23000000E+05  1.23000000E+05  1.23000000E+05 
 1.23000000E+05  1.23000000E+05  1.23000000E+05  1.23000000E+05  1.23000000E+05  1.23000000E+05 
 1.23000000E+05  1.23000000E+05  1.23000000E+05  1.23000000E+05  1.23000000E+05  1.23000000E+05 
'MIN LISSAGE' 

 1.30000000E+04  1.30000000E+04  1.30000000E+04  1.30000000E+04  1.30000000E+04  1.30000000E+04 
 1.30000000E+04  1.30000000E+04  1.30000000E+04  1.30000000E+04  1.30000000E+04  1.30000000E+04 
 1.30000000E+04  1.30000000E+04  1.30000000E+04  1.30000000E+04  1.30000000E+04  1.30000000E+04 
 1.30000000E+04  1.30000000E+04  1.30000000E+04  1.30000000E+04  1.30000000E+04  1.30000000E+04 
 1.30000000E+04  1.30000000E+04  1.30000000E+04  1.30000000E+04  1.30000000E+04  1.30000000E+04 
 1.30000000E+04  1.30000000E+04  1.30000000E+04  1.30000000E+04  1.30000000E+04  1.30000000E+04 
 1.30000000E+04  1.30000000E+04  1.30000000E+04  1.30000000E+04  1.30000000E+04  1.30000000E+04 
 1.30000000E+04  1.30000000E+04  1.30000000E+04  1.30000000E+04  1.30000000E+04  1.30000000E+04 
 1.30000000E+04  1.30000000E+04  1.30000000E+04  1.30000000E+04  1.30000000E+04  1.30000000E+04 
 1.30000000E+04  1.30000000E+04  1.30000000E+04  1.30000000E+04  1.30000000E+04  1.30000000E+04 
 1.30000000E+04  1.30000000E+04  1.30000000E+04  1.30000000E+04  1.30000000E+04  1.30000000E+04 
 1.30000000E+04  1.30000000E+04  1.30000000E+04  1.30000000E+04  1.30000000E+04  1.30000000E+04 
 1.30000000E+04  1.30000000E+04  1.30000000E+04  1.30000000E+04  1.30000000E+04  1.30000000E+04 
 1.30000000E+04  1.30000000E+04  1.30000000E+04  1.30000000E+04  1.30000000E+04  1.30000000E+04 
 1.30000000E+04  1.30000000E+04  1.30000000E+04  1.30000000E+04  1.30000000E+04  1.30000000E+04 
 1.30000000E+04  1.30000000E+04  1.30000000E+04  1.30000000E+04  1.30000000E+04  1.30000000E+04 
'SSCHAR' 
'X'  0.00000000E+00  0.00000000E+00  0.00000000E+00  0.00000000E+00 
'APPORTS' 

 0.00000000E+00  0.00000000E+00  0.00000000E+00  0.00000000E+00  0.00000000E+00  0.00000000E+00 
 0.00000000E+00  0.00000000E+00  0.00000000E+00  0.00000000E+00  0.00000000E+00  0.00000000E+00 
 0.00000000E+00  0.00000000E+00  0.00000000E+00  0.00000000E+00  0.00000000E+00  0.00000000E+00 
 0.00000000E+00  0.00000000E+00  0.00000000E+00  0.00000000E+00  0.00000000E+00  0.00000000E+00 
 0.00000000E+00  0.00000000E+00  0.00000000E+00  0.00000000E+00  0.00000000E+00  0.00000000E+00 
 0.00000000E+00  0.00000000E+00  0.00000000E+00  0.00000000E+00  0.00000000E+00  0.00000000E+00 
 0.00000000E+00  0.00000000E+00  0.00000000E+00  0.00000000E+00  0.00000000E+00  0.00000000E+00 
 0.00000000E+00  0.00000000E+00  0.00000000E+00  0.00000000E+00  0.00000000E+00  0.00000000E+00 
 0.00000000E+00  0.00000000E+00  0.00000000E+00  0.00000000E+00  0.00000000E+00  0.00000000E+00 
 0.00000000E+00  0.00000000E+00  0.00000000E+00  0.00000000E+00  0.00000000E+00  0.00000000E+00 
 0.00000000E+00  0.00000000E+00  0.00000000E+00  0.00000000E+00  0.00000000E+00  0.00000000E+00 
 0.00000000E+00  0.00000000E+00  0.00000000E+00  0.00000000E+00  0.00000000E+00  0.00000000E+00 
 0.00000000E+00  0.00000000E+00  0.00000000E+00  0.00000000E+00  0.00000000E+00  0.00000000E+00 
 0.00000000E+00  0.00000000E+00  0.00000000E+00  0.00000000E+00  0.00000000E+00  0.00000000E+00 
 0.00000000E+00  0.00000000E+00  0.00000000E+00  0.00000000E+00  0.00000000E+00  0.00000000E+00 
 0.00000000E+00  0.00000000E+00  0.00000000E+00  0.00000000E+00  0.00000000E+00  0.00000000E+00 
'MAX OPTIMISATION' 

 0.00000000E+00  0.00000000E+00  0.00000000E+00  0.00000000E+00  0.00000000E+00  0.00000000E+00 
 0.00000000E+00  0.00000000E+00  0.00000000E+00  0.00000000E+00  0.00000000E+00  0.00000000E+00 
 0.00000000E+00  0.00000000E+00  0.00000000E+00  0.00000000E+00  0.00000000E+00  0.00000000E+00 
 0.00000000E+00  0.00000000E+00  0.00000000E+00  0.00000000E+00  0.00000000E+00  0.00000000E+00 
 0.00000000E+00  0.00000000E+00  0.00000000E+00  0.00000000E+00  0.00000000E+00  0.00000000E+00 
 0.00000000E+00  0.00000000E+00  0.00000000E+00  0.00000000E+00  0.00000000E+00  0.00000000E+00 
 0.00000000E+00  0.00000000E+00  0.00000000E+00  0.00000000E+00  0.00000000E+00  0.00000000E+00 
 0.00000000E+00  0.00000000E+00  0.00000000E+00  0.00000000E+00  0.00000000E+00  0.00000000E+00 
 0.00000000E+00  0.00000000E+00  0.00000000E+00  0.00000000E+00  0.00000000E+00  0.00000000E+00 
 0.00000000E+00  0.00000000E+00  0.00000000E+00  0.00000000E+00  0.00000000E+00  0.00000000E+00 
 0.00000000E+00  0.00000000E+00  0.00000000E+00  0.00000000E+00  0.00000000E+00  0.00000000E+00 
 0.00000000E+00  0.00000000E+00  0.00000000E+00  0.00000000E+00  0.00000000E+00  0.00000000E+00 
 0.00000000E+00  0.00000000E+00  0.00000000E+00  0.00000000E+00  0.00000000E+00  0.00000000E+00 
 0.00000000E+00  0.00000000E+00  0.00000000E+00  0.00000000E+00  0.00000000E+00  0.00000000E+00 
 0.00000000E+00  0.00000000E+00  0.00000000E+00  0.00000000E+00  0.00000000E+00  0.00000000E+00 
 0.00000000E+00  0.00000000E+00  0.00000000E+00  0.00000000E+00  0.00000000E+00  0.00000000E+00 
'MIN OPTIMISATION' 

 0.00000000E+00  0.00000000E+00  0.00000000E+00  0.00000000E+00  0.00000000E+00  0.00000000E+00 
 0.00000000E+00  0.00000000E+00  0.00000000E+00  0.00000000E+00  0.00000000E+00  0.00000000E+00 
 0.00000000E+00  0.00000000E+00  0.00000000E+00  0.00000000E+00  0.00000000E+00  0.00000000E+00 
 0.00000000E+00  0.00000000E+00  0.00000000E+00  0.00000000E+00  0.00000000E+00  0.00000000E+00 
 0.00000000E+00  0.00000000E+00  0.00000000E+00  0.00000000E+00  0.00000000E+00  0.00000000E+00 
 0.00000000E+00  0.00000000E+00  0.00000000E+00  0.00000000E+00  0.00000000E+00  0.00000000E+00 
 0.00000000E+00  0.00000000E+00  0.00000000E+00  0.00000000E+00  0.00000000E+00  0.00000000E+00 
 0.00000000E+00  0.00000000E+00  0.00000000E+00  0.00000000E+00  0.00000000E+00  0.00000000E+00 
 0.00000000E+00  0.00000000E+00  0.00000000E+00  0.00000000E+00  0.00000000E+00  0.00000000E+00 
 0.00000000E+00  0.00000000E+00  0.00000000E+00  0.00000000E+00  0.00000000E+00  0.00000000E+00 
 0.00000000E+00  0.00000000E+00  0.00000000E+00  0.00000000E+00  0.00000000E+00  0.00000000E+00 
 0.00000000E+00  0.00000000E+00  0.00000000E+00  0.00000000E+00  0.00000000E+00  0.00000000E+00 
 0.00000000E+00  0.00000000E+00  0.00000000E+00  0.00000000E+00  0.00000000E+00  0.00000000E+00 
 0.00000000E+00  0.00000000E+00  0.00000000E+00  0.00000000E+00  0.00000000E+00  0.00000000E+00 
 0.00000000E+00  0.00000000E+00  0.00000000E+00  0.00000000E+00  0.00000000E+00  0.00000000E+00 
 0.00000000E+00  0.00000000E+00  0.00000000E+00  0.00000000E+00  0.00000000E+00  0.00000000E+00 
'MAX LISSAGE' 

 0.00000000E+00  0.00000000E+00  0.00000000E+00  0.00000000E+00  0.00000000E+00  0.00000000E+00 
 0.00000000E+00  0.00000000E+00  0.00000000E+00  0.00000000E+00  0.00000000E+00  0.00000000E+00 
 0.00000000E+00  0.00000000E+00  0.00000000E+00  0.00000000E+00  0.00000000E+00  0.00000000E+00 
 0.00000000E+00  0.00000000E+00  0.00000000E+00  0.00000000E+00  0.00000000E+00  0.00000000E+00 
 0.00000000E+00  0.00000000E+00  0.00000000E+00  0.00000000E+00  0.00000000E+00  0.00000000E+00 
 0.00000000E+00  0.00000000E+00  0.00000000E+00  0.00000000E+00  0.00000000E+00  0.00000000E+00 
 0.00000000E+00  0.00000000E+00  0.00000000E+00  0.00000000E+00  0.00000000E+00  0.00000000E+00 
 0.00000000E+00  0.00000000E+00  0.00000000E+00  0.00000000E+00  0.00000000E+00  0.00000000E+00 
 0.00000000E+00  0.00000000E+00  0.00000000E+00  0.00000000E+00  0.00000000E+00  0.00000000E+00 
 0.00000000E+00  0.00000000E+00  0.00000000E+00  0.00000000E+00  0.00000000E+00  0.00000000E+00 
 0.00000000E+00  0.00000000E+00  0.00000000E+00  0.00000000E+00  0.00000000E+00  0.00000000E+00 
 0.00000000E+00  0.00000000E+00  0.00000000E+00  0.00000000E+00  0.00000000E+00  0.00000000E+00 
 0.00000000E+00  0.00000000E+00  0.00000000E+00  0.00000000E+00  0.00000000E+00  0.00000000E+00 
 0.00000000E+00  0.00000000E+00  0.00000000E+00  0.00000000E+00  0.00000000E+00  0.00000000E+00 
 0.00000000E+00  0.00000000E+00  0.00000000E+00  0.00000000E+00  0.00000000E+00  0.00000000E+00 
 0.00000000E+00  0.00000000E+00  0.00000000E+00  0.00000000E+00  0.00000000E+00  0.00000000E+00 
'MIN LISSAGE' 

 0.00000000E+00  0.00000000E+00  0.00000000E+00  0.00000000E+00  0.00000000E+00  0.00000000E+00 
 0.00000000E+00  0.00000000E+00  0.00000000E+00  0.00000000E+00  0.00000000E+00  0.00000000E+00 
 0.00000000E+00  0.00000000E+00  0.00000000E+00  0.00000000E+00  0.00000000E+00  0.00000000E+00 
 0.00000000E+00  0.00000000E+00  0.00000000E+00  0.00000000E+00  0.00000000E+00  0.00000000E+00 
 0.00000000E+00  0.00000000E+00  0.00000000E+00  0.00000000E+00  0.00000000E+00  0.00000000E+00 
 0.00000000E+00  0.00000000E+00  0.00000000E+00  0.00000000E+00  0.00000000E+00  0.00000000E+00 
 0.00000000E+00  0.00000000E+00  0.00000000E+00  0.00000000E+00  0.00000000E+00  0.00000000E+00 
 0.00000000E+00  0.00000000E+00  0.00000000E+00  0.00000000E+00  0.00000000E+00  0.00000000E+00 
 0.00000000E+00  0.00000000E+00  0.00000000E+00  0.00000000E+00  0.00000000E+00  0.00000000E+00 
 0.00000000E+00  0.00000000E+00  0.00000000E+00  0.00000000E+00  0.00000000E+00  0.00000000E+00 
 0.00000000E+00  0.00000000E+00  0.00000000E+00  0.00000000E+00  0.00000000E+00  0.00000000E+00 
 0.00000000E+00  0.00000000E+00  0.00000000E+00  0.00000000E+00  0.00000000E+00  0.00000000E+00 
 0.00000000E+00  0.00000000E+00  0.00000000E+00  0.00000000E+00  0.00000000E+00  0.00000000E+00 
 0.00000000E+00  0.00000000E+00  0.00000000E+00  0.00000000E+00  0.00000000E+00  0.00000000E+00 
 0.00000000E+00  0.00000000E+00  0.00000000E+00  0.00000000E+00  0.00000000E+00  0.00000000E+00 
 0.00000000E+00  0.00000000E+00  0.00000000E+00  0.00000000E+00  0.00000000E+00  0.00000000E+00 
'BERRER' 
'E'  9.02000000E+05  1.00000006E+03  1.50000000E+08  0.00000000E+00 
'APPORTS' 

 0.00000000E+00  0.00000000E+00  0.00000000E+00  0.00000000E+00  0.00000000E+00  0.00000000E+00 
 0.00000000E+00  0.00000000E+00  0.00000000E+00  0.00000000E+00  0.00000000E+00  0.00000000E+00 
 0.00000000E+00  0.00000000E+00  0.00000000E+00  0.00000000E+00  0.00000000E+00  0.00000000E+00 
 0.00000000E+00  0.00000000E+00  0.00000000E+00  0.00000000E+00  0.00000000E+00  0.00000000E+00 
 0.00000000E+00  0.00000000E+00  0.00000000E+00  0.00000000E+00  0.00000000E+00  0.00000000E+00 
 0.00000000E+00  0.00000000E+00  0.00000000E+00  0.00000000E+00  0.00000000E+00  0.00000000E+00 
 0.00000000E+00  0.00000000E+00  0.00000000E+00  0.00000000E+00  0.00000000E+00  0.00000000E+00 
 0.00000000E+00  0.00000000E+00  0.00000000E+00  0.00000000E+00  0.00000000E+00  0.00000000E+00 
 0.00000000E+00  0.00000000E+00  0.00000000E+00  0.00000000E+00  0.00000000E+00  0.00000000E+00 
 0.00000000E+00  0.00000000E+00  0.00000000E+00  0.00000000E+00  0.00000000E+00  0.00000000E+00 
 0.00000000E+00  0.00000000E+00  0.00000000E+00  0.00000000E+00  0.00000000E+00  0.00000000E+00 
 0.00000000E+00  0.00000000E+00  0.00000000E+00  0.00000000E+00  0.00000000E+00  0.00000000E+00 
 0.00000000E+00  0.00000000E+00  0.00000000E+00  0.00000000E+00  0.00000000E+00  0.00000000E+00 
 0.00000000E+00  0.00000000E+00  0.00000000E+00  0.00000000E+00  0.00000000E+00  0.00000000E+00 
 0.00000000E+00  0.00000000E+00  0.00000000E+00  0.00000000E+00  0.00000000E+00  0.00000000E+00 
 0.00000000E+00  0.00000000E+00  0.00000000E+00  0.00000000E+00  0.00000000E+00  0.00000000E+00 
'MAX OPTIMISATION' 

 1.50000000E+08  1.50000000E+08  1.50000000E+08  1.50000000E+08  1.50000000E+08  1.50000000E+08 
 1.50000000E+08  1.50000000E+08  1.50000000E+08  1.50000000E+08  1.50000000E+08  1.50000000E+08 
 1.50000000E+08  1.50000000E+08  1.50000000E+08  1.50000000E+08  1.50000000E+08  1.50000000E+08 
 1.50000000E+08  1.50000000E+08  1.50000000E+08  1.50000000E+08  1.50000000E+08  1.50000000E+08 
 1.50000000E+08  1.50000000E+08  1.50000000E+08  1.50000000E+08  1.50000000E+08  1.50000000E+08 
 1.50000000E+08  1.50000000E+08  1.50000000E+08  1.50000000E+08  1.50000000E+08  1.50000000E+08 
 1.50000000E+08  1.50000000E+08  1.50000000E+08  1.50000000E+08  1.50000000E+08  1.50000000E+08 
 1.50000000E+08  1.50000000E+08  1.50000000E+08  1.50000000E+08  1.50000000E+08  1.50000000E+08 
 1.50000000E+08  1.50000000E+08  1.50000000E+08  1.50000000E+08  1.50000000E+08  1.50000000E+08 
 1.50000000E+08  1.50000000E+08  1.50000000E+08  1.50000000E+08  1.50000000E+08  1.50000000E+08 
 1.50000000E+08  1.50000000E+08  1.50000000E+08  1.50000000E+08  1.50000000E+08  1.50000000E+08 
 1.50000000E+08  1.50000000E+08  1.50000000E+08  1.50000000E+08  1.50000000E+08  1.50000000E+08 
 1.50000000E+08  1.50000000E+08  1.50000000E+08  1.50000000E+08  1.50000000E+08  1.50000000E+08 
 1.50000000E+08  1.50000000E+08  1.50000000E+08  1.50000000E+08  1.50000000E+08  1.50000000E+08 
 1.50000000E+08  1.50000000E+08  1.50000000E+08  1.50000000E+08  1.50000000E+08  1.50000000E+08 
 1.50000000E+08  1.50000000E+08  1.50000000E+08  1.50000000E+08  1.50000000E+08  1.50000000E+08 
'MIN OPTIMISATION' 

 1.00000006E+03  1.00000006E+03  1.00000006E+03  1.00000006E+03  1.00000006E+03  1.00000006E+03 
 1.00000006E+03  1.00000006E+03  1.00000006E+03  1.00000006E+03  1.00000006E+03  1.00000006E+03 
 1.00000006E+03  1.00000006E+03  1.00000006E+03  1.00000006E+03  1.00000006E+03  1.00000006E+03 
 1.00000006E+03  1.00000006E+03  1.00000006E+03  1.00000006E+03  1.00000006E+03  1.00000006E+03 
 1.00000006E+03  1.00000006E+03  1.00000006E+03  1.00000006E+03  1.00000006E+03  1.00000006E+03 
 1.00000006E+03  1.00000006E+03  1.00000006E+03  1.00000006E+03  1.00000006E+03  1.00000006E+03 
 1.00000006E+03  1.00000006E+03  1.00000006E+03  1.00000006E+03  1.00000006E+03  1.00000006E+03 
 1.00000006E+03  1.00000006E+03  1.00000006E+03  1.00000006E+03  1.00000006E+03  1.00000006E+03 
 1.00000006E+03  1.00000006E+03  1.00000006E+03  1.00000006E+03  1.00000006E+03  1.00000006E+03 
 1.00000006E+03  1.00000006E+03  1.00000006E+03  1.00000006E+03  1.00000006E+03  1.00000006E+03 
 1.00000006E+03  1.00000006E+03  1.00000006E+03  1.00000006E+03  1.00000006E+03  1.00000006E+03 
 1.00000006E+03  1.00000006E+03  1.00000006E+03  1.00000006E+03  1.00000006E+03  1.00000006E+03 
 1.00000006E+03  1.00000006E+03  1.00000006E+03  1.00000006E+03  1.00000006E+03  1.00000006E+03 
 1.00000006E+03  1.00000006E+03  1.00000006E+03  1.00000006E+03  1.00000006E+03  1.00000006E+03 
 1.00000006E+03  1.00000006E+03  1.00000006E+03  1.00000006E+03  1.00000006E+03  1.00000006E+03 
 1.00000006E+03  1.00000006E+03  1.00000006E+03  1.00000006E+03  1.00000006E+03  1.00000006E+03 
'MAX LISSAGE' 

 1.50000000E+08  1.50000000E+08  1.50000000E+08  1.50000000E+08  1.50000000E+08  1.50000000E+08 
 1.50000000E+08  1.50000000E+08  1.50000000E+08  1.50000000E+08  1.50000000E+08  1.50000000E+08 
 1.50000000E+08  1.50000000E+08  1.50000000E+08  1.50000000E+08  1.50000000E+08  1.50000000E+08 
 1.50000000E+08  1.50000000E+08  1.50000000E+08  1.50000000E+08  1.50000000E+08  1.50000000E+08 
 1.50000000E+08  1.50000000E+08  1.50000000E+08  1.50000000E+08  1.50000000E+08  1.50000000E+08 
 1.50000000E+08  1.50000000E+08  1.50000000E+08  1.50000000E+08  1.50000000E+08  1.50000000E+08 
 1.50000000E+08  1.50000000E+08  1.50000000E+08  1.50000000E+08  1.50000000E+08  1.50000000E+08 
 1.50000000E+08  1.50000000E+08  1.50000000E+08  1.50000000E+08  1.50000000E+08  1.50000000E+08 
 1.50000000E+08  1.50000000E+08  1.50000000E+08  1.50000000E+08  1.50000000E+08  1.50000000E+08 
 1.50000000E+08  1.50000000E+08  1.50000000E+08  1.50000000E+08  1.50000000E+08  1.50000000E+08 
 1.50000000E+08  1.50000000E+08  1.50000000E+08  1.50000000E+08  1.50000000E+08  1.50000000E+08 
 1.50000000E+08  1.50000000E+08  1.50000000E+08  1.50000000E+08  1.50000000E+08  1.50000000E+08 
 1.50000000E+08  1.50000000E+08  1.50000000E+08  1.50000000E+08  1.50000000E+08  1.50000000E+08 
 1.50000000E+08  1.50000000E+08  1.50000000E+08  1.50000000E+08  1.50000000E+08  1.50000000E+08 
 1.50000000E+08  1.50000000E+08  1.50000000E+08  1.50000000E+08  1.50000000E+08  1.50000000E+08 
 1.50000000E+08  1.50000000E+08  1.50000000E+08  1.50000000E+08  1.50000000E+08  1.50000000E+08 
'MIN LISSAGE' 

 1.00000006E+03  1.00000006E+03  1.00000006E+03  1.00000006E+03  1.00000006E+03  1.00000006E+03 
 1.00000006E+03  1.00000006E+03  1.00000006E+03  1.00000006E+03  1.00000006E+03  1.00000006E+03 
 1.00000006E+03  1.00000006E+03  1.00000006E+03  1.00000006E+03  1.00000006E+03  1.00000006E+03 
 1.00000006E+03  1.00000006E+03  1.00000006E+03  1.00000006E+03  1.00000006E+03  1.00000006E+03 
 1.00000006E+03  1.00000006E+03  1.00000006E+03  1.00000006E+03  1.00000006E+03  1.00000006E+03 
 1.00000006E+03  1.00000006E+03  1.00000006E+03  1.00000006E+03  1.00000006E+03  1.00000006E+03 
 1.00000006E+03  1.00000006E+03  1.00000006E+03  1.00000006E+03  1.00000006E+03  1.00000006E+03 
 1.00000006E+03  1.00000006E+03  1.00000006E+03  1.00000006E+03  1.00000006E+03  1.00000006E+03 
 1.00000006E+03  1.00000006E+03  1.00000006E+03  1.00000006E+03  1.00000006E+03  1.00000006E+03 
 1.00000006E+03  1.00000006E+03  1.00000006E+03  1.00000006E+03  1.00000006E+03  1.00000006E+03 
 1.00000006E+03  1.00000006E+03  1.00000006E+03  1.00000006E+03  1.00000006E+03  1.00000006E+03 
 1.00000006E+03  1.00000006E+03  1.00000006E+03  1.00000006E+03  1.00000006E+03  1.00000006E+03 
 1.00000006E+03  1.00000006E+03  1.00000006E+03  1.00000006E+03  1.00000006E+03  1.00000006E+03 
 1.00000006E+03  1.00000006E+03  1.00000006E+03  1.00000006E+03  1.00000006E+03  1.00000006E+03 
 1.00000006E+03  1.00000006E+03  1.00000006E+03  1.00000006E+03  1.00000006E+03  1.00000006E+03 
 1.00000006E+03  1.00000006E+03  1.00000006E+03  1.00000006E+03  1.00000006E+03  1.00000006E+03 
'MEDITR' 
'X'  0.00000000E+00  0.00000000E+00  0.00000000E+00  0.00000000E+00 
'APPORTS' 

 0.00000000E+00  0.00000000E+00  0.00000000E+00  0.00000000E+00  0.00000000E+00  0.00000000E+00 
 0.00000000E+00  0.00000000E+00  0.00000000E+00  0.00000000E+00  0.00000000E+00  0.00000000E+00 
 0.00000000E+00  0.00000000E+00  0.00000000E+00  0.00000000E+00  0.00000000E+00  0.00000000E+00 
 0.00000000E+00  0.00000000E+00  0.00000000E+00  0.00000000E+00  0.00000000E+00  0.00000000E+00 
 0.00000000E+00  0.00000000E+00  0.00000000E+00  0.00000000E+00  0.00000000E+00  0.00000000E+00 
 0.00000000E+00  0.00000000E+00  0.00000000E+00  0.00000000E+00  0.00000000E+00  0.00000000E+00 
 0.00000000E+00  0.00000000E+00  0.00000000E+00  0.00000000E+00  0.00000000E+00  0.00000000E+00 
 0.00000000E+00  0.00000000E+00  0.00000000E+00  0.00000000E+00  0.00000000E+00  0.00000000E+00 
 0.00000000E+00  0.00000000E+00  0.00000000E+00  0.00000000E+00  0.00000000E+00  0.00000000E+00 
 0.00000000E+00  0.00000000E+00  0.00000000E+00  0.00000000E+00  0.00000000E+00  0.00000000E+00 
 0.00000000E+00  0.00000000E+00  0.00000000E+00  0.00000000E+00  0.00000000E+00  0.00000000E+00 
 0.00000000E+00  0.00000000E+00  0.00000000E+00  0.00000000E+00  0.00000000E+00  0.00000000E+00 
 0.00000000E+00  0.00000000E+00  0.00000000E+00  0.00000000E+00  0.00000000E+00  0.00000000E+00 
 0.00000000E+00  0.00000000E+00  0.00000000E+00  0.00000000E+00  0.00000000E+00  0.00000000E+00 
 0.00000000E+00  0.00000000E+00  0.00000000E+00  0.00000000E+00  0.00000000E+00  0.00000000E+00 
 0.00000000E+00  0.00000000E+00  0.00000000E+00  0.00000000E+00  0.00000000E+00  0.00000000E+00 
'MAX OPTIMISATION' 

 0.00000000E+00  0.00000000E+00  0.00000000E+00  0.00000000E+00  0.00000000E+00  0.00000000E+00 
 0.00000000E+00  0.00000000E+00  0.00000000E+00  0.00000000E+00  0.00000000E+00  0.00000000E+00 
 0.00000000E+00  0.00000000E+00  0.00000000E+00  0.00000000E+00  0.00000000E+00  0.00000000E+00 
 0.00000000E+00  0.00000000E+00  0.00000000E+00  0.00000000E+00  0.00000000E+00  0.00000000E+00 
 0.00000000E+00  0.00000000E+00  0.00000000E+00  0.00000000E+00  0.00000000E+00  0.00000000E+00 
 0.00000000E+00  0.00000000E+00  0.00000000E+00  0.00000000E+00  0.00000000E+00  0.00000000E+00 
 0.00000000E+00  0.00000000E+00  0.00000000E+00  0.00000000E+00  0.00000000E+00  0.00000000E+00 
 0.00000000E+00  0.00000000E+00  0.00000000E+00  0.00000000E+00  0.00000000E+00  0.00000000E+00 
 0.00000000E+00  0.00000000E+00  0.00000000E+00  0.00000000E+00  0.00000000E+00  0.00000000E+00 
 0.00000000E+00  0.00000000E+00  0.00000000E+00  0.00000000E+00  0.00000000E+00  0.00000000E+00 
 0.00000000E+00  0.00000000E+00  0.00000000E+00  0.00000000E+00  0.00000000E+00  0.00000000E+00 
 0.00000000E+00  0.00000000E+00  0.00000000E+00  0.00000000E+00  0.00000000E+00  0.00000000E+00 
 0.00000000E+00  0.00000000E+00  0.00000000E+00  0.00000000E+00  0.00000000E+00  0.00000000E+00 
 0.00000000E+00  0.00000000E+00  0.00000000E+00  0.00000000E+00  0.00000000E+00  0.00000000E+00 
 0.00000000E+00  0.00000000E+00  0.00000000E+00  0.00000000E+00  0.00000000E+00  0.00000000E+00 
 0.00000000E+00  0.00000000E+00  0.00000000E+00  0.00000000E+00  0.00000000E+00  0.00000000E+00 
'MIN OPTIMISATION' 

 0.00000000E+00  0.00000000E+00  0.00000000E+00  0.00000000E+00  0.00000000E+00  0.00000000E+00 
 0.00000000E+00  0.00000000E+00  0.00000000E+00  0.00000000E+00  0.00000000E+00  0.00000000E+00 
 0.00000000E+00  0.00000000E+00  0.00000000E+00  0.00000000E+00  0.00000000E+00  0.00000000E+00 
 0.00000000E+00  0.00000000E+00  0.00000000E+00  0.00000000E+00  0.00000000E+00  0.00000000E+00 
 0.00000000E+00  0.00000000E+00  0.00000000E+00  0.00000000E+00  0.00000000E+00  0.00000000E+00 
 0.00000000E+00  0.00000000E+00  0.00000000E+00  0.00000000E+00  0.00000000E+00  0.00000000E+00 
 0.00000000E+00  0.00000000E+00  0.00000000E+00  0.00000000E+00  0.00000000E+00  0.00000000E+00 
 0.00000000E+00  0.00000000E+00  0.00000000E+00  0.00000000E+00  0.00000000E+00  0.00000000E+00 
 0.00000000E+00  0.00000000E+00  0.00000000E+00  0.00000000E+00  0.00000000E+00  0.00000000E+00 
 0.00000000E+00  0.00000000E+00  0.00000000E+00  0.00000000E+00  0.00000000E+00  0.00000000E+00 
 0.00000000E+00  0.00000000E+00  0.00000000E+00  0.00000000E+00  0.00000000E+00  0.00000000E+00 
 0.00000000E+00  0.00000000E+00  0.00000000E+00  0.00000000E+00  0.00000000E+00  0.00000000E+00 
 0.00000000E+00  0.00000000E+00  0.00000000E+00  0.00000000E+00  0.00000000E+00  0.00000000E+00 
 0.00000000E+00  0.00000000E+00  0.00000000E+00  0.00000000E+00  0.00000000E+00  0.00000000E+00 
 0.00000000E+00  0.00000000E+00  0.00000000E+00  0.00000000E+00  0.00000000E+00  0.00000000E+00 
 0.00000000E+00  0.00000000E+00  0.00000000E+00  0.00000000E+00  0.00000000E+00  0.00000000E+00 
'MAX LISSAGE' 

 0.00000000E+00  0.00000000E+00  0.00000000E+00  0.00000000E+00  0.00000000E+00  0.00000000E+00 
 0.00000000E+00  0.00000000E+00  0.00000000E+00  0.00000000E+00  0.00000000E+00  0.00000000E+00 
 0.00000000E+00  0.00000000E+00  0.00000000E+00  0.00000000E+00  0.00000000E+00  0.00000000E+00 
 0.00000000E+00  0.00000000E+00  0.00000000E+00  0.00000000E+00  0.00000000E+00  0.00000000E+00 
 0.00000000E+00  0.00000000E+00  0.00000000E+00  0.00000000E+00  0.00000000E+00  0.00000000E+00 
 0.00000000E+00  0.00000000E+00  0.00000000E+00  0.00000000E+00  0.00000000E+00  0.00000000E+00 
 0.00000000E+00  0.00000000E+00  0.00000000E+00  0.00000000E+00  0.00000000E+00  0.00000000E+00 
 0.00000000E+00  0.00000000E+00  0.00000000E+00  0.00000000E+00  0.00000000E+00  0.00000000E+00 
 0.00000000E+00  0.00000000E+00  0.00000000E+00  0.00000000E+00  0.00000000E+00  0.00000000E+00 
 0.00000000E+00  0.00000000E+00  0.00000000E+00  0.00000000E+00  0.00000000E+00  0.00000000E+00 
 0.00000000E+00  0.00000000E+00  0.00000000E+00  0.00000000E+00  0.00000000E+00  0.00000000E+00 
 0.00000000E+00  0.00000000E+00  0.00000000E+00  0.00000000E+00  0.00000000E+00  0.00000000E+00 
 0.00000000E+00  0.00000000E+00  0.00000000E+00  0.00000000E+00  0.00000000E+00  0.00000000E+00 
 0.00000000E+00  0.00000000E+00  0.00000000E+00  0.00000000E+00  0.00000000E+00  0.00000000E+00 
 0.00000000E+00  0.00000000E+00  0.00000000E+00  0.00000000E+00  0.00000000E+00  0.00000000E+00 
 0.00000000E+00  0.00000000E+00  0.00000000E+00  0.00000000E+00  0.00000000E+00  0.00000000E+00 
'MIN LISSAGE' 

 0.00000000E+00  0.00000000E+00  0.00000000E+00  0.00000000E+00  0.00000000E+00  0.00000000E+00 
 0.00000000E+00  0.00000000E+00  0.00000000E+00  0.00000000E+00  0.00000000E+00  0.00000000E+00 
 0.00000000E+00  0.00000000E+00  0.00000000E+00  0.00000000E+00  0.00000000E+00  0.00000000E+00 
 0.00000000E+00  0.00000000E+00  0.00000000E+00  0.00000000E+00  0.00000000E+00  0.00000000E+00 
 0.00000000E+00  0.00000000E+00  0.00000000E+00  0.00000000E+00  0.00000000E+00  0.00000000E+00 
 0.00000000E+00  0.00000000E+00  0.00000000E+00  0.00000000E+00  0.00000000E+00  0.00000000E+00 
 0.00000000E+00  0.00000000E+00  0.00000000E+00  0.00000000E+00  0.00000000E+00  0.00000000E+00 
 0.00000000E+00  0.00000000E+00  0.00000000E+00  0.00000000E+00  0.00000000E+00  0.00000000E+00 
 0.00000000E+00  0.00000000E+00  0.00000000E+00  0.00000000E+00  0.00000000E+00  0.00000000E+00 
 0.00000000E+00  0.00000000E+00  0.00000000E+00  0.00000000E+00  0.00000000E+00  0.00000000E+00 
 0.00000000E+00  0.00000000E+00  0.00000000E+00  0.00000000E+00  0.00000000E+00  0.00000000E+00 
 0.00000000E+00  0.00000000E+00  0.00000000E+00  0.00000000E+00  0.00000000E+00  0.00000000E+00 
 0.00000000E+00  0.00000000E+00  0.00000000E+00  0.00000000E+00  0.00000000E+00  0.00000000E+00 
 0.00000000E+00  0.00000000E+00  0.00000000E+00  0.00000000E+00  0.00000000E+00  0.00000000E+00 
 0.00000000E+00  0.00000000E+00  0.00000000E+00  0.00000000E+00  0.00000000E+00  0.00000000E+00 
 0.00000000E+00  0.00000000E+00  0.00000000E+00  0.00000000E+00  0.00000000E+00  0.00000000E+00 
'MTPEZR' 
'E'  2.37580000E+07  2.37580000E+07  2.37580000E+07  1.20300002E-01 
'APPORTS' 

 0.00000000E+00  0.00000000E+00  0.00000000E+00  0.00000000E+00  0.00000000E+00  0.00000000E+00 
 0.00000000E+00  0.00000000E+00  0.00000000E+00  0.00000000E+00  0.00000000E+00  0.00000000E+00 
 0.00000000E+00  0.00000000E+00  0.00000000E+00  0.00000000E+00  0.00000000E+00  0.00000000E+00 
 0.00000000E+00  0.00000000E+00  0.00000000E+00  0.00000000E+00  0.00000000E+00  0.00000000E+00 
 0.00000000E+00  0.00000000E+00  0.00000000E+00  0.00000000E+00  0.00000000E+00  0.00000000E+00 
 0.00000000E+00  0.00000000E+00  0.00000000E+00  0.00000000E+00  0.00000000E+00  0.00000000E+00 
 0.00000000E+00  0.00000000E+00  0.00000000E+00  0.00000000E+00  0.00000000E+00  0.00000000E+00 
 0.00000000E+00  0.00000000E+00  0.00000000E+00  0.00000000E+00  0.00000000E+00  0.00000000E+00 
 0.00000000E+00  0.00000000E+00  0.00000000E+00  0.00000000E+00  0.00000000E+00  0.00000000E+00 
 0.00000000E+00  0.00000000E+00  0.00000000E+00  0.00000000E+00  0.00000000E+00  0.00000000E+00 
 0.00000000E+00  0.00000000E+00  0.00000000E+00  0.00000000E+00  0.00000000E+00  0.00000000E+00 
 0.00000000E+00  0.00000000E+00  0.00000000E+00  0.00000000E+00  0.00000000E+00  0.00000000E+00 
 0.00000000E+00  0.00000000E+00  0.00000000E+00  0.00000000E+00  0.00000000E+00  0.00000000E+00 
 0.00000000E+00  0.00000000E+00  0.00000000E+00  0.00000000E+00  0.00000000E+00  0.00000000E+00 
 0.00000000E+00  0.00000000E+00  0.00000000E+00  0.00000000E+00  0.00000000E+00  0.00000000E+00 
 0.00000000E+00  0.00000000E+00  0.00000000E+00  0.00000000E+00  0.00000000E+00  0.00000000E+00 
'MAX OPTIMISATION' 

 4.07200000E+07  4.07200000E+07  4.07200000E+07  4.07200000E+07  4.07200000E+07  4.07200000E+07 
 4.07200000E+07  4.07200000E+07  4.07200000E+07  4.07200000E+07  4.07200000E+07  4.07200000E+07 
 4.07200000E+07  4.07200000E+07  4.07200000E+07  4.07200000E+07  4.07200000E+07  4.07200000E+07 
 4.07200000E+07  4.07200000E+07  4.07200000E+07  4.07200000E+07  4.07200000E+07  4.07200000E+07 
 4.07200000E+07  4.07200000E+07  4.07200000E+07  4.07200000E+07  4.07200000E+07  4.07200000E+07 
 4.07200000E+07  4.07200000E+07  4.07200000E+07  4.07200000E+07  4.07200000E+07  4.07200000E+07 
 4.07200000E+07  4.07200000E+07  4.07200000E+07  4.07200000E+07  4.07200000E+07  4.07200000E+07 
 4.07200000E+07  4.07200000E+07  4.07200000E+07  4.07200000E+07  4.07200000E+07  4.07200000E+07 
 4.07200000E+07  4.07200000E+07  4.07200000E+07  4.07200000E+07  4.07200000E+07  4.07200000E+07 
 4.07200000E+07  4.07200000E+07  4.07200000E+07  4.07200000E+07  4.07200000E+07  4.07200000E+07 
 4.07200000E+07  4.07200000E+07  4.07200000E+07  4.07200000E+07  4.07200000E+07  4.07200000E+07 
 4.07200000E+07  4.07200000E+07  4.07200000E+07  4.07200000E+07  4.07200000E+07  4.07200000E+07 
 4.07200000E+07  4.07200000E+07  4.07200000E+07  4.07200000E+07  4.07200000E+07  4.07200000E+07 
 4.07200000E+07  4.07200000E+07  4.07200000E+07  4.07200000E+07  4.07200000E+07  4.07200000E+07 
 4.07200000E+07  4.07200000E+07  4.07200000E+07  4.07200000E+07  4.07200000E+07  4.07200000E+07 
 4.07200000E+07  4.07200000E+07  4.07200000E+07  4.07200000E+07  4.07200000E+07  4.07200000E+07 
'MIN OPTIMISATION' 

 0.00000000E+00  0.00000000E+00  0.00000000E+00  0.00000000E+00  0.00000000E+00  0.00000000E+00 
 0.00000000E+00  0.00000000E+00  0.00000000E+00  0.00000000E+00  0.00000000E+00  0.00000000E+00 
 0.00000000E+00  0.00000000E+00  0.00000000E+00  0.00000000E+00  0.00000000E+00  0.00000000E+00 
 0.00000000E+00  0.00000000E+00  0.00000000E+00  0.00000000E+00  0.00000000E+00  0.00000000E+00 
 0.00000000E+00  0.00000000E+00  0.00000000E+00  0.00000000E+00  0.00000000E+00  0.00000000E+00 
 0.00000000E+00  0.00000000E+00  0.00000000E+00  0.00000000E+00  0.00000000E+00  0.00000000E+00 
 0.00000000E+00  0.00000000E+00  0.00000000E+00  0.00000000E+00  0.00000000E+00  0.00000000E+00 
 0.00000000E+00  0.00000000E+00  0.00000000E+00  0.00000000E+00  0.00000000E+00  0.00000000E+00 
 0.00000000E+00  0.00000000E+00  0.00000000E+00  0.00000000E+00  0.00000000E+00  0.00000000E+00 
 0.00000000E+00  0.00000000E+00  0.00000000E+00  0.00000000E+00  0.00000000E+00  0.00000000E+00 
 0.00000000E+00  0.00000000E+00  0.00000000E+00  0.00000000E+00  0.00000000E+00  0.00000000E+00 
 0.00000000E+00  0.00000000E+00  0.00000000E+00  0.00000000E+00  0.00000000E+00  0.00000000E+00 
 0.00000000E+00  0.00000000E+00  0.00000000E+00  0.00000000E+00  0.00000000E+00  0.00000000E+00 
 0.00000000E+00  0.00000000E+00  0.00000000E+00  0.00000000E+00  0.00000000E+00  0.00000000E+00 
 0.00000000E+00  0.00000000E+00  0.00000000E+00  0.00000000E+00  0.00000000E+00  0.00000000E+00 
 0.00000000E+00  0.00000000E+00  0.00000000E+00  0.00000000E+00  0.00000000E+00  0.00000000E+00 
'MAX LISSAGE' 

 4.07200000E+07  4.07200000E+07  4.07200000E+07  4.07200000E+07  4.07200000E+07  4.07200000E+07 
 4.07200000E+07  4.07200000E+07  4.07200000E+07  4.07200000E+07  4.07200000E+07  4.07200000E+07 
 4.07200000E+07  4.07200000E+07  4.07200000E+07  4.07200000E+07  4.07200000E+07  4.07200000E+07 
 4.07200000E+07  4.07200000E+07  4.07200000E+07  4.07200000E+07  4.07200000E+07  4.07200000E+07 
 4.07200000E+07  4.07200000E+07  4.07200000E+07  4.07200000E+07  4.07200000E+07  4.07200000E+07 
 4.07200000E+07  4.07200000E+07  4.07200000E+07  4.07200000E+07  4.07200000E+07  4.07200000E+07 
 4.07200000E+07  4.07200000E+07  4.07200000E+07  4.07200000E+07  4.07200000E+07  4.07200000E+07 
 4.07200000E+07  4.07200000E+07  4.07200000E+07  4.07200000E+07  4.07200000E+07  4.07200000E+07 
 4.07200000E+07  4.07200000E+07  4.07200000E+07  4.07200000E+07  4.07200000E+07  4.07200000E+07 
 4.07200000E+07  4.07200000E+07  4.07200000E+07  4.07200000E+07  4.07200000E+07  4.07200000E+07 
 4.07200000E+07  4.07200000E+07  4.07200000E+07  4.07200000E+07  4.07200000E+07  4.07200000E+07 
 4.07200000E+07  4.07200000E+07  4.07200000E+07  4.07200000E+07  4.07200000E+07  4.07200000E+07 
 4.07200000E+07  4.07200000E+07  4.07200000E+07  4.07200000E+07  4.07200000E+07  4.07200000E+07 
 4.07200000E+07  4.07200000E+07  4.07200000E+07  4.07200000E+07  4.07200000E+07  4.07200000E+07 
 4.07200000E+07  4.07200000E+07  4.07200000E+07  4.07200000E+07  4.07200000E+07  4.07200000E+07 
 4.07200000E+07  4.07200000E+07  4.07200000E+07  4.07200000E+07  4.07200000E+07  4.07200000E+07 
'MIN LISSAGE' 

 0.00000000E+00  0.00000000E+00  0.00000000E+00  0.00000000E+00  0.00000000E+00  0.00000000E+00 
 0.00000000E+00  0.00000000E+00  0.00000000E+00  0.00000000E+00  0.00000000E+00  0.00000000E+00 
 0.00000000E+00  0.00000000E+00  0.00000000E+00  0.00000000E+00  0.00000000E+00  0.00000000E+00 
 0.00000000E+00  0.00000000E+00  0.00000000E+00  0.00000000E+00  0.00000000E+00  0.00000000E+00 
 0.00000000E+00  0.00000000E+00  0.00000000E+00  0.00000000E+00  0.00000000E+00  0.00000000E+00 
 0.00000000E+00  0.00000000E+00  0.00000000E+00  0.00000000E+00  0.00000000E+00  0.00000000E+00 
 0.00000000E+00  0.00000000E+00  0.00000000E+00  0.00000000E+00  0.00000000E+00  0.00000000E+00 
 0.00000000E+00  0.00000000E+00  0.00000000E+00  0.00000000E+00  0.00000000E+00  0.00000000E+00 
 0.00000000E+00  0.00000000E+00  0.00000000E+00  0.00000000E+00  0.00000000E+00  0.00000000E+00 
 0.00000000E+00  0.00000000E+00  0.00000000E+00  0.00000000E+00  0.00000000E+00  0.00000000E+00 
 0.00000000E+00  0.00000000E+00  0.00000000E+00  0.00000000E+00  0.00000000E+00  0.00000000E+00 
 0.00000000E+00  0.00000000E+00  0.00000000E+00  0.00000000E+00  0.00000000E+00  0.00000000E+00 
 0.00000000E+00  0.00000000E+00  0.00000000E+00  0.00000000E+00  0.00000000E+00  0.00000000E+00 
 0.00000000E+00  0.00000000E+00  0.00000000E+00  0.00000000E+00  0.00000000E+00  0.00000000E+00 
 0.00000000E+00  0.00000000E+00  0.00000000E+00  0.00000000E+00  0.00000000E+00  0.00000000E+00 
 0.00000000E+00  0.00000000E+00  0.00000000E+00  0.00000000E+00  0.00000000E+00  0.00000000E+00 
'P.D.VR' 
'E'  3.90000000E+05  3.90000000E+05  3.90000000E+05  0.00000000E+00 
'APPORTS' 

 0.00000000E+00  0.00000000E+00  0.00000000E+00  0.00000000E+00  0.00000000E+00  0.00000000E+00 
 0.00000000E+00  0.00000000E+00  0.00000000E+00  0.00000000E+00  0.00000000E+00  0.00000000E+00 
 0.00000000E+00  0.00000000E+00  0.00000000E+00  0.00000000E+00  0.00000000E+00  0.00000000E+00 
 0.00000000E+00  0.00000000E+00  0.00000000E+00  0.00000000E+00  0.00000000E+00  0.00000000E+00 
 0.00000000E+00  0.00000000E+00  0.00000000E+00  0.00000000E+00  0.00000000E+00  0.00000000E+00 
 0.00000000E+00  0.00000000E+00  0.00000000E+00  0.00000000E+00  0.00000000E+00  0.00000000E+00 
 0.00000000E+00  0.00000000E+00  0.00000000E+00  0.00000000E+00  0.00000000E+00  0.00000000E+00 
 0.00000000E+00  0.00000000E+00  0.00000000E+00  0.00000000E+00  0.00000000E+00  0.00000000E+00 
 0.00000000E+00  0.00000000E+00  0.00000000E+00  0.00000000E+00  0.00000000E+00  0.00000000E+00 
 0.00000000E+00  0.00000000E+00  0.00000000E+00  0.00000000E+00  0.00000000E+00  0.00000000E+00 
 0.00000000E+00  0.00000000E+00  0.00000000E+00  0.00000000E+00  0.00000000E+00  0.00000000E+00 
 0.00000000E+00  0.00000000E+00  0.00000000E+00  0.00000000E+00  0.00000000E+00  0.00000000E+00 
 0.00000000E+00  0.00000000E+00  0.00000000E+00  0.00000000E+00  0.00000000E+00  0.00000000E+00 
 0.00000000E+00  0.00000000E+00  0.00000000E+00  0.00000000E+00  0.00000000E+00  0.00000000E+00 
 0.00000000E+00  0.00000000E+00  0.00000000E+00  0.00000000E+00  0.00000000E+00  0.00000000E+00 
 0.00000000E+00  0.00000000E+00  0.00000000E+00  0.00000000E+00  0.00000000E+00  0.00000000E+00 
'MAX OPTIMISATION' 

 4.30000000E+05  4.30000000E+05  4.30000000E+05  4.30000000E+05  4.30000000E+05  4.30000000E+05 
 4.30000000E+05  4.30000000E+05  4.30000000E+05  4.30000000E+05  4.30000000E+05  4.30000000E+05 
 4.30000000E+05  4.30000000E+05  4.30000000E+05  4.30000000E+05  4.30000000E+05  4.30000000E+05 
 4.30000000E+05  4.30000000E+05  4.30000000E+05  4.30000000E+05  4.30000000E+05  4.30000000E+05 
 4.30000000E+05  4.30000000E+05  4.30000000E+05  4.30000000E+05  4.30000000E+05  4.30000000E+05 
 4.30000000E+05  4.30000000E+05  4.30000000E+05  4.30000000E+05  4.30000000E+05  4.30000000E+05 
 4.30000000E+05  4.30000000E+05  4.30000000E+05  4.30000000E+05  4.30000000E+05  4.30000000E+05 
 4.30000000E+05  4.30000000E+05  4.30000000E+05  4.30000000E+05  4.30000000E+05  4.30000000E+05 
 4.30000000E+05  4.30000000E+05  4.30000000E+05  4.30000000E+05  4.30000000E+05  4.30000000E+05 
 4.30000000E+05  4.30000000E+05  4.30000000E+05  4.30000000E+05  4.30000000E+05  4.30000000E+05 
 4.30000000E+05  4.30000000E+05  4.30000000E+05  4.30000000E+05  4.30000000E+05  4.30000000E+05 
 4.30000000E+05  4.30000000E+05  4.30000000E+05  4.30000000E+05  4.30000000E+05  4.30000000E+05 
 4.30000000E+05  4.30000000E+05  4.30000000E+05  4.30000000E+05  4.30000000E+05  4.30000000E+05 
 4.30000000E+05  4.30000000E+05  4.30000000E+05  4.30000000E+05  4.30000000E+05  4.30000000E+05 
 4.30000000E+05  4.30000000E+05  4.30000000E+05  4.30000000E+05  4.30000000E+05  4.30000000E+05 
 4.30000000E+05  4.30000000E+05  4.30000000E+05  4.30000000E+05  4.30000000E+05  4.30000000E+05 
'MIN OPTIMISATION' 

 3.10000000E+05  3.10000000E+05  3.10000000E+05  3.10000000E+05  3.10000000E+05  3.10000000E+05 
 3.10000000E+05  3.10000000E+05  3.10000000E+05  3.10000000E+05  3.10000000E+05  3.10000000E+05 
 3.10000000E+05  3.10000000E+05  3.10000000E+05  3.10000000E+05  3.10000000E+05  3.10000000E+05 
 3.10000000E+05  3.10000000E+05  3.10000000E+05  3.10000000E+05  3.10000000E+05  3.10000000E+05 
 3.10000000E+05  3.10000000E+05  3.10000000E+05  3.10000000E+05  3.10000000E+05  3.10000000E+05 
 3.10000000E+05  3.10000000E+05  3.10000000E+05  3.10000000E+05  3.10000000E+05  3.10000000E+05 
 3.10000000E+05  3.10000000E+05  3.10000000E+05  3.10000000E+05  3.10000000E+05  3.10000000E+05 
 3.10000000E+05  3.10000000E+05  3.10000000E+05  3.10000000E+05  3.10000000E+05  3.10000000E+05 
 3.10000000E+05  3.10000000E+05  3.10000000E+05  3.10000000E+05  3.10000000E+05  3.10000000E+05 
 3.10000000E+05  3.10000000E+05  3.10000000E+05  3.10000000E+05  3.10000000E+05  3.10000000E+05 
 3.10000000E+05  3.10000000E+05  3.10000000E+05  3.10000000E+05  3.10000000E+05  3.10000000E+05 
 3.10000000E+05  3.10000000E+05  3.10000000E+05  3.10000000E+05  3.10000000E+05  3.10000000E+05 
 3.10000000E+05  3.10000000E+05  3.10000000E+05  3.10000000E+05  3.10000000E+05  3.10000000E+05 
 3.10000000E+05  3.10000000E+05  3.10000000E+05  3.10000000E+05  3.10000000E+05  3.10000000E+05 
 3.10000000E+05  3.10000000E+05  3.10000000E+05  3.10000000E+05  3.10000000E+05  3.10000000E+05 
 3.10000000E+05  3.10000000E+05  3.10000000E+05  3.10000000E+05  3.10000000E+05  3.10000000E+05 
'MAX LISSAGE' 

 4.40000000E+05  4.40000000E+05  4.40000000E+05  4.40000000E+05  4.40000000E+05  4.40000000E+05 
 4.40000000E+05  4.40000000E+05  4.40000000E+05  4.40000000E+05  4.40000000E+05  4.40000000E+05 
 4.40000000E+05  4.40000000E+05  4.40000000E+05  4.40000000E+05  4.40000000E+05  4.40000000E+05 
 4.40000000E+05  4.40000000E+05  4.40000000E+05  4.40000000E+05  4.40000000E+05  4.40000000E+05 
 4.40000000E+05  4.40000000E+05  4.40000000E+05  4.40000000E+05  4.40000000E+05  4.40000000E+05 
 4.40000000E+05  4.40000000E+05  4.40000000E+05  4.40000000E+05  4.40000000E+05  4.40000000E+05 
 4.40000000E+05  4.40000000E+05  4.40000000E+05  4.40000000E+05  4.40000000E+05  4.40000000E+05 
 4.40000000E+05  4.40000000E+05  4.40000000E+05  4.40000000E+05  4.40000000E+05  4.40000000E+05 
 4.40000000E+05  4.40000000E+05  4.40000000E+05  4.40000000E+05  4.40000000E+05  4.40000000E+05 
 4.40000000E+05  4.40000000E+05  4.40000000E+05  4.40000000E+05  4.40000000E+05  4.40000000E+05 
 4.40000000E+05  4.40000000E+05  4.40000000E+05  4.40000000E+05  4.40000000E+05  4.40000000E+05 
 4.40000000E+05  4.40000000E+05  4.40000000E+05  4.40000000E+05  4.40000000E+05  4.40000000E+05 
 4.40000000E+05  4.40000000E+05  4.40000000E+05  4.40000000E+05  4.40000000E+05  4.40000000E+05 
 4.40000000E+05  4.40000000E+05  4.40000000E+05  4.40000000E+05  4.40000000E+05  4.40000000E+05 
 4.40000000E+05  4.40000000E+05  4.40000000E+05  4.40000000E+05  4.40000000E+05  4.40000000E+05 
 4.40000000E+05  4.40000000E+05  4.40000000E+05  4.40000000E+05  4.40000000E+05  4.40000000E+05 
'MIN LISSAGE' 

 3.00000000E+05  3.00000000E+05  3.00000000E+05  3.00000000E+05  3.00000000E+05  3.00000000E+05 
 3.00000000E+05  3.00000000E+05  3.00000000E+05  3.00000000E+05  3.00000000E+05  3.00000000E+05 
 3.00000000E+05  3.00000000E+05  3.00000000E+05  3.00000000E+05  3.00000000E+05  3.00000000E+05 
 3.00000000E+05  3.00000000E+05  3.00000000E+05  3.00000000E+05  3.00000000E+05  3.00000000E+05 
 3.00000000E+05  3.00000000E+05  3.00000000E+05  3.00000000E+05  3.00000000E+05  3.00000000E+05 
 3.00000000E+05  3.00000000E+05  3.00000000E+05  3.00000000E+05  3.00000000E+05  3.00000000E+05 
 3.00000000E+05  3.00000000E+05  3.00000000E+05  3.00000000E+05  3.00000000E+05  3.00000000E+05 
 3.00000000E+05  3.00000000E+05  3.00000000E+05  3.00000000E+05  3.00000000E+05  3.00000000E+05 
 3.00000000E+05  3.00000000E+05  3.00000000E+05  3.00000000E+05  3.00000000E+05  3.00000000E+05 
 3.00000000E+05  3.00000000E+05  3.00000000E+05  3.00000000E+05  3.00000000E+05  3.00000000E+05 
 3.00000000E+05  3.00000000E+05  3.00000000E+05  3.00000000E+05  3.00000000E+05  3.00000000E+05 
 3.00000000E+05  3.00000000E+05  3.00000000E+05  3.00000000E+05  3.00000000E+05  3.00000000E+05 
 3.00000000E+05  3.00000000E+05  3.00000000E+05  3.00000000E+05  3.00000000E+05  3.00000000E+05 
 3.00000000E+05  3.00000000E+05  3.00000000E+05  3.00000000E+05  3.00000000E+05  3.00000000E+05 
 3.00000000E+05  3.00000000E+05  3.00000000E+05  3.00000000E+05  3.00000000E+05  3.00000000E+05 
 3.00000000E+05  3.00000000E+05  3.00000000E+05  3.00000000E+05  3.00000000E+05  3.00000000E+05 
'P.BORR' 
'E'  1.60870000E+07  1.60870000E+07  1.60870000E+07  7.33000040E-02 
'APPORTS' 

 0.00000000E+00  0.00000000E+00  0.00000000E+00  0.00000000E+00  0.00000000E+00  0.00000000E+00 
 0.00000000E+00  0.00000000E+00  0.00000000E+00  0.00000000E+00  0.00000000E+00  0.00000000E+00 
 0.00000000E+00  0.00000000E+00  0.00000000E+00  0.00000000E+00  0.00000000E+00  0.00000000E+00 
 0.00000000E+00  0.00000000E+00  0.00000000E+00  0.00000000E+00  0.00000000E+00  0.00000000E+00 
 0.00000000E+00  0.00000000E+00  0.00000000E+00  0.00000000E+00  0.00000000E+00  0.00000000E+00 
 0.00000000E+00  0.00000000E+00  0.00000000E+00  0.00000000E+00  0.00000000E+00  0.00000000E+00 
 0.00000000E+00  0.00000000E+00  0.00000000E+00  0.00000000E+00  0.00000000E+00  0.00000000E+00 
 0.00000000E+00  0.00000000E+00  0.00000000E+00  0.00000000E+00  0.00000000E+00  0.00000000E+00 
 0.00000000E+00  0.00000000E+00  0.00000000E+00  0.00000000E+00  0.00000000E+00  0.00000000E+00 
 0.00000000E+00  0.00000000E+00  0.00000000E+00  0.00000000E+00  0.00000000E+00  0.00000000E+00 
 0.00000000E+00  0.00000000E+00  0.00000000E+00  0.00000000E+00  0.00000000E+00  0.00000000E+00 
 0.00000000E+00  0.00000000E+00  0.00000000E+00  0.00000000E+00  0.00000000E+00  0.00000000E+00 
 0.00000000E+00  0.00000000E+00  0.00000000E+00  0.00000000E+00  0.00000000E+00  0.00000000E+00 
 0.00000000E+00  0.00000000E+00  0.00000000E+00  0.00000000E+00  0.00000000E+00  0.00000000E+00 
 0.00000000E+00  0.00000000E+00  0.00000000E+00  0.00000000E+00  0.00000000E+00  0.00000000E+00 
 0.00000000E+00  0.00000000E+00  0.00000000E+00  0.00000000E+00  0.00000000E+00  0.00000000E+00 
'MAX OPTIMISATION' 

 3.36930000E+07  3.36930000E+07  3.36930000E+07  3.36930000E+07  3.36930000E+07  3.36930000E+07 
 3.36930000E+07  3.36930000E+07  3.36930000E+07  3.36930000E+07  3.36930000E+07  3.36930000E+07 
 3.36930000E+07  3.36930000E+07  3.36930000E+07  3.36930000E+07  3.36930000E+07  3.36930000E+07 
 3.36930000E+07  3.36930000E+07  3.36930000E+07  3.36930000E+07  3.36930000E+07  3.36930000E+07 
 3.36930000E+07  3.36930000E+07  3.36930000E+07  3.36930000E+07  3.36930000E+07  3.36930000E+07 
 3.36930000E+07  3.36930000E+07  3.36930000E+07  3.36930000E+07  3.36930000E+07  3.36930000E+07 
 3.36930000E+07  3.36930000E+07  3.36930000E+07  3.36930000E+07  3.36930000E+07  3.36930000E+07 
 3.36930000E+07  3.36930000E+07  3.36930000E+07  3.36930000E+07  3.36930000E+07  1.61740000E+07 
 3.36930000E+07  3.36930000E+07  3.36930000E+07  3.36930000E+07  3.36930000E+07  3.36930000E+07 
 3.36930000E+07  3.36930000E+07  3.36930000E+07  3.36930000E+07  3.36930000E+07  3.36930000E+07 
 3.36930000E+07  3.36930000E+07  3.36930000E+07  3.36930000E+07  3.36930000E+07  3.36930000E+07 
 3.36930000E+07  3.36930000E+07  3.36930000E+07  3.36930000E+07  3.36930000E+07  3.36930000E+07 
 3.36930000E+07  3.36930000E+07  3.36930000E+07  3.36930000E+07  3.36930000E+07  3.36930000E+07 
 3.36930000E+07  3.36930000E+07  3.36930000E+07  3.36930000E+07  3.36930000E+07  3.36930000E+07 
 3.36930000E+07  3.36930000E+07  3.36930000E+07  3.36930000E+07  3.36930000E+07  3.36930000E+07 
 3.36930000E+07  3.36930000E+07  3.36930000E+07  3.36930000E+07  3.36930000E+07  3.36930000E+07 
'MIN OPTIMISATION' 

 1.25900000E+06  1.25900000E+06  1.25900000E+06  1.25900000E+06  1.25900000E+06  1.25900000E+06 
 1.25900000E+06  1.25900000E+06  1.25900000E+06  1.25900000E+06  1.25900000E+06  1.25900000E+06 
 1.25900000E+06  1.25900000E+06  1.25900000E+06  1.25900000E+06  1.25900000E+06  1.25900000E+06 
 1.25900000E+06  1.25900000E+06  1.25900000E+06  1.25900000E+06  1.25900000E+06  1.25900000E+06 
 1.25900000E+06  1.25900000E+06  1.25900000E+06  1.25900000E+06  1.25900000E+06  1.25900000E+06 
 1.25900000E+06  1.25900000E+06  1.25900000E+06  1.25900000E+06  1.25900000E+06  1.25900000E+06 
 1.25900000E+06  1.25900000E+06  1.25900000E+06  1.25900000E+06  1.25900000E+06  1.25900000E+06 
 1.25900000E+06  1.25900000E+06  1.25900000E+06  1.25900000E+06  1.25900000E+06  1.60000000E+07 
 1.25900000E+06  1.25900000E+06  1.25900000E+06  1.25900000E+06  1.25900000E+06  1.25900000E+06 
 1.25900000E+06  1.25900000E+06  1.25900000E+06  1.25900000E+06  1.25900000E+06  1.25900000E+06 
 1.25900000E+06  1.25900000E+06  1.25900000E+06  1.25900000E+06  1.25900000E+06  1.25900000E+06 
 1.25900000E+06  1.25900000E+06  1.25900000E+06  1.25900000E+06  1.25900000E+06  1.25900000E+06 
 1.25900000E+06  1.25900000E+06  1.25900000E+06  1.25900000E+06  1.25900000E+06  1.25900000E+06 
 1.25900000E+06  1.25900000E+06  1.25900000E+06  1.25900000E+06  1.25900000E+06  1.25900000E+06 
 1.25900000E+06  1.25900000E+06  1.25900000E+06  1.25900000E+06  1.25900000E+06  1.25900000E+06 
 1.25900000E+06  1.25900000E+06  1.25900000E+06  1.25900000E+06  1.25900000E+06  1.25900000E+06 
'MAX LISSAGE' 

 3.38680000E+07  3.38680000E+07  3.38680000E+07  3.38680000E+07  3.38680000E+07  3.38680000E+07 
 3.38680000E+07  3.38680000E+07  3.38680000E+07  3.38680000E+07  3.38680000E+07  3.38680000E+07 
 3.38680000E+07  3.38680000E+07  3.38680000E+07  3.38680000E+07  3.38680000E+07  3.38680000E+07 
 3.38680000E+07  3.38680000E+07  3.38680000E+07  3.38680000E+07  3.38680000E+07  3.38680000E+07 
 3.38680000E+07  3.38680000E+07  3.38680000E+07  3.38680000E+07  3.38680000E+07  3.38680000E+07 
 3.38680000E+07  3.38680000E+07  3.38680000E+07  3.38680000E+07  3.38680000E+07  3.38680000E+07 
 3.38680000E+07  3.38680000E+07  3.38680000E+07  3.38680000E+07  3.38680000E+07  3.38680000E+07 
 3.38680000E+07  3.38680000E+07  3.38680000E+07  3.38680000E+07  3.38680000E+07  3.38680000E+07 
 3.38680000E+07  3.38680000E+07  3.38680000E+07  3.38680000E+07  3.38680000E+07  3.38680000E+07 
 3.38680000E+07  3.38680000E+07  3.38680000E+07  3.38680000E+07  3.38680000E+07  3.38680000E+07 
 3.38680000E+07  3.38680000E+07  3.38680000E+07  3.38680000E+07  3.38680000E+07  3.38680000E+07 
 3.38680000E+07  3.38680000E+07  3.38680000E+07  3.38680000E+07  3.38680000E+07  3.38680000E+07 
 3.38680000E+07  3.38680000E+07  3.38680000E+07  3.38680000E+07  3.38680000E+07  3.38680000E+07 
 3.38680000E+07  3.38680000E+07  3.38680000E+07  3.38680000E+07  3.38680000E+07  3.38680000E+07 
 3.38680000E+07  3.38680000E+07  3.38680000E+07  3.38680000E+07  3.38680000E+07  3.38680000E+07 
 3.38680000E+07  3.38680000E+07  3.38680000E+07  3.38680000E+07  3.38680000E+07  3.38680000E+07 
'MIN LISSAGE' 

 6.11000000E+05  6.11000000E+05  6.11000000E+05  6.11000000E+05  6.11000000E+05  6.11000000E+05 
 6.11000000E+05  6.11000000E+05  6.11000000E+05  6.11000000E+05  6.11000000E+05  6.11000000E+05 
 6.11000000E+05  6.11000000E+05  6.11000000E+05  6.11000000E+05  6.11000000E+05  6.11000000E+05 
 6.11000000E+05  6.11000000E+05  6.11000000E+05  6.11000000E+05  6.11000000E+05  6.11000000E+05 
 6.11000000E+05  6.11000000E+05  6.11000000E+05  6.11000000E+05  6.11000000E+05  6.11000000E+05 
 6.11000000E+05  6.11000000E+05  6.11000000E+05  6.11000000E+05  6.11000000E+05  6.11000000E+05 
 6.11000000E+05  6.11000000E+05  6.11000000E+05  6.11000000E+05  6.11000000E+05  6.11000000E+05 
 6.11000000E+05  6.11000000E+05  6.11000000E+05  6.11000000E+05  6.11000000E+05  6.11000000E+05 
 6.11000000E+05  6.11000000E+05  6.11000000E+05  6.11000000E+05  6.11000000E+05  6.11000000E+05 
 6.11000000E+05  6.11000000E+05  6.11000000E+05  6.11000000E+05  6.11000000E+05  6.11000000E+05 
 6.11000000E+05  6.11000000E+05  6.11000000E+05  6.11000000E+05  6.11000000E+05  6.11000000E+05 
 6.11000000E+05  6.11000000E+05  6.11000000E+05  6.11000000E+05  6.11000000E+05  6.11000000E+05 
 6.11000000E+05  6.11000000E+05  6.11000000E+05  6.11000000E+05  6.11000000E+05  6.11000000E+05 
 6.11000000E+05  6.11000000E+05  6.11000000E+05  6.11000000E+05  6.11000000E+05  6.11000000E+05 
 6.11000000E+05  6.11000000E+05  6.11000000E+05  6.11000000E+05  6.11000000E+05  6.11000000E+05 
 6.11000000E+05  6.11000000E+05  6.11000000E+05  6.11000000E+05  6.11000000E+05  6.11000000E+05 
'LAFIGR' 
'X'  0.00000000E+00  0.00000000E+00  0.00000000E+00  0.00000000E+00 
'APPORTS' 

 0.00000000E+00  0.00000000E+00  0.00000000E+00  0.00000000E+00  0.00000000E+00  0.00000000E+00 
 0.00000000E+00  0.00000000E+00  0.00000000E+00  0.00000000E+00  0.00000000E+00  0.00000000E+00 
 0.00000000E+00  0.00000000E+00  0.00000000E+00  0.00000000E+00  0.00000000E+00  0.00000000E+00 
 0.00000000E+00  0.00000000E+00  0.00000000E+00  0.00000000E+00  0.00000000E+00  0.00000000E+00 
 0.00000000E+00  0.00000000E+00  0.00000000E+00  0.00000000E+00  0.00000000E+00  0.00000000E+00 
 0.00000000E+00  0.00000000E+00  0.00000000E+00  0.00000000E+00  0.00000000E+00  0.00000000E+00 
 0.00000000E+00  0.00000000E+00  0.00000000E+00  0.00000000E+00  0.00000000E+00  0.00000000E+00 
 0.00000000E+00  0.00000000E+00  0.00000000E+00  0.00000000E+00  0.00000000E+00  0.00000000E+00 
 0.00000000E+00  0.00000000E+00  0.00000000E+00  0.00000000E+00  0.00000000E+00  0.00000000E+00 
 0.00000000E+00  0.00000000E+00  0.00000000E+00  0.00000000E+00  0.00000000E+00  0.00000000E+00 
 0.00000000E+00  0.00000000E+00  0.00000000E+00  0.00000000E+00  0.00000000E+00  0.00000000E+00 
 0.00000000E+00  0.00000000E+00  0.00000000E+00  0.00000000E+00  0.00000000E+00  0.00000000E+00 
 0.00000000E+00  0.00000000E+00  0.00000000E+00  0.00000000E+00  0.00000000E+00  0.00000000E+00 
 0.00000000E+00  0.00000000E+00  0.00000000E+00  0.00000000E+00  0.00000000E+00  0.00000000E+00 
 0.00000000E+00  0.00000000E+00  0.00000000E+00  0.00000000E+00  0.00000000E+00  0.00000000E+00 
 0.00000000E+00  0.00000000E+00  0.00000000E+00  0.00000000E+00  0.00000000E+00  0.00000000E+00 
'MAX OPTIMISATION' 

 0.00000000E+00  0.00000000E+00  0.00000000E+00  0.00000000E+00  0.00000000E+00  0.00000000E+00 
 0.00000000E+00  0.00000000E+00  0.00000000E+00  0.00000000E+00  0.00000000E+00  0.00000000E+00 
 0.00000000E+00  0.00000000E+00  0.00000000E+00  0.00000000E+00  0.00000000E+00  0.00000000E+00 
 0.00000000E+00  0.00000000E+00  0.00000000E+00  0.00000000E+00  0.00000000E+00  0.00000000E+00 
 0.00000000E+00  0.00000000E+00  0.00000000E+00  0.00000000E+00  0.00000000E+00  0.00000000E+00 
 0.00000000E+00  0.00000000E+00  0.00000000E+00  0.00000000E+00  0.00000000E+00  0.00000000E+00 
 0.00000000E+00  0.00000000E+00  0.00000000E+00  0.00000000E+00  0.00000000E+00  0.00000000E+00 
 0.00000000E+00  0.00000000E+00  0.00000000E+00  0.00000000E+00  0.00000000E+00  0.00000000E+00 
 0.00000000E+00  0.00000000E+00  0.00000000E+00  0.00000000E+00  0.00000000E+00  0.00000000E+00 
 0.00000000E+00  0.00000000E+00  0.00000000E+00  0.00000000E+00  0.00000000E+00  0.00000000E+00 
 0.00000000E+00  0.00000000E+00  0.00000000E+00  0.00000000E+00  0.00000000E+00  0.00000000E+00 
 0.00000000E+00  0.00000000E+00  0.00000000E+00  0.00000000E+00  0.00000000E+00  0.00000000E+00 
 0.00000000E+00  0.00000000E+00  0.00000000E+00  0.00000000E+00  0.00000000E+00  0.00000000E+00 
 0.00000000E+00  0.00000000E+00  0.00000000E+00  0.00000000E+00  0.00000000E+00  0.00000000E+00 
 0.00000000E+00  0.00000000E+00  0.00000000E+00  0.00000000E+00  0.00000000E+00  0.00000000E+00 
 0.00000000E+00  0.00000000E+00  0.00000000E+00  0.00000000E+00  0.00000000E+00  0.00000000E+00 
'MIN OPTIMISATION' 

 0.00000000E+00  0.00000000E+00  0.00000000E+00  0.00000000E+00  0.00000000E+00  0.00000000E+00 
 0.00000000E+00  0.00000000E+00  0.00000000E+00  0.00000000E+00  0.00000000E+00  0.00000000E+00 
 0.00000000E+00  0.00000000E+00  0.00000000E+00  0.00000000E+00  0.00000000E+00  0.00000000E+00 
 0.00000000E+00  0.00000000E+00  0.00000000E+00  0.00000000E+00  0.00000000E+00  0.00000000E+00 
 0.00000000E+00  0.00000000E+00  0.00000000E+00  0.00000000E+00  0.00000000E+00  0.00000000E+00 
 0.00000000E+00  0.00000000E+00  0.00000000E+00  0.00000000E+00  0.00000000E+00  0.00000000E+00 
 0.00000000E+00  0.00000000E+00  0.00000000E+00  0.00000000E+00  0.00000000E+00  0.00000000E+00 
 0.00000000E+00  0.00000000E+00  0.00000000E+00  0.00000000E+00  0.00000000E+00  0.00000000E+00 
 0.00000000E+00  0.00000000E+00  0.00000000E+00  0.00000000E+00  0.00000000E+00  0.00000000E+00 
 0.00000000E+00  0.00000000E+00  0.00000000E+00  0.00000000E+00  0.00000000E+00  0.00000000E+00 
 0.00000000E+00  0.00000000E+00  0.00000000E+00  0.00000000E+00  0.00000000E+00  0.00000000E+00 
 0.00000000E+00  0.00000000E+00  0.00000000E+00  0.00000000E+00  0.00000000E+00  0.00000000E+00 
 0.00000000E+00  0.00000000E+00  0.00000000E+00  0.00000000E+00  0.00000000E+00  0.00000000E+00 
 0.00000000E+00  0.00000000E+00  0.00000000E+00  0.00000000E+00  0.00000000E+00  0.00000000E+00 
 0.00000000E+00  0.00000000E+00  0.00000000E+00  0.00000000E+00  0.00000000E+00  0.00000000E+00 
 0.00000000E+00  0.00000000E+00  0.00000000E+00  0.00000000E+00  0.00000000E+00  0.00000000E+00 
'MAX LISSAGE' 

 0.00000000E+00  0.00000000E+00  0.00000000E+00  0.00000000E+00  0.00000000E+00  0.00000000E+00 
 0.00000000E+00  0.00000000E+00  0.00000000E+00  0.00000000E+00  0.00000000E+00  0.00000000E+00 
 0.00000000E+00  0.00000000E+00  0.00000000E+00  0.00000000E+00  0.00000000E+00  0.00000000E+00 
 0.00000000E+00  0.00000000E+00  0.00000000E+00  0.00000000E+00  0.00000000E+00  0.00000000E+00 
 0.00000000E+00  0.00000000E+00  0.00000000E+00  0.00000000E+00  0.00000000E+00  0.00000000E+00 
 0.00000000E+00  0.00000000E+00  0.00000000E+00  0.00000000E+00  0.00000000E+00  0.00000000E+00 
 0.00000000E+00  0.00000000E+00  0.00000000E+00  0.00000000E+00  0.00000000E+00  0.00000000E+00 
 0.00000000E+00  0.00000000E+00  0.00000000E+00  0.00000000E+00  0.00000000E+00  0.00000000E+00 
 0.00000000E+00  0.00000000E+00  0.00000000E+00  0.00000000E+00  0.00000000E+00  0.00000000E+00 
 0.00000000E+00  0.00000000E+00  0.00000000E+00  0.00000000E+00  0.00000000E+00  0.00000000E+00 
 0.00000000E+00  0.00000000E+00  0.00000000E+00  0.00000000E+00  0.00000000E+00  0.00000000E+00 
 0.00000000E+00  0.00000000E+00  0.00000000E+00  0.00000000E+00  0.00000000E+00  0.00000000E+00 
 0.00000000E+00  0.00000000E+00  0.00000000E+00  0.00000000E+00  0.00000000E+00  0.00000000E+00 
 0.00000000E+00  0.00000000E+00  0.00000000E+00  0.00000000E+00  0.00000000E+00  0.00000000E+00 
 0.00000000E+00  0.00000000E+00  0.00000000E+00  0.00000000E+00  0.00000000E+00  0.00000000E+00 
 0.00000000E+00  0.00000000E+00  0.00000000E+00  0.00000000E+00  0.00000000E+00  0.00000000E+00 
'MIN LISSAGE' 

 0.00000000E+00  0.00000000E+00  0.00000000E+00  0.00000000E+00  0.00000000E+00  0.00000000E+00 
 0.00000000E+00  0.00000000E+00  0.00000000E+00  0.00000000E+00  0.00000000E+00  0.00000000E+00 
 0.00000000E+00  0.00000000E+00  0.00000000E+00  0.00000000E+00  0.00000000E+00  0.00000000E+00 
 0.00000000E+00  0.00000000E+00  0.00000000E+00  0.00000000E+00  0.00000000E+00  0.00000000E+00 
 0.00000000E+00  0.00000000E+00  0.00000000E+00  0.00000000E+00  0.00000000E+00  0.00000000E+00 
 0.00000000E+00  0.00000000E+00  0.00000000E+00  0.00000000E+00  0.00000000E+00  0.00000000E+00 
 0.00000000E+00  0.00000000E+00  0.00000000E+00  0.00000000E+00  0.00000000E+00  0.00000000E+00 
 0.00000000E+00  0.00000000E+00  0.00000000E+00  0.00000000E+00  0.00000000E+00  0.00000000E+00 
 0.00000000E+00  0.00000000E+00  0.00000000E+00  0.00000000E+00  0.00000000E+00  0.00000000E+00 
 0.00000000E+00  0.00000000E+00  0.00000000E+00  0.00000000E+00  0.00000000E+00  0.00000000E+00 
 0.00000000E+00  0.00000000E+00  0.00000000E+00  0.00000000E+00  0.00000000E+00  0.00000000E+00 
 0.00000000E+00  0.00000000E+00  0.00000000E+00  0.00000000E+00  0.00000000E+00  0.00000000E+00 
 0.00000000E+00  0.00000000E+00  0.00000000E+00  0.00000000E+00  0.00000000E+00  0.00000000E+00 
 0.00000000E+00  0.00000000E+00  0.00000000E+00  0.00000000E+00  0.00000000E+00  0.00000000E+00 
 0.00000000E+00  0.00000000E+00  0.00000000E+00  0.00000000E+00  0.00000000E+00  0.00000000E+00 
 0.00000000E+00  0.00000000E+00  0.00000000E+00  0.00000000E+00  0.00000000E+00  0.00000000E+00 
'SALELR' 
'E'  9.17000000E+05  9.17000000E+05  9.17000000E+05  0.00000000E+00 
'APPORTS' 

 0.00000000E+00  0.00000000E+00  0.00000000E+00  0.00000000E+00  0.00000000E+00  0.00000000E+00 
 0.00000000E+00  0.00000000E+00  0.00000000E+00  0.00000000E+00  0.00000000E+00  0.00000000E+00 
 0.00000000E+00  0.00000000E+00  0.00000000E+00  0.00000000E+00  0.00000000E+00  0.00000000E+00 
 0.00000000E+00  0.00000000E+00  0.00000000E+00  0.00000000E+00  0.00000000E+00  0.00000000E+00 
 0.00000000E+00  0.00000000E+00  0.00000000E+00  0.00000000E+00  0.00000000E+00  0.00000000E+00 
 0.00000000E+00  0.00000000E+00  0.00000000E+00  0.00000000E+00  0.00000000E+00  0.00000000E+00 
 0.00000000E+00  0.00000000E+00  0.00000000E+00  0.00000000E+00  0.00000000E+00  0.00000000E+00 
 0.00000000E+00  0.00000000E+00  0.00000000E+00  0.00000000E+00  0.00000000E+00  0.00000000E+00 
 0.00000000E+00  0.00000000E+00  0.00000000E+00  0.00000000E+00  0.00000000E+00  0.00000000E+00 
 0.00000000E+00  0.00000000E+00  0.00000000E+00  0.00000000E+00  0.00000000E+00  0.00000000E+00 
 0.00000000E+00  0.00000000E+00  0.00000000E+00  0.00000000E+00  0.00000000E+00  0.00000000E+00 
 0.00000000E+00  0.00000000E+00  0.00000000E+00  0.00000000E+00  0.00000000E+00  0.00000000E+00 
 0.00000000E+00  0.00000000E+00  0.00000000E+00  0.00000000E+00  0.00000000E+00  0.00000000E+00 
 0.00000000E+00  0.00000000E+00  0.00000000E+00  0.00000000E+00  0.00000000E+00  0.00000000E+00 
 0.00000000E+00  0.00000000E+00  0.00000000E+00  0.00000000E+00  0.00000000E+00  0.00000000E+00 
 0.00000000E+00  0.00000000E+00  0.00000000E+00  0.00000000E+00  0.00000000E+00  0.00000000E+00 
'MAX OPTIMISATION' 

 1.52900000E+06  1.52900000E+06  1.52900000E+06  1.52900000E+06  1.52900000E+06  1.52900000E+06 
 1.52900000E+06  1.52900000E+06  1.52900000E+06  1.52900000E+06  1.52900000E+06  1.52900000E+06 
 1.52900000E+06  1.52900000E+06  1.52900000E+06  1.52900000E+06  1.52900000E+06  1.52900000E+06 
 1.52900000E+06  1.52900000E+06  1.52900000E+06  1.52900000E+06  1.52900000E+06  1.52900000E+06 
 1.52900000E+06  1.52900000E+06  1.52900000E+06  1.52900000E+06  1.52900000E+06  1.52900000E+06 
 1.52900000E+06  1.52900000E+06  1.52900000E+06  1.52900000E+06  1.52900000E+06  1.52900000E+06 
 1.52900000E+06  1.52900000E+06  1.52900000E+06  1.52900000E+06  1.52900000E+06  1.52900000E+06 
 1.52900000E+06  1.52900000E+06  1.52900000E+06  1.52900000E+06  1.52900000E+06  1.52900000E+06 
 1.52900000E+06  1.52900000E+06  1.52900000E+06  1.52900000E+06  1.52900000E+06  1.52900000E+06 
 1.52900000E+06  1.52900000E+06  1.52900000E+06  1.52900000E+06  1.52900000E+06  1.52900000E+06 
 1.52900000E+06  1.52900000E+06  1.52900000E+06  1.52900000E+06  1.52900000E+06  1.52900000E+06 
 1.52900000E+06  1.52900000E+06  1.52900000E+06  1.52900000E+06  1.52900000E+06  1.52900000E+06 
 1.52900000E+06  1.52900000E+06  1.52900000E+06  1.52900000E+06  1.52900000E+06  1.52900000E+06 
 1.52900000E+06  1.52900000E+06  1.52900000E+06  1.52900000E+06  1.52900000E+06  1.52900000E+06 
 1.52900000E+06  1.52900000E+06  1.52900000E+06  1.52900000E+06  1.52900000E+06  1.52900000E+06 
 1.52900000E+06  1.52900000E+06  1.52900000E+06  1.52900000E+06  1.52900000E+06  1.52900000E+06 
'MIN OPTIMISATION' 

 6.02000000E+05  6.02000000E+05  6.02000000E+05  6.02000000E+05  6.02000000E+05  6.02000000E+05 
 6.02000000E+05  6.02000000E+05  6.02000000E+05  6.02000000E+05  6.02000000E+05  6.02000000E+05 
 6.02000000E+05  6.02000000E+05  6.02000000E+05  6.02000000E+05  6.02000000E+05  6.02000000E+05 
 6.02000000E+05  6.02000000E+05  6.02000000E+05  6.02000000E+05  6.02000000E+05  6.02000000E+05 
 6.02000000E+05  6.02000000E+05  6.02000000E+05  6.02000000E+05  6.02000000E+05  6.02000000E+05 
 6.02000000E+05  6.02000000E+05  6.02000000E+05  6.02000000E+05  6.02000000E+05  6.02000000E+05 
 6.02000000E+05  6.02000000E+05  6.02000000E+05  6.02000000E+05  6.02000000E+05  6.02000000E+05 
 6.02000000E+05  6.02000000E+05  6.02000000E+05  6.02000000E+05  6.02000000E+05  6.02000000E+05 
 6.02000000E+05  6.02000000E+05  6.02000000E+05  6.02000000E+05  6.02000000E+05  6.02000000E+05 
 6.02000000E+05  6.02000000E+05  6.02000000E+05  6.02000000E+05  6.02000000E+05  6.02000000E+05 
 6.02000000E+05  6.02000000E+05  6.02000000E+05  6.02000000E+05  6.02000000E+05  6.02000000E+05 
 6.02000000E+05  6.02000000E+05  6.02000000E+05  6.02000000E+05  6.02000000E+05  6.02000000E+05 
 6.02000000E+05  6.02000000E+05  6.02000000E+05  6.02000000E+05  6.02000000E+05  6.02000000E+05 
 6.02000000E+05  6.02000000E+05  6.02000000E+05  6.02000000E+05  6.02000000E+05  6.02000000E+05 
 6.02000000E+05  6.02000000E+05  6.02000000E+05  6.02000000E+05  6.02000000E+05  6.02000000E+05 
 6.02000000E+05  6.02000000E+05  6.02000000E+05  6.02000000E+05  6.02000000E+05  6.02000000E+05 
'MAX LISSAGE' 

 1.82000000E+06  1.82000000E+06  1.82000000E+06  1.82000000E+06  1.82000000E+06  1.82000000E+06 
 1.82000000E+06  1.82000000E+06  1.82000000E+06  1.82000000E+06  1.82000000E+06  1.82000000E+06 
 1.82000000E+06  1.82000000E+06  1.82000000E+06  1.82000000E+06  1.82000000E+06  1.82000000E+06 
 1.82000000E+06  1.82000000E+06  1.82000000E+06  1.82000000E+06  1.82000000E+06  1.82000000E+06 
 1.82000000E+06  1.82000000E+06  1.82000000E+06  1.82000000E+06  1.82000000E+06  1.82000000E+06 
 1.82000000E+06  1.82000000E+06  1.82000000E+06  1.82000000E+06  1.82000000E+06  1.82000000E+06 
 1.82000000E+06  1.82000000E+06  1.82000000E+06  1.82000000E+06  1.82000000E+06  1.82000000E+06 
 1.82000000E+06  1.82000000E+06  1.82000000E+06  1.82000000E+06  1.82000000E+06  1.82000000E+06 
 1.82000000E+06  1.82000000E+06  1.82000000E+06  1.82000000E+06  1.82000000E+06  1.82000000E+06 
 1.82000000E+06  1.82000000E+06  1.82000000E+06  1.82000000E+06  1.82000000E+06  1.82000000E+06 
 1.82000000E+06  1.82000000E+06  1.82000000E+06  1.82000000E+06  1.82000000E+06  1.82000000E+06 
 1.82000000E+06  1.82000000E+06  1.82000000E+06  1.82000000E+06  1.82000000E+06  1.82000000E+06 
 1.82000000E+06  1.82000000E+06  1.82000000E+06  1.82000000E+06  1.82000000E+06  1.82000000E+06 
 1.82000000E+06  1.82000000E+06  1.82000000E+06  1.82000000E+06  1.82000000E+06  1.82000000E+06 
 1.82000000E+06  1.82000000E+06  1.82000000E+06  1.82000000E+06  1.82000000E+06  1.82000000E+06 
 1.82000000E+06  1.82000000E+06  1.82000000E+06  1.82000000E+06  1.82000000E+06  1.82000000E+06 
'MIN LISSAGE' 

 5.80000000E+05  5.80000000E+05  5.80000000E+05  5.80000000E+05  5.80000000E+05  5.80000000E+05 
 5.80000000E+05  5.80000000E+05  5.80000000E+05  5.80000000E+05  5.80000000E+05  5.80000000E+05 
 5.80000000E+05  5.80000000E+05  5.80000000E+05  5.80000000E+05  5.80000000E+05  5.80000000E+05 
 5.80000000E+05  5.80000000E+05  5.80000000E+05  5.80000000E+05  5.80000000E+05  5.80000000E+05 
 5.80000000E+05  5.80000000E+05  5.80000000E+05  5.80000000E+05  5.80000000E+05  5.80000000E+05 
 5.80000000E+05  5.80000000E+05  5.80000000E+05  5.80000000E+05  5.80000000E+05  5.80000000E+05 
 5.80000000E+05  5.80000000E+05  5.80000000E+05  5.80000000E+05  5.80000000E+05  5.80000000E+05 
 5.80000000E+05  5.80000000E+05  5.80000000E+05  5.80000000E+05  5.80000000E+05  5.80000000E+05 
 5.80000000E+05  5.80000000E+05  5.80000000E+05  5.80000000E+05  5.80000000E+05  5.80000000E+05 
 5.80000000E+05  5.80000000E+05  5.80000000E+05  5.80000000E+05  5.80000000E+05  5.80000000E+05 
 5.80000000E+05  5.80000000E+05  5.80000000E+05  5.80000000E+05  5.80000000E+05  5.80000000E+05 
 5.80000000E+05  5.80000000E+05  5.80000000E+05  5.80000000E+05  5.80000000E+05  5.80000000E+05 
 5.80000000E+05  5.80000000E+05  5.80000000E+05  5.80000000E+05  5.80000000E+05  5.80000000E+05 
 5.80000000E+05  5.80000000E+05  5.80000000E+05  5.80000000E+05  5.80000000E+05  5.80000000E+05 
 5.80000000E+05  5.80000000E+05  5.80000000E+05  5.80000000E+05  5.80000000E+05  5.80000000E+05 
 5.80000000E+05  5.80000000E+05  5.80000000E+05  5.80000000E+05  5.80000000E+05  5.80000000E+05 
'REVISR' 
'E'  2.15000000E+06  2.15000000E+06  8.27999950E+06  5.00000024E-04 
'APPORTS' 

 0.00000000E+00  0.00000000E+00  0.00000000E+00  0.00000000E+00  0.00000000E+00  0.00000000E+00 
 0.00000000E+00  0.00000000E+00  0.00000000E+00  0.00000000E+00  0.00000000E+00  0.00000000E+00 
 0.00000000E+00  0.00000000E+00  0.00000000E+00  0.00000000E+00  0.00000000E+00  0.00000000E+00 
 0.00000000E+00  0.00000000E+00  0.00000000E+00  0.00000000E+00  0.00000000E+00  0.00000000E+00 
 0.00000000E+00  0.00000000E+00  0.00000000E+00  0.00000000E+00  0.00000000E+00  0.00000000E+00 
 0.00000000E+00  0.00000000E+00  0.00000000E+00  0.00000000E+00  0.00000000E+00  0.00000000E+00 
 0.00000000E+00  0.00000000E+00  0.00000000E+00  0.00000000E+00  0.00000000E+00  0.00000000E+00 
 0.00000000E+00  0.00000000E+00  0.00000000E+00  0.00000000E+00  0.00000000E+00  0.00000000E+00 
 0.00000000E+00  0.00000000E+00  0.00000000E+00  0.00000000E+00  0.00000000E+00  0.00000000E+00 
 0.00000000E+00  0.00000000E+00  0.00000000E+00  0.00000000E+00  0.00000000E+00  0.00000000E+00 
 0.00000000E+00  0.00000000E+00  0.00000000E+00  0.00000000E+00  0.00000000E+00  0.00000000E+00 
 0.00000000E+00  0.00000000E+00  0.00000000E+00  0.00000000E+00  0.00000000E+00  0.00000000E+00 
 0.00000000E+00  0.00000000E+00  0.00000000E+00  0.00000000E+00  0.00000000E+00  0.00000000E+00 
 0.00000000E+00  0.00000000E+00  0.00000000E+00  0.00000000E+00  0.00000000E+00  0.00000000E+00 
 0.00000000E+00  0.00000000E+00  0.00000000E+00  0.00000000E+00  0.00000000E+00  0.00000000E+00 
 0.00000000E+00  0.00000000E+00  0.00000000E+00  0.00000000E+00  0.00000000E+00  0.00000000E+00 
'MAX OPTIMISATION' 

 8.27999950E+06  8.27999950E+06  8.27999950E+06  8.27999950E+06  8.27999950E+06  8.27999950E+06 
 8.27999950E+06  8.27999950E+06  8.27999950E+06  8.27999950E+06  8.27999950E+06  8.27999950E+06 
 8.27999950E+06  8.27999950E+06  8.27999950E+06  8.27999950E+06  8.27999950E+06  8.27999950E+06 
 8.27999950E+06  8.27999950E+06  8.27999950E+06  8.27999950E+06  8.27999950E+06  8.27999950E+06 
 8.27999950E+06  8.27999950E+06  8.27999950E+06  8.27999950E+06  8.27999950E+06  8.27999950E+06 
 8.27999950E+06  8.27999950E+06  8.27999950E+06  8.27999950E+06  8.27999950E+06  8.27999950E+06 
 8.27999950E+06  8.27999950E+06  8.27999950E+06  8.27999950E+06  8.27999950E+06  8.27999950E+06 
 8.27999950E+06  8.27999950E+06  8.27999950E+06  8.27999950E+06  8.27999950E+06  8.27999950E+06 
 8.27999950E+06  8.27999950E+06  8.27999950E+06  8.27999950E+06  8.27999950E+06  8.27999950E+06 
 8.27999950E+06  8.27999950E+06  8.27999950E+06  8.27999950E+06  8.27999950E+06  8.27999950E+06 
 8.27999950E+06  8.27999950E+06  8.27999950E+06  8.27999950E+06  8.27999950E+06  8.27999950E+06 
 8.27999950E+06  8.27999950E+06  8.27999950E+06  8.27999950E+06  8.27999950E+06  8.27999950E+06 
 8.27999950E+06  8.27999950E+06  8.27999950E+06  8.27999950E+06  8.27999950E+06  8.27999950E+06 
 8.27999950E+06  8.27999950E+06  8.27999950E+06  8.27999950E+06  8.27999950E+06  8.27999950E+06 
 8.27999950E+06  8.27999950E+06  8.27999950E+06  8.27999950E+06  8.27999950E+06  8.27999950E+06 
 8.27999950E+06  8.27999950E+06  8.27999950E+06  8.27999950E+06  8.27999950E+06  8.27999950E+06 
'MIN OPTIMISATION' 

 2.15000000E+06  2.15000000E+06  2.15000000E+06  2.15000000E+06  2.15000000E+06  2.15000000E+06 
 2.15000000E+06  2.15000000E+06  2.15000000E+06  2.15000000E+06  2.15000000E+06  2.15000000E+06 
 2.15000000E+06  2.15000000E+06  2.15000000E+06  2.15000000E+06  2.15000000E+06  2.15000000E+06 
 2.15000000E+06  2.15000000E+06  2.15000000E+06  2.15000000E+06  2.15000000E+06  2.15000000E+06 
 2.15000000E+06  2.15000000E+06  2.15000000E+06  2.15000000E+06  2.15000000E+06  2.15000000E+06 
 2.15000000E+06  2.15000000E+06  2.15000000E+06  2.15000000E+06  2.15000000E+06  2.15000000E+06 
 2.15000000E+06  2.15000000E+06  2.15000000E+06  2.15000000E+06  2.15000000E+06  2.15000000E+06 
 2.15000000E+06  2.15000000E+06  2.15000000E+06  2.15000000E+06  2.15000000E+06  2.15000000E+06 
 2.15000000E+06  2.15000000E+06  2.15000000E+06  2.15000000E+06  2.15000000E+06  2.15000000E+06 
 2.15000000E+06  2.15000000E+06  2.15000000E+06  2.15000000E+06  2.15000000E+06  2.15000000E+06 
 2.15000000E+06  2.15000000E+06  2.15000000E+06  2.15000000E+06  2.15000000E+06  2.15000000E+06 
 2.15000000E+06  2.15000000E+06  2.15000000E+06  2.15000000E+06  2.15000000E+06  2.15000000E+06 
 2.15000000E+06  2.15000000E+06  2.15000000E+06  2.15000000E+06  2.15000000E+06  2.15000000E+06 
 2.15000000E+06  2.15000000E+06  2.15000000E+06  2.15000000E+06  2.15000000E+06  2.15000000E+06 
 2.15000000E+06  2.15000000E+06  2.15000000E+06  2.15000000E+06  2.15000000E+06  2.15000000E+06 
 2.15000000E+06  2.15000000E+06  2.15000000E+06  2.15000000E+06  2.15000000E+06  2.15000000E+06 
'MAX LISSAGE' 

 8.34000000E+06  8.34000000E+06  8.34000000E+06  8.34000000E+06  8.34000000E+06  8.34000000E+06 
 8.34000000E+06  8.34000000E+06  8.34000000E+06  8.34000000E+06  8.34000000E+06  8.34000000E+06 
 8.34000000E+06  8.34000000E+06  8.34000000E+06  8.34000000E+06  8.34000000E+06  8.34000000E+06 
 8.34000000E+06  8.34000000E+06  8.34000000E+06  8.34000000E+06  8.34000000E+06  8.34000000E+06 
 8.34000000E+06  8.34000000E+06  8.34000000E+06  8.34000000E+06  8.34000000E+06  8.34000000E+06 
 8.34000000E+06  8.34000000E+06  8.34000000E+06  8.34000000E+06  8.34000000E+06  8.34000000E+06 
 8.34000000E+06  8.34000000E+06  8.34000000E+06  8.34000000E+06  8.34000000E+06  8.34000000E+06 
 8.34000000E+06  8.34000000E+06  8.34000000E+06  8.34000000E+06  8.34000000E+06  8.34000000E+06 
 8.34000000E+06  8.34000000E+06  8.34000000E+06  8.34000000E+06  8.34000000E+06  8.34000000E+06 
 8.34000000E+06  8.34000000E+06  8.34000000E+06  8.34000000E+06  8.34000000E+06  8.34000000E+06 
 8.34000000E+06  8.34000000E+06  8.34000000E+06  8.34000000E+06  8.34000000E+06  8.34000000E+06 
 8.34000000E+06  8.34000000E+06  8.34000000E+06  8.34000000E+06  8.34000000E+06  8.34000000E+06 
 8.34000000E+06  8.34000000E+06  8.34000000E+06  8.34000000E+06  8.34000000E+06  8.34000000E+06 
 8.34000000E+06  8.34000000E+06  8.34000000E+06  8.34000000E+06  8.34000000E+06  8.34000000E+06 
 8.34000000E+06  8.34000000E+06  8.34000000E+06  8.34000000E+06  8.34000000E+06  8.34000000E+06 
 8.34000000E+06  8.34000000E+06  8.34000000E+06  8.34000000E+06  8.34000000E+06  8.34000000E+06 
'MIN LISSAGE' 

 2.10000000E+06  2.10000000E+06  2.10000000E+06  2.10000000E+06  2.10000000E+06  2.10000000E+06 
 2.10000000E+06  2.10000000E+06  2.10000000E+06  2.10000000E+06  2.10000000E+06  2.10000000E+06 
 2.10000000E+06  2.10000000E+06  2.10000000E+06  2.10000000E+06  2.10000000E+06  2.10000000E+06 
 2.10000000E+06  2.10000000E+06  2.10000000E+06  2.10000000E+06  2.10000000E+06  2.10000000E+06 
 2.10000000E+06  2.10000000E+06  2.10000000E+06  2.10000000E+06  2.10000000E+06  2.10000000E+06 
 2.10000000E+06  2.10000000E+06  2.10000000E+06  2.10000000E+06  2.10000000E+06  2.10000000E+06 
 2.10000000E+06  2.10000000E+06  2.10000000E+06  2.10000000E+06  2.10000000E+06  2.10000000E+06 
 2.10000000E+06  2.10000000E+06  2.10000000E+06  2.10000000E+06  2.10000000E+06  2.10000000E+06 
 2.10000000E+06  2.10000000E+06  2.10000000E+06  2.10000000E+06  2.10000000E+06  2.10000000E+06 
 2.10000000E+06  2.10000000E+06  2.10000000E+06  2.10000000E+06  2.10000000E+06  2.10000000E+06 
 2.10000000E+06  2.10000000E+06  2.10000000E+06  2.10000000E+06  2.10000000E+06  2.10000000E+06 
 2.10000000E+06  2.10000000E+06  2.10000000E+06  2.10000000E+06  2.10000000E+06  2.10000000E+06 
 2.10000000E+06  2.10000000E+06  2.10000000E+06  2.10000000E+06  2.10000000E+06  2.10000000E+06 
 2.10000000E+06  2.10000000E+06  2.10000000E+06  2.10000000E+06  2.10000000E+06  2.10000000E+06 
 2.10000000E+06  2.10000000E+06  2.10000000E+06  2.10000000E+06  2.10000000E+06  2.10000000E+06 
 2.10000000E+06  2.10000000E+06  2.10000000E+06  2.10000000E+06  2.10000000E+06  2.10000000E+06 
'REVIIR' 
'E'  6.20800000E+06  6.20800000E+06  6.20800000E+06  0.00000000E+00 
'APPORTS' 

 0.00000000E+00  0.00000000E+00  0.00000000E+00  0.00000000E+00  0.00000000E+00  0.00000000E+00 
 0.00000000E+00  0.00000000E+00  0.00000000E+00  0.00000000E+00  0.00000000E+00  0.00000000E+00 
 0.00000000E+00  0.00000000E+00  0.00000000E+00  0.00000000E+00  0.00000000E+00  0.00000000E+00 
 0.00000000E+00  0.00000000E+00  0.00000000E+00  0.00000000E+00  0.00000000E+00  0.00000000E+00 
 0.00000000E+00  0.00000000E+00  0.00000000E+00  0.00000000E+00  0.00000000E+00  0.00000000E+00 
 0.00000000E+00  0.00000000E+00  0.00000000E+00  0.00000000E+00  0.00000000E+00  0.00000000E+00 
 0.00000000E+00  0.00000000E+00  0.00000000E+00  0.00000000E+00  0.00000000E+00  0.00000000E+00 
 0.00000000E+00  0.00000000E+00  0.00000000E+00  0.00000000E+00  0.00000000E+00  0.00000000E+00 
 0.00000000E+00  0.00000000E+00  0.00000000E+00  0.00000000E+00  0.00000000E+00  0.00000000E+00 
 0.00000000E+00  0.00000000E+00  0.00000000E+00  0.00000000E+00  0.00000000E+00  0.00000000E+00 
 0.00000000E+00  0.00000000E+00  0.00000000E+00  0.00000000E+00  0.00000000E+00  0.00000000E+00 
 0.00000000E+00  0.00000000E+00  0.00000000E+00  0.00000000E+00  0.00000000E+00  0.00000000E+00 
 0.00000000E+00  0.00000000E+00  0.00000000E+00  0.00000000E+00  0.00000000E+00  0.00000000E+00 
 0.00000000E+00  0.00000000E+00  0.00000000E+00  0.00000000E+00  0.00000000E+00  0.00000000E+00 
 0.00000000E+00  0.00000000E+00  0.00000000E+00  0.00000000E+00  0.00000000E+00  0.00000000E+00 
 0.00000000E+00  0.00000000E+00  0.00000000E+00  0.00000000E+00  0.00000000E+00  0.00000000E+00 
'MAX OPTIMISATION' 

 7.68000000E+06  7.68000000E+06  7.68000000E+06  7.68000000E+06  7.68000000E+06  7.68000000E+06 
 7.68000000E+06  7.68000000E+06  7.68000000E+06  7.68000000E+06  7.68000000E+06  7.68000000E+06 
 7.68000000E+06  7.68000000E+06  7.68000000E+06  7.68000000E+06  7.68000000E+06  7.68000000E+06 
 7.68000000E+06  7.68000000E+06  7.68000000E+06  7.68000000E+06  7.68000000E+06  7.68000000E+06 
 7.68000000E+06  7.68000000E+06  7.68000000E+06  7.68000000E+06  7.68000000E+06  7.68000000E+06 
 7.68000000E+06  7.68000000E+06  7.68000000E+06  7.68000000E+06  7.68000000E+06  7.68000000E+06 
 7.68000000E+06  7.68000000E+06  7.68000000E+06  7.68000000E+06  7.68000000E+06  7.68000000E+06 
 7.68000000E+06  7.68000000E+06  7.68000000E+06  7.68000000E+06  7.68000000E+06  7.68000000E+06 
 7.68000000E+06  7.68000000E+06  7.68000000E+06  7.68000000E+06  7.68000000E+06  7.68000000E+06 
 7.68000000E+06  7.68000000E+06  7.68000000E+06  7.68000000E+06  7.68000000E+06  7.68000000E+06 
 7.68000000E+06  7.68000000E+06  7.68000000E+06  7.68000000E+06  7.68000000E+06  7.68000000E+06 
 7.68000000E+06  7.68000000E+06  7.68000000E+06  7.68000000E+06  7.68000000E+06  7.68000000E+06 
 7.68000000E+06  7.68000000E+06  7.68000000E+06  7.68000000E+06  7.68000000E+06  7.68000000E+06 
 7.68000000E+06  7.68000000E+06  7.68000000E+06  7.68000000E+06  7.68000000E+06  7.68000000E+06 
 7.68000000E+06  7.68000000E+06  7.68000000E+06  7.68000000E+06  7.68000000E+06  7.68000000E+06 
 7.68000000E+06  7.68000000E+06  7.68000000E+06  7.68000000E+06  7.68000000E+06  7.68000000E+06 
'MIN OPTIMISATION' 

 9.40000000E+05  9.40000000E+05  9.40000000E+05  9.40000000E+05  9.40000000E+05  9.40000000E+05 
 9.40000000E+05  9.40000000E+05  9.40000000E+05  9.40000000E+05  9.40000000E+05  9.40000000E+05 
 9.40000000E+05  9.40000000E+05  9.40000000E+05  9.40000000E+05  9.40000000E+05  9.40000000E+05 
 9.40000000E+05  9.40000000E+05  9.40000000E+05  9.40000000E+05  9.40000000E+05  9.40000000E+05 
 9.40000000E+05  9.40000000E+05  9.40000000E+05  9.40000000E+05  9.40000000E+05  9.40000000E+05 
 9.40000000E+05  9.40000000E+05  9.40000000E+05  9.40000000E+05  9.40000000E+05  9.40000000E+05 
 9.40000000E+05  9.40000000E+05  9.40000000E+05  9.40000000E+05  9.40000000E+05  9.40000000E+05 
 9.40000000E+05  9.40000000E+05  9.40000000E+05  9.40000000E+05  9.40000000E+05  9.40000000E+05 
 9.40000000E+05  9.40000000E+05  9.40000000E+05  9.40000000E+05  9.40000000E+05  9.40000000E+05 
 9.40000000E+05  9.40000000E+05  9.40000000E+05  9.40000000E+05  9.40000000E+05  9.40000000E+05 
 9.40000000E+05  9.40000000E+05  9.40000000E+05  9.40000000E+05  9.40000000E+05  9.40000000E+05 
 9.40000000E+05  9.40000000E+05  9.40000000E+05  9.40000000E+05  9.40000000E+05  9.40000000E+05 
 9.40000000E+05  9.40000000E+05  9.40000000E+05  9.40000000E+05  9.40000000E+05  9.40000000E+05 
 9.40000000E+05  9.40000000E+05  9.40000000E+05  9.40000000E+05  9.40000000E+05  9.40000000E+05 
 9.40000000E+05  9.40000000E+05  9.40000000E+05  9.40000000E+05  9.40000000E+05  9.40000000E+05 
 9.40000000E+05  9.40000000E+05  9.40000000E+05  9.40000000E+05  9.40000000E+05  9.40000000E+05 
'MAX LISSAGE' 

 7.80000000E+06  7.80000000E+06  7.80000000E+06  7.80000000E+06  7.80000000E+06  7.80000000E+06 
 7.80000000E+06  7.80000000E+06  7.80000000E+06  7.80000000E+06  7.80000000E+06  7.80000000E+06 
 7.80000000E+06  7.80000000E+06  7.80000000E+06  7.80000000E+06  7.80000000E+06  7.80000000E+06 
 7.80000000E+06  7.80000000E+06  7.80000000E+06  7.80000000E+06  7.80000000E+06  7.80000000E+06 
 7.80000000E+06  7.80000000E+06  7.80000000E+06  7.80000000E+06  7.80000000E+06  7.80000000E+06 
 7.80000000E+06  7.80000000E+06  7.80000000E+06  7.80000000E+06  7.80000000E+06  7.80000000E+06 
 7.80000000E+06  7.80000000E+06  7.80000000E+06  7.80000000E+06  7.80000000E+06  7.80000000E+06 
 7.80000000E+06  7.80000000E+06  7.80000000E+06  7.80000000E+06  7.80000000E+06  7.80000000E+06 
 7.80000000E+06  7.80000000E+06  7.80000000E+06  7.80000000E+06  7.80000000E+06  7.80000000E+06 
 7.80000000E+06  7.80000000E+06  7.80000000E+06  7.80000000E+06  7.80000000E+06  7.80000000E+06 
 7.80000000E+06  7.80000000E+06  7.80000000E+06  7.80000000E+06  7.80000000E+06  7.80000000E+06 
 7.80000000E+06  7.80000000E+06  7.80000000E+06  7.80000000E+06  7.80000000E+06  7.80000000E+06 
 7.80000000E+06  7.80000000E+06  7.80000000E+06  7.80000000E+06  7.80000000E+06  7.80000000E+06 
 7.80000000E+06  7.80000000E+06  7.80000000E+06  7.80000000E+06  7.80000000E+06  7.80000000E+06 
 7.80000000E+06  7.80000000E+06  7.80000000E+06  7.80000000E+06  7.80000000E+06  7.80000000E+06 
 7.80000000E+06  7.80000000E+06  7.80000000E+06  7.80000000E+06  7.80000000E+06  7.80000000E+06 
'MIN LISSAGE' 

 9.10000000E+05  9.10000000E+05  9.10000000E+05  9.10000000E+05  9.10000000E+05  9.10000000E+05 
 9.10000000E+05  9.10000000E+05  9.10000000E+05  9.10000000E+05  9.10000000E+05  9.10000000E+05 
 9.10000000E+05  9.10000000E+05  9.10000000E+05  9.10000000E+05  9.10000000E+05  9.10000000E+05 
 9.10000000E+05  9.10000000E+05  9.10000000E+05  9.10000000E+05  9.10000000E+05  9.10000000E+05 
 9.10000000E+05  9.10000000E+05  9.10000000E+05  9.10000000E+05  9.10000000E+05  9.10000000E+05 
 9.10000000E+05  9.10000000E+05  9.10000000E+05  9.10000000E+05  9.10000000E+05  9.10000000E+05 
 9.10000000E+05  9.10000000E+05  9.10000000E+05  9.10000000E+05  9.10000000E+05  9.10000000E+05 
 9.10000000E+05  9.10000000E+05  9.10000000E+05  9.10000000E+05  9.10000000E+05  9.10000000E+05 
 9.10000000E+05  9.10000000E+05  9.10000000E+05  9.10000000E+05  9.10000000E+05  9.10000000E+05 
 9.10000000E+05  9.10000000E+05  9.10000000E+05  9.10000000E+05  9.10000000E+05  9.10000000E+05 
 9.10000000E+05  9.10000000E+05  9.10000000E+05  9.10000000E+05  9.10000000E+05  9.10000000E+05 
 9.10000000E+05  9.10000000E+05  9.10000000E+05  9.10000000E+05  9.10000000E+05  9.10000000E+05 
 9.10000000E+05  9.10000000E+05  9.10000000E+05  9.10000000E+05  9.10000000E+05  9.10000000E+05 
 9.10000000E+05  9.10000000E+05  9.10000000E+05  9.10000000E+05  9.10000000E+05  9.10000000E+05 
 9.10000000E+05  9.10000000E+05  9.10000000E+05  9.10000000E+05  9.10000000E+05  9.10000000E+05 
 9.10000000E+05  9.10000000E+05  9.10000000E+05  9.10000000E+05  9.10000000E+05  9.10000000E+05 
'SSCANR' 
'E'  4.46320000E+07  0.00000000E+00  1.00600000E+08  3.83000001E-02 
'APPORTS' 

 0.00000000E+00  0.00000000E+00  0.00000000E+00  0.00000000E+00  0.00000000E+00  0.00000000E+00 
 0.00000000E+00  0.00000000E+00  0.00000000E+00  0.00000000E+00  0.00000000E+00  0.00000000E+00 
 0.00000000E+00  0.00000000E+00  0.00000000E+00  0.00000000E+00  0.00000000E+00  0.00000000E+00 
 0.00000000E+00  0.00000000E+00  0.00000000E+00  0.00000000E+00  0.00000000E+00  0.00000000E+00 
 0.00000000E+00  0.00000000E+00  0.00000000E+00  0.00000000E+00  0.00000000E+00  0.00000000E+00 
 0.00000000E+00  0.00000000E+00  0.00000000E+00  0.00000000E+00  0.00000000E+00  0.00000000E+00 
 0.00000000E+00  0.00000000E+00  0.00000000E+00  0.00000000E+00  0.00000000E+00  0.00000000E+00 
 0.00000000E+00  0.00000000E+00  0.00000000E+00  0.00000000E+00  0.00000000E+00  0.00000000E+00 
 0.00000000E+00  0.00000000E+00  0.00000000E+00  0.00000000E+00  0.00000000E+00  0.00000000E+00 
 0.00000000E+00  0.00000000E+00  0.00000000E+00  0.00000000E+00  0.00000000E+00  0.00000000E+00 
 0.00000000E+00  0.00000000E+00  0.00000000E+00  0.00000000E+00  0.00000000E+00  0.00000000E+00 
 0.00000000E+00  0.00000000E+00  0.00000000E+00  0.00000000E+00  0.00000000E+00  0.00000000E+00 
 0.00000000E+00  0.00000000E+00  0.00000000E+00  0.00000000E+00  0.00000000E+00  0.00000000E+00 
 0.00000000E+00  0.00000000E+00  0.00000000E+00  0.00000000E+00  0.00000000E+00  0.00000000E+00 
 0.00000000E+00  0.00000000E+00  0.00000000E+00  0.00000000E+00  0.00000000E+00  0.00000000E+00 
 0.00000000E+00  0.00000000E+00  0.00000000E+00  0.00000000E+00  0.00000000E+00  0.00000000E+00 
'MAX OPTIMISATION' 

 1.00600000E+08  1.00600000E+08  1.00600000E+08  1.00600000E+08  1.00600000E+08  1.00600000E+08 
 1.00600000E+08  1.00600000E+08  1.00600000E+08  1.00600000E+08  1.00600000E+08  1.00600000E+08 
 1.00600000E+08  1.00600000E+08  1.00600000E+08  1.00600000E+08  1.00600000E+08  1.00600000E+08 
 1.00600000E+08  1.00600000E+08  1.00600000E+08  1.00600000E+08  1.00600000E+08  1.00600000E+08 
 1.00600000E+08  1.00600000E+08  1.00600000E+08  1.00600000E+08  1.00600000E+08  1.00600000E+08 
 1.00600000E+08  1.00600000E+08  1.00600000E+08  1.00600000E+08  1.00600000E+08  1.00600000E+08 
 1.00600000E+08  1.00600000E+08  1.00600000E+08  1.00600000E+08  1.00600000E+08  1.00600000E+08 
 1.00600000E+08  1.00600000E+08  1.00600000E+08  1.00600000E+08  1.00600000E+08  1.00600000E+08 
 1.00600000E+08  1.00600000E+08  1.00600000E+08  1.00600000E+08  1.00600000E+08  1.00600000E+08 
 1.00600000E+08  1.00600000E+08  1.00600000E+08  1.00600000E+08  1.00600000E+08  1.00600000E+08 
 1.00600000E+08  1.00600000E+08  1.00600000E+08  1.00600000E+08  1.00600000E+08  1.00600000E+08 
 1.00600000E+08  1.00600000E+08  1.00600000E+08  1.00600000E+08  1.00600000E+08  1.00600000E+08 
 1.00600000E+08  1.00600000E+08  1.00600000E+08  1.00600000E+08  1.00600000E+08  1.00600000E+08 
 1.00600000E+08  1.00600000E+08  1.00600000E+08  1.00600000E+08  1.00600000E+08  1.00600000E+08 
 1.00600000E+08  1.00600000E+08  1.00600000E+08  1.00600000E+08  1.00600000E+08  1.00600000E+08 
 1.00600000E+08  1.00600000E+08  1.00600000E+08  1.00600000E+08  1.00600000E+08  1.00600000E+08 
'MIN OPTIMISATION' 

 0.00000000E+00  0.00000000E+00  0.00000000E+00  0.00000000E+00  0.00000000E+00  0.00000000E+00 
 0.00000000E+00  0.00000000E+00  0.00000000E+00  0.00000000E+00  0.00000000E+00  0.00000000E+00 
 0.00000000E+00  0.00000000E+00  0.00000000E+00  0.00000000E+00  0.00000000E+00  0.00000000E+00 
 0.00000000E+00  0.00000000E+00  0.00000000E+00  0.00000000E+00  0.00000000E+00  0.00000000E+00 
 0.00000000E+00  0.00000000E+00  0.00000000E+00  0.00000000E+00  0.00000000E+00  0.00000000E+00 
 0.00000000E+00  0.00000000E+00  0.00000000E+00  0.00000000E+00  0.00000000E+00  0.00000000E+00 
 0.00000000E+00  0.00000000E+00  0.00000000E+00  0.00000000E+00  0.00000000E+00  0.00000000E+00 
 0.00000000E+00  0.00000000E+00  0.00000000E+00  0.00000000E+00  0.00000000E+00  0.00000000E+00 
 0.00000000E+00  0.00000000E+00  0.00000000E+00  0.00000000E+00  0.00000000E+00  0.00000000E+00 
 0.00000000E+00  0.00000000E+00  0.00000000E+00  0.00000000E+00  0.00000000E+00  0.00000000E+00 
 0.00000000E+00  0.00000000E+00  0.00000000E+00  0.00000000E+00  0.00000000E+00  0.00000000E+00 
 0.00000000E+00  0.00000000E+00  0.00000000E+00  0.00000000E+00  0.00000000E+00  0.00000000E+00 
 0.00000000E+00  0.00000000E+00  0.00000000E+00  0.00000000E+00  0.00000000E+00  0.00000000E+00 
 0.00000000E+00  0.00000000E+00  0.00000000E+00  0.00000000E+00  0.00000000E+00  0.00000000E+00 
 0.00000000E+00  0.00000000E+00  0.00000000E+00  0.00000000E+00  0.00000000E+00  0.00000000E+00 
 0.00000000E+00  0.00000000E+00  0.00000000E+00  0.00000000E+00  0.00000000E+00  0.00000000E+00 
'MAX LISSAGE' 

 1.00600000E+08  1.00600000E+08  1.00600000E+08  1.00600000E+08  1.00600000E+08  1.00600000E+08 
 1.00600000E+08  1.00600000E+08  1.00600000E+08  1.00600000E+08  1.00600000E+08  1.00600000E+08 
 1.00600000E+08  1.00600000E+08  1.00600000E+08  1.00600000E+08  1.00600000E+08  1.00600000E+08 
 1.00600000E+08  1.00600000E+08  1.00600000E+08  1.00600000E+08  1.00600000E+08  1.00600000E+08 
 1.00600000E+08  1.00600000E+08  1.00600000E+08  1.00600000E+08  1.00600000E+08  1.00600000E+08 
 1.00600000E+08  1.00600000E+08  1.00600000E+08  1.00600000E+08  1.00600000E+08  1.00600000E+08 
 1.00600000E+08  1.00600000E+08  1.00600000E+08  1.00600000E+08  1.00600000E+08  1.00600000E+08 
 1.00600000E+08  1.00600000E+08  1.00600000E+08  1.00600000E+08  1.00600000E+08  1.00600000E+08 
 1.00600000E+08  1.00600000E+08  1.00600000E+08  1.00600000E+08  1.00600000E+08  1.00600000E+08 
 1.00600000E+08  1.00600000E+08  1.00600000E+08  1.00600000E+08  1.00600000E+08  1.00600000E+08 
 1.00600000E+08  1.00600000E+08  1.00600000E+08  1.00600000E+08  1.00600000E+08  1.00600000E+08 
 1.00600000E+08  1.00600000E+08  1.00600000E+08  1.00600000E+08  1.00600000E+08  1.00600000E+08 
 1.00600000E+08  1.00600000E+08  1.00600000E+08  1.00600000E+08  1.00600000E+08  1.00600000E+08 
 1.00600000E+08  1.00600000E+08  1.00600000E+08  1.00600000E+08  1.00600000E+08  1.00600000E+08 
 1.00600000E+08  1.00600000E+08  1.00600000E+08  1.00600000E+08  1.00600000E+08  1.00600000E+08 
 1.00600000E+08  1.00600000E+08  1.00600000E+08  1.00600000E+08  1.00600000E+08  1.00600000E+08 
'MIN LISSAGE' 

 0.00000000E+00  0.00000000E+00  0.00000000E+00  0.00000000E+00  0.00000000E+00  0.00000000E+00 
 0.00000000E+00  0.00000000E+00  0.00000000E+00  0.00000000E+00  0.00000000E+00  0.00000000E+00 
 0.00000000E+00  0.00000000E+00  0.00000000E+00  0.00000000E+00  0.00000000E+00  0.00000000E+00 
 0.00000000E+00  0.00000000E+00  0.00000000E+00  0.00000000E+00  0.00000000E+00  0.00000000E+00 
 0.00000000E+00  0.00000000E+00  0.00000000E+00  0.00000000E+00  0.00000000E+00  0.00000000E+00 
 0.00000000E+00  0.00000000E+00  0.00000000E+00  0.00000000E+00  0.00000000E+00  0.00000000E+00 
 0.00000000E+00  0.00000000E+00  0.00000000E+00  0.00000000E+00  0.00000000E+00  0.00000000E+00 
 0.00000000E+00  0.00000000E+00  0.00000000E+00  0.00000000E+00  0.00000000E+00  0.00000000E+00 
 0.00000000E+00  0.00000000E+00  0.00000000E+00  0.00000000E+00  0.00000000E+00  0.00000000E+00 
 0.00000000E+00  0.00000000E+00  0.00000000E+00  0.00000000E+00  0.00000000E+00  0.00000000E+00 
 0.00000000E+00  0.00000000E+00  0.00000000E+00  0.00000000E+00  0.00000000E+00  0.00000000E+00 
 0.00000000E+00  0.00000000E+00  0.00000000E+00  0.00000000E+00  0.00000000E+00  0.00000000E+00 
 0.00000000E+00  0.00000000E+00  0.00000000E+00  0.00000000E+00  0.00000000E+00  0.00000000E+00 
 0.00000000E+00  0.00000000E+00  0.00000000E+00  0.00000000E+00  0.00000000E+00  0.00000000E+00 
 0.00000000E+00  0.00000000E+00  0.00000000E+00  0.00000000E+00  0.00000000E+00  0.00000000E+00 
 0.00000000E+00  0.00000000E+00  0.00000000E+00  0.00000000E+00  0.00000000E+00  0.00000000E+00 
'NEPESR' 
'E'  5.28000000E+05  7.91000000E+05  7.91000000E+05  0.00000000E+00 
'APPORTS' 

 1.00000001E-01  1.00000001E-01  1.00000001E-01  1.00000001E-01  1.00000001E-01  1.00000001E-01 
 1.00000001E-01  1.00000001E-01  1.00000001E-01  1.00000001E-01  1.00000001E-01  1.00000001E-01 
 1.00000001E-01  1.00000001E-01  1.00000001E-01  1.00000001E-01  1.00000001E-01  1.00000001E-01 
 1.00000001E-01  1.00000001E-01  1.00000001E-01  1.00000001E-01  1.00000001E-01  1.00000001E-01 
 1.00000001E-01  1.00000001E-01  1.00000001E-01  1.00000001E-01  1.00000001E-01  1.00000001E-01 
 1.00000001E-01  1.00000001E-01  1.00000001E-01  1.00000001E-01  1.00000001E-01  1.00000001E-01 
 1.00000001E-01  1.00000001E-01  1.00000001E-01  1.00000001E-01  1.00000001E-01  1.00000001E-01 
 1.00000001E-01  1.00000001E-01  1.00000001E-01  1.00000001E-01  1.00000001E-01  1.00000001E-01 
 1.00000001E-01  1.00000001E-01  1.00000001E-01  1.00000001E-01  1.00000001E-01  1.00000001E-01 
 1.00000001E-01  1.00000001E-01  1.00000001E-01  1.00000001E-01  1.00000001E-01  1.00000001E-01 
 1.00000001E-01  1.00000001E-01  1.00000001E-01  1.00000001E-01  1.00000001E-01  1.00000001E-01 
 1.00000001E-01  1.00000001E-01  1.00000001E-01  1.00000001E-01  1.00000001E-01  1.00000001E-01 
 1.00000001E-01  1.00000001E-01  1.00000001E-01  1.00000001E-01  1.00000001E-01  1.00000001E-01 
 1.00000001E-01  1.00000001E-01  1.00000001E-01  1.00000001E-01  1.00000001E-01  1.00000001E-01 
 1.00000001E-01  1.00000001E-01  1.00000001E-01  1.00000001E-01  1.00000001E-01  1.00000001E-01 
 1.00000001E-01  1.00000001E-01  1.00000001E-01  1.00000001E-01  1.00000001E-01  1.00000001E-01 
'MAX OPTIMISATION' 

 9.00000000E+05  9.00000000E+05  9.00000000E+05  9.00000000E+05  9.00000000E+05  9.00000000E+05 
 9.00000000E+05  9.00000000E+05  9.00000000E+05  9.00000000E+05  9.00000000E+05  9.00000000E+05 
 9.00000000E+05  9.00000000E+05  9.00000000E+05  9.00000000E+05  9.00000000E+05  9.00000000E+05 
 9.00000000E+05  9.00000000E+05  9.00000000E+05  9.00000000E+05  9.00000000E+05  9.00000000E+05 
 9.00000000E+05  9.00000000E+05  9.00000000E+05  9.00000000E+05  9.00000000E+05  9.00000000E+05 
 9.00000000E+05  9.00000000E+05  9.00000000E+05  9.00000000E+05  9.00000000E+05  9.00000000E+05 
 9.00000000E+05  9.00000000E+05  9.00000000E+05  9.00000000E+05  9.00000000E+05  9.00000000E+05 
 9.00000000E+05  9.00000000E+05  9.00000000E+05  9.00000000E+05  9.00000000E+05  8.90996312E+05 
 9.00000000E+05  9.00000000E+05  9.00000000E+05  9.00000000E+05  9.00000000E+05  9.00000000E+05 
 9.00000000E+05  9.00000000E+05  9.00000000E+05  9.00000000E+05  9.00000000E+05  9.00000000E+05 
 9.00000000E+05  9.00000000E+05  9.00000000E+05  9.00000000E+05  9.00000000E+05  9.00000000E+05 
 9.00000000E+05  9.00000000E+05  9.00000000E+05  9.00000000E+05  9.00000000E+05  9.00000000E+05 
 9.00000000E+05  9.00000000E+05  9.00000000E+05  9.00000000E+05  9.00000000E+05  9.00000000E+05 
 9.00000000E+05  9.00000000E+05  9.00000000E+05  9.00000000E+05  9.00000000E+05  9.00000000E+05 
 9.00000000E+05  9.00000000E+05  9.00000000E+05  9.00000000E+05  9.00000000E+05  9.00000000E+05 
 9.00000000E+05  9.00000000E+05  9.00000000E+05  9.00000000E+05  9.00000000E+05  9.00000000E+05 
'MIN OPTIMISATION' 

 2.57002234E+05  2.57002234E+05  2.57002234E+05  2.57002234E+05  2.57002234E+05  2.57002234E+05 
 2.57002234E+05  2.57002234E+05  2.57002234E+05  2.57002234E+05  2.57002234E+05  2.57002234E+05 
 2.57002234E+05  2.57002234E+05  2.57002234E+05  2.57002234E+05  2.57002234E+05  2.57002234E+05 
 2.57002234E+05  2.57002234E+05  2.57002234E+05  2.57002234E+05  2.57002234E+05  2.57002234E+05 
 2.57002234E+05  2.57002234E+05  2.57002234E+05  2.57002234E+05  2.57002234E+05  2.57002234E+05 
 2.57002234E+05  2.57002234E+05  2.57002234E+05  2.57002234E+05  2.57002234E+05  2.57002234E+05 
 2.57002234E+05  2.57002234E+05  2.57002234E+05  2.57002234E+05  2.57002234E+05  2.57002234E+05 
 2.57002234E+05  2.57002234E+05  2.57002234E+05  2.57002234E+05  2.57002234E+05  6.91002188E+05 
 2.57002234E+05  2.57002234E+05  2.57002234E+05  2.57002234E+05  2.57002234E+05  2.57002234E+05 
 2.57002234E+05  2.57002234E+05  2.57002234E+05  2.57002234E+05  2.57002234E+05  2.57002234E+05 
 2.57002234E+05  2.57002234E+05  2.57002234E+05  2.57002234E+05  2.57002234E+05  2.57002234E+05 
 2.57002234E+05  2.57002234E+05  2.57002234E+05  2.57002234E+05  2.57002234E+05  2.57002234E+05 
 2.57002234E+05  2.57002234E+05  2.57002234E+05  2.57002234E+05  2.57002234E+05  2.57002234E+05 
 2.57002234E+05  2.57002234E+05  2.57002234E+05  2.57002234E+05  2.57002234E+05  2.57002234E+05 
 2.57002234E+05  2.57002234E+05  2.57002234E+05  2.57002234E+05  2.57002234E+05  2.57002234E+05 
 2.57002234E+05  2.57002234E+05  2.57002234E+05  2.57002234E+05  2.57002234E+05  2.57002234E+05 
'MAX LISSAGE' 

 1.09000000E+06  1.09000000E+06  1.09000000E+06  1.09000000E+06  1.09000000E+06  1.09000000E+06 
 1.09000000E+06  1.09000000E+06  1.09000000E+06  1.09000000E+06  1.09000000E+06  1.09000000E+06 
 1.09000000E+06  1.09000000E+06  1.09000000E+06  1.09000000E+06  1.09000000E+06  1.09000000E+06 
 1.09000000E+06  1.09000000E+06  1.09000000E+06  1.09000000E+06  1.09000000E+06  1.09000000E+06 
 1.09000000E+06  1.09000000E+06  1.09000000E+06  1.09000000E+06  1.09000000E+06  1.09000000E+06 
 1.09000000E+06  1.09000000E+06  1.09000000E+06  1.09000000E+06  1.09000000E+06  1.09000000E+06 
 1.09000000E+06  1.09000000E+06  1.09000000E+06  1.09000000E+06  1.09000000E+06  1.09000000E+06 
 1.09000000E+06  1.09000000E+06  1.09000000E+06  1.09000000E+06  1.09000000E+06  1.09000000E+06 
 1.09000000E+06  1.09000000E+06  1.09000000E+06  1.09000000E+06  1.09000000E+06  1.09000000E+06 
 1.09000000E+06  1.09000000E+06  1.09000000E+06  1.09000000E+06  1.09000000E+06  1.09000000E+06 
 1.09000000E+06  1.09000000E+06  1.09000000E+06  1.09000000E+06  1.09000000E+06  1.09000000E+06 
 1.09000000E+06  1.09000000E+06  1.09000000E+06  1.09000000E+06  1.09000000E+06  1.09000000E+06 
 1.09000000E+06  1.09000000E+06  1.09000000E+06  1.09000000E+06  1.09000000E+06  1.09000000E+06 
 1.09000000E+06  1.09000000E+06  1.09000000E+06  1.09000000E+06  1.09000000E+06  1.09000000E+06 
 1.09000000E+06  1.09000000E+06  1.09000000E+06  1.09000000E+06  1.09000000E+06  1.09000000E+06 
 1.09000000E+06  1.09000000E+06  1.09000000E+06  1.09000000E+06  1.09000000E+06  1.09000000E+06 
'MIN LISSAGE' 

 8.00009766E+04  8.00009766E+04  8.00009766E+04  8.00009766E+04  8.00009766E+04  8.00009766E+04 
 8.00009766E+04  8.00009766E+04  8.00009766E+04  8.00009766E+04  8.00009766E+04  8.00009766E+04 
 8.00009766E+04  8.00009766E+04  8.00009766E+04  8.00009766E+04  8.00009766E+04  8.00009766E+04 
 8.00009766E+04  8.00009766E+04  8.00009766E+04  8.00009766E+04  8.00009766E+04  8.00009766E+04 
 8.00009766E+04  8.00009766E+04  8.00009766E+04  8.00009766E+04  8.00009766E+04  8.00009766E+04 
 8.00009766E+04  8.00009766E+04  8.00009766E+04  8.00009766E+04  8.00009766E+04  8.00009766E+04 
 8.00009766E+04  8.00009766E+04  8.00009766E+04  8.00009766E+04  8.00009766E+04  8.00009766E+04 
 8.00009766E+04  8.00009766E+04  8.00009766E+04  8.00009766E+04  8.00009766E+04  8.00009766E+04 
 8.00009766E+04  8.00009766E+04  8.00009766E+04  8.00009766E+04  8.00009766E+04  8.00009766E+04 
 8.00009766E+04  8.00009766E+04  8.00009766E+04  8.00009766E+04  8.00009766E+04  8.00009766E+04 
 8.00009766E+04  8.00009766E+04  8.00009766E+04  8.00009766E+04  8.00009766E+04  8.00009766E+04 
 8.00009766E+04  8.00009766E+04  8.00009766E+04  8.00009766E+04  8.00009766E+04  8.00009766E+04 
 8.00009766E+04  8.00009766E+04  8.00009766E+04  8.00009766E+04  8.00009766E+04  8.00009766E+04 
 8.00009766E+04  8.00009766E+04  8.00009766E+04  8.00009766E+04  8.00009766E+04  8.00009766E+04 
 8.00009766E+04  8.00009766E+04  8.00009766E+04  8.00009766E+04  8.00009766E+04  8.00009766E+04 
 8.00009766E+04  8.00009766E+04  8.00009766E+04  8.00009766E+04  8.00009766E+04  8.00009766E+04 
'MTVERR' 
'X'  0.00000000E+00  0.00000000E+00  0.00000000E+00  0.00000000E+00 
'APPORTS' 

 2.09999990E+00  2.09999990E+00  2.09999990E+00  2.09999990E+00  1.00000001E-01  1.00000001E-01 
 1.00000001E-01  1.00000001E-01  1.00000001E-01  1.00000001E-01  1.00000001E-01  1.00000001E-01 
 1.00000001E-01  1.00000001E-01  1.00000001E-01  1.00000001E-01  1.00000001E-01  1.00000001E-01 
 1.00000001E-01  1.00000001E-01  1.00000001E-01  1.00000001E-01  1.00000001E-01  1.00000001E-01 
 1.00000001E-01  1.00000001E-01  1.00000001E-01  1.00000001E-01  1.00000001E-01  1.00000001E-01 
 1.00000001E-01  1.00000001E-01  1.00000001E-01  1.00000001E-01  1.00000001E-01  1.00000001E-01 
 1.00000001E-01  1.00000001E-01  1.00000001E-01  1.00000001E-01  1.00000001E-01  1.00000001E-01 
 1.00000001E-01  1.00000001E-01  1.00000001E-01  1.00000001E-01  1.00000001E-01  1.00000001E-01 
 1.00000001E-01  1.00000001E-01  1.00000001E-01  1.00000001E-01  1.00000001E-01  1.00000001E-01 
 1.00000001E-01  1.00000001E-01  1.00000001E-01  1.00000001E-01  1.00000001E-01  1.00000001E-01 
 1.00000001E-01  1.00000001E-01  1.00000001E-01  1.00000001E-01  1.00000001E-01  1.00000001E-01 
 1.00000001E-01  1.00000001E-01  1.00000001E-01  1.00000001E-01  1.00000001E-01  1.00000001E-01 
 1.00000001E-01  1.00000001E-01  1.00000001E-01  1.00000001E-01  1.00000001E-01  1.00000001E-01 
 1.00000001E-01  1.00000001E-01  1.00000001E-01  1.00000001E-01  1.00000001E-01  1.00000001E-01 
 1.00000001E-01  1.00000001E-01  1.00000001E-01  1.00000001E-01  1.00000001E-01  1.00000001E-01 
 1.00000001E-01  1.00000001E-01  1.00000001E-01  1.00000001E-01  1.00000001E-01  1.00000001E-01 
'MAX OPTIMISATION' 

 0.00000000E+00  0.00000000E+00  0.00000000E+00  0.00000000E+00  0.00000000E+00  0.00000000E+00 
 0.00000000E+00  0.00000000E+00  0.00000000E+00  0.00000000E+00  0.00000000E+00  0.00000000E+00 
 0.00000000E+00  0.00000000E+00  0.00000000E+00  0.00000000E+00  0.00000000E+00  0.00000000E+00 
 0.00000000E+00  0.00000000E+00  0.00000000E+00  0.00000000E+00  0.00000000E+00  0.00000000E+00 
 0.00000000E+00  0.00000000E+00  0.00000000E+00  0.00000000E+00  0.00000000E+00  0.00000000E+00 
 0.00000000E+00  0.00000000E+00  0.00000000E+00  0.00000000E+00  0.00000000E+00  0.00000000E+00 
 0.00000000E+00  0.00000000E+00  0.00000000E+00  0.00000000E+00  0.00000000E+00  0.00000000E+00 
 0.00000000E+00  0.00000000E+00  0.00000000E+00  0.00000000E+00  0.00000000E+00  0.00000000E+00 
 0.00000000E+00  0.00000000E+00  0.00000000E+00  0.00000000E+00  0.00000000E+00  0.00000000E+00 
 0.00000000E+00  0.00000000E+00  0.00000000E+00  0.00000000E+00  0.00000000E+00  0.00000000E+00 
 0.00000000E+00  0.00000000E+00  0.00000000E+00  0.00000000E+00  0.00000000E+00  0.00000000E+00 
 0.00000000E+00  0.00000000E+00  0.00000000E+00  0.00000000E+00  0.00000000E+00  0.00000000E+00 
 0.00000000E+00  0.00000000E+00  0.00000000E+00  0.00000000E+00  0.00000000E+00  0.00000000E+00 
 0.00000000E+00  0.00000000E+00  0.00000000E+00  0.00000000E+00  0.00000000E+00  0.00000000E+00 
 0.00000000E+00  0.00000000E+00  0.00000000E+00  0.00000000E+00  0.00000000E+00  0.00000000E+00 
 0.00000000E+00  0.00000000E+00  0.00000000E+00  0.00000000E+00  0.00000000E+00  0.00000000E+00 
'MIN OPTIMISATION' 

 0.00000000E+00  0.00000000E+00  0.00000000E+00  0.00000000E+00  0.00000000E+00  0.00000000E+00 
 0.00000000E+00  0.00000000E+00  0.00000000E+00  0.00000000E+00  0.00000000E+00  0.00000000E+00 
 0.00000000E+00  0.00000000E+00  0.00000000E+00  0.00000000E+00  0.00000000E+00  0.00000000E+00 
 0.00000000E+00  0.00000000E+00  0.00000000E+00  0.00000000E+00  0.00000000E+00  0.00000000E+00 
 0.00000000E+00  0.00000000E+00  0.00000000E+00  0.00000000E+00  0.00000000E+00  0.00000000E+00 
 0.00000000E+00  0.00000000E+00  0.00000000E+00  0.00000000E+00  0.00000000E+00  0.00000000E+00 
 0.00000000E+00  0.00000000E+00  0.00000000E+00  0.00000000E+00  0.00000000E+00  0.00000000E+00 
 0.00000000E+00  0.00000000E+00  0.00000000E+00  0.00000000E+00  0.00000000E+00  0.00000000E+00 
 0.00000000E+00  0.00000000E+00  0.00000000E+00  0.00000000E+00  0.00000000E+00  0.00000000E+00 
 0.00000000E+00  0.00000000E+00  0.00000000E+00  0.00000000E+00  0.00000000E+00  0.00000000E+00 
 0.00000000E+00  0.00000000E+00  0.00000000E+00  0.00000000E+00  0.00000000E+00  0.00000000E+00 
 0.00000000E+00  0.00000000E+00  0.00000000E+00  0.00000000E+00  0.00000000E+00  0.00000000E+00 
 0.00000000E+00  0.00000000E+00  0.00000000E+00  0.00000000E+00  0.00000000E+00  0.00000000E+00 
 0.00000000E+00  0.00000000E+00  0.00000000E+00  0.00000000E+00  0.00000000E+00  0.00000000E+00 
 0.00000000E+00  0.00000000E+00  0.00000000E+00  0.00000000E+00  0.00000000E+00  0.00000000E+00 
 0.00000000E+00  0.00000000E+00  0.00000000E+00  0.00000000E+00  0.00000000E+00  0.00000000E+00 
'MAX LISSAGE' 

 0.00000000E+00  0.00000000E+00  0.00000000E+00  0.00000000E+00  0.00000000E+00  0.00000000E+00 
 0.00000000E+00  0.00000000E+00  0.00000000E+00  0.00000000E+00  0.00000000E+00  0.00000000E+00 
 0.00000000E+00  0.00000000E+00  0.00000000E+00  0.00000000E+00  0.00000000E+00  0.00000000E+00 
 0.00000000E+00  0.00000000E+00  0.00000000E+00  0.00000000E+00  0.00000000E+00  0.00000000E+00 
 0.00000000E+00  0.00000000E+00  0.00000000E+00  0.00000000E+00  0.00000000E+00  0.00000000E+00 
 0.00000000E+00  0.00000000E+00  0.00000000E+00  0.00000000E+00  0.00000000E+00  0.00000000E+00 
 0.00000000E+00  0.00000000E+00  0.00000000E+00  0.00000000E+00  0.00000000E+00  0.00000000E+00 
 0.00000000E+00  0.00000000E+00  0.00000000E+00  0.00000000E+00  0.00000000E+00  0.00000000E+00 
 0.00000000E+00  0.00000000E+00  0.00000000E+00  0.00000000E+00  0.00000000E+00  0.00000000E+00 
 0.00000000E+00  0.00000000E+00  0.00000000E+00  0.00000000E+00  0.00000000E+00  0.00000000E+00 
 0.00000000E+00  0.00000000E+00  0.00000000E+00  0.00000000E+00  0.00000000E+00  0.00000000E+00 
 0.00000000E+00  0.00000000E+00  0.00000000E+00  0.00000000E+00  0.00000000E+00  0.00000000E+00 
 0.00000000E+00  0.00000000E+00  0.00000000E+00  0.00000000E+00  0.00000000E+00  0.00000000E+00 
 0.00000000E+00  0.00000000E+00  0.00000000E+00  0.00000000E+00  0.00000000E+00  0.00000000E+00 
 0.00000000E+00  0.00000000E+00  0.00000000E+00  0.00000000E+00  0.00000000E+00  0.00000000E+00 
 0.00000000E+00  0.00000000E+00  0.00000000E+00  0.00000000E+00  0.00000000E+00  0.00000000E+00 
'MIN LISSAGE' 

 0.00000000E+00  0.00000000E+00  0.00000000E+00  0.00000000E+00  0.00000000E+00  0.00000000E+00 
 0.00000000E+00  0.00000000E+00  0.00000000E+00  0.00000000E+00  0.00000000E+00  0.00000000E+00 
 0.00000000E+00  0.00000000E+00  0.00000000E+00  0.00000000E+00  0.00000000E+00  0.00000000E+00 
 0.00000000E+00  0.00000000E+00  0.00000000E+00  0.00000000E+00  0.00000000E+00  0.00000000E+00 
 0.00000000E+00  0.00000000E+00  0.00000000E+00  0.00000000E+00  0.00000000E+00  0.00000000E+00 
 0.00000000E+00  0.00000000E+00  0.00000000E+00  0.00000000E+00  0.00000000E+00  0.00000000E+00 
 0.00000000E+00  0.00000000E+00  0.00000000E+00  0.00000000E+00  0.00000000E+00  0.00000000E+00 
 0.00000000E+00  0.00000000E+00  0.00000000E+00  0.00000000E+00  0.00000000E+00  0.00000000E+00 
 0.00000000E+00  0.00000000E+00  0.00000000E+00  0.00000000E+00  0.00000000E+00  0.00000000E+00 
 0.00000000E+00  0.00000000E+00  0.00000000E+00  0.00000000E+00  0.00000000E+00  0.00000000E+00 
 0.00000000E+00  0.00000000E+00  0.00000000E+00  0.00000000E+00  0.00000000E+00  0.00000000E+00 
 0.00000000E+00  0.00000000E+00  0.00000000E+00  0.00000000E+00  0.00000000E+00  0.00000000E+00 
 0.00000000E+00  0.00000000E+00  0.00000000E+00  0.00000000E+00  0.00000000E+00  0.00000000E+00 
 0.00000000E+00  0.00000000E+00  0.00000000E+00  0.00000000E+00  0.00000000E+00  0.00000000E+00 
 0.00000000E+00  0.00000000E+00  0.00000000E+00  0.00000000E+00  0.00000000E+00  0.00000000E+00 
 0.00000000E+00  0.00000000E+00  0.00000000E+00  0.00000000E+00  0.00000000E+00  0.00000000E+00 
'CAMPSR' 
'X'  0.00000000E+00  0.00000000E+00  0.00000000E+00  0.00000000E+00 
'APPORTS' 

 1.00000001E-01  1.00000001E-01  1.00000001E-01  1.00000001E-01  1.00000001E-01  1.00000001E-01 
 1.00000001E-01  1.00000001E-01  1.00000001E-01  1.00000001E-01  1.00000001E-01  1.00000001E-01 
 1.00000001E-01  1.00000001E-01  1.00000001E-01  1.00000001E-01  1.00000001E-01  1.00000001E-01 
 1.00000001E-01  1.00000001E-01  1.00000001E-01  1.00000001E-01  1.00000001E-01  1.00000001E-01 
 1.00000001E-01  1.00000001E-01  1.00000001E-01  1.00000001E-01  1.00000001E-01  1.00000001E-01 
 1.00000001E-01  1.00000001E-01  1.00000001E-01  1.00000001E-01  1.00000001E-01  1.00000001E-01 
 1.00000001E-01  1.00000001E-01  1.00000001E-01  1.00000001E-01  1.00000001E-01  1.00000001E-01 
 1.00000001E-01  1.00000001E-01  1.00000001E-01  1.00000001E-01  1.00000001E-01  1.00000001E-01 
 1.00000001E-01  1.00000001E-01  1.00000001E-01  1.00000001E-01  1.00000001E-01  1.00000001E-01 
 1.00000001E-01  1.00000001E-01  1.00000001E-01  1.00000001E-01  1.00000001E-01  1.00000001E-01 
 1.00000001E-01  1.00000001E-01  1.00000001E-01  1.00000001E-01  1.00000001E-01  1.00000001E-01 
 1.00000001E-01  1.00000001E-01  1.00000001E-01  1.00000001E-01  1.00000001E-01  1.00000001E-01 
 1.00000001E-01  1.00000001E-01  1.00000001E-01  1.00000001E-01  1.00000001E-01  1.00000001E-01 
 1.00000001E-01  1.00000001E-01  1.00000001E-01  1.00000001E-01  1.00000001E-01  1.00000001E-01 
 1.00000001E-01  1.00000001E-01  1.00000001E-01  1.00000001E-01  1.00000001E-01  1.00000001E-01 
 1.00000001E-01  1.00000001E-01  1.00000001E-01  1.00000001E-01  1.00000001E-01  1.00000001E-01 
'MAX OPTIMISATION' 

 0.00000000E+00  0.00000000E+00  0.00000000E+00  0.00000000E+00  0.00000000E+00  0.00000000E+00 
 0.00000000E+00  0.00000000E+00  0.00000000E+00  0.00000000E+00  0.00000000E+00  0.00000000E+00 
 0.00000000E+00  0.00000000E+00  0.00000000E+00  0.00000000E+00  0.00000000E+00  0.00000000E+00 
 0.00000000E+00  0.00000000E+00  0.00000000E+00  0.00000000E+00  0.00000000E+00  0.00000000E+00 
 0.00000000E+00  0.00000000E+00  0.00000000E+00  0.00000000E+00  0.00000000E+00  0.00000000E+00 
 0.00000000E+00  0.00000000E+00  0.00000000E+00  0.00000000E+00  0.00000000E+00  0.00000000E+00 
 0.00000000E+00  0.00000000E+00  0.00000000E+00  0.00000000E+00  0.00000000E+00  0.00000000E+00 
 0.00000000E+00  0.00000000E+00  0.00000000E+00  0.00000000E+00  0.00000000E+00  0.00000000E+00 
 0.00000000E+00  0.00000000E+00  0.00000000E+00  0.00000000E+00  0.00000000E+00  0.00000000E+00 
 0.00000000E+00  0.00000000E+00  0.00000000E+00  0.00000000E+00  0.00000000E+00  0.00000000E+00 
 0.00000000E+00  0.00000000E+00  0.00000000E+00  0.00000000E+00  0.00000000E+00  0.00000000E+00 
 0.00000000E+00  0.00000000E+00  0.00000000E+00  0.00000000E+00  0.00000000E+00  0.00000000E+00 
 0.00000000E+00  0.00000000E+00  0.00000000E+00  0.00000000E+00  0.00000000E+00  0.00000000E+00 
 0.00000000E+00  0.00000000E+00  0.00000000E+00  0.00000000E+00  0.00000000E+00  0.00000000E+00 
 0.00000000E+00  0.00000000E+00  0.00000000E+00  0.00000000E+00  0.00000000E+00  0.00000000E+00 
 0.00000000E+00  0.00000000E+00  0.00000000E+00  0.00000000E+00  0.00000000E+00  0.00000000E+00 
'MIN OPTIMISATION' 

 0.00000000E+00  0.00000000E+00  0.00000000E+00  0.00000000E+00  0.00000000E+00  0.00000000E+00 
 0.00000000E+00  0.00000000E+00  0.00000000E+00  0.00000000E+00  0.00000000E+00  0.00000000E+00 
 0.00000000E+00  0.00000000E+00  0.00000000E+00  0.00000000E+00  0.00000000E+00  0.00000000E+00 
 0.00000000E+00  0.00000000E+00  0.00000000E+00  0.00000000E+00  0.00000000E+00  0.00000000E+00 
 0.00000000E+00  0.00000000E+00  0.00000000E+00  0.00000000E+00  0.00000000E+00  0.00000000E+00 
 0.00000000E+00  0.00000000E+00  0.00000000E+00  0.00000000E+00  0.00000000E+00  0.00000000E+00 
 0.00000000E+00  0.00000000E+00  0.00000000E+00  0.00000000E+00  0.00000000E+00  0.00000000E+00 
 0.00000000E+00  0.00000000E+00  0.00000000E+00  0.00000000E+00  0.00000000E+00  0.00000000E+00 
 0.00000000E+00  0.00000000E+00  0.00000000E+00  0.00000000E+00  0.00000000E+00  0.00000000E+00 
 0.00000000E+00  0.00000000E+00  0.00000000E+00  0.00000000E+00  0.00000000E+00  0.00000000E+00 
 0.00000000E+00  0.00000000E+00  0.00000000E+00  0.00000000E+00  0.00000000E+00  0.00000000E+00 
 0.00000000E+00  0.00000000E+00  0.00000000E+00  0.00000000E+00  0.00000000E+00  0.00000000E+00 
 0.00000000E+00  0.00000000E+00  0.00000000E+00  0.00000000E+00  0.00000000E+00  0.00000000E+00 
 0.00000000E+00  0.00000000E+00  0.00000000E+00  0.00000000E+00  0.00000000E+00  0.00000000E+00 
 0.00000000E+00  0.00000000E+00  0.00000000E+00  0.00000000E+00  0.00000000E+00  0.00000000E+00 
 0.00000000E+00  0.00000000E+00  0.00000000E+00  0.00000000E+00  0.00000000E+00  0.00000000E+00 
'MAX LISSAGE' 

 0.00000000E+00  0.00000000E+00  0.00000000E+00  0.00000000E+00  0.00000000E+00  0.00000000E+00 
 0.00000000E+00  0.00000000E+00  0.00000000E+00  0.00000000E+00  0.00000000E+00  0.00000000E+00 
 0.00000000E+00  0.00000000E+00  0.00000000E+00  0.00000000E+00  0.00000000E+00  0.00000000E+00 
 0.00000000E+00  0.00000000E+00  0.00000000E+00  0.00000000E+00  0.00000000E+00  0.00000000E+00 
 0.00000000E+00  0.00000000E+00  0.00000000E+00  0.00000000E+00  0.00000000E+00  0.00000000E+00 
 0.00000000E+00  0.00000000E+00  0.00000000E+00  0.00000000E+00  0.00000000E+00  0.00000000E+00 
 0.00000000E+00  0.00000000E+00  0.00000000E+00  0.00000000E+00  0.00000000E+00  0.00000000E+00 
 0.00000000E+00  0.00000000E+00  0.00000000E+00  0.00000000E+00  0.00000000E+00  0.00000000E+00 
 0.00000000E+00  0.00000000E+00  0.00000000E+00  0.00000000E+00  0.00000000E+00  0.00000000E+00 
 0.00000000E+00  0.00000000E+00  0.00000000E+00  0.00000000E+00  0.00000000E+00  0.00000000E+00 
 0.00000000E+00  0.00000000E+00  0.00000000E+00  0.00000000E+00  0.00000000E+00  0.00000000E+00 
 0.00000000E+00  0.00000000E+00  0.00000000E+00  0.00000000E+00  0.00000000E+00  0.00000000E+00 
 0.00000000E+00  0.00000000E+00  0.00000000E+00  0.00000000E+00  0.00000000E+00  0.00000000E+00 
 0.00000000E+00  0.00000000E+00  0.00000000E+00  0.00000000E+00  0.00000000E+00  0.00000000E+00 
 0.00000000E+00  0.00000000E+00  0.00000000E+00  0.00000000E+00  0.00000000E+00  0.00000000E+00 
 0.00000000E+00  0.00000000E+00  0.00000000E+00  0.00000000E+00  0.00000000E+00  0.00000000E+00 
'MIN LISSAGE' 

 0.00000000E+00  0.00000000E+00  0.00000000E+00  0.00000000E+00  0.00000000E+00  0.00000000E+00 
 0.00000000E+00  0.00000000E+00  0.00000000E+00  0.00000000E+00  0.00000000E+00  0.00000000E+00 
 0.00000000E+00  0.00000000E+00  0.00000000E+00  0.00000000E+00  0.00000000E+00  0.00000000E+00 
 0.00000000E+00  0.00000000E+00  0.00000000E+00  0.00000000E+00  0.00000000E+00  0.00000000E+00 
 0.00000000E+00  0.00000000E+00  0.00000000E+00  0.00000000E+00  0.00000000E+00  0.00000000E+00 
 0.00000000E+00  0.00000000E+00  0.00000000E+00  0.00000000E+00  0.00000000E+00  0.00000000E+00 
 0.00000000E+00  0.00000000E+00  0.00000000E+00  0.00000000E+00  0.00000000E+00  0.00000000E+00 
 0.00000000E+00  0.00000000E+00  0.00000000E+00  0.00000000E+00  0.00000000E+00  0.00000000E+00 
 0.00000000E+00  0.00000000E+00  0.00000000E+00  0.00000000E+00  0.00000000E+00  0.00000000E+00 
 0.00000000E+00  0.00000000E+00  0.00000000E+00  0.00000000E+00  0.00000000E+00  0.00000000E+00 
 0.00000000E+00  0.00000000E+00  0.00000000E+00  0.00000000E+00  0.00000000E+00  0.00000000E+00 
 0.00000000E+00  0.00000000E+00  0.00000000E+00  0.00000000E+00  0.00000000E+00  0.00000000E+00 
 0.00000000E+00  0.00000000E+00  0.00000000E+00  0.00000000E+00  0.00000000E+00  0.00000000E+00 
 0.00000000E+00  0.00000000E+00  0.00000000E+00  0.00000000E+00  0.00000000E+00  0.00000000E+00 
 0.00000000E+00  0.00000000E+00  0.00000000E+00  0.00000000E+00  0.00000000E+00  0.00000000E+00 
 0.00000000E+00  0.00000000E+00  0.00000000E+00  0.00000000E+00  0.00000000E+00  0.00000000E+00 
'BRUG1R' 
'E'  3.52000000E+05  3.52000000E+05  3.52000000E+05  0.00000000E+00 
'APPORTS' 

 2.00000003E-01  2.00000003E-01  2.00000003E-01  2.00000003E-01  2.00000003E-01  2.00000003E-01 
 2.00000003E-01  2.00000003E-01  2.00000003E-01  2.00000003E-01  2.00000003E-01  2.00000003E-01 
 2.00000003E-01  2.00000003E-01  2.00000003E-01  2.00000003E-01  2.00000003E-01  2.00000003E-01 
 2.00000003E-01  2.00000003E-01  2.00000003E-01  2.00000003E-01  2.00000003E-01  2.00000003E-01 
 2.00000003E-01  2.00000003E-01  2.00000003E-01  2.00000003E-01  2.00000003E-01  2.00000003E-01 
 2.00000003E-01  2.00000003E-01  2.00000003E-01  2.00000003E-01  2.00000003E-01  2.00000003E-01 
 2.00000003E-01  2.00000003E-01  2.00000003E-01  2.00000003E-01  2.00000003E-01  2.00000003E-01 
 2.00000003E-01  2.00000003E-01  2.00000003E-01  2.00000003E-01  2.00000003E-01  2.00000003E-01 
 2.00000003E-01  2.00000003E-01  2.00000003E-01  2.00000003E-01  2.00000003E-01  2.00000003E-01 
 2.00000003E-01  2.00000003E-01  2.00000003E-01  2.00000003E-01  2.00000003E-01  2.00000003E-01 
 2.00000003E-01  2.00000003E-01  2.00000003E-01  2.00000003E-01  2.00000003E-01  2.00000003E-01 
 2.00000003E-01  2.00000003E-01  2.00000003E-01  2.00000003E-01  2.00000003E-01  2.00000003E-01 
 2.00000003E-01  2.00000003E-01  2.00000003E-01  2.00000003E-01  2.00000003E-01  2.00000003E-01 
 2.00000003E-01  2.00000003E-01  2.00000003E-01  2.00000003E-01  2.00000003E-01  2.00000003E-01 
 2.00000003E-01  2.00000003E-01  2.00000003E-01  2.00000003E-01  2.00000003E-01  2.00000003E-01 
 2.00000003E-01  2.00000003E-01  2.00000003E-01  2.00000003E-01  2.00000003E-01  2.00000003E-01 
'MAX OPTIMISATION' 

 5.21000031E+05  5.21000031E+05  5.21000031E+05  5.21000031E+05  5.21000031E+05  5.21000031E+05 
 5.21000031E+05  5.21000031E+05  5.21000031E+05  5.21000031E+05  5.21000031E+05  5.21000031E+05 
 5.21000031E+05  5.21000031E+05  5.21000031E+05  5.21000031E+05  5.21000031E+05  5.21000031E+05 
 5.21000031E+05  5.21000031E+05  5.21000031E+05  5.21000031E+05  5.21000031E+05  5.21000031E+05 
 5.21000031E+05  5.21000031E+05  5.21000031E+05  5.21000031E+05  5.21000031E+05  5.21000031E+05 
 5.21000031E+05  5.21000031E+05  5.21000031E+05  5.21000031E+05  5.21000031E+05  5.21000031E+05 
 5.21000031E+05  5.21000031E+05  5.21000031E+05  5.21000031E+05  5.21000031E+05  5.21000031E+05 
 5.21000031E+05  5.21000031E+05  5.21000031E+05  5.21000031E+05  5.21000031E+05  3.71999375E+05 
 5.21000031E+05  5.21000031E+05  5.21000031E+05  5.21000031E+05  5.21000031E+05  5.21000031E+05 
 5.21000031E+05  5.21000031E+05  5.21000031E+05  5.21000031E+05  5.21000031E+05  5.21000031E+05 
 5.21000031E+05  5.21000031E+05  5.21000031E+05  5.21000031E+05  5.21000031E+05  5.21000031E+05 
 5.21000031E+05  5.21000031E+05  5.21000031E+05  5.21000031E+05  5.21000031E+05  5.21000031E+05 
 5.21000031E+05  5.21000031E+05  5.21000031E+05  5.21000031E+05  5.21000031E+05  5.21000031E+05 
 5.21000031E+05  5.21000031E+05  5.21000031E+05  5.21000031E+05  5.21000031E+05  5.21000031E+05 
 5.21000031E+05  5.21000031E+05  5.21000031E+05  5.21000031E+05  5.21000031E+05  5.21000031E+05 
 5.21000031E+05  5.21000031E+05  5.21000031E+05  5.21000031E+05  5.21000031E+05  5.21000031E+05 
'MIN OPTIMISATION' 

 1.02000000E+05  1.02000000E+05  1.02000000E+05  1.02000000E+05  1.02000000E+05  1.02000000E+05 
 1.02000000E+05  1.02000000E+05  1.02000000E+05  1.02000000E+05  1.02000000E+05  1.02000000E+05 
 1.02000000E+05  1.02000000E+05  1.02000000E+05  1.02000000E+05  1.02000000E+05  1.02000000E+05 
 1.02000000E+05  1.02000000E+05  1.02000000E+05  1.02000000E+05  1.02000000E+05  1.02000000E+05 
 1.02000000E+05  1.02000000E+05  1.02000000E+05  1.02000000E+05  1.02000000E+05  1.02000000E+05 
 1.02000000E+05  1.02000000E+05  1.02000000E+05  1.02000000E+05  1.02000000E+05  1.02000000E+05 
 1.02000000E+05  1.02000000E+05  1.02000000E+05  1.02000000E+05  1.02000000E+05  1.02000000E+05 
 1.02000000E+05  1.02000000E+05  1.02000000E+05  1.02000000E+05  1.02000000E+05  3.31999000E+05 
 1.02000000E+05  1.02000000E+05  1.02000000E+05  1.02000000E+05  1.02000000E+05  1.02000000E+05 
 1.02000000E+05  1.02000000E+05  1.02000000E+05  1.02000000E+05  1.02000000E+05  1.02000000E+05 
 1.02000000E+05  1.02000000E+05  1.02000000E+05  1.02000000E+05  1.02000000E+05  1.02000000E+05 
 1.02000000E+05  1.02000000E+05  1.02000000E+05  1.02000000E+05  1.02000000E+05  1.02000000E+05 
 1.02000000E+05  1.02000000E+05  1.02000000E+05  1.02000000E+05  1.02000000E+05  1.02000000E+05 
 1.02000000E+05  1.02000000E+05  1.02000000E+05  1.02000000E+05  1.02000000E+05  1.02000000E+05 
 1.02000000E+05  1.02000000E+05  1.02000000E+05  1.02000000E+05  1.02000000E+05  1.02000000E+05 
 1.02000000E+05  1.02000000E+05  1.02000000E+05  1.02000000E+05  1.02000000E+05  1.02000000E+05 
'MAX LISSAGE' 

 5.50000000E+05  5.50000000E+05  5.50000000E+05  5.50000000E+05  5.50000000E+05  5.50000000E+05 
 5.50000000E+05  5.50000000E+05  5.50000000E+05  5.50000000E+05  5.50000000E+05  5.50000000E+05 
 5.50000000E+05  5.50000000E+05  5.50000000E+05  5.50000000E+05  5.50000000E+05  5.50000000E+05 
 5.50000000E+05  5.50000000E+05  5.50000000E+05  5.50000000E+05  5.50000000E+05  5.50000000E+05 
 5.50000000E+05  5.50000000E+05  5.50000000E+05  5.50000000E+05  5.50000000E+05  5.50000000E+05 
 5.50000000E+05  5.50000000E+05  5.50000000E+05  5.50000000E+05  5.50000000E+05  5.50000000E+05 
 5.50000000E+05  5.50000000E+05  5.50000000E+05  5.50000000E+05  5.50000000E+05  5.50000000E+05 
 5.50000000E+05  5.50000000E+05  5.50000000E+05  5.50000000E+05  5.50000000E+05  5.50000000E+05 
 5.50000000E+05  5.50000000E+05  5.50000000E+05  5.50000000E+05  5.50000000E+05  5.50000000E+05 
 5.50000000E+05  5.50000000E+05  5.50000000E+05  5.50000000E+05  5.50000000E+05  5.50000000E+05 
 5.50000000E+05  5.50000000E+05  5.50000000E+05  5.50000000E+05  5.50000000E+05  5.50000000E+05 
 5.50000000E+05  5.50000000E+05  5.50000000E+05  5.50000000E+05  5.50000000E+05  5.50000000E+05 
 5.50000000E+05  5.50000000E+05  5.50000000E+05  5.50000000E+05  5.50000000E+05  5.50000000E+05 
 5.50000000E+05  5.50000000E+05  5.50000000E+05  5.50000000E+05  5.50000000E+05  5.50000000E+05 
 5.50000000E+05  5.50000000E+05  5.50000000E+05  5.50000000E+05  5.50000000E+05  5.50000000E+05 
 5.50000000E+05  5.50000000E+05  5.50000000E+05  5.50000000E+05  5.50000000E+05  5.50000000E+05 
'MIN LISSAGE' 

 6.00000000E+04  6.00000000E+04  6.00000000E+04  6.00000000E+04  6.00000000E+04  6.00000000E+04 
 6.00000000E+04  6.00000000E+04  6.00000000E+04  6.00000000E+04  6.00000000E+04  6.00000000E+04 
 6.00000000E+04  6.00000000E+04  6.00000000E+04  6.00000000E+04  6.00000000E+04  6.00000000E+04 
 6.00000000E+04  6.00000000E+04  6.00000000E+04  6.00000000E+04  6.00000000E+04  6.00000000E+04 
 6.00000000E+04  6.00000000E+04  6.00000000E+04  6.00000000E+04  6.00000000E+04  6.00000000E+04 
 6.00000000E+04  6.00000000E+04  6.00000000E+04  6.00000000E+04  6.00000000E+04  6.00000000E+04 
 6.00000000E+04  6.00000000E+04  6.00000000E+04  6.00000000E+04  6.00000000E+04  6.00000000E+04 
 6.00000000E+04  6.00000000E+04  6.00000000E+04  6.00000000E+04  6.00000000E+04  6.00000000E+04 
 6.00000000E+04  6.00000000E+04  6.00000000E+04  6.00000000E+04  6.00000000E+04  6.00000000E+04 
 6.00000000E+04  6.00000000E+04  6.00000000E+04  6.00000000E+04  6.00000000E+04  6.00000000E+04 
 6.00000000E+04  6.00000000E+04  6.00000000E+04  6.00000000E+04  6.00000000E+04  6.00000000E+04 
 6.00000000E+04  6.00000000E+04  6.00000000E+04  6.00000000E+04  6.00000000E+04  6.00000000E+04 
 6.00000000E+04  6.00000000E+04  6.00000000E+04  6.00000000E+04  6.00000000E+04  6.00000000E+04 
 6.00000000E+04  6.00000000E+04  6.00000000E+04  6.00000000E+04  6.00000000E+04  6.00000000E+04 
 6.00000000E+04  6.00000000E+04  6.00000000E+04  6.00000000E+04  6.00000000E+04  6.00000000E+04 
 6.00000000E+04  6.00000000E+04  6.00000000E+04  6.00000000E+04  6.00000000E+04  6.00000000E+04 
'CANDER' 
'E'  7.00000000E+05  7.00000000E+05  7.00000000E+05  0.00000000E+00 
'APPORTS' 

 1.00000001E-01  1.00000001E-01  1.00000001E-01  1.00000001E-01  1.00000001E-01  1.00000001E-01 
 1.00000001E-01  1.00000001E-01  1.00000001E-01  1.00000001E-01  1.00000001E-01  1.00000001E-01 
 1.00000001E-01  1.00000001E-01  1.00000001E-01  1.00000001E-01  1.00000001E-01  1.00000001E-01 
 1.00000001E-01  1.00000001E-01  1.00000001E-01  1.00000001E-01  1.00000001E-01  1.00000001E-01 
 1.00000001E-01  1.00000001E-01  1.00000001E-01  1.00000001E-01  1.00000001E-01  1.00000001E-01 
 1.00000001E-01  1.00000001E-01  1.00000001E-01  1.00000001E-01  1.00000001E-01  1.00000001E-01 
 1.00000001E-01  1.00000001E-01  1.00000001E-01  1.00000001E-01  1.00000001E-01  1.00000001E-01 
 1.00000001E-01  1.00000001E-01  1.00000001E-01  1.00000001E-01  1.00000001E-01  1.00000001E-01 
 1.00000001E-01  1.00000001E-01  1.00000001E-01  1.00000001E-01  1.00000001E-01  1.00000001E-01 
 1.00000001E-01  1.00000001E-01  1.00000001E-01  1.00000001E-01  1.00000001E-01  1.00000001E-01 
 1.00000001E-01  1.00000001E-01  1.00000001E-01  1.00000001E-01  1.00000001E-01  1.00000001E-01 
 1.00000001E-01  1.00000001E-01  1.00000001E-01  1.00000001E-01  1.00000001E-01  1.00000001E-01 
 1.00000001E-01  1.00000001E-01  1.00000001E-01  1.00000001E-01  1.00000001E-01  1.00000001E-01 
 1.00000001E-01  1.00000001E-01  1.00000001E-01  1.00000001E-01  1.00000001E-01  1.00000001E-01 
 1.00000001E-01  1.00000001E-01  1.00000001E-01  1.00000001E-01  1.00000001E-01  1.00000001E-01 
 1.00000001E-01  1.00000001E-01  1.00000001E-01  1.00000001E-01  1.00000001E-01  1.00000001E-01 
'MAX OPTIMISATION' 

 1.35500000E+06  1.35500000E+06  1.35500000E+06  1.35500000E+06  1.35500000E+06  1.35500000E+06 
 1.35500000E+06  1.35500000E+06  1.35500000E+06  1.35500000E+06  1.35500000E+06  1.35500000E+06 
 1.35500000E+06  1.35500000E+06  1.35500000E+06  1.35500000E+06  1.35500000E+06  1.35500000E+06 
 1.35500000E+06  1.35500000E+06  1.35500000E+06  1.35500000E+06  1.35500000E+06  1.35500000E+06 
 1.35500000E+06  1.35500000E+06  1.35500000E+06  1.35500000E+06  1.35500000E+06  1.35500000E+06 
 1.35500000E+06  1.35500000E+06  1.35500000E+06  1.35500000E+06  1.35500000E+06  1.35500000E+06 
 1.35500000E+06  1.35500000E+06  1.35500000E+06  1.35500000E+06  1.35500000E+06  1.35500000E+06 
 1.35500000E+06  1.35500000E+06  1.35500000E+06  1.35500000E+06  1.35500000E+06  8.00000625E+05 
 1.35500000E+06  1.35500000E+06  1.35500000E+06  1.35500000E+06  1.35500000E+06  1.35500000E+06 
 1.35500000E+06  1.35500000E+06  1.35500000E+06  1.35500000E+06  1.35500000E+06  1.35500000E+06 
 1.35500000E+06  1.35500000E+06  1.35500000E+06  1.35500000E+06  1.35500000E+06  1.35500000E+06 
 1.35500000E+06  1.35500000E+06  1.35500000E+06  1.35500000E+06  1.35500000E+06  1.35500000E+06 
 1.35500000E+06  1.35500000E+06  1.35500000E+06  1.35500000E+06  1.35500000E+06  1.35500000E+06 
 1.35500000E+06  1.35500000E+06  1.35500000E+06  1.35500000E+06  1.35500000E+06  1.35500000E+06 
 1.35500000E+06  1.35500000E+06  1.35500000E+06  1.35500000E+06  1.35500000E+06  1.35500000E+06 
 1.35500000E+06  1.35500000E+06  1.35500000E+06  1.35500000E+06  1.35500000E+06  1.35500000E+06 
'MIN OPTIMISATION' 

 4.99999961E+04  4.99999961E+04  4.99999961E+04  4.99999961E+04  4.99999961E+04  4.99999961E+04 
 4.99999961E+04  4.99999961E+04  4.99999961E+04  4.99999961E+04  4.99999961E+04  4.99999961E+04 
 4.99999961E+04  4.99999961E+04  4.99999961E+04  4.99999961E+04  4.99999961E+04  4.99999961E+04 
 4.99999961E+04  4.99999961E+04  4.99999961E+04  4.99999961E+04  4.99999961E+04  4.99999961E+04 
 4.99999961E+04  4.99999961E+04  4.99999961E+04  4.99999961E+04  4.99999961E+04  4.99999961E+04 
 4.99999961E+04  4.99999961E+04  4.99999961E+04  4.99999961E+04  4.99999961E+04  4.99999961E+04 
 4.99999961E+04  4.99999961E+04  4.99999961E+04  4.99999961E+04  4.99999961E+04  4.99999961E+04 
 4.99999961E+04  4.99999961E+04  4.99999961E+04  4.99999961E+04  4.99999961E+04  5.99999938E+05 
 4.99999961E+04  4.99999961E+04  4.99999961E+04  4.99999961E+04  4.99999961E+04  4.99999961E+04 
 4.99999961E+04  4.99999961E+04  4.99999961E+04  4.99999961E+04  4.99999961E+04  4.99999961E+04 
 4.99999961E+04  4.99999961E+04  4.99999961E+04  4.99999961E+04  4.99999961E+04  4.99999961E+04 
 4.99999961E+04  4.99999961E+04  4.99999961E+04  4.99999961E+04  4.99999961E+04  4.99999961E+04 
 4.99999961E+04  4.99999961E+04  4.99999961E+04  4.99999961E+04  4.99999961E+04  4.99999961E+04 
 4.99999961E+04  4.99999961E+04  4.99999961E+04  4.99999961E+04  4.99999961E+04  4.99999961E+04 
 4.99999961E+04  4.99999961E+04  4.99999961E+04  4.99999961E+04  4.99999961E+04  4.99999961E+04 
 4.99999961E+04  4.99999961E+04  4.99999961E+04  4.99999961E+04  4.99999961E+04  4.99999961E+04 
'MAX LISSAGE' 

 1.39000000E+06  1.39000000E+06  1.39000000E+06  1.39000000E+06  1.39000000E+06  1.39000000E+06 
 1.39000000E+06  1.39000000E+06  1.39000000E+06  1.39000000E+06  1.39000000E+06  1.39000000E+06 
 1.39000000E+06  1.39000000E+06  1.39000000E+06  1.39000000E+06  1.39000000E+06  1.39000000E+06 
 1.39000000E+06  1.39000000E+06  1.39000000E+06  1.39000000E+06  1.39000000E+06  1.39000000E+06 
 1.39000000E+06  1.39000000E+06  1.39000000E+06  1.39000000E+06  1.39000000E+06  1.39000000E+06 
 1.39000000E+06  1.39000000E+06  1.39000000E+06  1.39000000E+06  1.39000000E+06  1.39000000E+06 
 1.39000000E+06  1.39000000E+06  1.39000000E+06  1.39000000E+06  1.39000000E+06  1.39000000E+06 
 1.39000000E+06  1.39000000E+06  1.39000000E+06  1.39000000E+06  1.39000000E+06  1.39000000E+06 
 1.39000000E+06  1.39000000E+06  1.39000000E+06  1.39000000E+06  1.39000000E+06  1.39000000E+06 
 1.39000000E+06  1.39000000E+06  1.39000000E+06  1.39000000E+06  1.39000000E+06  1.39000000E+06 
 1.39000000E+06  1.39000000E+06  1.39000000E+06  1.39000000E+06  1.39000000E+06  1.39000000E+06 
 1.39000000E+06  1.39000000E+06  1.39000000E+06  1.39000000E+06  1.39000000E+06  1.39000000E+06 
 1.39000000E+06  1.39000000E+06  1.39000000E+06  1.39000000E+06  1.39000000E+06  1.39000000E+06 
 1.39000000E+06  1.39000000E+06  1.39000000E+06  1.39000000E+06  1.39000000E+06  1.39000000E+06 
 1.39000000E+06  1.39000000E+06  1.39000000E+06  1.39000000E+06  1.39000000E+06  1.39000000E+06 
 1.39000000E+06  1.39000000E+06  1.39000000E+06  1.39000000E+06  1.39000000E+06  1.39000000E+06 
'MIN LISSAGE' 

 0.00000000E+00  0.00000000E+00  0.00000000E+00  0.00000000E+00  0.00000000E+00  0.00000000E+00 
 0.00000000E+00  0.00000000E+00  0.00000000E+00  0.00000000E+00  0.00000000E+00  0.00000000E+00 
 0.00000000E+00  0.00000000E+00  0.00000000E+00  0.00000000E+00  0.00000000E+00  0.00000000E+00 
 0.00000000E+00  0.00000000E+00  0.00000000E+00  0.00000000E+00  0.00000000E+00  0.00000000E+00 
 0.00000000E+00  0.00000000E+00  0.00000000E+00  0.00000000E+00  0.00000000E+00  0.00000000E+00 
 0.00000000E+00  0.00000000E+00  0.00000000E+00  0.00000000E+00  0.00000000E+00  0.00000000E+00 
 0.00000000E+00  0.00000000E+00  0.00000000E+00  0.00000000E+00  0.00000000E+00  0.00000000E+00 
 0.00000000E+00  0.00000000E+00  0.00000000E+00  0.00000000E+00  0.00000000E+00  0.00000000E+00 
 0.00000000E+00  0.00000000E+00  0.00000000E+00  0.00000000E+00  0.00000000E+00  0.00000000E+00 
 0.00000000E+00  0.00000000E+00  0.00000000E+00  0.00000000E+00  0.00000000E+00  0.00000000E+00 
 0.00000000E+00  0.00000000E+00  0.00000000E+00  0.00000000E+00  0.00000000E+00  0.00000000E+00 
 0.00000000E+00  0.00000000E+00  0.00000000E+00  0.00000000E+00  0.00000000E+00  0.00000000E+00 
 0.00000000E+00  0.00000000E+00  0.00000000E+00  0.00000000E+00  0.00000000E+00  0.00000000E+00 
 0.00000000E+00  0.00000000E+00  0.00000000E+00  0.00000000E+00  0.00000000E+00  0.00000000E+00 
 0.00000000E+00  0.00000000E+00  0.00000000E+00  0.00000000E+00  0.00000000E+00  0.00000000E+00 
 0.00000000E+00  0.00000000E+00  0.00000000E+00  0.00000000E+00  0.00000000E+00  0.00000000E+00 
'LARDIR' 
'E'  2.17740000E+07  0.00000000E+00  3.44290000E+07  4.90999967E-02 
'APPORTS' 

 0.00000000E+00  0.00000000E+00  0.00000000E+00  0.00000000E+00  0.00000000E+00  0.00000000E+00 
 0.00000000E+00  0.00000000E+00  0.00000000E+00  0.00000000E+00  0.00000000E+00  0.00000000E+00 
 0.00000000E+00  0.00000000E+00  0.00000000E+00  0.00000000E+00  0.00000000E+00  0.00000000E+00 
 0.00000000E+00  0.00000000E+00  0.00000000E+00  0.00000000E+00  0.00000000E+00  0.00000000E+00 
 0.00000000E+00  0.00000000E+00  0.00000000E+00  0.00000000E+00  0.00000000E+00  0.00000000E+00 
 0.00000000E+00  0.00000000E+00  0.00000000E+00  0.00000000E+00  0.00000000E+00  0.00000000E+00 
 0.00000000E+00  0.00000000E+00  0.00000000E+00  0.00000000E+00  0.00000000E+00  0.00000000E+00 
 0.00000000E+00  0.00000000E+00  0.00000000E+00  0.00000000E+00  0.00000000E+00  0.00000000E+00 
 0.00000000E+00  0.00000000E+00  0.00000000E+00  0.00000000E+00  0.00000000E+00  0.00000000E+00 
 0.00000000E+00  0.00000000E+00  0.00000000E+00  0.00000000E+00  0.00000000E+00  0.00000000E+00 
 0.00000000E+00  0.00000000E+00  0.00000000E+00  0.00000000E+00  0.00000000E+00  0.00000000E+00 
 0.00000000E+00  0.00000000E+00  0.00000000E+00  0.00000000E+00  0.00000000E+00  0.00000000E+00 
 0.00000000E+00  0.00000000E+00  0.00000000E+00  0.00000000E+00  0.00000000E+00  0.00000000E+00 
 0.00000000E+00  0.00000000E+00  0.00000000E+00  0.00000000E+00  0.00000000E+00  0.00000000E+00 
 0.00000000E+00  0.00000000E+00  0.00000000E+00  0.00000000E+00  0.00000000E+00  0.00000000E+00 
 0.00000000E+00  0.00000000E+00  0.00000000E+00  0.00000000E+00  0.00000000E+00  0.00000000E+00 
'MAX OPTIMISATION' 

 3.44290000E+07  3.44290000E+07  3.44290000E+07  3.44290000E+07  3.44290000E+07  3.44290000E+07 
 3.44290000E+07  3.44290000E+07  3.44290000E+07  3.44290000E+07  3.44290000E+07  3.44290000E+07 
 3.44290000E+07  3.44290000E+07  3.44290000E+07  3.44290000E+07  3.44290000E+07  3.44290000E+07 
 3.44290000E+07  3.44290000E+07  3.44290000E+07  3.44290000E+07  3.44290000E+07  3.44290000E+07 
 3.44290000E+07  3.44290000E+07  3.44290000E+07  3.44290000E+07  3.44290000E+07  3.44290000E+07 
 3.44290000E+07  3.44290000E+07  3.44290000E+07  3.44290000E+07  3.44290000E+07  3.44290000E+07 
 3.44290000E+07  3.44290000E+07  3.44290000E+07  3.44290000E+07  3.44290000E+07  3.44290000E+07 
 3.44290000E+07  3.44290000E+07  3.44290000E+07  3.44290000E+07  3.44290000E+07  3.44290000E+07 
 3.44290000E+07  3.44290000E+07  3.44290000E+07  3.44290000E+07  3.44290000E+07  3.44290000E+07 
 3.44290000E+07  3.44290000E+07  3.44290000E+07  3.44290000E+07  3.44290000E+07  3.44290000E+07 
 3.44290000E+07  3.44290000E+07  3.44290000E+07  3.44290000E+07  3.44290000E+07  3.44290000E+07 
 3.44290000E+07  3.44290000E+07  3.44290000E+07  3.44290000E+07  3.44290000E+07  3.44290000E+07 
 3.44290000E+07  3.44290000E+07  3.44290000E+07  3.44290000E+07  3.44290000E+07  3.44290000E+07 
 3.44290000E+07  3.44290000E+07  3.44290000E+07  3.44290000E+07  3.44290000E+07  3.44290000E+07 
 3.44290000E+07  3.44290000E+07  3.44290000E+07  3.44290000E+07  3.44290000E+07  3.44290000E+07 
 3.44290000E+07  3.44290000E+07  3.44290000E+07  3.44290000E+07  3.44290000E+07  3.44290000E+07 
'MIN OPTIMISATION' 

 0.00000000E+00  0.00000000E+00  0.00000000E+00  0.00000000E+00  0.00000000E+00  0.00000000E+00 
 0.00000000E+00  0.00000000E+00  0.00000000E+00  0.00000000E+00  0.00000000E+00  0.00000000E+00 
 0.00000000E+00  0.00000000E+00  0.00000000E+00  0.00000000E+00  0.00000000E+00  0.00000000E+00 
 0.00000000E+00  0.00000000E+00  0.00000000E+00  0.00000000E+00  0.00000000E+00  0.00000000E+00 
 0.00000000E+00  0.00000000E+00  0.00000000E+00  0.00000000E+00  0.00000000E+00  0.00000000E+00 
 0.00000000E+00  0.00000000E+00  0.00000000E+00  0.00000000E+00  0.00000000E+00  0.00000000E+00 
 0.00000000E+00  0.00000000E+00  0.00000000E+00  0.00000000E+00  0.00000000E+00  0.00000000E+00 
 0.00000000E+00  0.00000000E+00  0.00000000E+00  0.00000000E+00  0.00000000E+00  0.00000000E+00 
 0.00000000E+00  0.00000000E+00  0.00000000E+00  0.00000000E+00  0.00000000E+00  0.00000000E+00 
 0.00000000E+00  0.00000000E+00  0.00000000E+00  0.00000000E+00  0.00000000E+00  0.00000000E+00 
 0.00000000E+00  0.00000000E+00  0.00000000E+00  0.00000000E+00  0.00000000E+00  0.00000000E+00 
 0.00000000E+00  0.00000000E+00  0.00000000E+00  0.00000000E+00  0.00000000E+00  0.00000000E+00 
 0.00000000E+00  0.00000000E+00  0.00000000E+00  0.00000000E+00  0.00000000E+00  0.00000000E+00 
 0.00000000E+00  0.00000000E+00  0.00000000E+00  0.00000000E+00  0.00000000E+00  0.00000000E+00 
 0.00000000E+00  0.00000000E+00  0.00000000E+00  0.00000000E+00  0.00000000E+00  0.00000000E+00 
 0.00000000E+00  0.00000000E+00  0.00000000E+00  0.00000000E+00  0.00000000E+00  0.00000000E+00 
'MAX LISSAGE' 

 3.44290000E+07  3.44290000E+07  3.44290000E+07  3.44290000E+07  3.44290000E+07  3.44290000E+07 
 3.44290000E+07  3.44290000E+07  3.44290000E+07  3.44290000E+07  3.44290000E+07  3.44290000E+07 
 3.44290000E+07  3.44290000E+07  3.44290000E+07  3.44290000E+07  3.44290000E+07  3.44290000E+07 
 3.44290000E+07  3.44290000E+07  3.44290000E+07  3.44290000E+07  3.44290000E+07  3.44290000E+07 
 3.44290000E+07  3.44290000E+07  3.44290000E+07  3.44290000E+07  3.44290000E+07  3.44290000E+07 
 3.44290000E+07  3.44290000E+07  3.44290000E+07  3.44290000E+07  3.44290000E+07  3.44290000E+07 
 3.44290000E+07  3.44290000E+07  3.44290000E+07  3.44290000E+07  3.44290000E+07  3.44290000E+07 
 3.44290000E+07  3.44290000E+07  3.44290000E+07  3.44290000E+07  3.44290000E+07  3.44290000E+07 
 3.44290000E+07  3.44290000E+07  3.44290000E+07  3.44290000E+07  3.44290000E+07  3.44290000E+07 
 3.44290000E+07  3.44290000E+07  3.44290000E+07  3.44290000E+07  3.44290000E+07  3.44290000E+07 
 3.44290000E+07  3.44290000E+07  3.44290000E+07  3.44290000E+07  3.44290000E+07  3.44290000E+07 
 3.44290000E+07  3.44290000E+07  3.44290000E+07  3.44290000E+07  3.44290000E+07  3.44290000E+07 
 3.44290000E+07  3.44290000E+07  3.44290000E+07  3.44290000E+07  3.44290000E+07  3.44290000E+07 
 3.44290000E+07  3.44290000E+07  3.44290000E+07  3.44290000E+07  3.44290000E+07  3.44290000E+07 
 3.44290000E+07  3.44290000E+07  3.44290000E+07  3.44290000E+07  3.44290000E+07  3.44290000E+07 
 3.44290000E+07  3.44290000E+07  3.44290000E+07  3.44290000E+07  3.44290000E+07  3.44290000E+07 
'MIN LISSAGE' 

 0.00000000E+00  0.00000000E+00  0.00000000E+00  0.00000000E+00  0.00000000E+00  0.00000000E+00 
 0.00000000E+00  0.00000000E+00  0.00000000E+00  0.00000000E+00  0.00000000E+00  0.00000000E+00 
 0.00000000E+00  0.00000000E+00  0.00000000E+00  0.00000000E+00  0.00000000E+00  0.00000000E+00 
 0.00000000E+00  0.00000000E+00  0.00000000E+00  0.00000000E+00  0.00000000E+00  0.00000000E+00 
 0.00000000E+00  0.00000000E+00  0.00000000E+00  0.00000000E+00  0.00000000E+00  0.00000000E+00 
 0.00000000E+00  0.00000000E+00  0.00000000E+00  0.00000000E+00  0.00000000E+00  0.00000000E+00 
 0.00000000E+00  0.00000000E+00  0.00000000E+00  0.00000000E+00  0.00000000E+00  0.00000000E+00 
 0.00000000E+00  0.00000000E+00  0.00000000E+00  0.00000000E+00  0.00000000E+00  0.00000000E+00 
 0.00000000E+00  0.00000000E+00  0.00000000E+00  0.00000000E+00  0.00000000E+00  0.00000000E+00 
 0.00000000E+00  0.00000000E+00  0.00000000E+00  0.00000000E+00  0.00000000E+00  0.00000000E+00 
 0.00000000E+00  0.00000000E+00  0.00000000E+00  0.00000000E+00  0.00000000E+00  0.00000000E+00 
 0.00000000E+00  0.00000000E+00  0.00000000E+00  0.00000000E+00  0.00000000E+00  0.00000000E+00 
 0.00000000E+00  0.00000000E+00  0.00000000E+00  0.00000000E+00  0.00000000E+00  0.00000000E+00 
 0.00000000E+00  0.00000000E+00  0.00000000E+00  0.00000000E+00  0.00000000E+00  0.00000000E+00 
 0.00000000E+00  0.00000000E+00  0.00000000E+00  0.00000000E+00  0.00000000E+00  0.00000000E+00 
 0.00000000E+00  0.00000000E+00  0.00000000E+00  0.00000000E+00  0.00000000E+00  0.00000000E+00 
'CSLNAR' 
'E'  1.29400000E+07  1.32299985E+07  1.32299985E+07  2.30000000E-02 
'APPORTS' 

 1.50000000E+00  1.50000000E+00  1.50000000E+00  1.50000000E+00  1.50000000E+00  1.50000000E+00 
 1.50000000E+00  1.50000000E+00  1.50000000E+00  1.50000000E+00  1.50000000E+00  1.50000000E+00 
 1.50000000E+00  1.50000000E+00  1.50000000E+00  1.50000000E+00  1.50000000E+00  1.50000000E+00 
 1.50000000E+00  1.50000000E+00  1.50000000E+00  1.50000000E+00  1.50000000E+00  1.50000000E+00 
 1.50000000E+00  1.50000000E+00  1.50000000E+00  1.50000000E+00  1.50000000E+00  1.50000000E+00 
 1.50000000E+00  1.50000000E+00  1.50000000E+00  1.50000000E+00  1.50000000E+00  1.50000000E+00 
 1.50000000E+00  1.50000000E+00  1.50000000E+00  1.50000000E+00  1.50000000E+00  1.50000000E+00 
 1.50000000E+00  1.50000000E+00  1.50000000E+00  1.50000000E+00  1.50000000E+00  1.50000000E+00 
 1.50000000E+00  1.50000000E+00  1.50000000E+00  1.50000000E+00  1.50000000E+00  1.50000000E+00 
 1.50000000E+00  1.50000000E+00  1.50000000E+00  1.50000000E+00  1.50000000E+00  1.50000000E+00 
 1.50000000E+00  1.50000000E+00  1.50000000E+00  1.50000000E+00  1.50000000E+00  1.50000000E+00 
 1.50000000E+00  1.50000000E+00  1.50000000E+00  1.50000000E+00  1.50000000E+00  1.50000000E+00 
 1.50000000E+00  1.50000000E+00  1.50000000E+00  1.50000000E+00  1.50000000E+00  1.50000000E+00 
 1.50000000E+00  1.50000000E+00  1.50000000E+00  1.50000000E+00  1.50000000E+00  1.50000000E+00 
 1.50000000E+00  1.50000000E+00  1.50000000E+00  1.50000000E+00  1.50000000E+00  1.50000000E+00 
 1.50000000E+00  1.50000000E+00  1.50000000E+00  1.50000000E+00  1.50000000E+00  1.50000000E+00 
'MAX OPTIMISATION' 

 2.00650000E+07  2.00650000E+07  2.00650000E+07  2.00650000E+07  2.00650000E+07  2.00650000E+07 
 2.00650000E+07  2.00650000E+07  2.00650000E+07  2.00650000E+07  2.00650000E+07  2.00650000E+07 
 2.00650000E+07  2.00650000E+07  2.00650000E+07  2.00650000E+07  2.00650000E+07  2.00650000E+07 
 2.00650000E+07  2.00650000E+07  2.00650000E+07  2.00650000E+07  2.00650000E+07  2.00650000E+07 
 2.00650000E+07  2.00650000E+07  2.00650000E+07  2.00650000E+07  2.00650000E+07  2.00650000E+07 
 2.00650000E+07  2.00650000E+07  2.00650000E+07  2.00650000E+07  2.00650000E+07  2.00650000E+07 
 2.00650000E+07  2.00650000E+07  2.00650000E+07  2.00650000E+07  2.00650000E+07  2.00650000E+07 
 2.00650000E+07  2.00650000E+07  2.00650000E+07  2.00650000E+07  2.00650000E+07  1.35699880E+07 
 2.00650000E+07  2.00650000E+07  2.00650000E+07  2.00650000E+07  2.00650000E+07  2.00650000E+07 
 2.00650000E+07  2.00650000E+07  2.00650000E+07  2.00650000E+07  2.00650000E+07  2.00650000E+07 
 2.00650000E+07  2.00650000E+07  2.00650000E+07  2.00650000E+07  2.00650000E+07  2.00650000E+07 
 2.00650000E+07  2.00650000E+07  2.00650000E+07  2.00650000E+07  2.00650000E+07  2.00650000E+07 
 2.00650000E+07  2.00650000E+07  2.00650000E+07  2.00650000E+07  2.00650000E+07  2.00650000E+07 
 2.00650000E+07  2.00650000E+07  2.00650000E+07  2.00650000E+07  2.00650000E+07  2.00650000E+07 
 2.00650000E+07  2.00650000E+07  2.00650000E+07  2.00650000E+07  2.00650000E+07  2.00650000E+07 
 2.00650000E+07  2.00650000E+07  2.00650000E+07  2.00650000E+07  2.00650000E+07  2.00650000E+07 
'MIN OPTIMISATION' 

 6.14000000E+06  6.14000000E+06  6.14000000E+06  6.14000000E+06  6.14000000E+06  6.14000000E+06 
 6.14000000E+06  6.14000000E+06  6.14000000E+06  6.14000000E+06  6.14000000E+06  6.14000000E+06 
 6.14000000E+06  6.14000000E+06  6.14000000E+06  6.14000000E+06  6.14000000E+06  6.14000000E+06 
 6.14000000E+06  6.14000000E+06  6.14000000E+06  6.14000000E+06  6.14000000E+06  6.14000000E+06 
 6.14000000E+06  6.14000000E+06  6.14000000E+06  6.14000000E+06  6.14000000E+06  6.14000000E+06 
 6.14000000E+06  6.14000000E+06  6.14000000E+06  6.14000000E+06  6.14000000E+06  6.14000000E+06 
 6.14000000E+06  6.14000000E+06  6.14000000E+06  6.14000000E+06  6.14000000E+06  6.14000000E+06 
 6.14000000E+06  6.14000000E+06  6.14000000E+06  6.14000000E+06  6.14000000E+06  1.29699710E+07 
 6.14000000E+06  6.14000000E+06  6.14000000E+06  6.14000000E+06  6.14000000E+06  6.14000000E+06 
 6.14000000E+06  6.14000000E+06  6.14000000E+06  6.14000000E+06  6.14000000E+06  6.14000000E+06 
 6.14000000E+06  6.14000000E+06  6.14000000E+06  6.14000000E+06  6.14000000E+06  6.14000000E+06 
 6.14000000E+06  6.14000000E+06  6.14000000E+06  6.14000000E+06  6.14000000E+06  6.14000000E+06 
 6.14000000E+06  6.14000000E+06  6.14000000E+06  6.14000000E+06  6.14000000E+06  6.14000000E+06 
 6.14000000E+06  6.14000000E+06  6.14000000E+06  6.14000000E+06  6.14000000E+06  6.14000000E+06 
 6.14000000E+06  6.14000000E+06  6.14000000E+06  6.14000000E+06  6.14000000E+06  6.14000000E+06 
 6.14000000E+06  6.14000000E+06  6.14000000E+06  6.14000000E+06  6.14000000E+06  6.14000000E+06 
'MAX LISSAGE' 

 2.02000000E+07  2.02000000E+07  2.02000000E+07  2.02000000E+07  2.02000000E+07  2.02000000E+07 
 2.02000000E+07  2.02000000E+07  2.02000000E+07  2.02000000E+07  2.02000000E+07  2.02000000E+07 
 2.02000000E+07  2.02000000E+07  2.02000000E+07  2.02000000E+07  2.02000000E+07  2.02000000E+07 
 2.02000000E+07  2.02000000E+07  2.02000000E+07  2.02000000E+07  2.02000000E+07  2.02000000E+07 
 2.02000000E+07  2.02000000E+07  2.02000000E+07  2.02000000E+07  2.02000000E+07  2.02000000E+07 
 2.02000000E+07  2.02000000E+07  2.02000000E+07  2.02000000E+07  2.02000000E+07  2.02000000E+07 
 2.02000000E+07  2.02000000E+07  2.02000000E+07  2.02000000E+07  2.02000000E+07  2.02000000E+07 
 2.02000000E+07  2.02000000E+07  2.02000000E+07  2.02000000E+07  2.02000000E+07  2.02000000E+07 
 2.02000000E+07  2.02000000E+07  2.02000000E+07  2.02000000E+07  2.02000000E+07  2.02000000E+07 
 2.02000000E+07  2.02000000E+07  2.02000000E+07  2.02000000E+07  2.02000000E+07  2.02000000E+07 
 2.02000000E+07  2.02000000E+07  2.02000000E+07  2.02000000E+07  2.02000000E+07  2.02000000E+07 
 2.02000000E+07  2.02000000E+07  2.02000000E+07  2.02000000E+07  2.02000000E+07  2.02000000E+07 
 2.02000000E+07  2.02000000E+07  2.02000000E+07  2.02000000E+07  2.02000000E+07  2.02000000E+07 
 2.02000000E+07  2.02000000E+07  2.02000000E+07  2.02000000E+07  2.02000000E+07  2.02000000E+07 
 2.02000000E+07  2.02000000E+07  2.02000000E+07  2.02000000E+07  2.02000000E+07  2.02000000E+07 
 2.02000000E+07  2.02000000E+07  2.02000000E+07  2.02000000E+07  2.02000000E+07  2.02000000E+07 
'MIN LISSAGE' 

 5.95000000E+06  5.95000000E+06  5.95000000E+06  5.95000000E+06  5.95000000E+06  5.95000000E+06 
 5.95000000E+06  5.95000000E+06  5.95000000E+06  5.95000000E+06  5.95000000E+06  5.95000000E+06 
 5.95000000E+06  5.95000000E+06  5.95000000E+06  5.95000000E+06  5.95000000E+06  5.95000000E+06 
 5.95000000E+06  5.95000000E+06  5.95000000E+06  5.95000000E+06  5.95000000E+06  5.95000000E+06 
 5.95000000E+06  5.95000000E+06  5.95000000E+06  5.95000000E+06  5.95000000E+06  5.95000000E+06 
 5.95000000E+06  5.95000000E+06  5.95000000E+06  5.95000000E+06  5.95000000E+06  5.95000000E+06 
 5.95000000E+06  5.95000000E+06  5.95000000E+06  5.95000000E+06  5.95000000E+06  5.95000000E+06 
 5.95000000E+06  5.95000000E+06  5.95000000E+06  5.95000000E+06  5.95000000E+06  5.95000000E+06 
 5.95000000E+06  5.95000000E+06  5.95000000E+06  5.95000000E+06  5.95000000E+06  5.95000000E+06 
 5.95000000E+06  5.95000000E+06  5.95000000E+06  5.95000000E+06  5.95000000E+06  5.95000000E+06 
 5.95000000E+06  5.95000000E+06  5.95000000E+06  5.95000000E+06  5.95000000E+06  5.95000000E+06 
 5.95000000E+06  5.95000000E+06  5.95000000E+06  5.95000000E+06  5.95000000E+06  5.95000000E+06 
 5.95000000E+06  5.95000000E+06  5.95000000E+06  5.95000000E+06  5.95000000E+06  5.95000000E+06 
 5.95000000E+06  5.95000000E+06  5.95000000E+06  5.95000000E+06  5.95000000E+06  5.95000000E+06 
 5.95000000E+06  5.95000000E+06  5.95000000E+06  5.95000000E+06  5.95000000E+06  5.95000000E+06 
 5.95000000E+06  5.95000000E+06  5.95000000E+06  5.95000000E+06  5.95000000E+06  5.95000000E+06 
'GOLINR' 
'E'  3.34000000E+05  3.90000000E+05  3.90000000E+05  0.00000000E+00 
'APPORTS' 

 1.00000000E+00  1.00000000E+00  1.00000000E+00  1.00000000E+00  1.00000000E+00  1.00000000E+00 
 1.00000000E+00 -1.00000000E+00 -1.00000000E+00 -1.00000000E+00 -1.00000000E+00 -1.00000000E+00 
-1.00000000E+00 -1.00000000E+00 -1.00000000E+00 -1.00000000E+00 -1.00000000E+00 -1.00000000E+00 
-1.00000000E+00 -1.00000000E+00 -1.00000000E+00 -1.00000000E+00 -1.00000000E+00 -1.00000000E+00 
-1.00000000E+00 -1.00000000E+00 -1.00000000E+00 -1.00000000E+00 -1.00000000E+00 -1.00000000E+00 
-1.00000000E+00 -1.00000000E+00 -1.00000000E+00 -1.00000000E+00 -1.00000000E+00 -1.00000000E+00 
-1.00000000E+00 -1.00000000E+00 -1.00000000E+00 -1.00000000E+00 -1.00000000E+00 -1.00000000E+00 
-1.00000000E+00 -1.00000000E+00 -1.00000000E+00 -1.00000000E+00 -1.00000000E+00 -1.00000000E+00 
-1.00000000E+00 -1.00000000E+00 -1.00000000E+00 -1.00000000E+00 -1.00000000E+00 -1.00000000E+00 
-1.00000000E+00 -1.00000000E+00 -1.00000000E+00 -1.00000000E+00 -1.00000000E+00 -1.00000000E+00 
-1.00000000E+00 -1.00000000E+00 -1.00000000E+00 -1.00000000E+00 -1.00000000E+00 -1.00000000E+00 
-1.00000000E+00 -1.00000000E+00 -1.00000000E+00 -1.00000000E+00 -1.00000000E+00 -1.00000000E+00 
-1.00000000E+00 -1.00000000E+00 -1.00000000E+00 -1.00000000E+00 -1.00000000E+00 -1.00000000E+00 
-1.00000000E+00 -1.00000000E+00 -1.00000000E+00 -1.00000000E+00 -1.00000000E+00 -1.00000000E+00 
-1.00000000E+00 -1.00000000E+00 -1.00000000E+00 -1.00000000E+00 -1.00000000E+00 -1.00000000E+00 
-1.00000000E+00 -1.00000000E+00 -1.00000000E+00 -1.00000000E+00 -1.00000000E+00 -1.00000000E+00 
'MAX OPTIMISATION' 

 8.65999188E+05  8.65999188E+05  8.65999188E+05  8.65999188E+05  8.65999188E+05  8.65999188E+05 
 8.65999188E+05  8.65999188E+05  8.65999188E+05  8.65999188E+05  8.65999188E+05  8.65999188E+05 
 8.65999188E+05  8.65999188E+05  8.65999188E+05  8.65999188E+05  8.65999188E+05  8.65999188E+05 
 8.65999188E+05  8.65999188E+05  8.65999188E+05  8.65999188E+05  8.65999188E+05  8.65999188E+05 
 8.65999188E+05  8.65999188E+05  8.65999188E+05  8.65999188E+05  8.65999188E+05  8.65999188E+05 
 8.65999188E+05  8.65999188E+05  8.65999188E+05  8.65999188E+05  8.65999188E+05  8.65999188E+05 
 8.65999188E+05  8.65999188E+05  8.65999188E+05  8.65999188E+05  8.65999188E+05  8.65999188E+05 
 8.65999188E+05  8.65999188E+05  8.65999188E+05  8.65999188E+05  8.65999188E+05  6.60994312E+05 
 8.65999188E+05  8.65999188E+05  8.65999188E+05  8.65999188E+05  8.65999188E+05  8.65999188E+05 
 8.65999188E+05  8.65999188E+05  8.65999188E+05  8.65999188E+05  8.65999188E+05  8.65999188E+05 
 8.65999188E+05  8.65999188E+05  8.65999188E+05  8.65999188E+05  8.65999188E+05  8.65999188E+05 
 8.65999188E+05  8.65999188E+05  8.65999188E+05  8.65999188E+05  8.65999188E+05  8.65999188E+05 
 8.65999188E+05  8.65999188E+05  8.65999188E+05  8.65999188E+05  8.65999188E+05  8.65999188E+05 
 8.65999188E+05  8.65999188E+05  8.65999188E+05  8.65999188E+05  8.65999188E+05  8.65999188E+05 
 8.65999188E+05  8.65999188E+05  8.65999188E+05  8.65999188E+05  8.65999188E+05  8.65999188E+05 
 8.65999188E+05  8.65999188E+05  8.65999188E+05  8.65999188E+05  8.65999188E+05  8.65999188E+05 
'MIN OPTIMISATION' 

 1.78002031E+05  1.78002031E+05  1.78002031E+05  1.78002031E+05  1.78002031E+05  1.78002031E+05 
 1.78002031E+05  1.78002031E+05  1.78002031E+05  1.78002031E+05  1.78002031E+05  1.78002031E+05 
 1.78002031E+05  1.78002031E+05  1.78002031E+05  1.78002031E+05  1.78002031E+05  1.78002031E+05 
 1.78002031E+05  1.78002031E+05  1.78002031E+05  1.78002031E+05  1.78002031E+05  1.78002031E+05 
 1.78002031E+05  1.78002031E+05  1.78002031E+05  1.78002031E+05  1.78002031E+05  1.78002031E+05 
 1.78002031E+05  1.78002031E+05  1.78002031E+05  1.78002031E+05  1.78002031E+05  1.78002031E+05 
 1.78002031E+05  1.78002031E+05  1.78002031E+05  1.78002031E+05  1.78002031E+05  1.78002031E+05 
 1.78002031E+05  1.78002031E+05  1.78002031E+05  1.78002031E+05  1.78002031E+05  1.78002031E+05 
 1.78002031E+05  1.78002031E+05  1.78002031E+05  1.78002031E+05  1.78002031E+05  1.78002031E+05 
 1.78002031E+05  1.78002031E+05  1.78002031E+05  1.78002031E+05  1.78002031E+05  1.78002031E+05 
 1.78002031E+05  1.78002031E+05  1.78002031E+05  1.78002031E+05  1.78002031E+05  1.78002031E+05 
 1.78002031E+05  1.78002031E+05  1.78002031E+05  1.78002031E+05  1.78002031E+05  1.78002031E+05 
 1.78002031E+05  1.78002031E+05  1.78002031E+05  1.78002031E+05  1.78002031E+05  1.78002031E+05 
 1.78002031E+05  1.78002031E+05  1.78002031E+05  1.78002031E+05  1.78002031E+05  1.78002031E+05 
 1.78002031E+05  1.78002031E+05  1.78002031E+05  1.78002031E+05  1.78002031E+05  1.78002031E+05 
 1.78002031E+05  1.78002031E+05  1.78002031E+05  1.78002031E+05  1.78002031E+05  1.78002031E+05 
'MAX LISSAGE' 

 9.50000000E+05  9.50000000E+05  9.50000000E+05  9.50000000E+05  9.50000000E+05  9.50000000E+05 
 9.50000000E+05  9.50000000E+05  9.50000000E+05  9.50000000E+05  9.50000000E+05  9.50000000E+05 
 9.50000000E+05  9.50000000E+05  9.50000000E+05  9.50000000E+05  9.50000000E+05  9.50000000E+05 
 9.50000000E+05  9.50000000E+05  9.50000000E+05  9.50000000E+05  9.50000000E+05  9.50000000E+05 
 9.50000000E+05  9.50000000E+05  9.50000000E+05  9.50000000E+05  9.50000000E+05  9.50000000E+05 
 9.50000000E+05  9.50000000E+05  9.50000000E+05  9.50000000E+05  9.50000000E+05  9.50000000E+05 
 9.50000000E+05  9.50000000E+05  9.50000000E+05  9.50000000E+05  9.50000000E+05  9.50000000E+05 
 9.50000000E+05  9.50000000E+05  9.50000000E+05  9.50000000E+05  9.50000000E+05  9.50000000E+05 
 9.50000000E+05  9.50000000E+05  9.50000000E+05  9.50000000E+05  9.50000000E+05  9.50000000E+05 
 9.50000000E+05  9.50000000E+05  9.50000000E+05  9.50000000E+05  9.50000000E+05  9.50000000E+05 
 9.50000000E+05  9.50000000E+05  9.50000000E+05  9.50000000E+05  9.50000000E+05  9.50000000E+05 
 9.50000000E+05  9.50000000E+05  9.50000000E+05  9.50000000E+05  9.50000000E+05  9.50000000E+05 
 9.50000000E+05  9.50000000E+05  9.50000000E+05  9.50000000E+05  9.50000000E+05  9.50000000E+05 
 9.50000000E+05  9.50000000E+05  9.50000000E+05  9.50000000E+05  9.50000000E+05  9.50000000E+05 
 9.50000000E+05  9.50000000E+05  9.50000000E+05  9.50000000E+05  9.50000000E+05  9.50000000E+05 
 9.50000000E+05  9.50000000E+05  9.50000000E+05  9.50000000E+05  9.50000000E+05  9.50000000E+05 
'MIN LISSAGE' 

 1.00000758E+05  1.00000758E+05  1.00000758E+05  1.00000758E+05  1.00000758E+05  1.00000758E+05 
 1.00000758E+05  1.00000758E+05  1.00000758E+05  1.00000758E+05  1.00000758E+05  1.00000758E+05 
 1.00000758E+05  1.00000758E+05  1.00000758E+05  1.00000758E+05  1.00000758E+05  1.00000758E+05 
 1.00000758E+05  1.00000758E+05  1.00000758E+05  1.00000758E+05  1.00000758E+05  1.00000758E+05 
 1.00000758E+05  1.00000758E+05  1.00000758E+05  1.00000758E+05  1.00000758E+05  1.00000758E+05 
 1.00000758E+05  1.00000758E+05  1.00000758E+05  1.00000758E+05  1.00000758E+05  1.00000758E+05 
 1.00000758E+05  1.00000758E+05  1.00000758E+05  1.00000758E+05  1.00000758E+05  1.00000758E+05 
 1.00000758E+05  1.00000758E+05  1.00000758E+05  1.00000758E+05  1.00000758E+05  1.00000758E+05 
 1.00000758E+05  1.00000758E+05  1.00000758E+05  1.00000758E+05  1.00000758E+05  1.00000758E+05 
 1.00000758E+05  1.00000758E+05  1.00000758E+05  1.00000758E+05  1.00000758E+05  1.00000758E+05 
 1.00000758E+05  1.00000758E+05  1.00000758E+05  1.00000758E+05  1.00000758E+05  1.00000758E+05 
 1.00000758E+05  1.00000758E+05  1.00000758E+05  1.00000758E+05  1.00000758E+05  1.00000758E+05 
 1.00000758E+05  1.00000758E+05  1.00000758E+05  1.00000758E+05  1.00000758E+05  1.00000758E+05 
 1.00000758E+05  1.00000758E+05  1.00000758E+05  1.00000758E+05  1.00000758E+05  1.00000758E+05 
 1.00000758E+05  1.00000758E+05  1.00000758E+05  1.00000758E+05  1.00000758E+05  1.00000758E+05 
 1.00000758E+05  1.00000758E+05  1.00000758E+05  1.00000758E+05  1.00000758E+05  1.00000758E+05 
'GNIOUR' 
'E'  8.53600000E+06  0.00000000E+00  2.76360000E+07  1.75500005E-01 
'APPORTS' 

 0.00000000E+00  0.00000000E+00  0.00000000E+00  0.00000000E+00  0.00000000E+00  0.00000000E+00 
 0.00000000E+00  0.00000000E+00  0.00000000E+00  0.00000000E+00  0.00000000E+00  0.00000000E+00 
 0.00000000E+00  0.00000000E+00  0.00000000E+00  0.00000000E+00  0.00000000E+00  0.00000000E+00 
 0.00000000E+00  0.00000000E+00  0.00000000E+00  0.00000000E+00  0.00000000E+00  0.00000000E+00 
 0.00000000E+00  0.00000000E+00  0.00000000E+00  0.00000000E+00  0.00000000E+00  0.00000000E+00 
 0.00000000E+00  0.00000000E+00  0.00000000E+00  0.00000000E+00  0.00000000E+00  0.00000000E+00 
 0.00000000E+00  0.00000000E+00  0.00000000E+00  0.00000000E+00  0.00000000E+00  0.00000000E+00 
 0.00000000E+00  0.00000000E+00  0.00000000E+00  0.00000000E+00  0.00000000E+00  0.00000000E+00 
 0.00000000E+00  0.00000000E+00  0.00000000E+00  0.00000000E+00  0.00000000E+00  0.00000000E+00 
 0.00000000E+00  0.00000000E+00  0.00000000E+00  0.00000000E+00  0.00000000E+00  0.00000000E+00 
 0.00000000E+00  0.00000000E+00  0.00000000E+00  0.00000000E+00  0.00000000E+00  0.00000000E+00 
 0.00000000E+00  0.00000000E+00  0.00000000E+00  0.00000000E+00  0.00000000E+00  0.00000000E+00 
 0.00000000E+00  0.00000000E+00  0.00000000E+00  0.00000000E+00  0.00000000E+00  0.00000000E+00 
 0.00000000E+00  0.00000000E+00  0.00000000E+00  0.00000000E+00  0.00000000E+00  0.00000000E+00 
 0.00000000E+00  0.00000000E+00  0.00000000E+00  0.00000000E+00  0.00000000E+00  0.00000000E+00 
 0.00000000E+00  0.00000000E+00  0.00000000E+00  0.00000000E+00  0.00000000E+00  0.00000000E+00 
'MAX OPTIMISATION' 

 2.76360000E+07  2.76360000E+07  2.76360000E+07  2.76360000E+07  2.76360000E+07  2.76360000E+07 
 2.76360000E+07  2.76360000E+07  2.76360000E+07  2.76360000E+07  2.76360000E+07  2.76360000E+07 
 2.76360000E+07  2.76360000E+07  2.76360000E+07  2.76360000E+07  2.76360000E+07  2.76360000E+07 
 2.76360000E+07  2.76360000E+07  2.76360000E+07  2.76360000E+07  2.76360000E+07  2.76360000E+07 
 2.76360000E+07  2.76360000E+07  2.76360000E+07  2.76360000E+07  2.76360000E+07  2.76360000E+07 
 2.76360000E+07  2.76360000E+07  2.76360000E+07  2.76360000E+07  2.76360000E+07  2.76360000E+07 
 2.76360000E+07  2.76360000E+07  2.76360000E+07  2.76360000E+07  2.76360000E+07  2.76360000E+07 
 2.76360000E+07  2.76360000E+07  2.76360000E+07  2.76360000E+07  2.76360000E+07  2.76360000E+07 
 2.76360000E+07  2.76360000E+07  2.76360000E+07  2.76360000E+07  2.76360000E+07  2.76360000E+07 
 2.76360000E+07  2.76360000E+07  2.76360000E+07  2.76360000E+07  2.76360000E+07  2.76360000E+07 
 2.76360000E+07  2.76360000E+07  2.76360000E+07  2.76360000E+07  2.76360000E+07  2.76360000E+07 
 2.76360000E+07  2.76360000E+07  2.76360000E+07  2.76360000E+07  2.76360000E+07  2.76360000E+07 
 2.76360000E+07  2.76360000E+07  2.76360000E+07  2.76360000E+07  2.76360000E+07  2.76360000E+07 
 2.76360000E+07  2.76360000E+07  2.76360000E+07  2.76360000E+07  2.76360000E+07  2.76360000E+07 
 2.76360000E+07  2.76360000E+07  2.76360000E+07  2.76360000E+07  2.76360000E+07  2.76360000E+07 
 2.76360000E+07  2.76360000E+07  2.76360000E+07  2.76360000E+07  2.76360000E+07  2.76360000E+07 
'MIN OPTIMISATION' 

 0.00000000E+00  0.00000000E+00  0.00000000E+00  0.00000000E+00  0.00000000E+00  0.00000000E+00 
 0.00000000E+00  0.00000000E+00  0.00000000E+00  0.00000000E+00  0.00000000E+00  0.00000000E+00 
 0.00000000E+00  0.00000000E+00  0.00000000E+00  0.00000000E+00  0.00000000E+00  0.00000000E+00 
 0.00000000E+00  0.00000000E+00  0.00000000E+00  0.00000000E+00  0.00000000E+00  0.00000000E+00 
 0.00000000E+00  0.00000000E+00  0.00000000E+00  0.00000000E+00  0.00000000E+00  0.00000000E+00 
 0.00000000E+00  0.00000000E+00  0.00000000E+00  0.00000000E+00  0.00000000E+00  0.00000000E+00 
 0.00000000E+00  0.00000000E+00  0.00000000E+00  0.00000000E+00  0.00000000E+00  0.00000000E+00 
 0.00000000E+00  0.00000000E+00  0.00000000E+00  0.00000000E+00  0.00000000E+00  0.00000000E+00 
 0.00000000E+00  0.00000000E+00  0.00000000E+00  0.00000000E+00  0.00000000E+00  0.00000000E+00 
 0.00000000E+00  0.00000000E+00  0.00000000E+00  0.00000000E+00  0.00000000E+00  0.00000000E+00 
 0.00000000E+00  0.00000000E+00  0.00000000E+00  0.00000000E+00  0.00000000E+00  0.00000000E+00 
 0.00000000E+00  0.00000000E+00  0.00000000E+00  0.00000000E+00  0.00000000E+00  0.00000000E+00 
 0.00000000E+00  0.00000000E+00  0.00000000E+00  0.00000000E+00  0.00000000E+00  0.00000000E+00 
 0.00000000E+00  0.00000000E+00  0.00000000E+00  0.00000000E+00  0.00000000E+00  0.00000000E+00 
 0.00000000E+00  0.00000000E+00  0.00000000E+00  0.00000000E+00  0.00000000E+00  0.00000000E+00 
 0.00000000E+00  0.00000000E+00  0.00000000E+00  0.00000000E+00  0.00000000E+00  0.00000000E+00 
'MAX LISSAGE' 

 2.76360000E+07  2.76360000E+07  2.76360000E+07  2.76360000E+07  2.76360000E+07  2.76360000E+07 
 2.76360000E+07  2.76360000E+07  2.76360000E+07  2.76360000E+07  2.76360000E+07  2.76360000E+07 
 2.76360000E+07  2.76360000E+07  2.76360000E+07  2.76360000E+07  2.76360000E+07  2.76360000E+07 
 2.76360000E+07  2.76360000E+07  2.76360000E+07  2.76360000E+07  2.76360000E+07  2.76360000E+07 
 2.76360000E+07  2.76360000E+07  2.76360000E+07  2.76360000E+07  2.76360000E+07  2.76360000E+07 
 2.76360000E+07  2.76360000E+07  2.76360000E+07  2.76360000E+07  2.76360000E+07  2.76360000E+07 
 2.76360000E+07  2.76360000E+07  2.76360000E+07  2.76360000E+07  2.76360000E+07  2.76360000E+07 
 2.76360000E+07  2.76360000E+07  2.76360000E+07  2.76360000E+07  2.76360000E+07  2.76360000E+07 
 2.76360000E+07  2.76360000E+07  2.76360000E+07  2.76360000E+07  2.76360000E+07  2.76360000E+07 
 2.76360000E+07  2.76360000E+07  2.76360000E+07  2.76360000E+07  2.76360000E+07  2.76360000E+07 
 2.76360000E+07  2.76360000E+07  2.76360000E+07  2.76360000E+07  2.76360000E+07  2.76360000E+07 
 2.76360000E+07  2.76360000E+07  2.76360000E+07  2.76360000E+07  2.76360000E+07  2.76360000E+07 
 2.76360000E+07  2.76360000E+07  2.76360000E+07  2.76360000E+07  2.76360000E+07  2.76360000E+07 
 2.76360000E+07  2.76360000E+07  2.76360000E+07  2.76360000E+07  2.76360000E+07  2.76360000E+07 
 2.76360000E+07  2.76360000E+07  2.76360000E+07  2.76360000E+07  2.76360000E+07  2.76360000E+07 
 2.76360000E+07  2.76360000E+07  2.76360000E+07  2.76360000E+07  2.76360000E+07  2.76360000E+07 
'MIN LISSAGE' 

 0.00000000E+00  0.00000000E+00  0.00000000E+00  0.00000000E+00  0.00000000E+00  0.00000000E+00 
 0.00000000E+00  0.00000000E+00  0.00000000E+00  0.00000000E+00  0.00000000E+00  0.00000000E+00 
 0.00000000E+00  0.00000000E+00  0.00000000E+00  0.00000000E+00  0.00000000E+00  0.00000000E+00 
 0.00000000E+00  0.00000000E+00  0.00000000E+00  0.00000000E+00  0.00000000E+00  0.00000000E+00 
 0.00000000E+00  0.00000000E+00  0.00000000E+00  0.00000000E+00  0.00000000E+00  0.00000000E+00 
 0.00000000E+00  0.00000000E+00  0.00000000E+00  0.00000000E+00  0.00000000E+00  0.00000000E+00 
 0.00000000E+00  0.00000000E+00  0.00000000E+00  0.00000000E+00  0.00000000E+00  0.00000000E+00 
 0.00000000E+00  0.00000000E+00  0.00000000E+00  0.00000000E+00  0.00000000E+00  0.00000000E+00 
 0.00000000E+00  0.00000000E+00  0.00000000E+00  0.00000000E+00  0.00000000E+00  0.00000000E+00 
 0.00000000E+00  0.00000000E+00  0.00000000E+00  0.00000000E+00  0.00000000E+00  0.00000000E+00 
 0.00000000E+00  0.00000000E+00  0.00000000E+00  0.00000000E+00  0.00000000E+00  0.00000000E+00 
 0.00000000E+00  0.00000000E+00  0.00000000E+00  0.00000000E+00  0.00000000E+00  0.00000000E+00 
 0.00000000E+00  0.00000000E+00  0.00000000E+00  0.00000000E+00  0.00000000E+00  0.00000000E+00 
 0.00000000E+00  0.00000000E+00  0.00000000E+00  0.00000000E+00  0.00000000E+00  0.00000000E+00 
 0.00000000E+00  0.00000000E+00  0.00000000E+00  0.00000000E+00  0.00000000E+00  0.00000000E+00 
 0.00000000E+00  0.00000000E+00  0.00000000E+00  0.00000000E+00  0.00000000E+00  0.00000000E+00 
'AUZATR' 
'X'  0.00000000E+00  0.00000000E+00  0.00000000E+00  0.00000000E+00 
'APPORTS' 

 6.99999988E-01  6.99999988E-01  6.99999988E-01  6.99999988E-01  6.99999988E-01  6.99999988E-01 
 6.99999988E-01  6.99999988E-01  6.99999988E-01  6.99999988E-01  6.99999988E-01  6.99999988E-01 
 6.99999988E-01  6.99999988E-01  6.99999988E-01  6.99999988E-01  6.99999988E-01  6.99999988E-01 
 6.99999988E-01  6.99999988E-01  6.99999988E-01  6.99999988E-01  6.99999988E-01  6.99999988E-01 
 6.99999988E-01  6.99999988E-01  6.99999988E-01  6.99999988E-01  6.99999988E-01  6.99999988E-01 
 6.99999988E-01  6.99999988E-01  6.99999988E-01  6.99999988E-01  6.99999988E-01  6.99999988E-01 
 6.99999988E-01  6.99999988E-01  6.99999988E-01  6.99999988E-01  6.99999988E-01  6.99999988E-01 
 6.99999988E-01  6.99999988E-01  6.99999988E-01  6.99999988E-01  6.99999988E-01  6.99999988E-01 
 6.99999988E-01  6.99999988E-01  6.99999988E-01  6.99999988E-01  6.99999988E-01  6.99999988E-01 
 6.99999988E-01  6.99999988E-01  6.99999988E-01  6.99999988E-01  6.99999988E-01  6.99999988E-01 
 6.99999988E-01  6.99999988E-01  6.99999988E-01  6.99999988E-01  6.99999988E-01  6.99999988E-01 
 6.99999988E-01  6.99999988E-01  6.99999988E-01  6.99999988E-01  6.99999988E-01  6.99999988E-01 
 6.99999988E-01  6.99999988E-01  6.99999988E-01  6.99999988E-01  6.99999988E-01  6.99999988E-01 
 6.99999988E-01  6.99999988E-01  6.99999988E-01  6.99999988E-01  6.99999988E-01  6.99999988E-01 
 6.99999988E-01  6.99999988E-01  6.99999988E-01  6.99999988E-01  6.99999988E-01  6.99999988E-01 
 6.99999988E-01  6.99999988E-01  6.99999988E-01  6.99999988E-01  6.99999988E-01  6.99999988E-01 
'MAX OPTIMISATION' 

 0.00000000E+00  0.00000000E+00  0.00000000E+00  0.00000000E+00  0.00000000E+00  0.00000000E+00 
 0.00000000E+00  0.00000000E+00  0.00000000E+00  0.00000000E+00  0.00000000E+00  0.00000000E+00 
 0.00000000E+00  0.00000000E+00  0.00000000E+00  0.00000000E+00  0.00000000E+00  0.00000000E+00 
 0.00000000E+00  0.00000000E+00  0.00000000E+00  0.00000000E+00  0.00000000E+00  0.00000000E+00 
 0.00000000E+00  0.00000000E+00  0.00000000E+00  0.00000000E+00  0.00000000E+00  0.00000000E+00 
 0.00000000E+00  0.00000000E+00  0.00000000E+00  0.00000000E+00  0.00000000E+00  0.00000000E+00 
 0.00000000E+00  0.00000000E+00  0.00000000E+00  0.00000000E+00  0.00000000E+00  0.00000000E+00 
 0.00000000E+00  0.00000000E+00  0.00000000E+00  0.00000000E+00  0.00000000E+00  0.00000000E+00 
 0.00000000E+00  0.00000000E+00  0.00000000E+00  0.00000000E+00  0.00000000E+00  0.00000000E+00 
 0.00000000E+00  0.00000000E+00  0.00000000E+00  0.00000000E+00  0.00000000E+00  0.00000000E+00 
 0.00000000E+00  0.00000000E+00  0.00000000E+00  0.00000000E+00  0.00000000E+00  0.00000000E+00 
 0.00000000E+00  0.00000000E+00  0.00000000E+00  0.00000000E+00  0.00000000E+00  0.00000000E+00 
 0.00000000E+00  0.00000000E+00  0.00000000E+00  0.00000000E+00  0.00000000E+00  0.00000000E+00 
 0.00000000E+00  0.00000000E+00  0.00000000E+00  0.00000000E+00  0.00000000E+00  0.00000000E+00 
 0.00000000E+00  0.00000000E+00  0.00000000E+00  0.00000000E+00  0.00000000E+00  0.00000000E+00 
 0.00000000E+00  0.00000000E+00  0.00000000E+00  0.00000000E+00  0.00000000E+00  0.00000000E+00 
'MIN OPTIMISATION' 

 0.00000000E+00  0.00000000E+00  0.00000000E+00  0.00000000E+00  0.00000000E+00  0.00000000E+00 
 0.00000000E+00  0.00000000E+00  0.00000000E+00  0.00000000E+00  0.00000000E+00  0.00000000E+00 
 0.00000000E+00  0.00000000E+00  0.00000000E+00  0.00000000E+00  0.00000000E+00  0.00000000E+00 
 0.00000000E+00  0.00000000E+00  0.00000000E+00  0.00000000E+00  0.00000000E+00  0.00000000E+00 
 0.00000000E+00  0.00000000E+00  0.00000000E+00  0.00000000E+00  0.00000000E+00  0.00000000E+00 
 0.00000000E+00  0.00000000E+00  0.00000000E+00  0.00000000E+00  0.00000000E+00  0.00000000E+00 
 0.00000000E+00  0.00000000E+00  0.00000000E+00  0.00000000E+00  0.00000000E+00  0.00000000E+00 
 0.00000000E+00  0.00000000E+00  0.00000000E+00  0.00000000E+00  0.00000000E+00  0.00000000E+00 
 0.00000000E+00  0.00000000E+00  0.00000000E+00  0.00000000E+00  0.00000000E+00  0.00000000E+00 
 0.00000000E+00  0.00000000E+00  0.00000000E+00  0.00000000E+00  0.00000000E+00  0.00000000E+00 
 0.00000000E+00  0.00000000E+00  0.00000000E+00  0.00000000E+00  0.00000000E+00  0.00000000E+00 
 0.00000000E+00  0.00000000E+00  0.00000000E+00  0.00000000E+00  0.00000000E+00  0.00000000E+00 
 0.00000000E+00  0.00000000E+00  0.00000000E+00  0.00000000E+00  0.00000000E+00  0.00000000E+00 
 0.00000000E+00  0.00000000E+00  0.00000000E+00  0.00000000E+00  0.00000000E+00  0.00000000E+00 
 0.00000000E+00  0.00000000E+00  0.00000000E+00  0.00000000E+00  0.00000000E+00  0.00000000E+00 
 0.00000000E+00  0.00000000E+00  0.00000000E+00  0.00000000E+00  0.00000000E+00  0.00000000E+00 
'MAX LISSAGE' 

 0.00000000E+00  0.00000000E+00  0.00000000E+00  0.00000000E+00  0.00000000E+00  0.00000000E+00 
 0.00000000E+00  0.00000000E+00  0.00000000E+00  0.00000000E+00  0.00000000E+00  0.00000000E+00 
 0.00000000E+00  0.00000000E+00  0.00000000E+00  0.00000000E+00  0.00000000E+00  0.00000000E+00 
 0.00000000E+00  0.00000000E+00  0.00000000E+00  0.00000000E+00  0.00000000E+00  0.00000000E+00 
 0.00000000E+00  0.00000000E+00  0.00000000E+00  0.00000000E+00  0.00000000E+00  0.00000000E+00 
 0.00000000E+00  0.00000000E+00  0.00000000E+00  0.00000000E+00  0.00000000E+00  0.00000000E+00 
 0.00000000E+00  0.00000000E+00  0.00000000E+00  0.00000000E+00  0.00000000E+00  0.00000000E+00 
 0.00000000E+00  0.00000000E+00  0.00000000E+00  0.00000000E+00  0.00000000E+00  0.00000000E+00 
 0.00000000E+00  0.00000000E+00  0.00000000E+00  0.00000000E+00  0.00000000E+00  0.00000000E+00 
 0.00000000E+00  0.00000000E+00  0.00000000E+00  0.00000000E+00  0.00000000E+00  0.00000000E+00 
 0.00000000E+00  0.00000000E+00  0.00000000E+00  0.00000000E+00  0.00000000E+00  0.00000000E+00 
 0.00000000E+00  0.00000000E+00  0.00000000E+00  0.00000000E+00  0.00000000E+00  0.00000000E+00 
 0.00000000E+00  0.00000000E+00  0.00000000E+00  0.00000000E+00  0.00000000E+00  0.00000000E+00 
 0.00000000E+00  0.00000000E+00  0.00000000E+00  0.00000000E+00  0.00000000E+00  0.00000000E+00 
 0.00000000E+00  0.00000000E+00  0.00000000E+00  0.00000000E+00  0.00000000E+00  0.00000000E+00 
 0.00000000E+00  0.00000000E+00  0.00000000E+00  0.00000000E+00  0.00000000E+00  0.00000000E+00 
'MIN LISSAGE' 

 0.00000000E+00  0.00000000E+00  0.00000000E+00  0.00000000E+00  0.00000000E+00  0.00000000E+00 
 0.00000000E+00  0.00000000E+00  0.00000000E+00  0.00000000E+00  0.00000000E+00  0.00000000E+00 
 0.00000000E+00  0.00000000E+00  0.00000000E+00  0.00000000E+00  0.00000000E+00  0.00000000E+00 
 0.00000000E+00  0.00000000E+00  0.00000000E+00  0.00000000E+00  0.00000000E+00  0.00000000E+00 
 0.00000000E+00  0.00000000E+00  0.00000000E+00  0.00000000E+00  0.00000000E+00  0.00000000E+00 
 0.00000000E+00  0.00000000E+00  0.00000000E+00  0.00000000E+00  0.00000000E+00  0.00000000E+00 
 0.00000000E+00  0.00000000E+00  0.00000000E+00  0.00000000E+00  0.00000000E+00  0.00000000E+00 
 0.00000000E+00  0.00000000E+00  0.00000000E+00  0.00000000E+00  0.00000000E+00  0.00000000E+00 
 0.00000000E+00  0.00000000E+00  0.00000000E+00  0.00000000E+00  0.00000000E+00  0.00000000E+00 
 0.00000000E+00  0.00000000E+00  0.00000000E+00  0.00000000E+00  0.00000000E+00  0.00000000E+00 
 0.00000000E+00  0.00000000E+00  0.00000000E+00  0.00000000E+00  0.00000000E+00  0.00000000E+00 
 0.00000000E+00  0.00000000E+00  0.00000000E+00  0.00000000E+00  0.00000000E+00  0.00000000E+00 
 0.00000000E+00  0.00000000E+00  0.00000000E+00  0.00000000E+00  0.00000000E+00  0.00000000E+00 
 0.00000000E+00  0.00000000E+00  0.00000000E+00  0.00000000E+00  0.00000000E+00  0.00000000E+00 
 0.00000000E+00  0.00000000E+00  0.00000000E+00  0.00000000E+00  0.00000000E+00  0.00000000E+00 
 0.00000000E+00  0.00000000E+00  0.00000000E+00  0.00000000E+00  0.00000000E+00  0.00000000E+00 
'IZOURR' 
'E'  4.80400000E+06  0.00000000E+00  7.11400000E+06  1.17500000E-01 
'APPORTS' 

 0.00000000E+00  0.00000000E+00  0.00000000E+00  0.00000000E+00  0.00000000E+00  0.00000000E+00 
 0.00000000E+00  0.00000000E+00  0.00000000E+00  0.00000000E+00  0.00000000E+00  0.00000000E+00 
 0.00000000E+00  0.00000000E+00  0.00000000E+00  0.00000000E+00  0.00000000E+00  0.00000000E+00 
 0.00000000E+00  0.00000000E+00  0.00000000E+00  0.00000000E+00  0.00000000E+00  0.00000000E+00 
 0.00000000E+00  0.00000000E+00  0.00000000E+00  0.00000000E+00  0.00000000E+00  0.00000000E+00 
 0.00000000E+00  0.00000000E+00  0.00000000E+00  0.00000000E+00  0.00000000E+00  0.00000000E+00 
 0.00000000E+00  0.00000000E+00  0.00000000E+00  0.00000000E+00  0.00000000E+00  0.00000000E+00 
 0.00000000E+00  0.00000000E+00  0.00000000E+00  0.00000000E+00  0.00000000E+00  0.00000000E+00 
 0.00000000E+00  0.00000000E+00  0.00000000E+00  0.00000000E+00  0.00000000E+00  0.00000000E+00 
 0.00000000E+00  0.00000000E+00  0.00000000E+00  0.00000000E+00  0.00000000E+00  0.00000000E+00 
 0.00000000E+00  0.00000000E+00  0.00000000E+00  0.00000000E+00  0.00000000E+00  0.00000000E+00 
 0.00000000E+00  0.00000000E+00  0.00000000E+00  0.00000000E+00  0.00000000E+00  0.00000000E+00 
 0.00000000E+00  0.00000000E+00  0.00000000E+00  0.00000000E+00  0.00000000E+00  0.00000000E+00 
 0.00000000E+00  0.00000000E+00  0.00000000E+00  0.00000000E+00  0.00000000E+00  0.00000000E+00 
 0.00000000E+00  0.00000000E+00  0.00000000E+00  0.00000000E+00  0.00000000E+00  0.00000000E+00 
 0.00000000E+00  0.00000000E+00  0.00000000E+00  0.00000000E+00  0.00000000E+00  0.00000000E+00 
'MAX OPTIMISATION' 

 7.11400000E+06  7.11400000E+06  7.11400000E+06  7.11400000E+06  7.11400000E+06  7.11400000E+06 
 7.11400000E+06  7.11400000E+06  7.11400000E+06  7.11400000E+06  7.11400000E+06  7.11400000E+06 
 7.11400000E+06  7.11400000E+06  7.11400000E+06  7.11400000E+06  7.11400000E+06  7.11400000E+06 
 7.11400000E+06  7.11400000E+06  7.11400000E+06  7.11400000E+06  7.11400000E+06  7.11400000E+06 
 7.11400000E+06  7.11400000E+06  7.11400000E+06  7.11400000E+06  7.11400000E+06  7.11400000E+06 
 7.11400000E+06  7.11400000E+06  7.11400000E+06  7.11400000E+06  7.11400000E+06  7.11400000E+06 
 7.11400000E+06  7.11400000E+06  7.11400000E+06  7.11400000E+06  7.11400000E+06  7.11400000E+06 
 7.11400000E+06  7.11400000E+06  7.11400000E+06  7.11400000E+06  7.11400000E+06  7.11400000E+06 
 7.11400000E+06  7.11400000E+06  7.11400000E+06  7.11400000E+06  7.11400000E+06  7.11400000E+06 
 7.11400000E+06  7.11400000E+06  7.11400000E+06  7.11400000E+06  7.11400000E+06  7.11400000E+06 
 7.11400000E+06  7.11400000E+06  7.11400000E+06  7.11400000E+06  7.11400000E+06  7.11400000E+06 
 7.11400000E+06  7.11400000E+06  7.11400000E+06  7.11400000E+06  7.11400000E+06  7.11400000E+06 
 7.11400000E+06  7.11400000E+06  7.11400000E+06  7.11400000E+06  7.11400000E+06  7.11400000E+06 
 7.11400000E+06  7.11400000E+06  7.11400000E+06  7.11400000E+06  7.11400000E+06  7.11400000E+06 
 7.11400000E+06  7.11400000E+06  7.11400000E+06  7.11400000E+06  7.11400000E+06  7.11400000E+06 
 7.11400000E+06  7.11400000E+06  7.11400000E+06  7.11400000E+06  7.11400000E+06  7.11400000E+06 
'MIN OPTIMISATION' 

 0.00000000E+00  0.00000000E+00  0.00000000E+00  0.00000000E+00  0.00000000E+00  0.00000000E+00 
 0.00000000E+00  0.00000000E+00  0.00000000E+00  0.00000000E+00  0.00000000E+00  0.00000000E+00 
 0.00000000E+00  0.00000000E+00  0.00000000E+00  0.00000000E+00  0.00000000E+00  0.00000000E+00 
 0.00000000E+00  0.00000000E+00  0.00000000E+00  0.00000000E+00  0.00000000E+00  0.00000000E+00 
 0.00000000E+00  0.00000000E+00  0.00000000E+00  0.00000000E+00  0.00000000E+00  0.00000000E+00 
 0.00000000E+00  0.00000000E+00  0.00000000E+00  0.00000000E+00  0.00000000E+00  0.00000000E+00 
 0.00000000E+00  0.00000000E+00  0.00000000E+00  0.00000000E+00  0.00000000E+00  0.00000000E+00 
 0.00000000E+00  0.00000000E+00  0.00000000E+00  0.00000000E+00  0.00000000E+00  0.00000000E+00 
 0.00000000E+00  0.00000000E+00  0.00000000E+00  0.00000000E+00  0.00000000E+00  0.00000000E+00 
 0.00000000E+00  0.00000000E+00  0.00000000E+00  0.00000000E+00  0.00000000E+00  0.00000000E+00 
 0.00000000E+00  0.00000000E+00  0.00000000E+00  0.00000000E+00  0.00000000E+00  0.00000000E+00 
 0.00000000E+00  0.00000000E+00  0.00000000E+00  0.00000000E+00  0.00000000E+00  0.00000000E+00 
 0.00000000E+00  0.00000000E+00  0.00000000E+00  0.00000000E+00  0.00000000E+00  0.00000000E+00 
 0.00000000E+00  0.00000000E+00  0.00000000E+00  0.00000000E+00  0.00000000E+00  0.00000000E+00 
 0.00000000E+00  0.00000000E+00  0.00000000E+00  0.00000000E+00  0.00000000E+00  0.00000000E+00 
 0.00000000E+00  0.00000000E+00  0.00000000E+00  0.00000000E+00  0.00000000E+00  0.00000000E+00 
'MAX LISSAGE' 

 7.11400000E+06  7.11400000E+06  7.11400000E+06  7.11400000E+06  7.11400000E+06  7.11400000E+06 
 7.11400000E+06  7.11400000E+06  7.11400000E+06  7.11400000E+06  7.11400000E+06  7.11400000E+06 
 7.11400000E+06  7.11400000E+06  7.11400000E+06  7.11400000E+06  7.11400000E+06  7.11400000E+06 
 7.11400000E+06  7.11400000E+06  7.11400000E+06  7.11400000E+06  7.11400000E+06  7.11400000E+06 
 7.11400000E+06  7.11400000E+06  7.11400000E+06  7.11400000E+06  7.11400000E+06  7.11400000E+06 
 7.11400000E+06  7.11400000E+06  7.11400000E+06  7.11400000E+06  7.11400000E+06  7.11400000E+06 
 7.11400000E+06  7.11400000E+06  7.11400000E+06  7.11400000E+06  7.11400000E+06  7.11400000E+06 
 7.11400000E+06  7.11400000E+06  7.11400000E+06  7.11400000E+06  7.11400000E+06  7.11400000E+06 
 7.11400000E+06  7.11400000E+06  7.11400000E+06  7.11400000E+06  7.11400000E+06  7.11400000E+06 
 7.11400000E+06  7.11400000E+06  7.11400000E+06  7.11400000E+06  7.11400000E+06  7.11400000E+06 
 7.11400000E+06  7.11400000E+06  7.11400000E+06  7.11400000E+06  7.11400000E+06  7.11400000E+06 
 7.11400000E+06  7.11400000E+06  7.11400000E+06  7.11400000E+06  7.11400000E+06  7.11400000E+06 
 7.11400000E+06  7.11400000E+06  7.11400000E+06  7.11400000E+06  7.11400000E+06  7.11400000E+06 
 7.11400000E+06  7.11400000E+06  7.11400000E+06  7.11400000E+06  7.11400000E+06  7.11400000E+06 
 7.11400000E+06  7.11400000E+06  7.11400000E+06  7.11400000E+06  7.11400000E+06  7.11400000E+06 
 7.11400000E+06  7.11400000E+06  7.11400000E+06  7.11400000E+06  7.11400000E+06  7.11400000E+06 
'MIN LISSAGE' 

 0.00000000E+00  0.00000000E+00  0.00000000E+00  0.00000000E+00  0.00000000E+00  0.00000000E+00 
 0.00000000E+00  0.00000000E+00  0.00000000E+00  0.00000000E+00  0.00000000E+00  0.00000000E+00 
 0.00000000E+00  0.00000000E+00  0.00000000E+00  0.00000000E+00  0.00000000E+00  0.00000000E+00 
 0.00000000E+00  0.00000000E+00  0.00000000E+00  0.00000000E+00  0.00000000E+00  0.00000000E+00 
 0.00000000E+00  0.00000000E+00  0.00000000E+00  0.00000000E+00  0.00000000E+00  0.00000000E+00 
 0.00000000E+00  0.00000000E+00  0.00000000E+00  0.00000000E+00  0.00000000E+00  0.00000000E+00 
 0.00000000E+00  0.00000000E+00  0.00000000E+00  0.00000000E+00  0.00000000E+00  0.00000000E+00 
 0.00000000E+00  0.00000000E+00  0.00000000E+00  0.00000000E+00  0.00000000E+00  0.00000000E+00 
 0.00000000E+00  0.00000000E+00  0.00000000E+00  0.00000000E+00  0.00000000E+00  0.00000000E+00 
 0.00000000E+00  0.00000000E+00  0.00000000E+00  0.00000000E+00  0.00000000E+00  0.00000000E+00 
 0.00000000E+00  0.00000000E+00  0.00000000E+00  0.00000000E+00  0.00000000E+00  0.00000000E+00 
 0.00000000E+00  0.00000000E+00  0.00000000E+00  0.00000000E+00  0.00000000E+00  0.00000000E+00 
 0.00000000E+00  0.00000000E+00  0.00000000E+00  0.00000000E+00  0.00000000E+00  0.00000000E+00 
 0.00000000E+00  0.00000000E+00  0.00000000E+00  0.00000000E+00  0.00000000E+00  0.00000000E+00 
 0.00000000E+00  0.00000000E+00  0.00000000E+00  0.00000000E+00  0.00000000E+00  0.00000000E+00 
 0.00000000E+00  0.00000000E+00  0.00000000E+00  0.00000000E+00  0.00000000E+00  0.00000000E+00 
'SOULCR' 
'E'  1.20830000E+07  0.00000000E+00  2.90400000E+07  2.40000011E-03 
'APPORTS' 

 0.00000000E+00  0.00000000E+00  0.00000000E+00  0.00000000E+00  0.00000000E+00  0.00000000E+00 
 0.00000000E+00  0.00000000E+00  0.00000000E+00  0.00000000E+00  0.00000000E+00  0.00000000E+00 
 0.00000000E+00  0.00000000E+00  0.00000000E+00  0.00000000E+00  0.00000000E+00  0.00000000E+00 
 0.00000000E+00  0.00000000E+00  0.00000000E+00  0.00000000E+00  0.00000000E+00  0.00000000E+00 
 0.00000000E+00  0.00000000E+00  0.00000000E+00  0.00000000E+00  0.00000000E+00  0.00000000E+00 
 0.00000000E+00  0.00000000E+00  0.00000000E+00  0.00000000E+00  0.00000000E+00  0.00000000E+00 
 0.00000000E+00  0.00000000E+00  0.00000000E+00  0.00000000E+00  0.00000000E+00  0.00000000E+00 
 0.00000000E+00  0.00000000E+00  0.00000000E+00  0.00000000E+00  0.00000000E+00  0.00000000E+00 
 0.00000000E+00  0.00000000E+00  0.00000000E+00  0.00000000E+00  0.00000000E+00  0.00000000E+00 
 0.00000000E+00  0.00000000E+00  0.00000000E+00  0.00000000E+00  0.00000000E+00  0.00000000E+00 
 0.00000000E+00  0.00000000E+00  0.00000000E+00  0.00000000E+00  0.00000000E+00  0.00000000E+00 
 0.00000000E+00  0.00000000E+00  0.00000000E+00  0.00000000E+00  0.00000000E+00  0.00000000E+00 
 0.00000000E+00  0.00000000E+00  0.00000000E+00  0.00000000E+00  0.00000000E+00  0.00000000E+00 
 0.00000000E+00  0.00000000E+00  0.00000000E+00  0.00000000E+00  0.00000000E+00  0.00000000E+00 
 0.00000000E+00  0.00000000E+00  0.00000000E+00  0.00000000E+00  0.00000000E+00  0.00000000E+00 
 0.00000000E+00  0.00000000E+00  0.00000000E+00  0.00000000E+00  0.00000000E+00  0.00000000E+00 
'MAX OPTIMISATION' 

 2.90400000E+07  2.90400000E+07  2.90400000E+07  2.90400000E+07  2.90400000E+07  2.90400000E+07 
 2.90400000E+07  2.90400000E+07  2.90400000E+07  2.90400000E+07  2.90400000E+07  2.90400000E+07 
 2.90400000E+07  2.90400000E+07  2.90400000E+07  2.90400000E+07  2.90400000E+07  2.90400000E+07 
 2.90400000E+07  2.90400000E+07  2.90400000E+07  2.90400000E+07  2.90400000E+07  2.90400000E+07 
 2.90400000E+07  2.90400000E+07  2.90400000E+07  2.90400000E+07  2.90400000E+07  2.90400000E+07 
 2.90400000E+07  2.90400000E+07  2.90400000E+07  2.90400000E+07  2.90400000E+07  2.90400000E+07 
 2.90400000E+07  2.90400000E+07  2.90400000E+07  2.90400000E+07  2.90400000E+07  2.90400000E+07 
 2.90400000E+07  2.90400000E+07  2.90400000E+07  2.90400000E+07  2.90400000E+07  2.90400000E+07 
 2.90400000E+07  2.90400000E+07  2.90400000E+07  2.90400000E+07  2.90400000E+07  2.90400000E+07 
 2.90400000E+07  2.90400000E+07  2.90400000E+07  2.90400000E+07  2.90400000E+07  2.90400000E+07 
 2.90400000E+07  2.90400000E+07  2.90400000E+07  2.90400000E+07  2.90400000E+07  2.90400000E+07 
 2.90400000E+07  2.90400000E+07  2.90400000E+07  2.90400000E+07  2.90400000E+07  2.90400000E+07 
 2.90400000E+07  2.90400000E+07  2.90400000E+07  2.90400000E+07  2.90400000E+07  2.90400000E+07 
 2.90400000E+07  2.90400000E+07  2.90400000E+07  2.90400000E+07  2.90400000E+07  2.90400000E+07 
 2.90400000E+07  2.90400000E+07  2.90400000E+07  2.90400000E+07  2.90400000E+07  2.90400000E+07 
 2.90400000E+07  2.90400000E+07  2.90400000E+07  2.90400000E+07  2.90400000E+07  2.90400000E+07 
'MIN OPTIMISATION' 

 0.00000000E+00  0.00000000E+00  0.00000000E+00  0.00000000E+00  0.00000000E+00  0.00000000E+00 
 0.00000000E+00  0.00000000E+00  0.00000000E+00  0.00000000E+00  0.00000000E+00  0.00000000E+00 
 0.00000000E+00  0.00000000E+00  0.00000000E+00  0.00000000E+00  0.00000000E+00  0.00000000E+00 
 0.00000000E+00  0.00000000E+00  0.00000000E+00  0.00000000E+00  0.00000000E+00  0.00000000E+00 
 0.00000000E+00  0.00000000E+00  0.00000000E+00  0.00000000E+00  0.00000000E+00  0.00000000E+00 
 0.00000000E+00  0.00000000E+00  0.00000000E+00  0.00000000E+00  0.00000000E+00  0.00000000E+00 
 0.00000000E+00  0.00000000E+00  0.00000000E+00  0.00000000E+00  0.00000000E+00  0.00000000E+00 
 0.00000000E+00  0.00000000E+00  0.00000000E+00  0.00000000E+00  0.00000000E+00  0.00000000E+00 
 0.00000000E+00  0.00000000E+00  0.00000000E+00  0.00000000E+00  0.00000000E+00  0.00000000E+00 
 0.00000000E+00  0.00000000E+00  0.00000000E+00  0.00000000E+00  0.00000000E+00  0.00000000E+00 
 0.00000000E+00  0.00000000E+00  0.00000000E+00  0.00000000E+00  0.00000000E+00  0.00000000E+00 
 0.00000000E+00  0.00000000E+00  0.00000000E+00  0.00000000E+00  0.00000000E+00  0.00000000E+00 
 0.00000000E+00  0.00000000E+00  0.00000000E+00  0.00000000E+00  0.00000000E+00  0.00000000E+00 
 0.00000000E+00  0.00000000E+00  0.00000000E+00  0.00000000E+00  0.00000000E+00  0.00000000E+00 
 0.00000000E+00  0.00000000E+00  0.00000000E+00  0.00000000E+00  0.00000000E+00  0.00000000E+00 
 0.00000000E+00  0.00000000E+00  0.00000000E+00  0.00000000E+00  0.00000000E+00  0.00000000E+00 
'MAX LISSAGE' 

 2.90400000E+07  2.90400000E+07  2.90400000E+07  2.90400000E+07  2.90400000E+07  2.90400000E+07 
 2.90400000E+07  2.90400000E+07  2.90400000E+07  2.90400000E+07  2.90400000E+07  2.90400000E+07 
 2.90400000E+07  2.90400000E+07  2.90400000E+07  2.90400000E+07  2.90400000E+07  2.90400000E+07 
 2.90400000E+07  2.90400000E+07  2.90400000E+07  2.90400000E+07  2.90400000E+07  2.90400000E+07 
 2.90400000E+07  2.90400000E+07  2.90400000E+07  2.90400000E+07  2.90400000E+07  2.90400000E+07 
 2.90400000E+07  2.90400000E+07  2.90400000E+07  2.90400000E+07  2.90400000E+07  2.90400000E+07 
 2.90400000E+07  2.90400000E+07  2.90400000E+07  2.90400000E+07  2.90400000E+07  2.90400000E+07 
 2.90400000E+07  2.90400000E+07  2.90400000E+07  2.90400000E+07  2.90400000E+07  2.90400000E+07 
 2.90400000E+07  2.90400000E+07  2.90400000E+07  2.90400000E+07  2.90400000E+07  2.90400000E+07 
 2.90400000E+07  2.90400000E+07  2.90400000E+07  2.90400000E+07  2.90400000E+07  2.90400000E+07 
 2.90400000E+07  2.90400000E+07  2.90400000E+07  2.90400000E+07  2.90400000E+07  2.90400000E+07 
 2.90400000E+07  2.90400000E+07  2.90400000E+07  2.90400000E+07  2.90400000E+07  2.90400000E+07 
 2.90400000E+07  2.90400000E+07  2.90400000E+07  2.90400000E+07  2.90400000E+07  2.90400000E+07 
 2.90400000E+07  2.90400000E+07  2.90400000E+07  2.90400000E+07  2.90400000E+07  2.90400000E+07 
 2.90400000E+07  2.90400000E+07  2.90400000E+07  2.90400000E+07  2.90400000E+07  2.90400000E+07 
 2.90400000E+07  2.90400000E+07  2.90400000E+07  2.90400000E+07  2.90400000E+07  2.90400000E+07 
'MIN LISSAGE' 

 0.00000000E+00  0.00000000E+00  0.00000000E+00  0.00000000E+00  0.00000000E+00  0.00000000E+00 
 0.00000000E+00  0.00000000E+00  0.00000000E+00  0.00000000E+00  0.00000000E+00  0.00000000E+00 
 0.00000000E+00  0.00000000E+00  0.00000000E+00  0.00000000E+00  0.00000000E+00  0.00000000E+00 
 0.00000000E+00  0.00000000E+00  0.00000000E+00  0.00000000E+00  0.00000000E+00  0.00000000E+00 
 0.00000000E+00  0.00000000E+00  0.00000000E+00  0.00000000E+00  0.00000000E+00  0.00000000E+00 
 0.00000000E+00  0.00000000E+00  0.00000000E+00  0.00000000E+00  0.00000000E+00  0.00000000E+00 
 0.00000000E+00  0.00000000E+00  0.00000000E+00  0.00000000E+00  0.00000000E+00  0.00000000E+00 
 0.00000000E+00  0.00000000E+00  0.00000000E+00  0.00000000E+00  0.00000000E+00  0.00000000E+00 
 0.00000000E+00  0.00000000E+00  0.00000000E+00  0.00000000E+00  0.00000000E+00  0.00000000E+00 
 0.00000000E+00  0.00000000E+00  0.00000000E+00  0.00000000E+00  0.00000000E+00  0.00000000E+00 
 0.00000000E+00  0.00000000E+00  0.00000000E+00  0.00000000E+00  0.00000000E+00  0.00000000E+00 
 0.00000000E+00  0.00000000E+00  0.00000000E+00  0.00000000E+00  0.00000000E+00  0.00000000E+00 
 0.00000000E+00  0.00000000E+00  0.00000000E+00  0.00000000E+00  0.00000000E+00  0.00000000E+00 
 0.00000000E+00  0.00000000E+00  0.00000000E+00  0.00000000E+00  0.00000000E+00  0.00000000E+00 
 0.00000000E+00  0.00000000E+00  0.00000000E+00  0.00000000E+00  0.00000000E+00  0.00000000E+00 
 0.00000000E+00  0.00000000E+00  0.00000000E+00  0.00000000E+00  0.00000000E+00  0.00000000E+00 
'SABARR' 
'X'  0.00000000E+00  0.00000000E+00  0.00000000E+00  0.00000000E+00 
'APPORTS' 

 8.99999976E-01  8.99999976E-01  2.00000003E-01  2.00000003E-01  2.00000003E-01  2.00000003E-01 
 2.00000003E-01  2.00000003E-01  2.00000003E-01  2.00000003E-01  2.00000003E-01  2.00000003E-01 
 2.00000003E-01  2.00000003E-01  2.00000003E-01  2.00000003E-01  2.00000003E-01  2.00000003E-01 
 2.00000003E-01  2.00000003E-01  2.00000003E-01  2.00000003E-01  2.00000003E-01  2.00000003E-01 
 2.00000003E-01  2.00000003E-01  2.00000003E-01  2.00000003E-01  2.00000003E-01  2.00000003E-01 
 2.00000003E-01  2.00000003E-01  2.00000003E-01  2.00000003E-01  2.00000003E-01  2.00000003E-01 
 2.00000003E-01  2.00000003E-01  2.00000003E-01  2.00000003E-01  2.00000003E-01  2.00000003E-01 
 2.00000003E-01  2.00000003E-01  2.00000003E-01  2.00000003E-01  2.00000003E-01  2.00000003E-01 
 2.00000003E-01  2.00000003E-01  2.00000003E-01  2.00000003E-01  2.00000003E-01  2.00000003E-01 
 2.00000003E-01  2.00000003E-01  2.00000003E-01  2.00000003E-01  2.00000003E-01  2.00000003E-01 
 2.00000003E-01  2.00000003E-01  2.00000003E-01  2.00000003E-01  2.00000003E-01  2.00000003E-01 
 2.00000003E-01  2.00000003E-01  2.00000003E-01  2.00000003E-01  2.00000003E-01  2.00000003E-01 
 2.00000003E-01  2.00000003E-01  2.00000003E-01  2.00000003E-01  2.00000003E-01  2.00000003E-01 
 2.00000003E-01  2.00000003E-01  2.00000003E-01  2.00000003E-01  2.00000003E-01  2.00000003E-01 
 2.00000003E-01  2.00000003E-01  2.00000003E-01  2.00000003E-01  2.00000003E-01  2.00000003E-01 
 2.00000003E-01  2.00000003E-01  2.00000003E-01  2.00000003E-01  2.00000003E-01  2.00000003E-01 
'MAX OPTIMISATION' 

 0.00000000E+00  0.00000000E+00  0.00000000E+00  0.00000000E+00  0.00000000E+00  0.00000000E+00 
 0.00000000E+00  0.00000000E+00  0.00000000E+00  0.00000000E+00  0.00000000E+00  0.00000000E+00 
 0.00000000E+00  0.00000000E+00  0.00000000E+00  0.00000000E+00  0.00000000E+00  0.00000000E+00 
 0.00000000E+00  0.00000000E+00  0.00000000E+00  0.00000000E+00  0.00000000E+00  0.00000000E+00 
 0.00000000E+00  0.00000000E+00  0.00000000E+00  0.00000000E+00  0.00000000E+00  0.00000000E+00 
 0.00000000E+00  0.00000000E+00  0.00000000E+00  0.00000000E+00  0.00000000E+00  0.00000000E+00 
 0.00000000E+00  0.00000000E+00  0.00000000E+00  0.00000000E+00  0.00000000E+00  0.00000000E+00 
 0.00000000E+00  0.00000000E+00  0.00000000E+00  0.00000000E+00  0.00000000E+00  0.00000000E+00 
 0.00000000E+00  0.00000000E+00  0.00000000E+00  0.00000000E+00  0.00000000E+00  0.00000000E+00 
 0.00000000E+00  0.00000000E+00  0.00000000E+00  0.00000000E+00  0.00000000E+00  0.00000000E+00 
 0.00000000E+00  0.00000000E+00  0.00000000E+00  0.00000000E+00  0.00000000E+00  0.00000000E+00 
 0.00000000E+00  0.00000000E+00  0.00000000E+00  0.00000000E+00  0.00000000E+00  0.00000000E+00 
 0.00000000E+00  0.00000000E+00  0.00000000E+00  0.00000000E+00  0.00000000E+00  0.00000000E+00 
 0.00000000E+00  0.00000000E+00  0.00000000E+00  0.00000000E+00  0.00000000E+00  0.00000000E+00 
 0.00000000E+00  0.00000000E+00  0.00000000E+00  0.00000000E+00  0.00000000E+00  0.00000000E+00 
 0.00000000E+00  0.00000000E+00  0.00000000E+00  0.00000000E+00  0.00000000E+00  0.00000000E+00 
'MIN OPTIMISATION' 

 0.00000000E+00  0.00000000E+00  0.00000000E+00  0.00000000E+00  0.00000000E+00  0.00000000E+00 
 0.00000000E+00  0.00000000E+00  0.00000000E+00  0.00000000E+00  0.00000000E+00  0.00000000E+00 
 0.00000000E+00  0.00000000E+00  0.00000000E+00  0.00000000E+00  0.00000000E+00  0.00000000E+00 
 0.00000000E+00  0.00000000E+00  0.00000000E+00  0.00000000E+00  0.00000000E+00  0.00000000E+00 
 0.00000000E+00  0.00000000E+00  0.00000000E+00  0.00000000E+00  0.00000000E+00  0.00000000E+00 
 0.00000000E+00  0.00000000E+00  0.00000000E+00  0.00000000E+00  0.00000000E+00  0.00000000E+00 
 0.00000000E+00  0.00000000E+00  0.00000000E+00  0.00000000E+00  0.00000000E+00  0.00000000E+00 
 0.00000000E+00  0.00000000E+00  0.00000000E+00  0.00000000E+00  0.00000000E+00  0.00000000E+00 
 0.00000000E+00  0.00000000E+00  0.00000000E+00  0.00000000E+00  0.00000000E+00  0.00000000E+00 
 0.00000000E+00  0.00000000E+00  0.00000000E+00  0.00000000E+00  0.00000000E+00  0.00000000E+00 
 0.00000000E+00  0.00000000E+00  0.00000000E+00  0.00000000E+00  0.00000000E+00  0.00000000E+00 
 0.00000000E+00  0.00000000E+00  0.00000000E+00  0.00000000E+00  0.00000000E+00  0.00000000E+00 
 0.00000000E+00  0.00000000E+00  0.00000000E+00  0.00000000E+00  0.00000000E+00  0.00000000E+00 
 0.00000000E+00  0.00000000E+00  0.00000000E+00  0.00000000E+00  0.00000000E+00  0.00000000E+00 
 0.00000000E+00  0.00000000E+00  0.00000000E+00  0.00000000E+00  0.00000000E+00  0.00000000E+00 
 0.00000000E+00  0.00000000E+00  0.00000000E+00  0.00000000E+00  0.00000000E+00  0.00000000E+00 
'MAX LISSAGE' 

 0.00000000E+00  0.00000000E+00  0.00000000E+00  0.00000000E+00  0.00000000E+00  0.00000000E+00 
 0.00000000E+00  0.00000000E+00  0.00000000E+00  0.00000000E+00  0.00000000E+00  0.00000000E+00 
 0.00000000E+00  0.00000000E+00  0.00000000E+00  0.00000000E+00  0.00000000E+00  0.00000000E+00 
 0.00000000E+00  0.00000000E+00  0.00000000E+00  0.00000000E+00  0.00000000E+00  0.00000000E+00 
 0.00000000E+00  0.00000000E+00  0.00000000E+00  0.00000000E+00  0.00000000E+00  0.00000000E+00 
 0.00000000E+00  0.00000000E+00  0.00000000E+00  0.00000000E+00  0.00000000E+00  0.00000000E+00 
 0.00000000E+00  0.00000000E+00  0.00000000E+00  0.00000000E+00  0.00000000E+00  0.00000000E+00 
 0.00000000E+00  0.00000000E+00  0.00000000E+00  0.00000000E+00  0.00000000E+00  0.00000000E+00 
 0.00000000E+00  0.00000000E+00  0.00000000E+00  0.00000000E+00  0.00000000E+00  0.00000000E+00 
 0.00000000E+00  0.00000000E+00  0.00000000E+00  0.00000000E+00  0.00000000E+00  0.00000000E+00 
 0.00000000E+00  0.00000000E+00  0.00000000E+00  0.00000000E+00  0.00000000E+00  0.00000000E+00 
 0.00000000E+00  0.00000000E+00  0.00000000E+00  0.00000000E+00  0.00000000E+00  0.00000000E+00 
 0.00000000E+00  0.00000000E+00  0.00000000E+00  0.00000000E+00  0.00000000E+00  0.00000000E+00 
 0.00000000E+00  0.00000000E+00  0.00000000E+00  0.00000000E+00  0.00000000E+00  0.00000000E+00 
 0.00000000E+00  0.00000000E+00  0.00000000E+00  0.00000000E+00  0.00000000E+00  0.00000000E+00 
 0.00000000E+00  0.00000000E+00  0.00000000E+00  0.00000000E+00  0.00000000E+00  0.00000000E+00 
'MIN LISSAGE' 

 0.00000000E+00  0.00000000E+00  0.00000000E+00  0.00000000E+00  0.00000000E+00  0.00000000E+00 
 0.00000000E+00  0.00000000E+00  0.00000000E+00  0.00000000E+00  0.00000000E+00  0.00000000E+00 
 0.00000000E+00  0.00000000E+00  0.00000000E+00  0.00000000E+00  0.00000000E+00  0.00000000E+00 
 0.00000000E+00  0.00000000E+00  0.00000000E+00  0.00000000E+00  0.00000000E+00  0.00000000E+00 
 0.00000000E+00  0.00000000E+00  0.00000000E+00  0.00000000E+00  0.00000000E+00  0.00000000E+00 
 0.00000000E+00  0.00000000E+00  0.00000000E+00  0.00000000E+00  0.00000000E+00  0.00000000E+00 
 0.00000000E+00  0.00000000E+00  0.00000000E+00  0.00000000E+00  0.00000000E+00  0.00000000E+00 
 0.00000000E+00  0.00000000E+00  0.00000000E+00  0.00000000E+00  0.00000000E+00  0.00000000E+00 
 0.00000000E+00  0.00000000E+00  0.00000000E+00  0.00000000E+00  0.00000000E+00  0.00000000E+00 
 0.00000000E+00  0.00000000E+00  0.00000000E+00  0.00000000E+00  0.00000000E+00  0.00000000E+00 
 0.00000000E+00  0.00000000E+00  0.00000000E+00  0.00000000E+00  0.00000000E+00  0.00000000E+00 
 0.00000000E+00  0.00000000E+00  0.00000000E+00  0.00000000E+00  0.00000000E+00  0.00000000E+00 
 0.00000000E+00  0.00000000E+00  0.00000000E+00  0.00000000E+00  0.00000000E+00  0.00000000E+00 
 0.00000000E+00  0.00000000E+00  0.00000000E+00  0.00000000E+00  0.00000000E+00  0.00000000E+00 
 0.00000000E+00  0.00000000E+00  0.00000000E+00  0.00000000E+00  0.00000000E+00  0.00000000E+00 
 0.00000000E+00  0.00000000E+00  0.00000000E+00  0.00000000E+00  0.00000000E+00  0.00000000E+00 
'CASTIR' 
'E'  5.03500000E+07  6.00000000E+06  1.12100000E+08  1.47000002E-02 
'APPORTS' 

 0.00000000E+00  0.00000000E+00  0.00000000E+00  0.00000000E+00  0.00000000E+00  0.00000000E+00 
 0.00000000E+00  0.00000000E+00  0.00000000E+00  0.00000000E+00  0.00000000E+00  0.00000000E+00 
 0.00000000E+00  0.00000000E+00  0.00000000E+00  0.00000000E+00  0.00000000E+00  0.00000000E+00 
 0.00000000E+00  0.00000000E+00  0.00000000E+00  0.00000000E+00  0.00000000E+00  0.00000000E+00 
 0.00000000E+00  0.00000000E+00  0.00000000E+00  0.00000000E+00  0.00000000E+00  0.00000000E+00 
 0.00000000E+00  0.00000000E+00  0.00000000E+00  0.00000000E+00  0.00000000E+00  0.00000000E+00 
 0.00000000E+00  0.00000000E+00  0.00000000E+00  0.00000000E+00  0.00000000E+00  0.00000000E+00 
 0.00000000E+00  0.00000000E+00  0.00000000E+00  0.00000000E+00  0.00000000E+00  0.00000000E+00 
 0.00000000E+00  0.00000000E+00  0.00000000E+00  0.00000000E+00  0.00000000E+00  0.00000000E+00 
 0.00000000E+00  0.00000000E+00  0.00000000E+00  0.00000000E+00  0.00000000E+00  0.00000000E+00 
 0.00000000E+00  0.00000000E+00  0.00000000E+00  0.00000000E+00  0.00000000E+00  0.00000000E+00 
 0.00000000E+00  0.00000000E+00  0.00000000E+00  0.00000000E+00  0.00000000E+00  0.00000000E+00 
 0.00000000E+00  0.00000000E+00  0.00000000E+00  0.00000000E+00  0.00000000E+00  0.00000000E+00 
 0.00000000E+00  0.00000000E+00  0.00000000E+00  0.00000000E+00  0.00000000E+00  0.00000000E+00 
 0.00000000E+00  0.00000000E+00  0.00000000E+00  0.00000000E+00  0.00000000E+00  0.00000000E+00 
 0.00000000E+00  0.00000000E+00  0.00000000E+00  0.00000000E+00  0.00000000E+00  0.00000000E+00 
'MAX OPTIMISATION' 

 1.12100000E+08  1.12100000E+08  1.12100000E+08  1.12100000E+08  1.12100000E+08  1.12100000E+08 
 1.12100000E+08  1.12100000E+08  1.12100000E+08  1.12100000E+08  1.12100000E+08  1.12100000E+08 
 1.12100000E+08  1.12100000E+08  1.12100000E+08  1.12100000E+08  1.12100000E+08  1.12100000E+08 
 1.12100000E+08  1.12100000E+08  1.12100000E+08  1.12100000E+08  1.12100000E+08  1.12100000E+08 
 1.12100000E+08  1.12100000E+08  1.12100000E+08  1.12100000E+08  1.12100000E+08  1.12100000E+08 
 1.12100000E+08  1.12100000E+08  1.12100000E+08  1.12100000E+08  1.12100000E+08  1.12100000E+08 
 1.12100000E+08  1.12100000E+08  1.12100000E+08  1.12100000E+08  1.12100000E+08  1.12100000E+08 
 1.12100000E+08  1.12100000E+08  1.12100000E+08  1.12100000E+08  1.12100000E+08  1.12100000E+08 
 1.12100000E+08  1.12100000E+08  1.12100000E+08  1.12100000E+08  1.12100000E+08  1.12100000E+08 
 1.12100000E+08  1.12100000E+08  1.12100000E+08  1.12100000E+08  1.12100000E+08  1.12100000E+08 
 1.12100000E+08  1.12100000E+08  1.12100000E+08  1.12100000E+08  1.12100000E+08  1.12100000E+08 
 1.12100000E+08  1.12100000E+08  1.12100000E+08  1.12100000E+08  1.12100000E+08  1.12100000E+08 
 1.12100000E+08  1.12100000E+08  1.12100000E+08  1.12100000E+08  1.12100000E+08  1.12100000E+08 
 1.12100000E+08  1.12100000E+08  1.12100000E+08  1.12100000E+08  1.12100000E+08  1.12100000E+08 
 1.12100000E+08  1.12100000E+08  1.12100000E+08  1.12100000E+08  1.12100000E+08  1.12100000E+08 
 1.12100000E+08  1.12100000E+08  1.12100000E+08  1.12100000E+08  1.12100000E+08  1.12100000E+08 
'MIN OPTIMISATION' 

 6.00000000E+06  6.00000000E+06  6.00000000E+06  6.00000000E+06  6.00000000E+06  6.00000000E+06 
 6.00000000E+06  6.00000000E+06  6.00000000E+06  6.00000000E+06  6.00000000E+06  6.00000000E+06 
 6.00000000E+06  6.00000000E+06  6.00000000E+06  6.00000000E+06  6.00000000E+06  6.00000000E+06 
 6.00000000E+06  6.00000000E+06  6.00000000E+06  6.00000000E+06  6.00000000E+06  6.00000000E+06 
 6.00000000E+06  6.00000000E+06  6.00000000E+06  6.00000000E+06  6.00000000E+06  6.00000000E+06 
 6.00000000E+06  6.00000000E+06  6.00000000E+06  6.00000000E+06  6.00000000E+06  6.00000000E+06 
 6.00000000E+06  6.00000000E+06  6.00000000E+06  6.00000000E+06  6.00000000E+06  6.00000000E+06 
 6.00000000E+06  6.00000000E+06  6.00000000E+06  6.00000000E+06  6.00000000E+06  6.00000000E+06 
 6.00000000E+06  6.00000000E+06  6.00000000E+06  6.00000000E+06  6.00000000E+06  6.00000000E+06 
 6.00000000E+06  6.00000000E+06  6.00000000E+06  6.00000000E+06  6.00000000E+06  6.00000000E+06 
 6.00000000E+06  6.00000000E+06  6.00000000E+06  6.00000000E+06  6.00000000E+06  6.00000000E+06 
 6.00000000E+06  6.00000000E+06  6.00000000E+06  6.00000000E+06  6.00000000E+06  6.00000000E+06 
 6.00000000E+06  6.00000000E+06  6.00000000E+06  6.00000000E+06  6.00000000E+06  6.00000000E+06 
 6.00000000E+06  6.00000000E+06  6.00000000E+06  6.00000000E+06  6.00000000E+06  6.00000000E+06 
 6.00000000E+06  6.00000000E+06  6.00000000E+06  6.00000000E+06  6.00000000E+06  6.00000000E+06 
 6.00000000E+06  6.00000000E+06  6.00000000E+06  6.00000000E+06  6.00000000E+06  6.00000000E+06 
'MAX LISSAGE' 

 1.12550000E+08  1.12550000E+08  1.12550000E+08  1.12550000E+08  1.12550000E+08  1.12550000E+08 
 1.12550000E+08  1.12550000E+08  1.12550000E+08  1.12550000E+08  1.12550000E+08  1.12550000E+08 
 1.12550000E+08  1.12550000E+08  1.12550000E+08  1.12550000E+08  1.12550000E+08  1.12550000E+08 
 1.12550000E+08  1.12550000E+08  1.12550000E+08  1.12550000E+08  1.12550000E+08  1.12550000E+08 
 1.12550000E+08  1.12550000E+08  1.12550000E+08  1.12550000E+08  1.12550000E+08  1.12550000E+08 
 1.12550000E+08  1.12550000E+08  1.12550000E+08  1.12550000E+08  1.12550000E+08  1.12550000E+08 
 1.12550000E+08  1.12550000E+08  1.12550000E+08  1.12550000E+08  1.12550000E+08  1.12550000E+08 
 1.12550000E+08  1.12550000E+08  1.12550000E+08  1.12550000E+08  1.12550000E+08  1.12550000E+08 
 1.12550000E+08  1.12550000E+08  1.12550000E+08  1.12550000E+08  1.12550000E+08  1.12550000E+08 
 1.12550000E+08  1.12550000E+08  1.12550000E+08  1.12550000E+08  1.12550000E+08  1.12550000E+08 
 1.12550000E+08  1.12550000E+08  1.12550000E+08  1.12550000E+08  1.12550000E+08  1.12550000E+08 
 1.12550000E+08  1.12550000E+08  1.12550000E+08  1.12550000E+08  1.12550000E+08  1.12550000E+08 
 1.12550000E+08  1.12550000E+08  1.12550000E+08  1.12550000E+08  1.12550000E+08  1.12550000E+08 
 1.12550000E+08  1.12550000E+08  1.12550000E+08  1.12550000E+08  1.12550000E+08  1.12550000E+08 
 1.12550000E+08  1.12550000E+08  1.12550000E+08  1.12550000E+08  1.12550000E+08  1.12550000E+08 
 1.12550000E+08  1.12550000E+08  1.12550000E+08  1.12550000E+08  1.12550000E+08  1.12550000E+08 
'MIN LISSAGE' 

 3.00000000E+06  3.00000000E+06  3.00000000E+06  3.00000000E+06  3.00000000E+06  3.00000000E+06 
 3.00000000E+06  3.00000000E+06  3.00000000E+06  3.00000000E+06  3.00000000E+06  3.00000000E+06 
 3.00000000E+06  3.00000000E+06  3.00000000E+06  3.00000000E+06  3.00000000E+06  3.00000000E+06 
 3.00000000E+06  3.00000000E+06  3.00000000E+06  3.00000000E+06  3.00000000E+06  3.00000000E+06 
 3.00000000E+06  3.00000000E+06  3.00000000E+06  3.00000000E+06  3.00000000E+06  3.00000000E+06 
 3.00000000E+06  3.00000000E+06  3.00000000E+06  3.00000000E+06  3.00000000E+06  3.00000000E+06 
 3.00000000E+06  3.00000000E+06  3.00000000E+06  3.00000000E+06  3.00000000E+06  3.00000000E+06 
 3.00000000E+06  3.00000000E+06  3.00000000E+06  3.00000000E+06  3.00000000E+06  3.00000000E+06 
 3.00000000E+06  3.00000000E+06  3.00000000E+06  3.00000000E+06  3.00000000E+06  3.00000000E+06 
 3.00000000E+06  3.00000000E+06  3.00000000E+06  3.00000000E+06  3.00000000E+06  3.00000000E+06 
 3.00000000E+06  3.00000000E+06  3.00000000E+06  3.00000000E+06  3.00000000E+06  3.00000000E+06 
 3.00000000E+06  3.00000000E+06  3.00000000E+06  3.00000000E+06  3.00000000E+06  3.00000000E+06 
 3.00000000E+06  3.00000000E+06  3.00000000E+06  3.00000000E+06  3.00000000E+06  3.00000000E+06 
 3.00000000E+06  3.00000000E+06  3.00000000E+06  3.00000000E+06  3.00000000E+06  3.00000000E+06 
 3.00000000E+06  3.00000000E+06  3.00000000E+06  3.00000000E+06  3.00000000E+06  3.00000000E+06 
 3.00000000E+06  3.00000000E+06  3.00000000E+06  3.00000000E+06  3.00000000E+06  3.00000000E+06 
'CXDANR' 
'E'  1.78000000E+05  1.78000031E+05  1.78000031E+05  0.00000000E+00 
'APPORTS' 

 0.00000000E+00  0.00000000E+00  0.00000000E+00  0.00000000E+00  0.00000000E+00  0.00000000E+00 
 0.00000000E+00  0.00000000E+00  0.00000000E+00  0.00000000E+00  0.00000000E+00  0.00000000E+00 
 0.00000000E+00  0.00000000E+00  0.00000000E+00  0.00000000E+00  0.00000000E+00  0.00000000E+00 
 0.00000000E+00  0.00000000E+00  0.00000000E+00  0.00000000E+00  0.00000000E+00  0.00000000E+00 
 0.00000000E+00  0.00000000E+00  0.00000000E+00  0.00000000E+00  0.00000000E+00  0.00000000E+00 
 0.00000000E+00  0.00000000E+00  0.00000000E+00  0.00000000E+00  0.00000000E+00  0.00000000E+00 
 0.00000000E+00  0.00000000E+00  0.00000000E+00  0.00000000E+00  0.00000000E+00  0.00000000E+00 
 0.00000000E+00  0.00000000E+00  0.00000000E+00  0.00000000E+00  0.00000000E+00  0.00000000E+00 
 0.00000000E+00  0.00000000E+00  0.00000000E+00  0.00000000E+00  0.00000000E+00  0.00000000E+00 
 0.00000000E+00  0.00000000E+00  0.00000000E+00  0.00000000E+00  0.00000000E+00  0.00000000E+00 
 0.00000000E+00  0.00000000E+00  0.00000000E+00  0.00000000E+00  0.00000000E+00  0.00000000E+00 
 0.00000000E+00  0.00000000E+00  0.00000000E+00  0.00000000E+00  0.00000000E+00  0.00000000E+00 
 0.00000000E+00  0.00000000E+00  0.00000000E+00  0.00000000E+00  0.00000000E+00  0.00000000E+00 
 0.00000000E+00  0.00000000E+00  0.00000000E+00  0.00000000E+00  0.00000000E+00  0.00000000E+00 
 0.00000000E+00  0.00000000E+00  0.00000000E+00  0.00000000E+00  0.00000000E+00  0.00000000E+00 
 0.00000000E+00  0.00000000E+00  0.00000000E+00  0.00000000E+00  0.00000000E+00  0.00000000E+00 
'MAX OPTIMISATION' 

 2.42000725E+06  2.42000725E+06  2.42000725E+06  2.42000725E+06  2.42000725E+06  2.42000725E+06 
 2.42000725E+06  2.42000725E+06  2.42000725E+06  2.42000725E+06  2.42000725E+06  2.42000725E+06 
 2.42000725E+06  2.42000725E+06  2.42000725E+06  2.42000725E+06  2.42000725E+06  2.42000725E+06 
 2.42000725E+06  2.42000725E+06  2.42000725E+06  2.42000725E+06  2.42000725E+06  2.42000725E+06 
 2.42000725E+06  2.42000725E+06  2.42000725E+06  2.42000725E+06  2.42000725E+06  2.42000725E+06 
 2.42000725E+06  2.42000725E+06  2.42000725E+06  2.42000725E+06  2.42000725E+06  2.42000725E+06 
 2.42000725E+06  2.42000725E+06  2.42000725E+06  2.42000725E+06  2.42000725E+06  2.42000725E+06 
 2.42000725E+06  2.42000725E+06  2.42000725E+06  2.42000725E+06  2.42000725E+06  2.42000725E+06 
 2.42000725E+06  2.42000725E+06  2.42000725E+06  2.42000725E+06  2.42000725E+06  2.42000725E+06 
 2.42000725E+06  2.42000725E+06  2.42000725E+06  2.42000725E+06  2.42000725E+06  2.42000725E+06 
 2.42000725E+06  2.42000725E+06  2.42000725E+06  2.42000725E+06  2.42000725E+06  2.42000725E+06 
 2.42000725E+06  2.42000725E+06  2.42000725E+06  2.42000725E+06  2.42000725E+06  2.42000725E+06 
 2.42000725E+06  2.42000725E+06  2.42000725E+06  2.42000725E+06  2.42000725E+06  2.42000725E+06 
 2.42000725E+06  2.42000725E+06  2.42000725E+06  2.42000725E+06  2.42000725E+06  2.42000725E+06 
 2.42000725E+06  2.42000725E+06  2.42000725E+06  2.42000725E+06  2.42000725E+06  2.42000725E+06 
 2.42000725E+06  2.42000725E+06  2.42000725E+06  2.42000725E+06  2.42000725E+06  2.42000725E+06 
'MIN OPTIMISATION' 

 1.78000005E+05  1.78000010E+05  1.78000016E+05  1.78000021E+05  1.78000026E+05  1.78000031E+05 
 1.78000031E+05  1.78000031E+05  1.78000031E+05  1.78000031E+05  1.78000031E+05  1.78000031E+05 
 1.78000031E+05  1.78000031E+05  1.78000031E+05  1.78000031E+05  1.78000031E+05  1.78000031E+05 
 1.78000031E+05  1.78000031E+05  1.78000031E+05  1.78000031E+05  1.78000031E+05  1.78000031E+05 
 1.78000031E+05  1.78000031E+05  1.78000031E+05  1.78000031E+05  1.78000031E+05  1.78000031E+05 
 1.78000031E+05  1.78000031E+05  1.78000031E+05  1.78000031E+05  1.78000031E+05  1.78000031E+05 
 1.78000031E+05  1.78000031E+05  1.78000031E+05  1.78000031E+05  1.78000031E+05  1.78000031E+05 
 1.78000031E+05  1.78000031E+05  1.78000031E+05  1.78000031E+05  1.78000031E+05  1.78000031E+05 
 1.78000031E+05  1.78000031E+05  1.78000031E+05  1.78000031E+05  1.78000031E+05  1.78000031E+05 
 1.78000031E+05  1.78000031E+05  1.78000031E+05  1.78000031E+05  1.78000031E+05  1.78000031E+05 
 1.78000031E+05  1.78000031E+05  1.78000031E+05  1.78000031E+05  1.78000031E+05  1.78000031E+05 
 1.78000031E+05  1.78000031E+05  1.78000031E+05  1.78000031E+05  1.78000031E+05  1.78000031E+05 
 1.78000031E+05  1.78000031E+05  1.78000031E+05  1.78000031E+05  1.78000031E+05  1.78000031E+05 
 1.78000031E+05  1.78000031E+05  1.78000031E+05  1.78000031E+05  1.78000031E+05  1.78000031E+05 
 1.78000031E+05  1.78000031E+05  1.78000031E+05  1.78000031E+05  1.78000031E+05  1.78000031E+05 
 1.78000031E+05  1.78000031E+05  1.78000031E+05  1.78000031E+05  1.78000031E+05  1.78000031E+05 
'MAX LISSAGE' 

 3.50000000E+06  3.50000000E+06  3.50000000E+06  3.50000000E+06  3.50000000E+06  3.50000000E+06 
 3.50000000E+06  3.50000000E+06  3.50000000E+06  3.50000000E+06  3.50000000E+06  3.50000000E+06 
 3.50000000E+06  3.50000000E+06  3.50000000E+06  3.50000000E+06  3.50000000E+06  3.50000000E+06 
 3.50000000E+06  3.50000000E+06  3.50000000E+06  3.50000000E+06  3.50000000E+06  3.50000000E+06 
 3.50000000E+06  3.50000000E+06  3.50000000E+06  3.50000000E+06  3.50000000E+06  3.50000000E+06 
 3.50000000E+06  3.50000000E+06  3.50000000E+06  3.50000000E+06  3.50000000E+06  3.50000000E+06 
 3.50000000E+06  3.50000000E+06  3.50000000E+06  3.50000000E+06  3.50000000E+06  3.50000000E+06 
 3.50000000E+06  3.50000000E+06  3.50000000E+06  3.50000000E+06  3.50000000E+06  3.50000000E+06 
 3.50000000E+06  3.50000000E+06  3.50000000E+06  3.50000000E+06  3.50000000E+06  3.50000000E+06 
 3.50000000E+06  3.50000000E+06  3.50000000E+06  3.50000000E+06  3.50000000E+06  3.50000000E+06 
 3.50000000E+06  3.50000000E+06  3.50000000E+06  3.50000000E+06  3.50000000E+06  3.50000000E+06 
 3.50000000E+06  3.50000000E+06  3.50000000E+06  3.50000000E+06  3.50000000E+06  3.50000000E+06 
 3.50000000E+06  3.50000000E+06  3.50000000E+06  3.50000000E+06  3.50000000E+06  3.50000000E+06 
 3.50000000E+06  3.50000000E+06  3.50000000E+06  3.50000000E+06  3.50000000E+06  3.50000000E+06 
 3.50000000E+06  3.50000000E+06  3.50000000E+06  3.50000000E+06  3.50000000E+06  3.50000000E+06 
 3.50000000E+06  3.50000000E+06  3.50000000E+06  3.50000000E+06  3.50000000E+06  3.50000000E+06 
'MIN LISSAGE' 

 1.78000031E+05  1.78000031E+05  1.78000031E+05  1.78000031E+05  1.78000031E+05  1.78000031E+05 
 1.78000031E+05  1.78000031E+05  1.78000031E+05  1.78000031E+05  1.78000031E+05  1.78000031E+05 
 1.78000031E+05  1.78000031E+05  1.78000031E+05  1.78000031E+05  1.78000031E+05  1.78000031E+05 
 1.78000031E+05  1.78000031E+05  1.78000031E+05  1.78000031E+05  1.78000031E+05  1.78000031E+05 
 1.78000031E+05  1.78000031E+05  1.78000031E+05  1.78000031E+05  1.78000031E+05  1.78000031E+05 
 1.78000031E+05  1.78000031E+05  1.78000031E+05  1.78000031E+05  1.78000031E+05  1.78000031E+05 
 1.78000031E+05  1.78000031E+05  1.78000031E+05  1.78000031E+05  1.78000031E+05  1.78000031E+05 
 1.78000031E+05  1.78000031E+05  1.78000031E+05  1.78000031E+05  1.78000031E+05  1.78000031E+05 
 1.78000031E+05  1.78000031E+05  1.78000031E+05  1.78000031E+05  1.78000031E+05  1.78000031E+05 
 1.78000031E+05  1.78000031E+05  1.78000031E+05  1.78000031E+05  1.78000031E+05  1.78000031E+05 
 1.78000031E+05  1.78000031E+05  1.78000031E+05  1.78000031E+05  1.78000031E+05  1.78000031E+05 
 1.78000031E+05  1.78000031E+05  1.78000031E+05  1.78000031E+05  1.78000031E+05  1.78000031E+05 
 1.78000031E+05  1.78000031E+05  1.78000031E+05  1.78000031E+05  1.78000031E+05  1.78000031E+05 
 1.78000031E+05  1.78000031E+05  1.78000031E+05  1.78000031E+05  1.78000031E+05  1.78000031E+05 
 1.78000031E+05  1.78000031E+05  1.78000031E+05  1.78000031E+05  1.78000031E+05  1.78000031E+05 
 1.78000031E+05  1.78000031E+05  1.78000031E+05  1.78000031E+05  1.78000031E+05  1.78000031E+05 
'BEYSSR' 
'E'  2.55000000E+05  2.55000000E+05  2.55000000E+05  3.70000005E-02 
'APPORTS' 

 0.00000000E+00  0.00000000E+00  0.00000000E+00  0.00000000E+00  0.00000000E+00  0.00000000E+00 
 0.00000000E+00  0.00000000E+00  0.00000000E+00  0.00000000E+00  0.00000000E+00  0.00000000E+00 
 0.00000000E+00  0.00000000E+00  0.00000000E+00  0.00000000E+00  0.00000000E+00  0.00000000E+00 
 0.00000000E+00  0.00000000E+00  0.00000000E+00  0.00000000E+00  0.00000000E+00  0.00000000E+00 
 0.00000000E+00  0.00000000E+00  0.00000000E+00  0.00000000E+00  0.00000000E+00  0.00000000E+00 
 0.00000000E+00  0.00000000E+00  0.00000000E+00  0.00000000E+00  0.00000000E+00  0.00000000E+00 
 0.00000000E+00  0.00000000E+00  0.00000000E+00  0.00000000E+00  0.00000000E+00  0.00000000E+00 
 0.00000000E+00  0.00000000E+00  0.00000000E+00  0.00000000E+00  0.00000000E+00  0.00000000E+00 
 0.00000000E+00  0.00000000E+00  0.00000000E+00  0.00000000E+00  0.00000000E+00  0.00000000E+00 
 0.00000000E+00  0.00000000E+00  0.00000000E+00  0.00000000E+00  0.00000000E+00  0.00000000E+00 
 0.00000000E+00  0.00000000E+00  0.00000000E+00  0.00000000E+00  0.00000000E+00  0.00000000E+00 
 0.00000000E+00  0.00000000E+00  0.00000000E+00  0.00000000E+00  0.00000000E+00  0.00000000E+00 
 0.00000000E+00  0.00000000E+00  0.00000000E+00  0.00000000E+00  0.00000000E+00  0.00000000E+00 
 0.00000000E+00  0.00000000E+00  0.00000000E+00  0.00000000E+00  0.00000000E+00  0.00000000E+00 
 0.00000000E+00  0.00000000E+00  0.00000000E+00  0.00000000E+00  0.00000000E+00  0.00000000E+00 
 0.00000000E+00  0.00000000E+00  0.00000000E+00  0.00000000E+00  0.00000000E+00  0.00000000E+00 
'MAX OPTIMISATION' 

 6.55000000E+05  6.55000000E+05  6.55000000E+05  6.55000000E+05  6.55000000E+05  6.55000000E+05 
 6.55000000E+05  6.55000000E+05  6.55000000E+05  6.55000000E+05  6.55000000E+05  6.55000000E+05 
 6.55000000E+05  6.55000000E+05  6.55000000E+05  6.55000000E+05  6.55000000E+05  6.55000000E+05 
 6.55000000E+05  6.55000000E+05  6.55000000E+05  6.55000000E+05  6.55000000E+05  6.55000000E+05 
 6.55000000E+05  6.55000000E+05  6.55000000E+05  6.55000000E+05  6.55000000E+05  6.55000000E+05 
 6.55000000E+05  6.55000000E+05  6.55000000E+05  6.55000000E+05  6.55000000E+05  6.55000000E+05 
 6.55000000E+05  6.55000000E+05  6.55000000E+05  6.55000000E+05  6.55000000E+05  6.55000000E+05 
 6.55000000E+05  6.55000000E+05  6.55000000E+05  6.55000000E+05  6.55000000E+05  2.65000000E+05 
 6.55000000E+05  6.55000000E+05  6.55000000E+05  6.55000000E+05  6.55000000E+05  6.55000000E+05 
 6.55000000E+05  6.55000000E+05  6.55000000E+05  6.55000000E+05  6.55000000E+05  6.55000000E+05 
 6.55000000E+05  6.55000000E+05  6.55000000E+05  6.55000000E+05  6.55000000E+05  6.55000000E+05 
 6.55000000E+05  6.55000000E+05  6.55000000E+05  6.55000000E+05  6.55000000E+05  6.55000000E+05 
 6.55000000E+05  6.55000000E+05  6.55000000E+05  6.55000000E+05  6.55000000E+05  6.55000000E+05 
 6.55000000E+05  6.55000000E+05  6.55000000E+05  6.55000000E+05  6.55000000E+05  6.55000000E+05 
 6.55000000E+05  6.55000000E+05  6.55000000E+05  6.55000000E+05  6.55000000E+05  6.55000000E+05 
 6.55000000E+05  6.55000000E+05  6.55000000E+05  6.55000000E+05  6.55000000E+05  6.55000000E+05 
'MIN OPTIMISATION' 

 7.40000000E+04  7.40000000E+04  7.40000000E+04  7.40000000E+04  7.40000000E+04  7.40000000E+04 
 7.40000000E+04  7.40000000E+04  7.40000000E+04  7.40000000E+04  7.40000000E+04  7.40000000E+04 
 7.40000000E+04  7.40000000E+04  7.40000000E+04  7.40000000E+04  7.40000000E+04  7.40000000E+04 
 7.40000000E+04  7.40000000E+04  7.40000000E+04  7.40000000E+04  7.40000000E+04  7.40000000E+04 
 7.40000000E+04  7.40000000E+04  7.40000000E+04  7.40000000E+04  7.40000000E+04  7.40000000E+04 
 7.40000000E+04  7.40000000E+04  7.40000000E+04  7.40000000E+04  7.40000000E+04  7.40000000E+04 
 7.40000000E+04  7.40000000E+04  7.40000000E+04  7.40000000E+04  7.40000000E+04  7.40000000E+04 
 7.40000000E+04  7.40000000E+04  7.40000000E+04  7.40000000E+04  7.40000000E+04  2.45000000E+05 
 7.40000000E+04  7.40000000E+04  7.40000000E+04  7.40000000E+04  7.40000000E+04  7.40000000E+04 
 7.40000000E+04  7.40000000E+04  7.40000000E+04  7.40000000E+04  7.40000000E+04  7.40000000E+04 
 7.40000000E+04  7.40000000E+04  7.40000000E+04  7.40000000E+04  7.40000000E+04  7.40000000E+04 
 7.40000000E+04  7.40000000E+04  7.40000000E+04  7.40000000E+04  7.40000000E+04  7.40000000E+04 
 7.40000000E+04  7.40000000E+04  7.40000000E+04  7.40000000E+04  7.40000000E+04  7.40000000E+04 
 7.40000000E+04  7.40000000E+04  7.40000000E+04  7.40000000E+04  7.40000000E+04  7.40000000E+04 
 7.40000000E+04  7.40000000E+04  7.40000000E+04  7.40000000E+04  7.40000000E+04  7.40000000E+04 
 7.40000000E+04  7.40000000E+04  7.40000000E+04  7.40000000E+04  7.40000000E+04  7.40000000E+04 
'MAX LISSAGE' 

 6.80000000E+05  6.80000000E+05  6.80000000E+05  6.80000000E+05  6.80000000E+05  6.80000000E+05 
 6.80000000E+05  6.80000000E+05  6.80000000E+05  6.80000000E+05  6.80000000E+05  6.80000000E+05 
 6.80000000E+05  6.80000000E+05  6.80000000E+05  6.80000000E+05  6.80000000E+05  6.80000000E+05 
 6.80000000E+05  6.80000000E+05  6.80000000E+05  6.80000000E+05  6.80000000E+05  6.80000000E+05 
 6.80000000E+05  6.80000000E+05  6.80000000E+05  6.80000000E+05  6.80000000E+05  6.80000000E+05 
 6.80000000E+05  6.80000000E+05  6.80000000E+05  6.80000000E+05  6.80000000E+05  6.80000000E+05 
 6.80000000E+05  6.80000000E+05  6.80000000E+05  6.80000000E+05  6.80000000E+05  6.80000000E+05 
 6.80000000E+05  6.80000000E+05  6.80000000E+05  6.80000000E+05  6.80000000E+05  6.80000000E+05 
 6.80000000E+05  6.80000000E+05  6.80000000E+05  6.80000000E+05  6.80000000E+05  6.80000000E+05 
 6.80000000E+05  6.80000000E+05  6.80000000E+05  6.80000000E+05  6.80000000E+05  6.80000000E+05 
 6.80000000E+05  6.80000000E+05  6.80000000E+05  6.80000000E+05  6.80000000E+05  6.80000000E+05 
 6.80000000E+05  6.80000000E+05  6.80000000E+05  6.80000000E+05  6.80000000E+05  6.80000000E+05 
 6.80000000E+05  6.80000000E+05  6.80000000E+05  6.80000000E+05  6.80000000E+05  6.80000000E+05 
 6.80000000E+05  6.80000000E+05  6.80000000E+05  6.80000000E+05  6.80000000E+05  6.80000000E+05 
 6.80000000E+05  6.80000000E+05  6.80000000E+05  6.80000000E+05  6.80000000E+05  6.80000000E+05 
 6.80000000E+05  6.80000000E+05  6.80000000E+05  6.80000000E+05  6.80000000E+05  6.80000000E+05 
'MIN LISSAGE' 

 6.00000000E+04  6.00000000E+04  6.00000000E+04  6.00000000E+04  6.00000000E+04  6.00000000E+04 
 6.00000000E+04  6.00000000E+04  6.00000000E+04  6.00000000E+04  6.00000000E+04  6.00000000E+04 
 6.00000000E+04  6.00000000E+04  6.00000000E+04  6.00000000E+04  6.00000000E+04  6.00000000E+04 
 6.00000000E+04  6.00000000E+04  6.00000000E+04  6.00000000E+04  6.00000000E+04  6.00000000E+04 
 6.00000000E+04  6.00000000E+04  6.00000000E+04  6.00000000E+04  6.00000000E+04  6.00000000E+04 
 6.00000000E+04  6.00000000E+04  6.00000000E+04  6.00000000E+04  6.00000000E+04  6.00000000E+04 
 6.00000000E+04  6.00000000E+04  6.00000000E+04  6.00000000E+04  6.00000000E+04  6.00000000E+04 
 6.00000000E+04  6.00000000E+04  6.00000000E+04  6.00000000E+04  6.00000000E+04  6.00000000E+04 
 6.00000000E+04  6.00000000E+04  6.00000000E+04  6.00000000E+04  6.00000000E+04  6.00000000E+04 
 6.00000000E+04  6.00000000E+04  6.00000000E+04  6.00000000E+04  6.00000000E+04  6.00000000E+04 
 6.00000000E+04  6.00000000E+04  6.00000000E+04  6.00000000E+04  6.00000000E+04  6.00000000E+04 
 6.00000000E+04  6.00000000E+04  6.00000000E+04  6.00000000E+04  6.00000000E+04  6.00000000E+04 
 6.00000000E+04  6.00000000E+04  6.00000000E+04  6.00000000E+04  6.00000000E+04  6.00000000E+04 
 6.00000000E+04  6.00000000E+04  6.00000000E+04  6.00000000E+04  6.00000000E+04  6.00000000E+04 
 6.00000000E+04  6.00000000E+04  6.00000000E+04  6.00000000E+04  6.00000000E+04  6.00000000E+04 
 6.00000000E+04  6.00000000E+04  6.00000000E+04  6.00000000E+04  6.00000000E+04  6.00000000E+04 
'FIN' 
