netcdf case1354pegase {

// global attributes:
		:SMS++_file_type = 1 ;

group: Block_0 {
  dimensions:
  	NumberElectricalGenerators = 260 ;
  	NumberNodes = 1354 ;
  	NumberLines = 1991 ;
  	TimeHorizon = 1 ;
  	NumberUnits = 260 ;
  variables:
  	string NetworkBlockClassname ;
  	uint GeneratorNode(NumberElectricalGenerators) ;
  	double ActivePowerDemand(NumberNodes, TimeHorizon) ;
  	double ReactivePowerDemand(NumberNodes, TimeHorizon) ;
  	double NodeConductance(NumberNodes) ;
  	double NodeSusceptance(NumberNodes) ;
  	double NodeMaxVoltage(NumberNodes) ;
  	double NodeMinVoltage(NumberNodes) ;
  	uint StartLine(NumberLines) ;
  	uint EndLine(NumberLines) ;
  	double LineResistance(NumberLines) ;
  	double LineReactance(NumberLines) ;
  	double LineSusceptance(NumberLines) ;
  	double LineRATEA(NumberLines) ;
  	double LineRatio(NumberLines) ;
  	double LineShiftAngle(NumberLines) ;
  	double LineMinAngle(NumberLines) ;
  	double LineMaxAngle(NumberLines) ;
  	double MinPowerFlow(NumberLines) ;
  	double MaxPowerFlow(NumberLines) ;

  // group attributes:
  		:type = "UCBlock" ;
  		:id = "0" ;
  data:

   NetworkBlockClassname = "ACNetworkBlock" ;

   GeneratorNode = 123, 149, 220, 337, 351, 412, 452, 515, 563, 582, 614, 
      615, 638, 681, 748, 756, 775, 777, 794, 802, 822, 850, 857, 890, 971, 
      1000, 1001, 1042, 1082, 1092, 1099, 1101, 1236, 1250, 1294, 1340, 1353, 
      1421, 1435, 1477, 1603, 1641, 1679, 1707, 1720, 1753, 1793, 1807, 1850, 
      1851, 1887, 1913, 1958, 2034, 2049, 2084, 2176, 2196, 2275, 2290, 2358, 
      2420, 2424, 2425, 2445, 2467, 2480, 2488, 2549, 2599, 2626, 2652, 2718, 
      2785, 2796, 2798, 2815, 2840, 2841, 2871, 2877, 2885, 2901, 2929, 2933, 
      2984, 3017, 3027, 3113, 3132, 3133, 3182, 3204, 3217, 3239, 3305, 3323, 
      3345, 3352, 3363, 3389, 3421, 3435, 3491, 3512, 3564, 3579, 3610, 3655, 
      3660, 3697, 3740, 3808, 3824, 3868, 3875, 3915, 3950, 3970, 4023, 4055, 
      4083, 4117, 4124, 4127, 4230, 4330, 4394, 4418, 4479, 4481, 4505, 4565, 
      4623, 4660, 4700, 4782, 4815, 4818, 4822, 4849, 4879, 4917, 4951, 5003, 
      5018, 5050, 5066, 5109, 5119, 5143, 5236, 5277, 5339, 5364, 5378, 5394, 
      5460, 5480, 5481, 5485, 5487, 5489, 5532, 5545, 5563, 5657, 5663, 5708, 
      5780, 5813, 5855, 5880, 5939, 5970, 5982, 5993, 6035, 6152, 6167, 6290, 
      6330, 6331, 6350, 6367, 6375, 6428, 6473, 6515, 6551, 6733, 6806, 6815, 
      6819, 6830, 6844, 6851, 6856, 6887, 6946, 6968, 6981, 7035, 7048, 7055, 
      7114, 7158, 7182, 7208, 7266, 7281, 7326, 7327, 7465, 7473, 7494, 7519, 
      7521, 7640, 7696, 7775, 7807, 7841, 7912, 7997, 8042, 8108, 8157, 8221, 
      8224, 8266, 8310, 8311, 8457, 8472, 8485, 8514, 8521, 8563, 8669, 8675, 
      8682, 8720, 8794, 8806, 8817, 8871, 8902, 8949, 8960, 8975, 8996, 9066, 
      9100, 9107, 9136, 9139, 9149, 9173, 9179 ;

   ActivePowerDemand =
  151,
  171.41,
  134,
  161.2,
  0,
  167.3,
  152.9,
  -0,
  48.65,
  0,
  119.2,
  363.25,
  -8.4,
  -0,
  0,
  704.53,
  0,
  23.73,
  38.34,
  32.34,
  0,
  147.76,
  100.8,
  370.5,
  -0,
  36.84,
  73.14,
  0,
  39.74,
  321.98,
  155.6,
  105.2,
  69.83,
  0,
  0,
  119.6,
  27.33,
  13.82,
  103,
  -0,
  163.1,
  524.5,
  0,
  197.5,
  110.4,
  0,
  65.17,
  56.5,
  129.1,
  170.89,
  0,
  70.68,
  123.1,
  -0,
  0,
  0,
  0,
  274.32,
  20.52,
  144.4,
  -0,
  -0,
  57.46,
  0,
  118.5,
  0,
  0,
  16.52,
  0,
  0,
  0,
  0,
  67.57,
  140.6,
  33.24,
  150.9,
  -0,
  0,
  0,
  72.88,
  0,
  45.32,
  258.4,
  -0,
  -5.61,
  232.1,
  0,
  -0,
  83.99,
  135.11,
  -0,
  400.3,
  0,
  69.58,
  0,
  -0,
  0,
  -0,
  152.57,
  343.9,
  0,
  0,
  -0,
  0,
  50.56,
  0,
  -0,
  124.5,
  0,
  0,
  0,
  -0,
  0,
  0,
  110,
  108.89,
  192.5,
  0,
  -0,
  0,
  82.69,
  631.71,
  -0,
  125.9,
  34.44,
  62.07,
  -0,
  -0,
  108.7,
  66.27,
  -0,
  88.5,
  0,
  14.71,
  0,
  0,
  0,
  44.55,
  201.4,
  -5.91,
  26.33,
  382.5,
  34.64,
  31.94,
  0,
  -0,
  -0,
  -0,
  277.86,
  0,
  56.06,
  0,
  0,
  0,
  -0,
  0,
  29.83,
  0,
  190.47,
  16.22,
  -0,
  32.84,
  -0,
  12.41,
  65.67,
  112.4,
  -0,
  86.6,
  199.4,
  67.57,
  30.93,
  129.6,
  0,
  114.1,
  0,
  0,
  71.78,
  0,
  0,
  348.93,
  0,
  -0,
  173,
  52.46,
  0,
  479,
  -0,
  37.94,
  0,
  0,
  0,
  -0,
  0,
  -3.29,
  40.85,
  145.2,
  30.93,
  0,
  196.7,
  11.91,
  144.7,
  0,
  0,
  -0,
  0,
  0,
  -0,
  -0,
  -11.03,
  0,
  0,
  79.59,
  -1.85,
  -0,
  0,
  -10.86,
  36.34,
  73.58,
  125.4,
  42.55,
  -0,
  -0,
  20.42,
  0,
  -0,
  77.39,
  156.9,
  69.08,
  0,
  0,
  28.33,
  71.77,
  0,
  -0,
  73.78,
  0,
  73.18,
  41.95,
  0,
  95.71,
  449.56,
  3.67,
  -28.13,
  0,
  83.19,
  62.16,
  0,
  -15.38,
  25.13,
  0,
  -17.18,
  0,
  -0,
  58.46,
  0,
  0,
  -0,
  333.5,
  73.98,
  -0,
  0,
  -0.63,
  -0,
  0,
  88.92,
  108.91,
  0,
  0,
  -28.14,
  0,
  0,
  0,
  88.8,
  209.2,
  11.71,
  -0,
  27.33,
  0,
  20.82,
  -0,
  -0,
  0,
  197.5,
  192.11,
  0,
  0,
  248.7,
  210.1,
  0,
  177.3,
  25.73,
  41.45,
  72.08,
  0,
  3.9,
  0,
  14.02,
  3.2,
  0,
  0,
  -0,
  120.2,
  101.2,
  77.19,
  0,
  121.4,
  0,
  -0,
  199.86,
  -5.64,
  -0,
  79.09,
  0,
  107.3,
  0,
  63.67,
  35.66,
  20.92,
  0,
  0,
  0,
  -0,
  0,
  74.98,
  0,
  0,
  0,
  -0,
  100.7,
  141.3,
  0,
  208.88,
  170.9,
  0,
  0,
  88.7,
  32.04,
  0,
  39.64,
  114.5,
  -0,
  103.4,
  96.91,
  -0,
  0,
  215.5,
  16.9,
  37.94,
  0,
  101.7,
  20.82,
  0,
  0,
  44.55,
  0,
  0,
  -0,
  291.2,
  -0,
  0,
  30.73,
  132,
  0,
  0,
  0,
  -2.65,
  0,
  0,
  -0,
  115.87,
  -5.29,
  238.45,
  59.77,
  51.56,
  0,
  159.27,
  52.86,
  62.97,
  253.77,
  14.72,
  25.63,
  0,
  0,
  203.1,
  0,
  0,
  0,
  207.1,
  -0.72,
  123.24,
  0,
  16.22,
  151.7,
  0,
  -0,
  85.59,
  55.56,
  34.54,
  -0,
  85.39,
  -28.13,
  0,
  0,
  -0,
  0,
  0,
  0,
  -0,
  25.33,
  0,
  0,
  0,
  40.14,
  453.23,
  -0,
  -12.33,
  37.73,
  -0,
  0,
  29.93,
  0,
  0,
  -0,
  -0,
  56.76,
  0,
  -0,
  0,
  -0,
  19.92,
  0,
  0,
  230.7,
  0,
  0,
  103,
  -0,
  159.9,
  0,
  112.51,
  97.82,
  -0,
  -0,
  0,
  0,
  2.2,
  0,
  0,
  74.38,
  149,
  0,
  116.93,
  221,
  29.33,
  0,
  89.6,
  0,
  0,
  92.9,
  30.33,
  0,
  567.97,
  64.67,
  -0,
  0,
  242.16,
  104.78,
  0,
  0,
  0,
  860.95,
  184.91,
  0,
  14.12,
  107,
  127.8,
  86.2,
  8.51,
  0,
  0,
  76.38,
  251.3,
  -5.06,
  0,
  132,
  -0,
  20.9,
  84.19,
  0,
  -0,
  33.14,
  0,
  0,
  -0,
  -0,
  -0,
  83.29,
  0,
  0,
  0,
  77.49,
  0,
  302.5,
  0,
  23.22,
  -0,
  0,
  125.1,
  -0,
  0,
  45.14,
  78.99,
  142.5,
  157.78,
  -0,
  101.5,
  55.66,
  0,
  99.3,
  138.5,
  180.4,
  98.2,
  -0,
  0,
  -0,
  -0,
  33.34,
  -0,
  0,
  -0,
  20.12,
  87.2,
  -0,
  0,
  -38.7,
  277.72,
  0,
  37.54,
  31.43,
  0,
  86.6,
  0,
  -28.13,
  185.8,
  0,
  152.5,
  24.23,
  42.55,
  -0,
  20.72,
  0,
  131,
  0,
  28.03,
  82.99,
  155.05,
  -0,
  -32.71,
  0,
  -0,
  77.49,
  179.4,
  42.48,
  0,
  0,
  115.1,
  83.49,
  163.5,
  19.82,
  55.54,
  -0,
  197.7,
  165.3,
  0,
  130.5,
  0,
  44.45,
  0,
  -0,
  160,
  -38.73,
  -0,
  -0,
  201.06,
  0,
  0,
  -28.13,
  0,
  0,
  0,
  0,
  0,
  -11.8,
  -0,
  89.3,
  105.2,
  48.95,
  0,
  -0,
  19.42,
  -0,
  0,
  148,
  77.19,
  36.34,
  26.13,
  110.8,
  -0,
  171.18,
  0,
  0,
  0,
  265.7,
  -0,
  -0,
  0,
  0,
  -0,
  0,
  -0,
  81.09,
  13.01,
  9.91,
  0,
  0,
  39.14,
  0,
  -0,
  -0.62,
  11.11,
  310.2,
  0,
  87.5,
  -0,
  200.65,
  -3.2,
  9.01,
  5.81,
  -0,
  0,
  0,
  -0,
  190.7,
  24.93,
  47.15,
  70.78,
  -0,
  81.49,
  -0,
  0,
  133.4,
  26.13,
  307.42,
  0,
  -0,
  165.8,
  65.07,
  235,
  90.6,
  0,
  -0,
  45.05,
  -0,
  0,
  485.5,
  -0,
  -0,
  -0,
  0,
  0,
  69.78,
  0,
  -0,
  170.1,
  95.51,
  0,
  81.89,
  92.1,
  -0,
  -0,
  48.48,
  0,
  -0,
  0,
  0,
  119,
  130.5,
  0,
  11.01,
  -1.73,
  -0,
  42.55,
  0,
  0,
  93.9,
  0,
  124,
  102.7,
  38.84,
  46.15,
  109.7,
  0,
  195.4,
  -0,
  4.91,
  3.1,
  0,
  0,
  101.89,
  93.3,
  -0,
  33.04,
  0,
  71.98,
  0,
  0,
  0,
  103.6,
  171.9,
  130.4,
  0,
  45.55,
  -28.21,
  65.77,
  -0.58,
  0,
  166.4,
  74.98,
  125.16,
  50.06,
  14.91,
  0,
  -0,
  312.2,
  56.76,
  109.9,
  218.7,
  183.95,
  0,
  -0,
  89.08,
  -0,
  17.87,
  0,
  0,
  -0,
  0,
  136.6,
  0,
  0,
  30.93,
  80.39,
  70.78,
  0,
  39.94,
  0,
  0,
  -0,
  16.92,
  0,
  229.9,
  0,
  179.8,
  0,
  -0,
  246.8,
  -0,
  -0,
  0,
  0,
  91,
  -0,
  -0,
  0,
  17.22,
  -0,
  55.26,
  -0,
  0,
  293.2,
  17.52,
  0,
  64.27,
  0,
  0,
  70.18,
  152.73,
  0,
  0,
  0,
  159.5,
  -0,
  0,
  241.62,
  69.78,
  -0,
  32.74,
  -0,
  349.3,
  56.96,
  -0,
  138.01,
  -0,
  0,
  -15.89,
  0,
  106.6,
  -0,
  0,
  0,
  0,
  0,
  0,
  -0,
  0,
  -0,
  236.33,
  0,
  0,
  0,
  0,
  0,
  0,
  -0,
  0,
  99.7,
  -0,
  0,
  99.5,
  225.2,
  -0,
  0,
  -0,
  -0,
  96.59,
  0,
  0,
  124.8,
  52.26,
  14.12,
  195.1,
  142.8,
  -0,
  0,
  183.07,
  337.6,
  141.2,
  161.3,
  -0,
  -0,
  -0,
  99.4,
  0,
  0,
  -0,
  0,
  0,
  244.09,
  -0,
  122.5,
  0,
  78.39,
  0,
  14.02,
  186.1,
  73.83,
  0,
  -0,
  0,
  71.88,
  208.06,
  0,
  0,
  24.04,
  0,
  0,
  0,
  0,
  0,
  0,
  0,
  412.1,
  163.5,
  103,
  93.12,
  78.59,
  45.28,
  0,
  -0,
  221.25,
  0,
  60.67,
  0,
  0,
  0,
  91,
  0,
  -4.82,
  14.02,
  -7.62,
  -0,
  231.9,
  0,
  -0,
  49.25,
  0,
  1769.94,
  164.7,
  128.8,
  91.3,
  3.7,
  47.65,
  0,
  0,
  0,
  48.95,
  0,
  0,
  0,
  0,
  430.8,
  0,
  -0,
  0,
  75.43,
  159.9,
  76.48,
  67.67,
  10.21,
  83.19,
  0,
  0,
  5.51,
  20.52,
  0,
  0,
  -0,
  141.2,
  31.74,
  49.66,
  88.2,
  0,
  0,
  120.69,
  0,
  -37.81,
  -0,
  0,
  0,
  -0,
  153.8,
  41.14,
  -0,
  -0,
  -37.33,
  62.63,
  134.1,
  -0,
  61.65,
  388.04,
  -26.03,
  -0,
  37.94,
  -0,
  42.55,
  10.33,
  309,
  -0,
  0,
  -0,
  0,
  -0,
  0,
  -4.91,
  137.4,
  244.12,
  0,
  0,
  61.37,
  0,
  0,
  46.35,
  -0,
  135.84,
  0,
  0,
  0,
  58.16,
  0,
  47.75,
  98,
  -0,
  0,
  44.35,
  0,
  0,
  0,
  0,
  -0,
  0,
  -12.49,
  135.61,
  176.8,
  -37.84,
  0,
  122.5,
  -37.34,
  113.6,
  124.5,
  0,
  0,
  180.9,
  18.12,
  56.56,
  0,
  0,
  0,
  -0,
  0,
  52.56,
  226.8,
  0,
  0,
  220.98,
  339.9,
  0,
  120,
  111,
  0,
  258.79,
  142.9,
  0,
  44.65,
  0,
  0,
  149.53,
  -0,
  33.34,
  222,
  102.3,
  8.48,
  -0,
  0,
  -0,
  -0,
  -18.6,
  -0,
  -0,
  0,
  18.62,
  0,
  0,
  144,
  0,
  7.51,
  392.25,
  82.39,
  0,
  -0,
  0,
  219.6,
  54.93,
  0,
  0,
  0,
  0,
  -0,
  0,
  0,
  0,
  0,
  37.44,
  169,
  61.67,
  127.3,
  -0,
  1.5,
  0,
  0,
  105.67,
  -0,
  65.67,
  18.32,
  121.3,
  197.65,
  0,
  -18.95,
  113.44,
  0,
  44.35,
  0,
  0,
  4,
  0,
  97.97,
  0,
  0,
  -0,
  0,
  0,
  40.85,
  346.42,
  -0,
  0,
  0,
  136.9,
  0,
  0,
  5.01,
  0,
  32.74,
  78.89,
  0,
  68.78,
  0,
  -0,
  33.94,
  37.14,
  0,
  -14.96,
  0,
  66.17,
  -0,
  0,
  31.84,
  524.5,
  78.89,
  207.9,
  223.6,
  151.5,
  0,
  153,
  -0,
  -0,
  0,
  169.5,
  9.21,
  -17.17,
  -19.28,
  0,
  0,
  0,
  0,
  84.99,
  -20.94,
  -0,
  47.55,
  142.4,
  162.5,
  36.94,
  338.7,
  0,
  347.1,
  0,
  0,
  56.06,
  38.44,
  17.92,
  111.6,
  50.56,
  0,
  237.9,
  234,
  112,
  -3.55,
  0,
  11.91,
  0,
  -0,
  -0,
  -0,
  0,
  69.18,
  0,
  127.2,
  68.18,
  0,
  87.9,
  -0,
  0,
  0,
  0,
  291.6,
  0,
  0,
  0,
  -101.01,
  0,
  83.39,
  58.97,
  0,
  0,
  196.1,
  39.04,
  40.44,
  0,
  0,
  112.7,
  14.22,
  -0,
  -0,
  0,
  0,
  0,
  82.39,
  -0,
  263.96,
  -2.09,
  126.54,
  77.99,
  -0,
  216.3,
  -0,
  40.75,
  0,
  39.64,
  380.8,
  286.1,
  0,
  0,
  216.2,
  21.42,
  0,
  -0,
  0,
  -0,
  149,
  0,
  44.45,
  235.97,
  38.84,
  37.44,
  93.6,
  0,
  0,
  72.68,
  87.7,
  5.01,
  -0,
  0,
  175.7,
  0,
  -0,
  136,
  -0,
  277.1,
  31.43,
  162.49,
  44.55,
  5.51,
  74.98,
  0,
  -0,
  0,
  0,
  0,
  42.65,
  305.04,
  180.7,
  101.9,
  0,
  0,
  -0,
  66.27,
  11.61,
  279.7,
  -233.23,
  -0,
  22.83,
  143.8,
  -0,
  0,
  22.02,
  0,
  203.6,
  101.2,
  0,
  406.04,
  91.6,
  -0,
  113.7,
  208.7,
  20.82,
  410.3,
  69.18,
  57.16,
  63.31,
  0,
  0,
  285.2,
  -0,
  0,
  0,
  0,
  278.3,
  3.1,
  0,
  91,
  -0,
  139.4,
  -0.56,
  3.7,
  0,
  0,
  0,
  0,
  63.97,
  88.5,
  -0,
  0,
  41.15,
  119.02,
  88.4,
  25.63,
  70.78,
  55.46,
  91.4,
  152.18,
  76.88,
  60.57,
  0,
  0,
  -0,
  23.26,
  0,
  0,
  0,
  0,
  0,
  0,
  -0,
  50.56,
  245.51,
  -0,
  0,
  0,
  0,
  -0,
  54.96,
  7.71,
  66.07,
  0,
  -0,
  0,
  2.43,
  66.97,
  62.57,
  -0,
  627.36,
  -0,
  -0,
  -5.15,
  242.08,
  0 ;

   ReactivePowerDemand =
  48.8,
  23.4,
  24.7,
  39.3,
  -0,
  54.8,
  49.4,
  0,
  16.1,
  0,
  20.7,
  115.39,
  28.66,
  -0,
  -0,
  -35.33,
  0,
  12.7,
  5.6,
  12,
  0,
  32.73,
  13.2,
  -17,
  -0,
  13.9,
  21.55,
  -0,
  11.8,
  84.4,
  54.7,
  0.1,
  15.12,
  0,
  0,
  29.6,
  11.9,
  1.4,
  12,
  0,
  46.3,
  43,
  0,
  48.3,
  26.2,
  0,
  -51.5,
  36.29,
  7.4,
  50.38,
  0,
  13.5,
  6.5,
  -0,
  -0,
  0,
  0,
  5.66,
  4,
  35.5,
  0,
  0,
  17.1,
  0,
  20.4,
  -0,
  -0,
  9,
  -0,
  0,
  -0,
  0,
  17,
  42.6,
  4.4,
  10.4,
  -0,
  0,
  0,
  14.4,
  0,
  18.5,
  66.7,
  -0,
  -2.79,
  89.8,
  0,
  0,
  21.2,
  41,
  -0,
  189.9,
  -0,
  16,
  0,
  -0,
  0,
  0,
  40,
  141.9,
  0,
  0,
  -0,
  0,
  18,
  0,
  -0,
  29.6,
  -0,
  -0,
  0,
  -0,
  0,
  0,
  3.4,
  -21.76,
  78.3,
  0,
  -0,
  0,
  20.1,
  -54.16,
  -0,
  -0.5,
  8.5,
  14.7,
  0,
  0,
  -12.15,
  13.6,
  -0,
  16.5,
  0,
  4.6,
  0,
  0,
  0,
  0,
  53,
  -2.33,
  5.3,
  57.9,
  -0,
  8.8,
  0,
  0,
  0,
  -0,
  58.95,
  0,
  18.7,
  0,
  -0,
  0,
  -0,
  0,
  7.3,
  0,
  55.03,
  2,
  -0,
  -0,
  -0,
  3.9,
  24,
  13,
  -0,
  23.4,
  -19.9,
  21.2,
  6.6,
  13.3,
  0,
  23.5,
  0,
  -0,
  17.9,
  0,
  0,
  26.47,
  0,
  0,
  -21.3,
  2.9,
  0,
  99.2,
  -0,
  15.2,
  0,
  0,
  0,
  -0,
  0,
  -1.32,
  14.5,
  21.4,
  7.6,
  -0,
  44.2,
  2.9,
  20.3,
  -0,
  0,
  0,
  0,
  0,
  -0,
  0,
  -5.11,
  0,
  0,
  18.8,
  -1.63,
  0,
  -0,
  -5.93,
  15.2,
  3.24,
  45.8,
  8.2,
  -0,
  -0,
  8.1,
  -0,
  -0,
  24.1,
  -4,
  21.5,
  -0,
  -0,
  44.8,
  13.57,
  0,
  0,
  -0,
  0,
  22.3,
  8.5,
  0,
  25.9,
  245.72,
  -1.86,
  -0.83,
  0,
  25.8,
  8,
  0,
  -4.94,
  -61.6,
  0,
  -4.35,
  0,
  0,
  6.6,
  0,
  -0,
  -0,
  -1.4,
  22.5,
  0,
  0,
  -0.83,
  -0,
  0,
  19.79,
  33.7,
  0,
  -0,
  -0.76,
  0,
  0,
  0,
  -3.2,
  23.5,
  3.8,
  -0,
  5,
  0,
  -0,
  -0,
  0,
  0,
  -31,
  45.5,
  0,
  0,
  8.1,
  66.2,
  0,
  36.4,
  7.3,
  4.9,
  21.3,
  0,
  1,
  0,
  6.5,
  1.7,
  0,
  0,
  0,
  20.5,
  2.1,
  18.6,
  -0,
  20.2,
  0,
  0,
  56.93,
  -2.84,
  -0,
  18.7,
  0,
  14.2,
  -0,
  20.2,
  -9.39,
  7.7,
  0,
  0,
  0,
  0,
  0,
  26.9,
  -0,
  -0,
  0,
  -0,
  -4.2,
  32.4,
  0,
  60.8,
  39,
  0,
  -0,
  -0.1,
  6.6,
  -0,
  20.9,
  25.2,
  0,
  27,
  13.9,
  0,
  0,
  31.3,
  3.85,
  15.4,
  -0,
  17.6,
  0,
  0,
  0,
  16.8,
  0,
  0,
  0,
  35.4,
  0,
  0,
  9.6,
  26,
  -0,
  0,
  0,
  -1.17,
  0,
  0,
  0,
  29.41,
  -1.91,
  46.86,
  16.7,
  2.1,
  0,
  38.31,
  13,
  17.4,
  84.6,
  5.4,
  12.7,
  0,
  0,
  65.2,
  0,
  0,
  0,
  50.4,
  0,
  23.65,
  0,
  8.9,
  27.6,
  0,
  0,
  20.72,
  26.5,
  8.6,
  0,
  14.3,
  -0.81,
  0,
  -0,
  -0,
  0,
  0,
  -0,
  -0,
  14.2,
  0,
  0,
  0,
  8.8,
  139.16,
  -0,
  -2.65,
  13.84,
  0,
  0,
  -0,
  0,
  0,
  0,
  0,
  13.4,
  0,
  0,
  0,
  0,
  7.4,
  -0,
  0,
  19.3,
  0,
  -0,
  28.7,
  -0,
  53.2,
  -0,
  16.51,
  20.59,
  0,
  0,
  0,
  -0,
  1.1,
  0,
  -0,
  8.8,
  19.8,
  0,
  33.6,
  146.8,
  5.6,
  0,
  22.7,
  -0,
  -0,
  27.7,
  10.5,
  0,
  130.73,
  24.5,
  0,
  0,
  73.64,
  20.92,
  0,
  0,
  -0,
  -182.67,
  32.8,
  0,
  7.7,
  34.7,
  15.2,
  19.9,
  3.2,
  0,
  0,
  24.8,
  42.6,
  -1.84,
  0,
  27,
  0,
  -171.5,
  17.3,
  0,
  -0,
  11.6,
  0,
  0,
  0,
  -0,
  -0,
  24.1,
  0,
  0,
  0,
  21.4,
  0,
  65.1,
  0,
  6.3,
  0,
  0,
  44,
  0,
  0,
  -6.64,
  16.2,
  23.6,
  276.03,
  0,
  -18.3,
  4.5,
  0,
  23.3,
  19.3,
  71.6,
  19.1,
  0,
  0,
  0,
  0,
  13.2,
  0,
  -0,
  -0,
  7.6,
  31.8,
  0,
  0,
  -12.99,
  7.35,
  0,
  18.3,
  6.6,
  0,
  14.9,
  -0,
  -0.82,
  31.8,
  0,
  14.4,
  6.4,
  17.6,
  -0,
  5,
  0,
  1.3,
  0,
  6.5,
  25.9,
  39.56,
  -0,
  -13.76,
  0,
  0,
  17.3,
  58.3,
  10.36,
  -0,
  0,
  16.4,
  17.4,
  44.9,
  10.9,
  15.06,
  -0,
  67.65,
  7.4,
  0,
  24.7,
  -0,
  10.9,
  0,
  0,
  69.2,
  -15.32,
  -0,
  -0,
  19.46,
  0,
  0,
  -0.82,
  0,
  0,
  0,
  -0,
  0,
  -5.47,
  0,
  25.1,
  24.2,
  11.6,
  0,
  -0,
  11.8,
  -0,
  0,
  26.1,
  26.5,
  10.4,
  9.7,
  36.9,
  0,
  28.49,
  0,
  0,
  -0,
  113.5,
  -0,
  -0,
  -0,
  0,
  0,
  0,
  -0,
  12.5,
  3.8,
  5.4,
  0,
  0,
  7.7,
  0,
  0,
  0,
  4.1,
  4.5,
  0,
  21.3,
  0,
  30.72,
  -1.05,
  4.9,
  1.7,
  -0,
  0,
  0,
  -0,
  52,
  9.6,
  15.7,
  19.6,
  -0,
  25.1,
  -0,
  -0,
  29.4,
  2.7,
  -38.3,
  0,
  -0,
  44,
  15,
  58.9,
  15.8,
  0,
  0,
  13.2,
  0,
  0,
  -63.38,
  0,
  -0,
  -0,
  0,
  0,
  25,
  -0,
  0,
  -9.3,
  17.1,
  0,
  19.9,
  29.5,
  -0,
  0,
  8.7,
  -0,
  -0,
  -0,
  -0,
  21.9,
  25.7,
  0,
  3.9,
  -1.71,
  0,
  17.6,
  -0,
  0,
  -0.4,
  0,
  29.2,
  17.8,
  8.5,
  11.2,
  15,
  0,
  76.84,
  0,
  1.6,
  0.1,
  0,
  0,
  25.72,
  27.8,
  -0,
  10.1,
  0,
  27.1,
  0,
  0,
  0,
  16,
  39.1,
  44.33,
  0,
  -59.9,
  -6,
  27.3,
  -53.03,
  0,
  50.4,
  19.8,
  29.2,
  9.9,
  -8.73,
  0,
  0,
  28,
  31.1,
  33.6,
  -9.1,
  -6.47,
  0,
  -0,
  26.9,
  0,
  -8.59,
  0,
  0,
  0,
  0,
  29,
  0,
  0,
  5.8,
  10.8,
  28,
  0,
  13,
  0,
  0,
  0,
  0,
  0,
  48.9,
  -0,
  5.67,
  0,
  0,
  36.3,
  -0,
  -0,
  0,
  -0,
  36,
  0,
  -0,
  0,
  5.1,
  -0,
  11,
  -0,
  -0,
  87.4,
  6.6,
  0,
  17.5,
  0,
  0,
  19.5,
  -17.2,
  0,
  0,
  -0,
  42,
  0,
  0,
  52.78,
  26,
  -0,
  5.3,
  0,
  144.3,
  1.94,
  -0,
  34.55,
  -0,
  0,
  -6.42,
  0,
  -18.8,
  -0,
  0,
  0,
  0,
  0,
  0,
  -0,
  -0,
  -0,
  59.35,
  0,
  0,
  0,
  -0,
  0,
  0,
  0,
  -0,
  6,
  0,
  0,
  9.2,
  35.2,
  -0,
  0,
  -0,
  -0,
  7.28,
  0,
  0,
  34.7,
  19.6,
  5.2,
  -14.2,
  20.3,
  0,
  0,
  44.65,
  -15.4,
  45.4,
  10.04,
  -0,
  0,
  -0,
  4.3,
  0,
  0,
  -0,
  -0,
  0,
  48.92,
  -0,
  38.9,
  0,
  21.2,
  0,
  5.5,
  14.8,
  16.41,
  -0,
  0,
  0,
  21.7,
  36.6,
  0,
  0,
  1.68,
  -0,
  -0,
  0,
  0,
  0,
  0,
  0,
  79.3,
  35.6,
  40.2,
  4.99,
  16,
  15.27,
  0,
  -0,
  72.56,
  -0,
  33.2,
  0,
  -0,
  0,
  28.4,
  -0,
  -0.88,
  5.6,
  -2.52,
  -0,
  27.6,
  0,
  0,
  12,
  -0,
  -353.95,
  44.5,
  29.3,
  18.1,
  2.6,
  20.4,
  0,
  -0,
  -0,
  14.9,
  0,
  0,
  0,
  0,
  107.9,
  0,
  -0,
  0,
  10.49,
  47.4,
  19.8,
  16.4,
  3.8,
  22.9,
  0,
  -0,
  2.1,
  13.3,
  -0,
  0,
  0,
  34.8,
  17.4,
  12.3,
  26.7,
  0,
  0,
  18.1,
  0,
  -21.64,
  -0,
  -0,
  -0,
  0,
  23.4,
  15.25,
  -0,
  -0,
  -11.88,
  16.3,
  24.8,
  0,
  10.24,
  52.61,
  -0.84,
  0,
  7.5,
  0,
  12.5,
  3.3,
  74.5,
  -0,
  0,
  0,
  0,
  -0,
  -0,
  -2.53,
  23.9,
  95.29,
  0,
  -0,
  23.2,
  -0,
  0,
  9.1,
  0,
  15.97,
  0,
  0,
  0,
  16.5,
  0,
  11,
  21.7,
  -0,
  0,
  19.3,
  0,
  0,
  0,
  0,
  -0,
  0,
  -5.83,
  26.86,
  39.4,
  -19.23,
  0,
  8.7,
  -13.33,
  44.7,
  101.4,
  -0,
  0,
  33.2,
  10,
  18.4,
  0,
  0,
  0,
  0,
  0,
  12.8,
  53.3,
  0,
  0,
  91,
  70.5,
  0,
  26,
  36.6,
  0,
  42.82,
  25.8,
  -0,
  8.8,
  -0,
  0,
  34.9,
  0,
  5,
  90.5,
  19,
  -1.82,
  -0,
  0,
  0,
  0,
  -6.72,
  -0,
  -0,
  0,
  6.1,
  0,
  -0,
  31.3,
  0,
  3.1,
  92.02,
  0,
  -0,
  -0,
  0,
  36.4,
  16.5,
  0,
  0,
  -0,
  -0,
  0,
  0,
  0,
  0,
  -0,
  0,
  70.8,
  16.3,
  26.7,
  -0,
  0.4,
  -0,
  0,
  0.56,
  0,
  25.6,
  5.3,
  20.7,
  28.23,
  0,
  -6.93,
  71.42,
  0,
  10.8,
  -0,
  0,
  0.8,
  -0,
  31.8,
  0,
  0,
  0,
  0,
  0,
  15.7,
  89.04,
  -0,
  0,
  0,
  11.4,
  0,
  -0,
  1.8,
  -0,
  10.5,
  45.6,
  0,
  35,
  0,
  -0,
  11.4,
  2.7,
  -0,
  -4.7,
  0,
  27.4,
  -0,
  0,
  9.2,
  126,
  25.6,
  32.36,
  51.8,
  7.9,
  0,
  21.5,
  0,
  -0,
  0,
  27.7,
  3.4,
  -7.1,
  29.9,
  0,
  -0,
  0,
  0,
  19.6,
  -6.16,
  -0,
  17.8,
  20,
  42.7,
  11,
  52.5,
  -0,
  87.2,
  0,
  -0,
  17,
  2,
  5.8,
  8.9,
  8.1,
  -0,
  68.5,
  13.1,
  19.7,
  -1.43,
  0,
  3.3,
  0,
  -0,
  0,
  0,
  0,
  9.5,
  -0,
  40.8,
  16.1,
  0,
  29.3,
  0,
  0,
  0,
  -0,
  47,
  -0,
  -0,
  0,
  -129.29,
  -0,
  16.5,
  11.1,
  0,
  0,
  32.1,
  13.1,
  20.5,
  0,
  -0,
  14.5,
  6.3,
  0,
  0,
  0,
  0,
  0,
  14.4,
  -0,
  -98.64,
  -1.43,
  29.1,
  19.3,
  -0,
  -6.9,
  0,
  12.5,
  0,
  9.6,
  62.8,
  89.3,
  0,
  -0,
  75.3,
  11.8,
  0,
  0,
  0,
  0,
  99.8,
  0,
  7.68,
  34.52,
  14.2,
  9.1,
  -43.5,
  0,
  0,
  24.3,
  26,
  1.8,
  0,
  0,
  56.2,
  -0,
  0,
  36.1,
  0,
  37,
  10.6,
  45.11,
  7.5,
  1.3,
  10.5,
  0,
  -0,
  0,
  0,
  0,
  18.2,
  77.16,
  71.8,
  24.3,
  0,
  0,
  0,
  19.3,
  7.6,
  4.6,
  29.6,
  -0,
  8,
  46.45,
  -0,
  0,
  4.4,
  0,
  19.81,
  -2.9,
  0,
  95.5,
  27.1,
  0,
  22.3,
  63,
  0,
  91.6,
  35.1,
  19.7,
  -9.8,
  0,
  -0,
  61.4,
  0,
  0,
  -0,
  0,
  33.6,
  1.6,
  0,
  21,
  0,
  21.2,
  -0,
  0.2,
  0,
  0,
  -0,
  0,
  12.8,
  24.5,
  -0,
  0,
  10.3,
  12.54,
  25.2,
  6.5,
  19.6,
  16.9,
  18.1,
  21.63,
  16.4,
  18.9,
  -0,
  -0,
  -0,
  3.01,
  0,
  0,
  0,
  0,
  -0,
  -0,
  0,
  8.7,
  9.17,
  -0,
  0,
  0,
  0,
  -0,
  9.42,
  2.4,
  15.6,
  0,
  0,
  0,
  1.35,
  18.6,
  -61,
  -0,
  -73.13,
  -0,
  0,
  -2.04,
  59.98,
  -0 ;

   NodeConductance = 0, 0, 0, 0, 0, 0, 0, 0, 0, 0, 0, 0, 0, 0, 0, 0, 0, 0, 0, 
      0, 0, 0, 0, 0, 0, 0, 0, 0, 0, 0, 0, 0, 0, 0, 0, 0, 0, 0, 0, 0, 0, 0, 0, 
      0, 0, 0, 0, 0, 0, 0, 0, 0, 0, 0, 0, 0, 0, 0, 0, 0, 0, 0, 0, 0, 0, 0, 0, 
      0, 0, 0, 0, 0, 0, 0, 0, 0, 0, 0, 0, 0, 0, 0, 0, 0, 0, 0, 0, 0, 0, 0, 0, 
      0, 0, 0, 0, 0, 0, 0, 0, 0, 0, 0, 0, 0, 0, 0, 0, 0, 0, 0, 0, 0, 0, 0, 0, 
      0, 0, 0, 0, 0, 0, 0, 0, 0, 0, 0, 0, 0, 0, 0, 0, 0, 0, 0, 0, 0, 0, 0, 0, 
      0, 0, 0, 0, 0, 0, 0, 0, 0, 0, 0, 0, 0, 0, 0, 0, 0, 0, 0, 0, 0, 0, 0, 0, 
      0, 0, 0, 0, 0, 0, 0, 0, 0, 0, 0, 0, 0, 0, 0, 0, 0, 0, 0, 0, 0, 0, 0, 0, 
      0, 0, 0, 0, 0, 0, 0, 0, 0, 0, 0, 0, 0, 0, 0, 0, 0, 0, 0, 0, 0, 0, 0, 0, 
      0, 0, 0, 0, 0, 0, 0, 0, 0, 0, 0, 0, 0, 0, 0, 0, 0, 0, 0, 0, 0, 0, 0, 0, 
      0, 0, 0, 0, 0, 0, 0, 0, 0, 0, 0, 0, 0, 0, 0, 0, 0, 0, 0, 0, 0, 0, 0, 0, 
      0, 0, 0, 0, 0, 0, 0, 0, 0, 0, 0, 0, 0, 0, 0, 0, 0, 0, 0, 0, 0, 0, 0, 0, 
      0, 0, 0, 0, 0, 0, 0, 0, 0, 0, 0, 0, 0, 0, 0, 0, 0, 0, 0, 0, 0, 0, 0, 0, 
      0, 0, 0, 0, 0, 0, 0, 0, 0, 0, 0, 0, 0, 0, 0, 0, 0, 0, 0, 0, 0, 0, 0, 0, 
      0, 0, 0, 0, 0, 0, 0, 0, 0, 0, 0, 0, 0, 0, 0, 0, 0, 0, 0, 0, 0, 0, 0, 0, 
      0, 0, 0, 0, 0, 0, 0, 0, 0, 0, 0, 0, 0, 0, 0, 0, 0, 0, 0, 0, 0, 0, 0, 0, 
      0, 0, 0, 0, 0, 0, 0, 0, 0, 0, 0, 0, 0, 0, 0, 0, 0, 0, 0, 0, 0, 0, 0, 0, 
      0, 0, 0, 0, 0, 0, 0, 0, 0, 0, 0, 0, 0, 0, 0, 0, 0, 0, 0, 0, 0, 0, 0, 0, 
      0, 0, 0, 0, 0, 0, 0, 0, 0, 0, 0, 0, 0, 0, 0, 0, 0, 0, 0, 0, 0, 0, 0, 0, 
      0, 0, 0, 0, 0, 0, 0, 0, 0, 0, 0, 0, 0, 0, 0, 0, 0, 0, 0, 0, 0, 0, 0, 0, 
      0, 0, 0, 0, 0, 0, 0, 0, 0, 0, 0, 0, 0, 0, 0, 0, 0, 0, 0, 0, 0, 0, 0, 0, 
      0, 0, 0, 0, 0, 0, 0, 0, 0, 0, 0, 0, 0, 0, 0, 0, 0, 0, 0, 0, 0, 0, 0, 0, 
      0, 0, 0, 0, 0, 0, 0, 0, 0, 0, 0, 0, 0, 0, 0, 0, 0, 0, 0, 0, 0, 0, 0, 0, 
      0, 0, 0, 0, 0, 0, 0, 0, 0, 0, 0, 0, 0, 0, 0, 0, 0, 0, 0, 0, 0, 0, 0, 0, 
      0, 0, 0, 0, 0, 0, 0, 0, 0, 0, 0, 0, 0, 0, 0, 0, 0, 0, 0, 0, 0, 0, 0, 0, 
      0, 0, 0, 0, 0, 0, 0, 0, 0, 0, 0, 0, 0, 0, 0, 0, 0, 0, 0, 0, 0, 0, 0, 0, 
      0, 0, 0, 0, 0, 0, 0, 0, 0, 0, 0, 0, 0, 0, 0, 0, 0, 0, 0, 0, 0, 0, 0, 0, 
      0, 0, 0, 0, 0, 0, 0, 0, 0, 0, 0, 0, 0, 0, 0, 0, 0, 0, 0, 0, 0, 0, 0, 0, 
      0, 0, 0, 0, 0, 0, 0, 0, 0, 0, 0, 0, 0, 0, 0, 0, 0, 0, 0, 0, 0, 0, 0, 0, 
      0, 0, 0, 0, 0, 0, 0, 0, 0, 0, 0, 0, 0, 0, 0, 0, 0, 0, 0, 0, 0, 0, 0, 0, 
      0, 0, 0, 0, 0, 0, 0, 0, 0, 0, 0, 0, 0, 0, 0, 0, 0, 0, 0, 0, 0, 0, 0, 0, 
      0, 0, 0, 0, 0, 0, 0, 0, 0, 0, 0, 0, 0, 0, 0, 0, 0, 0, 0, 0, 0, 0, 0, 0, 
      0, 0, 0, 0, 0, 0, 0, 0, 0, 0, 0, 0, 0, 0, 0, 0, 0, 0, 0, 0, 0, 0, 0, 0, 
      0, 0, 0, 0, 0, 0, 0, 0, 0, 0, 0, 0, 0, 0, 0, 0, 0, 0, 0, 0, 0, 0, 0, 0, 
      0, 0, 0, 0, 0, 0, 0, 0, 0, 0, 0, 0, 0, 0, 0, 0, 0, 0, 0, 0, 0, 0, 0, 0, 
      0, 0, 0, 0, 0, 0, 0, 0, 0, 0, 0, 0, 0, 0, 0, 0, 0, 0, 0, 0, 0, 0, 0, 0, 
      0, 0, 0, 0, 0, 0, 0, 0, 0, 0, 0, 0, 0, 0, 0, 0, 0, 0, 0, 0, 0, 0, 0, 0, 
      0, 0, 0, 0, 0, 0, 0, 0, 0, 0, 0, 0, 0, 0, 0, 0, 0, 0, 0, 0, 0, 0, 0, 0, 
      0, 0, 0, 0, 0, 0, 0, 0, 0, 0, 0, 0, 0, 0, 0, 0, 0, 0, 0, 0, 0, 0, 0, 0, 
      0, 0, 0, 0, 0, 0, 0, 0, 0, 0, 0, 0, 0, 0, 0, 0, 0, 0, 0, 0, 0, 0, 0, 0, 
      0, 0, 0, 0, 0, 0, 0, 0, 0, 0, 0, 0, 0, 0, 0, 0, 0, 0, 0, 0, 0, 0, 0, 0, 
      0, 0, 0, 0, 0, 0, 0, 0, 0, 0, 0, 0, 0, 0, 0, 0, 0, 0, 0, 0, 0, 0, 0, 0, 
      0, 0, 0, 0, 0, 0, 0, 0, 0, 0, 0, 0, 0, 0, 0, 0, 0, 0, 0, 0, 0, 0, 0, 0, 
      0, 0, 0, 0, 0, 0, 0, 0, 0, 0, 0, 0, 0, 0, 0, 0, 0, 0, 0, 0, 0, 0, 0, 0, 
      0, 0, 0, 0, 0, 0, 0, 0, 0, 0, 0, 0, 0, 0, 0, 0, 0, 0, 0, 0, 0, 0, 0, 0, 
      0, 0, 0, 0, 0, 0, 0, 0, 0, 0, 0, 0, 0, 0, 0, 0, 0, 0, 0, 0, 0, 0, 0, 0, 
      0, 0, 0, 0, 0, 0, 0, 0, 0, 0, 0, 0, 0, 0, 0, 0, 0, 0, 0, 0, 0, 0, 0, 0, 
      0, 0, 0, 0, 0, 0, 0, 0, 0, 0, 0, 0, 0, 0, 0, 0, 0, 0, 0, 0, 0, 0, 0, 0, 
      0, 0, 0, 0, 0, 0, 0, 0, 0, 0, 0, 0, 0, 0, 0, 0, 0, 0, 0, 0, 0, 0, 0, 0, 
      0, 0, 0, 0, 0, 0, 0, 0, 0, 0, 0, 0, 0, 0, 0, 0, 0, 0, 0, 0, 0, 0, 0, 0, 
      0, 0, 0, 0, 0, 0, 0, 0, 0, 0, 0, 0, 0, 0, 0, 0, 0, 0, 0, 0, 0, 0, 0, 0, 
      0, 0, 0, 0, 0, 0, 0, 0, 0, 0, 0, 0, 0, 0, 0, 0, 0, 0, 0, 0, 0, 0, 0, 0, 
      0, 0, 0, 0, 0, 0, 0, 0, 0, 0, 0, 0, 0, 0, 0, 0, 0, 0, 0, 0, 0, 0, 0, 0, 
      0, 0, 0, 0, 0, 0, 0, 0, 0, 0, 0, 0, 0, 0, 0, 0, 0, 0, 0, 0, 0, 0, 0, 0, 
      0, 0, 0, 0, 0, 0, 0, 0, 0, 0, 0, 0, 0, 0, 0, 0, 0, 0, 0, 0, 0, 0, 0, 0, 
      0, 0, 0, 0, 0, 0, 0, 0, 0, 0, 0, 0, 0, 0, 0, 0, 0, 0, 0, 0, 0, 0, 0, 0, 
      0, 0, 0, 0, 0, 0, 0, 0, 0, 0, 0, 0, 0, 0, 0 ;

   NodeSusceptance = 4.69, 2.1, 12.44, 30.71, 0.85, 110.54, 27.65, 7.27, 
      7.14, 2.31, 3.31, 3.95, 3.49, 6.532711, 4.21, 13.102834, 0, 0.52, 7.64, 
      6.1, 0, 8.34, 5.24, 9.91, 2.42, 3.3, 8.52, 12.48, 1.44, 1.34, 2.21, 
      7.36, 2.23, 0, 1.15, 5.34, 1.17, 0.7, 0.63, 4.76, 10.6, 6.85, 0, 0.71, 
      5.62, 0, 4.85, 3.08, 0.04, 6.44, 0, 6.96, 3.25, 68.517663, 2.45, 29.42, 
      0, 13.24, 2.77, 7.66, 1.96, 0.4, 1.61, 0, 2.57, 5.15, 1.97, 1.17, 0.32, 
      0, 0.67, 0, 5.75, 5.71, 24.54, 4.77, 5.67, 0, 0, 2.96, 0, 0.74, 5.87, 
      0.6, 150.93, 0.09, 0, 5.6, 5.36, 5.31, 23.554121, 0.53, 2.83, 3.03, 0, 
      18.63, 0, 7.85, 6.12, 5.55, 0, 0, 6.63, 0, 0.11, 0, 7.26, 15.4, 
      58.088687, 0.22, 0, 8.17514, 0, 0, 11.95, 3.72, 6.65, 0, 9.1, 0.15, 
      1.36, 7.534129, 0.05, 0.21, 1.11, 4.84, 22.75, 9.46, 37.11, 0.67, 
      108.728602, 146.44, 0, 7.88, 0, 0, 0.81, 4.78, 9.67, 30.393595, 4.31, 
      8.16, 0.91, 3.79, 0, 3.79, 0.1, 4.74, 182.880644, 0, 4.24, 0, 0.16, 0, 
      2.05, 0, 6.49, 1.1, 6.7, 0.71, 0.05, 1.41, 18.82, 2.23, 9.95, 3.99, 
      2.3, 0.39, 6.68, 5.71, 9.09, 13.98, 30.637696, 1.08, 4.93, 1.72, 1.96, 
      0, 1.17, 9.36, 0, 10.73, 5.93, 0.35, 0, 10.68, 4.34, 35.31, 0.98, 0.59, 
      0, 58.3, 0, 190.704588, 0.59, 1.09, 4.69, 2.14, 0.1, 5.27, 6.35, 0.3, 
      0, 3.85, 0, 9.49, 3.38, 0.42, 29.706803, 0, 4.86, 6.78, 31.424588, 
      37.116157, 1.84, 12.54, 0.3, 52.35, 0, 2.06, 1.02, 7.99, 35.15, 4.96, 
      0.95, 2.67, 2.48, 1.65, 1.38, 3.24, 0.51, 3.84, 0, 0.05, 2.69, 6.55, 
      8.77, 1.05, 0, 11.38, 94.55, 3.89, 0.1, 0, 0.33, 2.99, 0, 33.241519, 
      3.68, 0, 44.419365, 6.68, 1.86, 10.13, 0, 121.29, 0.28, 8.37, 1.15, 
      1.64, 0, 22.810288, 0.05, 0, 2.81, 56.24, 3.33, 3.02, 0.1, 0, 0, 1.53, 
      13.63, 6.44, 2.96, 6.273568, 6.77, 0, 0.14, 1.18, 2.68, 0, 17.34, 
      68.04, 1.19, 0, 12.46, 59.36, 0.14, 0.7, 2.82, 18.43, 7.19, 9.98, 3.81, 
      0, 0.09, 0.05, 0.14, 0, 7.338808, 19.94, 38.43, 2.22, 13.94, 16.61, 0, 
      6.02, 46.83, 34.582195, 38.32, 10.8, 56.686515, 20.23, 7.63, 6.13, 
      7.89, 1.21, 61.795782, 0, 32.849821, 0.18, 0, 2.96, 2.91, 1.71, 0.45, 
      2.76, 1.57, 7.29, 0, 6.68, 11.25, 0, 7.94, 2.83, 0.44, 0.41, 0.65, 
      17.57, 0.4, 1.41, 3.98, 3.28, 0, 14.23, 25.09, 117.386167, 14.490904, 
      13.14, 0.13, 1.69, 0, 2.31, 0, 0, 6.21, 21.87, 0.64, 0, 2.75, 27.18, 
      11.65, 0, 0.21, 65.673108, 0, 0, 2.09, 7.92, 42.622979, 125.534496, 
      0.64, 0.18, 0, 2.18, 6.04, 0.3, 20.71, 0.72, 8.42, 0, 0, 0.64, 1.72, 
      0.19, 0, 4.93, 69.582294, 6.44, 0.45, 2.2, 6.49, 0, 10.040547, 142.79, 
      1.09, 5.05, 3.72, 0.35, 0.1, 0, 0.39, 1.94, 0, 0, 12.17, 0.39, 4.05, 0, 
      0, 0, 0.82, 25.583218, 4.76, 69.323028, 0.09, 4.21, 0, 0.46, 0, 0, 
      0.22, 3.2, 1.18, 0, 2.87, 53.25003, 32.049116, 17.28, 92.38, 0, 4.56, 
      0, 137.29, 2.88, 11.03, 7.99, 0.19, 1.63, 6.67, 0.42, 1.68, 0, 3.9, 
      0.67, 0, 1.37, 6.1, 23.89, 0, 3.35, 8.35, 6.56, 0, 4.06, 4.27, 2.83, 
      5.22, 0.33, 75.076038, 1.09, 1.46, 0, 0, 12.79, 6.17, 0, 0, 0.03, 
      18.309116, 8.35, 0, 1.42, 1.54, 9.34, 5.43, 0.96, 0, 0, 3.24, 5.47, 
      187.327025, 0, 4.66, 1.18, 0.21, 6.2, 1.44, 0.13, 4.51, 0, 0, 0.91, 
      2.27, 4.56, 1.23, 0, 0, 0, 0.05, 0, 8.87, 17.31, 0.66, 0, 0, 6.04, 
      10.13, 0, 88.82001, 1.97, 4.24, 91.192543, 6.501668, 8.47, 1.33, 0, 
      1.88, 5.26, 81.042938, 10.92, 1.93, 0, 68.053762, 2.47, 0.76, 0.49, 
      3.34, 14.079026, 0.89, 5.96, 2.51, 0, 13.47383, 3.58, 0, 0.22, 3.32, 
      0.23, 1.34, 58.146813, 0.1, 3.73, 0, 24.61, 3.9, 17.28, 4.86, 6.64, 0, 
      120.45, 0, 6.32, 0.23, 6.27, 12.4, 135.136611, 0, 0.43, 0.1, 0.64, 
      0.37, 13.03, 0, 7.67, 19.32, 1.17, 0.05, 6.28, 26.98, 13.58, 28.32, 0, 
      0.4, 1.02, 2.23, 0, 97.326028, 0.19, 97.23, 11.68, 2.26, 2.87, 0, 0, 
      0.09, 4.77, 4.36, 98.2, 19.73, 0, 88.050735, 39.95, 2.98, 0.25, 2, 0, 
      1.18, 2.6, 0.84, 0, 9.44, 6.2, 2.67, 2.37, 23.2, 24.103274, 0, 0, 2.67, 
      6.42, 1.85, 1.18, 0.89, 2.71, 0, 2.08, 0, 1.23, 2.4, 3.59, 4.6, 0, 0, 
      11.68, 0, 0.09, 75.020288, 0.8, 8.51, 1.2, 7.52, 5.06, 9.72, 48.471563, 
      0.64, 0.42, 17.29, 0, 8.95, 12.68, 20.57, 0.09, 5.41, 7.9, 11.4, 0.36, 
      2.27, 0.3, 10.87, 1.7, 0, 0, 42.345005, 6.15, 1.37, 14.47, 7.99, 0, 
      1.02, 44.93, 0.05, 0, 34.92, 0.8, 102.217726, 1, 0, 0, 14.24, 1.75, 
      55.514618, 5.97, 8.5, 0, 5.1, 3.14, 0.94, 6.12, 10.14, 150.797812, 
      14.64, 0.3, 124.2, 0.95, 2.27, 0, 7.98, 22.062314, 52.958443, 1.2, 
      80.388213, 0, 3.66, 0, 0.53, 48.05, 7.31, 10.16, 30.97, 0, 8.59, 16.11, 
      4.15, 1.34, 2.38, 25.339116, 5.11, 6.1, 1.49, 0.43, 0, 7.2, 0, 0, 0, 
      11.22, 4.23, 5.22, 0, 30.04, 0.05, 0.49, 6.85, 0, 1.23, 6.47, 2.69, 
      11.56, 34.66, 0, 0.3, 48.6, 0.37, 3.72, 49, 5.74, 0, 171.931977, 4.68, 
      4.34, 0.21, 0, 40.291745, 8.347383, 0, 2.05, 0, 0, 4.45, 0.35, 1.49, 
      9.34, 2.47, 0, 0, 7.84, 0.57, 0, 8.36, 8.19, 12.83, 0.18, 0.2, 16.01, 
      0.89, 14.04, 0, 70.905048, 5.47, 0.18, 7.4, 0, 0.99, 3.06, 7.68, 1.3, 
      42.19206, 26.36, 3.79, 0, 0.43, 28.208233, 3.28, 3.59, 45.85, 0, 0, 
      24.7, 2.3, 9.43, 0, 0.82, 5.18, 5.57, 3.07, 3.96, 0.54, 26.48, 0.92, 
      8.44, 5.27, 9.09, 38.657071, 0, 4.1, 18.02, 0, 0, 0, 0, 0, 0.58, 1.98, 
      1.18, 18.71, 0.36, 0, 0, 10.83, 0, 3.59, 1.01, 2.94, 2.06, 0, 
      173.904854, 27.55, 11.99, 0.53, 11.52, 5.98, 115.528858, 2.52, 0, 0, 
      3.66, 2.64, 1.44, 12.89, 6.77, 0.59, 0, 2.77, 6.27, 7.55, 4.38, 8.13, 
      4.28, 1.81, 3.69, 0, 0.35, 1.38, 0.35, 0, 5.96, 132.04744, 0.84, 0, 
      0.97, 0, 3.3, 17.28, 15.77, 3.98, 5.75, 0, 9.63, 3.55, 0, 0, 4.02, 
      4.53, 2.75, 0, 1.35, 2.22, 0, 0.53, 7.73, 4.59, 1.13, 0.18, 1.87, 7.88, 
      8.78, 1.18, 8.23, 3.15, 0.31, 0, 4.96, 0, 10.57, 3.14, 224.85, 2.34, 
      33.197994, 0.22, 0.36, 58.990785, 11.5, 7.28, 6.31, 62.59, 3.67, 26.74, 
      3.05, 4.45, 3.63, 0, 2.13, 0.05, 4.04, 0, 0, 8.26, 0, 11.64, 0, 0.35, 
      0, 7.91, 3.65, 5.41, 3.7, 4.6, 28.5, 0, 6.03, 1.92, 0.17, 9.93, 0, 
      149.047157, 2.37, 0.89, 2.2, 8.91, 0, 2.3, 15.46, 0, 83.362314, 4.61, 
      8.94, 4.05, 32.43, 87.73, 3.96, 3.06, 10.67, 145.18, 2.03, 13.73, 0.31, 
      3.48, 2.87, 0.1, 10.68, 11.89, 9.84, 1.26, 4.65, 3.69, 0.3, 1.58, 2.18, 
      0, 0.4, 9.74, 120.576812, 7.26, 7.55, 6.57, 5.46, 0.22, 2.18, 8.9, 
      18.2, 7.43, 4.57, 0, 0, 0, 6.24, 0, 0.05, 6, 1.04, 0, 3.25, 0, 0, 0, 
      1.36, 3.13, 0, 6.235224, 1.93, 28.24, 28.140258, 3.01, 15.85, 
      251.529665, 1.91, 0.53, 10.46, 0, 29.17, 1.03, 3.29, 0, 0, 1.91, 4.54, 
      0.3, 2.87, 3.26, 0.19, 0, 1.16, 28.91, 0, 22.01, 2.21, 0, 9.28, 24.18, 
      0.36, 20.17, 7.17, 0, 8.9, 16.73, 0.38, 0.16, 1.84, 0.37, 10.89, 0, 
      2.48, 2.9, 152.683271, 9.26, 2.45, 0, 2, 0, 5, 3.18, 0.05, 0, 9.45, 
      0.15, 3.42, 2.12, 0, 17.89, 6.75, 0, 0, 26.5, 1.32, 0.09, 0.41, 0, 0, 
      2.98, 0.67, 5.23, 0.05, 7.02, 14.29, 0.15, 1.81, 0.63, 18.05, 5.68, 
      2.34, 7.32, 2.39, 5.87, 0, 33.11439, 11.08, 0, 8.72, 4.29, 0, 17.65, 
      38.549494, 5.02, 0, 0, 2.11, 31.242294, 17.184121, 2.08, 43.55, 13.9, 
      0.5, 6.69, 3.05, 0.17, 3.44, 3.68, 2.13, 1.78, 0.04, 1.86, 34.52, 0, 
      0.1, 0, 2.33, 96.48, 0.04, 0, 14.12, 11.68, 2.03, 5.23, 7.45, 1.6, 
      8.31, 18.45, 5, 0, 28.85, 1.33, 2.09, 0, 3.04, 2.63, 57.019803, 1.6, 0, 
      1.55, 2.36, 9.74, 4.32, 11.99, 7.99, 0.32, 2.42, 12.79, 0.52, 11.36, 
      7.78, 88.35, 0, 0.97, 2.4, 0.56, 0.84, 16.19, 8.02, 5.97, 5.12, 51.03, 
      38.04, 11.834121, 0.27, 6.84, 0, 16.77, 122.13, 4.22, 0, 3.67, 9.54, 
      0.2, 3.35, 0, 1.21, 8.1, 14.23, 0, 2.42, 2.38, 9.54, 0.32, 11.38, 
      37.176703, 39.58, 16.43, 1.05, 0, 0, 3.86, 3.22, 0.85, 0, 6.52, 1.24, 
      0.38, 0.14, 2.46, 0, 0, 0.72, 13.37, 0.05, 27.848535, 48.358243, 12.55, 
      3.04, 1.23, 2.44, 4.05, 2.61, 14.38, 1.8, 7.11, 8.89, 0, 1.97, 2.74, 
      28.85, 0, 8.35, 2.46, 3.01, 9.27, 0, 17.83, 7.15, 3.5, 7.87, 33.51, 0, 
      0, 3.12, 47.58, 0.77, 1.11, 0, 0.13, 4.55, 0.43, 6.07, 4.26, 21.03, 
      1.61, 5.38, 0.6, 0.09, 12.96, 0, 28.515005, 0, 2.29, 0, 0, 17.43, 2.46, 
      8.53, 3.9, 0, 2.13, 12.94, 6.21, 3.77, 207.55, 11.69, 3.71, 3.26, 0.36, 
      0, 4.83, 0, 15.46, 0.51, 0, 35.34, 10.95, 1.52, 15.55, 3.45, 0.17, 
      13.25, 12.59, 22.17, 5.36, 0, 1.87, 26.04, 1.03, 1.47, -1.392036, 
      102.70867, 25.9, 0.09, 0, 11.23, 1.13, 6.21, 108.21, 0.05, 0, 0, 11.04, 
      0, 0.17, 2.23, 14.64, 0, 2.41, 23.45, 12.9, 0.52, 8.1, 1.92, 4.89, 
      1.91, 6.61, 1.46, 2.15, 2, 0.59, 9.29, 0, 3.65, 0, 0, 0.31, 19.71, 
      1.24, 0.19, 24.25, 6.62, 0, 0, 0, 5.01, 5.92, 6.93, 5.57, 0, 1.28, 0, 
      0.1, 18.5, 55.14, 2.34, 27.185221, 10.210952, 6.33, 154.446402, 5.6, 
      0.36 ;

   NodeMaxVoltage = 1.1, 1.1, 1.1, 1.1, 1.1, 1.1, 1.1, 1.1, 1.1, 1.1, 1.1, 
      1.1, 1.1, 1.1, 1.1, 1.1, 1.1, 1.1, 1.1, 1.1, 1.1, 1.1, 1.1, 1.1, 1.1, 
      1.1, 1.1, 1.1, 1.1, 1.1, 1.1, 1.1, 1.1, 1.1, 1.1, 1.1, 1.1, 1.1, 1.1, 
      1.1, 1.1, 1.1, 1.1, 1.1, 1.1, 1.1, 1.1, 1.1, 1.1, 1.1, 1.1, 1.1, 1.1, 
      1.1, 1.1, 1.1, 1.1, 1.1, 1.1, 1.1, 1.1, 1.1, 1.1, 1.1, 1.1, 1.1, 1.1, 
      1.1, 1.1, 1.1, 1.1, 1.1, 1.1, 1.1, 1.1, 1.1, 1.1, 1.1, 1.1, 1.1, 1.1, 
      1.1, 1.1, 1.1, 1.1, 1.1, 1.1, 1.1, 1.1, 1.1, 1.1, 1.1, 1.1, 1.1, 1.1, 
      1.1, 1.1, 1.1, 1.1, 1.1, 1.1, 1.1, 1.1, 1.1, 1.1, 1.1, 1.1, 1.1, 1.1, 
      1.1, 1.1, 1.1, 1.1, 1.1, 1.1, 1.1, 1.1, 1.1, 1.1, 1.1, 1.1, 1.1, 1.1, 
      1.1, 1.1, 1.1, 1.1, 1.1, 1.1, 1.1, 1.1, 1.1, 1.3, 1.1, 1.1, 1.1, 1.1, 
      1.1, 1.1, 1.1, 1.1, 1.1, 1.1, 1.1, 1.1, 1.1, 1.1, 1.1, 1.1, 1.1, 1.1, 
      1.1, 1.1, 1.1, 1.1, 1.1, 1.1, 1.1, 1.1, 1.1, 1.1, 1.1, 1.1, 1.1, 1.1, 
      1.1, 1.1, 1.1, 1.1, 1.1, 1.1, 1.1, 1.1, 1.1, 1.1, 1.1, 1.1, 1.3, 1.1, 
      1.1, 1.1, 1.1, 1.1, 1.1, 1.1, 1.1, 1.1, 1.1, 1.1, 1.1, 1.1, 1.1, 1.1, 
      1.1, 1.1, 1.1, 1.1, 1.1, 1.1, 1.1, 1.1, 1.1, 1.1, 1.1, 1.1, 1.1, 1.1, 
      1.1, 1.1, 1.1, 1.1, 1.1, 1.1, 1.1, 1.1, 1.1, 1.1, 1.1, 1.1, 1.1, 1.1, 
      1.1, 1.1, 1.1, 1.1, 1.1, 1.1, 1.1, 1.1, 1.1, 1.1, 1.1, 1.1, 1.1, 1.1, 
      1.1, 1.1, 1.1, 1.1, 1.1, 1.1, 1.1, 1.1, 1.1, 1.1, 1.1, 1.1, 1.1, 1.1, 
      1.1, 1.1, 1.1, 1.1, 1.1, 1.1, 1.1, 1.1, 1.1, 1.1, 1.1, 1.1, 1.1, 1.1, 
      1.1, 1.1, 1.1, 1.1, 1.1, 1.1, 1.1, 1.1, 1.1, 1.1, 1.1, 1.1, 1.1, 1.1, 
      1.1, 1.1, 1.1, 1.1, 1.1, 1.1, 1.1, 1.1, 1.1, 1.1, 1.1, 1.1, 1.1, 1.1, 
      1.1, 1.1, 1.1, 1.1, 1.1, 1.1, 1.1, 1.1, 1.1, 1.1, 1.1, 1.1, 1.1, 1.1, 
      1.1, 1.1, 1.1, 1.1, 1.1, 1.1, 1.1, 1.1, 1.1, 1.1, 1.1, 1.1, 1.1, 1.1, 
      1.1, 1.1, 1.1, 1.1, 1.1, 1.1, 1.1, 1.1, 1.1, 1.1, 1.1, 1.1, 1.1, 1.1, 
      1.1, 1.1, 1.1, 1.1, 1.1, 1.1, 1.1, 1.1, 1.1, 1.1, 1.1, 1.1, 1.1, 1.1, 
      1.1, 1.1, 1.1, 1.1, 1.1, 1.1, 1.1, 1.1, 1.1, 1.1, 1.1, 1.1, 1.1, 1.1, 
      1.1, 1.1, 1.1, 1.1, 1.1, 1.1, 1.1, 1.1, 1.1, 1.1, 1.1, 1.1, 1.1, 1.1, 
      1.1, 1.1, 1.1, 1.1, 1.1, 1.1, 1.1, 1.1, 1.1, 1.1, 1.1, 1.1, 1.1, 1.1, 
      1.1, 1.1, 1.1, 1.1, 1.1, 1.1, 1.1, 1.1, 1.1, 1.1, 1.1, 1.1, 1.3, 1.1, 
      1.1, 1.1, 1.1, 1.1, 1.1, 1.1, 1.1, 1.1, 1.1, 1.1, 1.1, 1.1, 1.1, 1.1, 
      1.1, 1.1, 1.1, 1.1, 1.1, 1.1, 1.1, 1.1, 1.1, 1.1, 1.1, 1.1, 1.1, 1.1, 
      1.1, 1.1, 1.1, 1.1, 1.1, 1.1, 1.1, 1.1, 1.1, 1.1, 1.1, 1.1, 1.1, 1.1, 
      1.1, 1.1, 1.1, 1.1, 1.1, 1.1, 1.1, 1.1, 1.1, 1.1, 1.1, 1.1, 1.1, 1.1, 
      1.1, 1.1, 1.1, 1.1, 1.1, 1.1, 1.1, 1.1, 1.1, 1.1, 1.1, 1.1, 1.1, 1.1, 
      1.1, 1.1, 1.1, 1.1, 1.1, 1.1, 1.1, 1.1, 1.1, 1.1, 1.1, 1.1, 1.1, 1.1, 
      1.1, 1.1, 1.1, 1.1, 1.1, 1.1, 1.1, 1.1, 1.1, 1.1, 1.1, 1.1, 1.1, 1.1, 
      1.1, 1.1, 1.1, 1.1, 1.1, 1.1, 1.1, 1.1, 1.1, 1.1, 1.1, 1.1, 1.1, 1.1, 
      1.1, 1.1, 1.1, 1.1, 1.1, 1.1, 1.1, 1.1, 1.1, 1.1, 1.1, 1.1, 1.1, 1.1, 
      1.1, 1.1, 1.1, 1.1, 1.1, 1.1, 1.1, 1.1, 1.1, 1.1, 1.1, 1.1, 1.1, 1.1, 
      1.1, 1.1, 1.1, 1.1, 1.1, 1.1, 1.1, 1.1, 1.1, 1.1, 1.1, 1.1, 1.1, 1.1, 
      1.1, 1.1, 1.1, 1.1, 1.1, 1.1, 1.1, 1.1, 1.1, 1.1, 1.1, 1.1, 1.1, 1.1, 
      1.1, 1.1, 1.1, 1.1, 1.1, 1.1, 1.1, 1.1, 1.1, 1.1, 1.1, 1.1, 1.1, 1.1, 
      1.1, 1.1, 1.1, 1.1, 1.1, 1.1, 1.1, 1.1, 1.1, 1.1, 1.1, 1.1, 1.1, 1.1, 
      1.1, 1.1, 1.1, 1.1, 1.1, 1.1, 1.1, 1.1, 1.1, 1.1, 1.1, 1.1, 1.1, 1.1, 
      1.1, 1.1, 1.1, 1.1, 1.1, 1.1, 1.1, 1.1, 1.1, 1.1, 1.1, 1.1, 1.1, 1.1, 
      1.1, 1.1, 1.1, 1.1, 1.1, 1.1, 1.1, 1.1, 1.1, 1.1, 1.1, 1.1, 1.1, 1.1, 
      1.1, 1.1, 1.1, 1.1, 1.1, 1.1, 1.1, 1.1, 1.1, 1.1, 1.1, 1.1, 1.1, 1.1, 
      1.1, 1.1, 1.1, 1.1, 1.1, 1.1, 1.1, 1.1, 1.1, 1.1, 1.1, 1.1, 1.1, 1.1, 
      1.1, 1.1, 1.1, 1.1, 1.1, 1.1, 1.1, 1.1, 1.1, 1.1, 1.1, 1.1, 1.1, 1.1, 
      1.1, 1.1, 1.1, 1.1, 1.1, 1.1, 1.1, 1.1, 1.1, 1.1, 1.1, 1.1, 1.1, 1.1, 
      1.1, 1.1, 1.1, 1.1, 1.1, 1.1, 1.1, 1.1, 1.1, 1.1, 1.1, 1.1, 1.1, 1.1, 
      1.1, 1.1, 1.1, 1.1, 1.1, 1.1, 1.1, 1.1, 1.1, 1.1, 1.1, 1.1, 1.1, 1.1, 
      1.1, 1.1, 1.1, 1.1, 1.1, 1.1, 1.1, 1.1, 1.1, 1.1, 1.1, 1.1, 1.1, 1.1, 
      1.1, 1.1, 1.1, 1.1, 1.1, 1.1, 1.1, 1.1, 1.1, 1.1, 1.1, 1.1, 1.1, 1.1, 
      1.1, 1.1, 1.1, 1.1, 1.1, 1.1, 1.1, 1.1, 1.1, 1.1, 1.1, 1.1, 1.1, 1.1, 
      1.1, 1.1, 1.1, 1.1, 1.1, 1.1, 1.1, 1.1, 1.1, 1.1, 1.1, 1.1, 1.1, 1.1, 
      1.1, 1.1, 1.1, 1.1, 1.1, 1.1, 1.1, 1.3, 1.1, 1.1, 1.1, 1.1, 1.1, 1.1, 
      1.1, 1.1, 1.1, 1.1, 1.1, 1.1, 1.1, 1.1, 1.1, 1.1, 1.1, 1.1, 1.1, 1.1, 
      1.1, 1.1, 1.1, 1.1, 1.1, 1.1, 1.1, 1.1, 1.1, 1.1, 1.1, 1.1, 1.1, 1.1, 
      1.1, 1.1, 1.1, 1.1, 1.1, 1.1, 1.1, 1.1, 1.1, 1.1, 1.1, 1.1, 1.1, 1.1, 
      1.1, 1.1, 1.1, 1.1, 1.1, 1.1, 1.1, 1.1, 1.1, 1.1, 1.1, 1.1, 1.1, 1.1, 
      1.1, 1.1, 1.1, 1.1, 1.1, 1.1, 1.1, 1.1, 1.1, 1.1, 1.1, 1.1, 1.1, 1.1, 
      1.1, 1.1, 1.1, 1.1, 1.1, 1.1, 1.3, 1.1, 1.1, 1.1, 1.1, 1.1, 1.1, 1.1, 
      1.1, 1.1, 1.1, 1.1, 1.1, 1.1, 1.1, 1.1, 1.1, 1.1, 1.1, 1.1, 1.1, 1.1, 
      1.1, 1.1, 1.1, 1.1, 1.1, 1.1, 1.1, 1.1, 1.1, 1.1, 1.1, 1.1, 1.1, 1.1, 
      1.1, 1.1, 1.1, 1.1, 1.1, 1.1, 1.1, 1.1, 1.1, 1.1, 1.1, 1.1, 1.1, 1.1, 
      1.1, 1.1, 1.1, 1.1, 1.1, 1.1, 1.1, 1.1, 1.1, 1.1, 1.1, 1.1, 1.1, 1.1, 
      1.1, 1.1, 1.1, 1.1, 1.1, 1.1, 1.1, 1.1, 1.1, 1.1, 1.1, 1.1, 1.1, 1.1, 
      1.1, 1.1, 1.1, 1.1, 1.1, 1.1, 1.1, 1.1, 1.1, 1.1, 1.1, 1.1, 1.1, 1.1, 
      1.1, 1.1, 1.1, 1.1, 1.1, 1.1, 1.1, 1.1, 1.1, 1.1, 1.1, 1.1, 1.1, 1.1, 
      1.1, 1.1, 1.1, 1.1, 1.1, 1.1, 1.1, 1.1, 1.1, 1.1, 1.1, 1.1, 1.1, 1.1, 
      1.1, 1.1, 1.1, 1.1, 1.1, 1.1, 1.1, 1.1, 1.1, 1.1, 1.1, 1.1, 1.1, 1.1, 
      1.1, 1.1, 1.1, 1.1, 1.1, 1.1, 1.1, 1.1, 1.1, 1.1, 1.1, 1.1, 1.1, 1.1, 
      1.1, 1.1, 1.1, 1.1, 1.1, 1.1, 1.1, 1.1, 1.1, 1.1, 1.1, 1.1, 1.1, 1.1, 
      1.1, 1.1, 1.1, 1.1, 1.1, 1.1, 1.1, 1.1, 1.1, 1.1, 1.1, 1.1, 1.1, 1.1, 
      1.1, 1.3, 1.1, 1.1, 1.1, 1.1, 1.1, 1.1, 1.1, 1.1, 1.1, 1.1, 1.1, 1.1, 
      1.1, 1.1, 1.1, 1.1, 1.1, 1.1, 1.1, 1.1, 1.1, 1.1, 1.1, 1.1, 1.1, 1.1, 
      1.1, 1.1, 1.1, 1.1, 1.1, 1.1, 1.1, 1.1, 1.1, 1.1, 1.1, 1.1, 1.1, 1.1, 
      1.1, 1.1, 1.1, 1.1, 1.1, 1.1, 1.1, 1.1, 1.1, 1.1, 1.1, 1.1, 1.1, 1.1, 
      1.1, 1.1, 1.1, 1.1, 1.1, 1.1, 1.1, 1.1, 1.1, 1.1, 1.1, 1.1, 1.1, 1.1, 
      1.1, 1.1, 1.1, 1.1, 1.1, 1.1, 1.1, 1.1, 1.1, 1.1, 1.1, 1.1, 1.1, 1.3, 
      1.1, 1.1, 1.1, 1.1, 1.1, 1.1, 1.1, 1.1, 1.1, 1.1, 1.1, 1.1, 1.1, 1.1, 
      1.1, 1.1, 1.1, 1.1, 1.1, 1.1, 1.1, 1.1, 1.1, 1.1, 1.1, 1.1, 1.1, 1.1, 
      1.1, 1.1, 1.1, 1.1, 1.1, 1.1, 1.1, 1.1, 1.1, 1.1, 1.1, 1.1, 1.1, 1.1, 
      1.1, 1.1, 1.1, 1.1, 1.1, 1.1, 1.1, 1.1, 1.1, 1.1, 1.1, 1.1, 1.1, 1.1, 
      1.1, 1.1, 1.1, 1.1, 1.1, 1.1, 1.1, 1.1, 1.1, 1.1, 1.1, 1.1, 1.1, 1.1, 
      1.1, 1.1, 1.1, 1.1, 1.1, 1.1, 1.1, 1.1, 1.1, 1.1, 1.1, 1.1, 1.1, 1.1, 
      1.1, 1.1, 1.1, 1.1, 1.1, 1.1, 1.1, 1.1, 1.1, 1.1, 1.1, 1.1, 1.1, 1.1, 
      1.1, 1.1, 1.1, 1.1, 1.1, 1.1, 1.1, 1.1, 1.1, 1.1, 1.1, 1.1, 1.1, 1.1, 
      1.1, 1.1, 1.1, 1.1, 1.1, 1.1, 1.1, 1.1, 1.1, 1.1, 1.1, 1.1, 1.1, 1.1, 
      1.1, 1.1, 1.1, 1.1, 1.1, 1.1, 1.1, 1.1, 1.1, 1.1, 1.1, 1.1, 1.1, 1.1, 
      1.1, 1.1, 1.1, 1.1, 1.1, 1.1, 1.1, 1.1, 1.1, 1.1, 1.1, 1.1, 1.1, 1.1, 
      1.1, 1.1, 1.1, 1.1, 1.1, 1.1, 1.1, 1.1, 1.1, 1.1, 1.1, 1.1, 1.1, 1.1, 
      1.1, 1.1, 1.1, 1.1, 1.1, 1.1, 1.1, 1.1, 1.1, 1.1, 1.1, 1.1, 1.1, 1.1, 
      1.1, 1.1, 1.1, 1.1, 1.1, 1.1, 1.1, 1.1, 1.1, 1.1, 1.1, 1.1, 1.1, 1.1, 
      1.1, 1.1, 1.1, 1.1, 1.1, 1.1, 1.1, 1.1, 1.1, 1.1, 1.1, 1.1, 1.1, 1.1, 
      1.1, 1.1, 1.1, 1.1, 1.1, 1.1, 1.1, 1.1, 1.1, 1.1, 1.1, 1.1, 1.1 ;

   NodeMinVoltage = 0.9, 0.9, 0.9, 0.9, 0.9, 0.9, 0.9, 0.9, 0.9, 0.9, 0.9, 
      0.9, 0.9, 0.9, 0.9, 0.9, 0.9, 0.9, 0.9, 0.9, 0.9, 0.9, 0.9, 0.9, 0.9, 
      0.9, 0.9, 0.9, 0.9, 0.9, 0.9, 0.9, 0.9, 0.9, 0.9, 0.9, 0.9, 0.9, 0.9, 
      0.9, 0.9, 0.9, 0.9, 0.9, 0.9, 0.9, 0.9, 0.9, 0.9, 0.9, 0.9, 0.9, 0.9, 
      0.9, 0.9, 0.9, 0.9, 0.9, 0.9, 0.9, 0.9, 0.9, 0.9, 0.9, 0.9, 0.9, 0.9, 
      0.9, 0.9, 0.9, 0.9, 0.9, 0.9, 0.9, 0.9, 0.9, 0.9, 0.9, 0.9, 0.9, 0.9, 
      0.9, 0.9, 0.9, 0.9, 0.9, 0.9, 0.9, 0.9, 0.9, 0.9, 0.9, 0.9, 0.9, 0.9, 
      0.9, 0.9, 0.9, 0.9, 0.9, 0.9, 0.9, 0.9, 0.9, 0.9, 0.9, 0.9, 0.9, 0.9, 
      0.9, 0.9, 0.9, 0.9, 0.9, 0.9, 0.9, 0.9, 0.9, 0.9, 0.9, 0.9, 0.9, 0.9, 
      0.9, 0.9, 0.9, 0.9, 0.9, 0.9, 0.9, 0.9, 0.9, 0.7, 0.9, 0.9, 0.9, 0.9, 
      0.9, 0.9, 0.9, 0.9, 0.9, 0.9, 0.9, 0.9, 0.9, 0.9, 0.9, 0.9, 0.9, 0.9, 
      0.9, 0.9, 0.9, 0.9, 0.9, 0.9, 0.9, 0.9, 0.9, 0.9, 0.9, 0.9, 0.9, 0.9, 
      0.9, 0.9, 0.9, 0.9, 0.9, 0.9, 0.9, 0.9, 0.9, 0.9, 0.9, 0.9, 0.7, 0.9, 
      0.9, 0.9, 0.9, 0.9, 0.9, 0.9, 0.9, 0.9, 0.9, 0.9, 0.9, 0.9, 0.9, 0.9, 
      0.9, 0.9, 0.9, 0.9, 0.9, 0.9, 0.9, 0.9, 0.9, 0.9, 0.9, 0.9, 0.9, 0.9, 
      0.9, 0.9, 0.9, 0.9, 0.9, 0.9, 0.9, 0.9, 0.9, 0.9, 0.9, 0.9, 0.9, 0.9, 
      0.9, 0.9, 0.9, 0.9, 0.9, 0.9, 0.9, 0.9, 0.9, 0.9, 0.9, 0.9, 0.9, 0.9, 
      0.9, 0.9, 0.9, 0.9, 0.9, 0.9, 0.9, 0.9, 0.9, 0.9, 0.9, 0.9, 0.9, 0.9, 
      0.9, 0.9, 0.9, 0.9, 0.9, 0.9, 0.9, 0.9, 0.9, 0.9, 0.9, 0.9, 0.9, 0.9, 
      0.9, 0.9, 0.9, 0.9, 0.9, 0.9, 0.9, 0.9, 0.9, 0.9, 0.9, 0.9, 0.9, 0.9, 
      0.9, 0.9, 0.9, 0.9, 0.9, 0.9, 0.9, 0.9, 0.9, 0.9, 0.9, 0.9, 0.9, 0.9, 
      0.9, 0.9, 0.9, 0.9, 0.9, 0.9, 0.9, 0.9, 0.9, 0.9, 0.9, 0.9, 0.9, 0.9, 
      0.9, 0.9, 0.9, 0.9, 0.9, 0.9, 0.9, 0.9, 0.9, 0.9, 0.9, 0.9, 0.9, 0.9, 
      0.9, 0.9, 0.9, 0.9, 0.9, 0.9, 0.9, 0.9, 0.9, 0.9, 0.9, 0.9, 0.9, 0.9, 
      0.9, 0.9, 0.9, 0.9, 0.9, 0.9, 0.9, 0.9, 0.9, 0.9, 0.9, 0.9, 0.9, 0.9, 
      0.9, 0.9, 0.9, 0.9, 0.9, 0.9, 0.9, 0.9, 0.9, 0.9, 0.9, 0.9, 0.9, 0.9, 
      0.9, 0.9, 0.9, 0.9, 0.9, 0.9, 0.9, 0.9, 0.9, 0.9, 0.9, 0.9, 0.9, 0.9, 
      0.9, 0.9, 0.9, 0.9, 0.9, 0.9, 0.9, 0.9, 0.9, 0.9, 0.9, 0.9, 0.9, 0.9, 
      0.9, 0.9, 0.9, 0.9, 0.9, 0.9, 0.9, 0.9, 0.9, 0.9, 0.9, 0.9, 0.7, 0.9, 
      0.9, 0.9, 0.9, 0.9, 0.9, 0.9, 0.9, 0.9, 0.9, 0.9, 0.9, 0.9, 0.9, 0.9, 
      0.9, 0.9, 0.9, 0.9, 0.9, 0.9, 0.9, 0.9, 0.9, 0.9, 0.9, 0.9, 0.9, 0.9, 
      0.9, 0.9, 0.9, 0.9, 0.9, 0.9, 0.9, 0.9, 0.9, 0.9, 0.9, 0.9, 0.9, 0.9, 
      0.9, 0.9, 0.9, 0.9, 0.9, 0.9, 0.9, 0.9, 0.9, 0.9, 0.9, 0.9, 0.9, 0.9, 
      0.9, 0.9, 0.9, 0.9, 0.9, 0.9, 0.9, 0.9, 0.9, 0.9, 0.9, 0.9, 0.9, 0.9, 
      0.9, 0.9, 0.9, 0.9, 0.9, 0.9, 0.9, 0.9, 0.9, 0.9, 0.9, 0.9, 0.9, 0.9, 
      0.9, 0.9, 0.9, 0.9, 0.9, 0.9, 0.9, 0.9, 0.9, 0.9, 0.9, 0.9, 0.9, 0.9, 
      0.9, 0.9, 0.9, 0.9, 0.9, 0.9, 0.9, 0.9, 0.9, 0.9, 0.9, 0.9, 0.9, 0.9, 
      0.9, 0.9, 0.9, 0.9, 0.9, 0.9, 0.9, 0.9, 0.9, 0.9, 0.9, 0.9, 0.9, 0.9, 
      0.9, 0.9, 0.9, 0.9, 0.9, 0.9, 0.9, 0.9, 0.9, 0.9, 0.9, 0.9, 0.9, 0.9, 
      0.9, 0.9, 0.9, 0.9, 0.9, 0.9, 0.9, 0.9, 0.9, 0.9, 0.9, 0.9, 0.9, 0.9, 
      0.9, 0.9, 0.9, 0.9, 0.9, 0.9, 0.9, 0.9, 0.9, 0.9, 0.9, 0.9, 0.9, 0.9, 
      0.9, 0.9, 0.9, 0.9, 0.9, 0.9, 0.9, 0.9, 0.9, 0.9, 0.9, 0.9, 0.9, 0.9, 
      0.9, 0.9, 0.9, 0.9, 0.9, 0.9, 0.9, 0.9, 0.9, 0.9, 0.9, 0.9, 0.9, 0.9, 
      0.9, 0.9, 0.9, 0.9, 0.9, 0.9, 0.9, 0.9, 0.9, 0.9, 0.9, 0.9, 0.9, 0.9, 
      0.9, 0.9, 0.9, 0.9, 0.9, 0.9, 0.9, 0.9, 0.9, 0.9, 0.9, 0.9, 0.9, 0.9, 
      0.9, 0.9, 0.9, 0.9, 0.9, 0.9, 0.9, 0.9, 0.9, 0.9, 0.9, 0.9, 0.9, 0.9, 
      0.9, 0.9, 0.9, 0.9, 0.9, 0.9, 0.9, 0.9, 0.9, 0.9, 0.9, 0.9, 0.9, 0.9, 
      0.9, 0.9, 0.9, 0.9, 0.9, 0.9, 0.9, 0.9, 0.9, 0.9, 0.9, 0.9, 0.9, 0.9, 
      0.9, 0.9, 0.9, 0.9, 0.9, 0.9, 0.9, 0.9, 0.9, 0.9, 0.9, 0.9, 0.9, 0.9, 
      0.9, 0.9, 0.9, 0.9, 0.9, 0.9, 0.9, 0.9, 0.9, 0.9, 0.9, 0.9, 0.9, 0.9, 
      0.9, 0.9, 0.9, 0.9, 0.9, 0.9, 0.9, 0.9, 0.9, 0.9, 0.9, 0.9, 0.9, 0.9, 
      0.9, 0.9, 0.9, 0.9, 0.9, 0.9, 0.9, 0.9, 0.9, 0.9, 0.9, 0.9, 0.9, 0.9, 
      0.9, 0.9, 0.9, 0.9, 0.9, 0.9, 0.9, 0.9, 0.9, 0.9, 0.9, 0.9, 0.9, 0.9, 
      0.9, 0.9, 0.9, 0.9, 0.9, 0.9, 0.9, 0.9, 0.9, 0.9, 0.9, 0.9, 0.9, 0.9, 
      0.9, 0.9, 0.9, 0.9, 0.9, 0.9, 0.9, 0.9, 0.9, 0.9, 0.9, 0.9, 0.9, 0.9, 
      0.9, 0.9, 0.9, 0.9, 0.9, 0.9, 0.9, 0.9, 0.9, 0.9, 0.9, 0.9, 0.9, 0.9, 
      0.9, 0.9, 0.9, 0.9, 0.9, 0.9, 0.9, 0.7, 0.9, 0.9, 0.9, 0.9, 0.9, 0.9, 
      0.9, 0.9, 0.9, 0.9, 0.9, 0.9, 0.9, 0.9, 0.9, 0.9, 0.9, 0.9, 0.9, 0.9, 
      0.9, 0.9, 0.9, 0.9, 0.9, 0.9, 0.9, 0.9, 0.9, 0.9, 0.9, 0.9, 0.9, 0.9, 
      0.9, 0.9, 0.9, 0.9, 0.9, 0.9, 0.9, 0.9, 0.9, 0.9, 0.9, 0.9, 0.9, 0.9, 
      0.9, 0.9, 0.9, 0.9, 0.9, 0.9, 0.9, 0.9, 0.9, 0.9, 0.9, 0.9, 0.9, 0.9, 
      0.9, 0.9, 0.9, 0.9, 0.9, 0.9, 0.9, 0.9, 0.9, 0.9, 0.9, 0.9, 0.9, 0.9, 
      0.9, 0.9, 0.9, 0.9, 0.9, 0.9, 0.7, 0.9, 0.9, 0.9, 0.9, 0.9, 0.9, 0.9, 
      0.9, 0.9, 0.9, 0.9, 0.9, 0.9, 0.9, 0.9, 0.9, 0.9, 0.9, 0.9, 0.9, 0.9, 
      0.9, 0.9, 0.9, 0.9, 0.9, 0.9, 0.9, 0.9, 0.9, 0.9, 0.9, 0.9, 0.9, 0.9, 
      0.9, 0.9, 0.9, 0.9, 0.9, 0.9, 0.9, 0.9, 0.9, 0.9, 0.9, 0.9, 0.9, 0.9, 
      0.9, 0.9, 0.9, 0.9, 0.9, 0.9, 0.9, 0.9, 0.9, 0.9, 0.9, 0.9, 0.9, 0.9, 
      0.9, 0.9, 0.9, 0.9, 0.9, 0.9, 0.9, 0.9, 0.9, 0.9, 0.9, 0.9, 0.9, 0.9, 
      0.9, 0.9, 0.9, 0.9, 0.9, 0.9, 0.9, 0.9, 0.9, 0.9, 0.9, 0.9, 0.9, 0.9, 
      0.9, 0.9, 0.9, 0.9, 0.9, 0.9, 0.9, 0.9, 0.9, 0.9, 0.9, 0.9, 0.9, 0.9, 
      0.9, 0.9, 0.9, 0.9, 0.9, 0.9, 0.9, 0.9, 0.9, 0.9, 0.9, 0.9, 0.9, 0.9, 
      0.9, 0.9, 0.9, 0.9, 0.9, 0.9, 0.9, 0.9, 0.9, 0.9, 0.9, 0.9, 0.9, 0.9, 
      0.9, 0.9, 0.9, 0.9, 0.9, 0.9, 0.9, 0.9, 0.9, 0.9, 0.9, 0.9, 0.9, 0.9, 
      0.9, 0.9, 0.9, 0.9, 0.9, 0.9, 0.9, 0.9, 0.9, 0.9, 0.9, 0.9, 0.9, 0.9, 
      0.9, 0.9, 0.9, 0.9, 0.9, 0.9, 0.9, 0.9, 0.9, 0.9, 0.9, 0.9, 0.9, 0.9, 
      0.9, 0.7, 0.9, 0.9, 0.9, 0.9, 0.9, 0.9, 0.9, 0.9, 0.9, 0.9, 0.9, 0.9, 
      0.9, 0.9, 0.9, 0.9, 0.9, 0.9, 0.9, 0.9, 0.9, 0.9, 0.9, 0.9, 0.9, 0.9, 
      0.9, 0.9, 0.9, 0.9, 0.9, 0.9, 0.9, 0.9, 0.9, 0.9, 0.9, 0.9, 0.9, 0.9, 
      0.9, 0.9, 0.9, 0.9, 0.9, 0.9, 0.9, 0.9, 0.9, 0.9, 0.9, 0.9, 0.9, 0.9, 
      0.9, 0.9, 0.9, 0.9, 0.9, 0.9, 0.9, 0.9, 0.9, 0.9, 0.9, 0.9, 0.9, 0.9, 
      0.9, 0.9, 0.9, 0.9, 0.9, 0.9, 0.9, 0.9, 0.9, 0.9, 0.9, 0.9, 0.9, 0.7, 
      0.9, 0.9, 0.9, 0.9, 0.9, 0.9, 0.9, 0.9, 0.9, 0.9, 0.9, 0.9, 0.9, 0.9, 
      0.9, 0.9, 0.9, 0.9, 0.9, 0.9, 0.9, 0.9, 0.9, 0.9, 0.9, 0.9, 0.9, 0.9, 
      0.9, 0.9, 0.9, 0.9, 0.9, 0.9, 0.9, 0.9, 0.9, 0.9, 0.9, 0.9, 0.9, 0.9, 
      0.9, 0.9, 0.9, 0.9, 0.9, 0.9, 0.9, 0.9, 0.9, 0.9, 0.9, 0.9, 0.9, 0.9, 
      0.9, 0.9, 0.9, 0.9, 0.9, 0.9, 0.9, 0.9, 0.9, 0.9, 0.9, 0.9, 0.9, 0.9, 
      0.9, 0.9, 0.9, 0.9, 0.9, 0.9, 0.9, 0.9, 0.9, 0.9, 0.9, 0.9, 0.9, 0.9, 
      0.9, 0.9, 0.9, 0.9, 0.9, 0.9, 0.9, 0.9, 0.9, 0.9, 0.9, 0.9, 0.9, 0.9, 
      0.9, 0.9, 0.9, 0.9, 0.9, 0.9, 0.9, 0.9, 0.9, 0.9, 0.9, 0.9, 0.9, 0.9, 
      0.9, 0.9, 0.9, 0.9, 0.9, 0.9, 0.9, 0.9, 0.9, 0.9, 0.9, 0.9, 0.9, 0.9, 
      0.9, 0.9, 0.9, 0.9, 0.9, 0.9, 0.9, 0.9, 0.9, 0.9, 0.9, 0.9, 0.9, 0.9, 
      0.9, 0.9, 0.9, 0.9, 0.9, 0.9, 0.9, 0.9, 0.9, 0.9, 0.9, 0.9, 0.9, 0.9, 
      0.9, 0.9, 0.9, 0.9, 0.9, 0.9, 0.9, 0.9, 0.9, 0.9, 0.9, 0.9, 0.9, 0.9, 
      0.9, 0.9, 0.9, 0.9, 0.9, 0.9, 0.9, 0.9, 0.9, 0.9, 0.9, 0.9, 0.9, 0.9, 
      0.9, 0.9, 0.9, 0.9, 0.9, 0.9, 0.9, 0.9, 0.9, 0.9, 0.9, 0.9, 0.9, 0.9, 
      0.9, 0.9, 0.9, 0.9, 0.9, 0.9, 0.9, 0.9, 0.9, 0.9, 0.9, 0.9, 0.9, 0.9, 
      0.9, 0.9, 0.9, 0.9, 0.9, 0.9, 0.9, 0.9, 0.9, 0.9, 0.9, 0.9, 0.9 ;

   StartLine = 7350, 4313, 5802, 6756, 6756, 5018, 2929, 1435, 1850, 8330, 
      6219, 9202, 9202, 9202, 9202, 117, 117, 2425, 2425, 2425, 2425, 2425, 
      2425, 2425, 2425, 2425, 3050, 3035, 8650, 8650, 902, 8731, 8731, 2272, 
      5130, 6628, 6628, 412, 412, 3247, 3247, 3247, 1145, 1145, 8899, 6070, 
      6070, 3292, 3292, 3292, 3292, 4688, 4688, 3217, 3217, 3217, 6805, 6805, 
      6805, 6805, 6805, 6805, 6805, 9139, 9139, 9139, 9139, 9139, 7069, 7069, 
      7069, 7069, 8534, 5476, 5476, 3144, 7769, 7769, 2, 2, 7266, 7266, 7266, 
      7266, 7266, 7266, 7266, 7266, 7266, 4917, 4917, 4917, 6853, 8310, 2769, 
      9240, 3082, 3082, 3082, 1565, 1565, 8682, 8682, 8682, 8682, 8682, 8682, 
      8682, 8682, 8682, 8682, 8682, 8682, 3767, 2275, 2275, 7765, 7765, 838, 
      838, 4505, 4505, 4505, 7272, 7272, 7272, 7272, 6103, 7579, 1187, 1187, 
      3970, 3970, 6844, 8293, 7114, 618, 5417, 5119, 6691, 6691, 3444, 3444, 
      3444, 3444, 3444, 6113, 6113, 6113, 6113, 6113, 6113, 7263, 7263, 7981, 
      7981, 7981, 7981, 7981, 1603, 2841, 1353, 1353, 890, 890, 8311, 8311, 
      6305, 4825, 4825, 4825, 4825, 9127, 7013, 719, 719, 1710, 1710, 1710, 
      1710, 8208, 8208, 1034, 1034, 1034, 1034, 1034, 1034, 2526, 8668, 6205, 
      6205, 3239, 3239, 3239, 3239, 3239, 3239, 3239, 3239, 3239, 1248, 818, 
      2303, 2303, 9173, 9173, 9173, 9173, 2923, 2923, 58, 58, 6509, 6509, 
      6509, 1274, 6425, 6425, 1757, 1757, 1757, 1757, 1757, 1757, 1757, 8029, 
      8029, 8029, 8029, 8029, 8029, 8029, 4614, 3136, 6270, 6251, 5532, 8360, 
      8360, 608, 608, 608, 608, 608, 3653, 1354, 1354, 1354, 1354, 1354, 
      1354, 1354, 5855, 5855, 5855, 5855, 5855, 5855, 8264, 6150, 4004, 4004, 
      5722, 5722, 2326, 2326, 206, 206, 3204, 3204, 3204, 3204, 3204, 3204, 
      4682, 4682, 4682, 4682, 4682, 4682, 4682, 4682, 5690, 5690, 5349, 5349, 
      2360, 2360, 2043, 4196, 5698, 7808, 7221, 4401, 6856, 6856, 6856, 6856, 
      5015, 5015, 6111, 6111, 6111, 6111, 8859, 8859, 8859, 8859, 8859, 2488, 
      3984, 3984, 3984, 3984, 2805, 2488, 2488, 657, 657, 657, 3501, 3501, 
      6312, 6312, 5943, 3182, 1004, 8786, 6635, 9108, 6960, 6960, 5076, 7470, 
      7470, 548, 548, 548, 5001, 1887, 1887, 5489, 5489, 5489, 5489, 5489, 
      5489, 3074, 563, 563, 563, 4330, 2876, 2853, 2853, 9111, 9111, 9111, 
      9111, 9111, 9111, 9111, 9111, 6167, 7652, 7340, 4700, 1671, 3879, 6647, 
      3608, 2781, 1843, 4352, 2165, 2165, 1042, 4048, 4519, 1703, 8106, 5663, 
      4481, 8794, 2336, 454, 454, 454, 454, 8224, 5412, 5412, 5412, 2590, 
      2590, 2590, 2590, 2590, 2590, 2590, 9010, 8688, 3084, 1567, 3203, 3556, 
      3556, 415, 415, 3254, 3254, 7372, 4250, 4250, 4250, 6375, 6375, 6375, 
      9184, 9184, 8652, 907, 7029, 4204, 7324, 5856, 5856, 3706, 899, 2917, 
      2917, 6531, 6531, 6531, 6531, 4493, 4493, 6827, 3669, 5136, 1333, 8447, 
      8447, 8447, 8447, 8447, 8447, 4684, 7484, 7484, 7775, 5970, 2785, 971, 
      8905, 8905, 2655, 2655, 3518, 3518, 1774, 1774, 5640, 5640, 1095, 7379, 
      7379, 3542, 3542, 2371, 2371, 366, 366, 366, 1832, 1832, 1832, 1832, 
      1832, 5387, 5387, 6109, 6109, 7582, 7582, 25, 25, 25, 25, 25, 25, 7690, 
      7690, 7690, 7690, 7690, 7690, 7690, 1875, 112, 7751, 7751, 7751, 4951, 
      4951, 6118, 6118, 6118, 7904, 7904, 7904, 7904, 7904, 7904, 1767, 4244, 
      3697, 749, 749, 749, 3498, 3498, 3498, 3498, 3498, 3498, 7288, 3017, 
      2701, 9130, 6307, 4830, 5409, 3081, 3081, 3081, 3081, 3081, 3081, 6223, 
      6223, 6223, 2173, 2173, 2173, 2082, 2082, 2082, 2082, 2082, 2082, 2082, 
      2082, 2082, 2082, 2082, 8852, 8852, 8852, 8852, 8852, 8852, 2937, 2937, 
      2937, 2937, 2937, 2937, 9188, 9188, 9188, 9188, 9188, 9188, 9188, 9188, 
      9188, 2800, 2800, 452, 8690, 8690, 8690, 8690, 8690, 2445, 2626, 4950, 
      4950, 4622, 4622, 4622, 4622, 4622, 1608, 1608, 1608, 4367, 5480, 7912, 
      505, 2979, 4553, 4553, 6843, 3671, 6218, 8996, 1851, 1851, 2930, 2930, 
      2597, 2597, 2557, 8833, 7376, 1264, 1264, 8059, 6921, 6921, 8368, 8960, 
      8960, 4184, 4184, 7894, 7894, 7894, 7894, 5588, 5588, 5588, 5588, 5588, 
      5588, 5588, 5588, 1000, 1000, 1000, 1000, 1000, 1000, 1000, 1000, 1000, 
      1000, 7437, 7437, 1300, 1300, 1300, 1300, 1300, 777, 777, 777, 777, 
      5296, 3656, 3656, 3656, 3656, 3656, 3656, 3656, 6471, 6471, 1197, 1197, 
      7472, 7472, 7472, 345, 345, 3183, 2653, 2653, 4143, 4143, 4143, 4143, 
      4143, 3421, 6623, 6623, 6623, 6623, 6623, 6623, 6623, 6623, 6623, 6623, 
      3352, 2478, 2478, 5481, 5481, 5481, 5481, 5481, 5481, 5481, 5481, 5481, 
      4524, 9065, 9065, 9065, 7885, 7885, 7885, 6415, 6415, 6415, 6415, 7830, 
      7830, 7830, 5524, 5524, 5524, 5524, 5524, 8510, 8510, 3399, 2100, 2100, 
      2100, 3918, 3918, 3918, 6674, 4710, 4710, 4710, 4710, 4710, 4710, 4710, 
      4710, 4512, 2042, 6713, 6370, 512, 4969, 4969, 4969, 4969, 4969, 4969, 
      7954, 7954, 7954, 7954, 5092, 2327, 9179, 9179, 291, 9001, 8438, 8438, 
      4973, 4973, 746, 6908, 443, 1458, 1458, 3600, 1250, 1092, 5708, 3824, 
      1414, 4548, 3071, 3071, 5006, 5006, 756, 756, 756, 756, 756, 756, 3757, 
      3757, 3902, 5742, 8625, 8625, 2160, 2160, 5002, 6473, 6473, 6473, 6473, 
      6473, 5333, 7960, 1591, 3186, 6040, 3696, 3696, 3696, 3696, 6951, 6737, 
      6737, 6737, 6737, 6737, 6737, 6737, 8179, 8179, 6239, 9221, 9221, 9221, 
      9221, 5934, 3133, 3133, 282, 282, 282, 3390, 3390, 3390, 4866, 7538, 
      7538, 8892, 8892, 8892, 8892, 8892, 8892, 8892, 8892, 8164, 1077, 7987, 
      803, 803, 803, 803, 2285, 2285, 3238, 3238, 3238, 3238, 3238, 3238, 
      1538, 1538, 1538, 1538, 1538, 1538, 1538, 1538, 8627, 8627, 8627, 8627, 
      8627, 7162, 7162, 7646, 4863, 7020, 7020, 1247, 9044, 8873, 5890, 5890, 
      5890, 3996, 183, 2971, 8675, 8675, 8675, 8703, 7046, 7046, 7046, 7046, 
      7046, 7046, 5573, 6741, 5269, 7774, 6289, 3429, 2966, 2966, 8975, 8975, 
      2055, 2055, 4083, 4083, 4083, 2596, 7182, 5378, 8127, 6336, 1236, 4126, 
      4126, 2431, 2431, 2431, 2431, 2431, 2431, 5212, 5212, 5212, 7341, 7341, 
      8807, 8807, 8807, 5763, 8506, 1393, 2897, 4941, 4941, 3485, 3485, 4655, 
      4655, 7128, 7128, 8249, 8249, 6830, 6830, 2376, 906, 4055, 6836, 5665, 
      5665, 5665, 5665, 5665, 725, 3525, 6381, 6381, 6381, 6381, 6381, 7846, 
      2980, 5109, 2967, 5440, 5440, 5440, 5440, 5440, 5440, 5440, 5440, 5440, 
      9018, 1340, 2796, 2796, 2796, 2796, 4938, 7737, 6564, 8706, 8706, 1624, 
      8410, 3950, 963, 963, 963, 963, 5657, 5657, 5657, 5657, 5657, 5549, 
      5549, 5549, 5549, 7281, 1525, 1525, 1525, 4540, 4540, 1342, 3679, 3679, 
      3679, 3679, 3679, 3679, 7463, 7463, 7463, 7463, 4849, 4849, 2509, 89, 
      89, 2141, 2141, 2141, 2141, 2141, 9090, 2456, 1421, 1421, 7880, 7880, 
      6925, 1958, 6454, 802, 802, 7623, 499, 499, 499, 499, 2753, 2753, 2753, 
      4117, 4117, 1753, 1753, 1753, 1753, 1753, 1753, 3856, 3856, 3856, 857, 
      3027, 4818, 2034, 3868, 3740, 741, 2909, 5687, 5181, 706, 3813, 2312, 
      194, 2517, 2517, 4543, 4543, 4543, 3068, 3068, 6114, 3343, 3808, 3808, 
      3808, 1325, 600, 3495, 4924, 8056, 5353, 3673, 3673, 5835, 5835, 5835, 
      5835, 5835, 574, 3928, 2088, 2088, 2088, 2088, 2088, 2088, 5066, 5066, 
      7640, 7640, 3190, 3190, 8103, 2643, 4127, 603, 603, 2154, 2154, 2154, 
      2154, 2154, 2154, 2640, 9066, 6968, 665, 665, 665, 665, 665, 3564, 
      3564, 3610, 3610, 5419, 7118, 7118, 7421, 7421, 1025, 4764, 6035, 8669, 
      8669, 8669, 4031, 4031, 7326, 7326, 7473, 8946, 1807, 4623, 1720, 7693, 
      9180, 8372, 8372, 8372, 5629, 5629, 5629, 5629, 5629, 3491, 3491, 3491, 
      1979, 9136, 7521, 7570, 7570, 2525, 2525, 1482, 2364, 2364, 2364, 2364, 
      8315, 173, 5339, 5339, 5339, 5339, 5339, 3865, 3865, 7041, 8671, 1859, 
      1859, 4884, 4156, 4431, 2071, 3449, 3955, 5285, 5570, 2077, 638, 638, 
      638, 409, 1493, 582, 582, 1745, 3275, 1104, 8521, 8521, 8762, 8762, 
      8762, 8762, 8762, 8762, 8762, 8747, 216, 216, 216, 216, 216, 7971, 
      7971, 7971, 7252, 4394, 4394, 2794, 2794, 1304, 1304, 2731, 2731, 4549, 
      4724, 1082, 1397, 4280, 7049, 7049, 6562, 8998, 6887, 5399, 5399, 5880, 
      8194, 932, 932, 932, 932, 3917, 6801, 6801, 4024, 1594, 3113, 5236, 
      5236, 5236, 2798, 6404, 6404, 4434, 4434, 2078, 2078, 2078, 2078, 1080, 
      1080, 7360, 7360, 2862, 1363, 2176, 3593, 6554, 8474, 8474, 5734, 5734, 
      2628, 1136, 7576, 7576, 7662, 1182, 6851, 8306, 6946, 4504, 7143, 6888, 
      6888, 6888, 6888, 6611, 8930, 8930, 8930, 8930, 8930, 8930, 1642, 195, 
      2901, 4949, 4949, 4949, 3376, 1026, 1026, 1026, 5307, 5307, 5307, 7147, 
      7147, 7147, 7147, 7147, 43, 43, 6230, 6230, 6230, 8290, 8290, 8290, 
      6841, 6841, 6841, 3968, 1089, 1089, 8514, 8514, 8514, 8514, 934, 919, 
      6663, 4338, 7512, 6569, 6569, 6569, 6569, 6569, 501, 8472, 8472, 8472, 
      4935, 5316, 9017, 9017, 6252, 6252, 8886, 8886, 6638, 6638, 5460, 6290, 
      8404, 8404, 337, 2467, 5256, 2188, 8457, 2675, 1186, 1186, 2359, 2359, 
      2359, 2359, 2359, 8817, 5780, 5780, 5780, 5780, 6771, 7884, 6729, 4300, 
      5361, 5361, 5361, 3854, 3854, 3480, 5459, 5459, 5459, 5459, 3785, 489, 
      147, 7255, 7255, 8929, 6953, 3324, 5626, 5609, 20, 3748, 3748, 2290, 
      2290, 2290, 313, 313, 313, 313, 313, 3199, 4678, 4678, 4678, 8567, 57, 
      6806, 149, 149, 7208, 1464, 1464, 1464, 1464, 7536, 7536, 7536, 1261, 
      1261, 1261, 1261, 1261, 1261, 1261, 1261, 1550, 1550, 1550, 1550, 3069, 
      4873, 4873, 4873, 4873, 6367, 6367, 6367, 8477, 5240, 3, 8949, 6845, 
      6845, 4425, 4425, 4425, 3036, 3036, 3036, 5394, 5394, 5394, 5394, 5394, 
      8635, 3435, 3435, 3435, 6202, 9058, 5993, 5048, 717, 717, 7201, 7201, 
      8591, 6580, 6580, 6198, 6198, 3230, 3230, 2927, 3915, 6052, 6052, 8828, 
      1551, 3911, 3911, 3911, 3911, 7519, 7519, 2420, 2420, 8878, 8396, 1913, 
      7872, 4561, 4561, 8834, 8834, 3389, 3389, 3389, 1909, 3974, 3125, 2688, 
      1200, 7625, 4822, 4140, 7123, 7123, 6683, 8150, 4356, 8190, 7465, 3400, 
      3759, 52, 8221, 8221, 6555, 6555, 2939, 3927, 3927, 1922, 1922, 2814, 
      2814, 4124, 162, 162, 7942, 7942, 2307, 3534, 2018, 5173, 7944, 2056, 
      2056, 4660, 7518, 8988, 7796, 870, 870, 7352, 7973, 7973, 7973, 1400, 
      4503, 5836, 5836, 5836, 5836, 5836, 5836, 9216, 6350, 6193, 2502, 4030, 
      4030, 1812, 5364, 5364, 5364, 3893, 127, 197, 197, 2984, 7315, 6485, 
      8484, 681, 5145, 6637, 8787, 6331, 6331, 1882, 1882, 170, 6629, 4483, 
      3043, 850, 3484, 1155, 1155, 8912, 4038, 4913, 4913, 4913, 4913, 7993, 
      1708, 1708, 7701, 7701, 8676, 8188, 3132, 6743, 8541, 768, 1964, 9013, 
      1916, 1916, 1916, 4737, 4737, 7997, 6733, 6733, 6733, 5003, 1707, 9149, 
      279, 8042, 5711, 5711, 5711, 5214, 8806, 8806, 8806, 217, 519, 2652, 
      1215, 8979, 5211, 3655, 882, 5143, 3497, 1895, 9129, 3502, 3502, 400, 
      7327, 7327, 6815, 7395, 7395, 6920, 6920, 6920, 6920, 6920, 6920, 2948, 
      2948, 952, 1766, 4673, 4673, 1233, 114, 5719, 3578, 3245, 8845, 2392, 
      1894, 677, 1001, 6428, 4888, 5340, 2562, 1110, 4746, 3905, 3905, 5992, 
      1797, 2466, 2131, 8991, 8991, 8991, 804, 804, 804, 804, 5382, 5382, 
      5382, 5382, 5382, 7506, 7506, 7506, 6477, 4851, 4851, 4851, 4851, 4851, 
      4851, 2011, 1477, 808, 8655, 4099, 4059, 9202, 9202, 117, 3144, 7266, 
      7266, 838, 838, 3444, 3444, 3444, 890, 719, 719, 6205, 6205, 9173, 
      9173, 1354, 1354, 1354, 3204, 3204, 5349, 5349, 5015, 5015, 7470, 7470, 
      548, 5489, 2853, 2917, 2917, 4493, 2655, 3518, 3542, 3542, 2371, 2371, 
      1875, 112, 3498, 3498, 3081, 6223, 2173, 4622, 4622, 4622, 5588, 5588, 
      5588, 5588, 1197, 1197, 2478, 2478, 7830, 7830, 7830, 4969, 4969, 5006, 
      756, 3696, 3696, 3696, 3696, 6737, 6737, 9221, 7987, 7987, 3238, 3238, 
      2055, 2055, 4597, 2128, 5657, 5657, 2847, 4540, 4540, 1753, 1753, 1753, 
      2517, 2517, 3068, 5066, 6035, 6035, 8485, 7529, 7521, 7521, 7521, 2525, 
      2364, 8671, 8671, 1493, 1493, 1501, 8194, 8194, 8194, 3917, 3917, 4434, 
      4434, 4434, 1080, 9100, 6554, 6554, 7055, 7055, 7055, 6888, 6888, 6888, 
      1026, 1026, 5307, 5307, 9212, 9212, 9212, 3607, 4338, 4338, 7512, 7512, 
      8886, 8886, 5460, 5460, 5460, 5459, 5459, 7255, 6152, 6152, 1464, 1464, 
      1464, 7536, 7536, 6900, 5240, 7519, 748, 4140, 4140, 7465, 8221, 8221, 
      8221, 4124, 4124, 4124, 5836, 5836, 5836, 8266, 8266, 2358, 2358, 8108, 
      8108, 3484, 4733, 1708, 1708, 904, 8333, 8333, 7997, 4195, 4195, 6474, 
      6474, 7327, 7327, 7327, 6920, 6920, 3829, 5647, 1729, 1729, 2720, 2720, 
      431, 431, 431, 431, 431, 431, 431, 431, 431, 959, 959, 3576, 3576, 
      3576, 7163, 7163, 1797, 1797, 3345, 3345, 3345, 3482, 8885, 2092, 2092, 
      220, 8346, 8346, 8346, 8346, 8346, 8346, 3999, 3999, 2182, 2182, 1641, 
      1641, 808, 808, 4593, 4593, 2918 ;

   EndLine = 5440, 7570, 3915, 6035, 6920, 9111, 9111, 9111, 9111, 9111, 
      8790, 7841, 8996, 2128, 28, 8902, 4597, 5532, 4830, 8960, 8521, 6887, 
      3400, 640, 2599, 5350, 717, 2326, 7472, 7472, 3653, 7049, 3911, 1972, 
      2927, 4917, 7308, 1101, 1101, 4917, 4280, 7308, 1186, 7944, 2420, 2971, 
      6030, 7263, 282, 3068, 3389, 4935, 4935, 7808, 5454, 1856, 5409, 5409, 
      1608, 1608, 1608, 2437, 953, 501, 3012, 2948, 2948, 2948, 2207, 8059, 
      4483, 4238, 7046, 3656, 2927, 2917, 5316, 5316, 8675, 8188, 2937, 2937, 
      3917, 3917, 6580, 6580, 3829, 5647, 5647, 4906, 5956, 5232, 7308, 3679, 
      8803, 8803, 7123, 7123, 8872, 7581, 3540, 3697, 3697, 2800, 8327, 8510, 
      6569, 6569, 8974, 215, 2960, 6772, 5277, 2750, 5545, 6815, 443, 5333, 
      3917, 808, 2285, 6801, 3519, 6270, 1434, 7147, 7436, 870, 870, 1538, 
      8514, 4083, 4083, 5339, 5813, 6806, 6790, 4907, 6815, 9157, 8034, 2847, 
      7055, 7055, 1641, 4593, 1691, 8189, 5835, 3190, 5299, 4888, 443, 4746, 
      9010, 6674, 6908, 8834, 4185, 501, 501, 512, 501, 3696, 3696, 7540, 
      7540, 4825, 4417, 1604, 6951, 7123, 216, 216, 5349, 5349, 638, 638, 
      9129, 9129, 1997, 7973, 8179, 7465, 304, 304, 5105, 5105, 8465, 8892, 
      7690, 6623, 8157, 8794, 4142, 2796, 6330, 6383, 7522, 2888, 6886, 4540, 
      7522, 4352, 4815, 6245, 6245, 5657, 5657, 3644, 3644, 5763, 2359, 9032, 
      5917, 5917, 2849, 4109, 3557, 2815, 351, 6580, 1922, 5836, 3829, 3576, 
      1793, 7807, 6580, 1922, 5836, 5647, 3576, 170, 2340, 8786, 9136, 7132, 
      4354, 2927, 1340, 5418, 5418, 2078, 771, 2927, 7281, 2196, 7639, 1080, 
      1080, 2358, 4195, 8545, 5986, 8004, 3924, 3323, 4747, 4815, 6312, 6531, 
      2176, 2078, 788, 9188, 3399, 4746, 7790, 6734, 665, 665, 4434, 1643, 
      3482, 7988, 6515, 7696, 415, 2846, 2562, 2562, 2994, 1000, 4425, 2720, 
      2720, 4935, 5178, 4747, 5521, 8669, 5109, 4815, 3816, 2731, 4549, 4338, 
      7512, 25, 9212, 9001, 6230, 882, 5737, 7699, 9001, 5989, 6449, 7725, 
      4109, 6375, 4109, 4828, 7856, 7856, 9011, 2230, 3792, 8496, 8496, 9001, 
      9001, 43, 7581, 8807, 8514, 8514, 1447, 9050, 9050, 6375, 8817, 4352, 
      5240, 8199, 6289, 2290, 3655, 4143, 5440, 5440, 4969, 4969, 4969, 5460, 
      7777, 6896, 4561, 8474, 2251, 7902, 1856, 3673, 1080, 8266, 9175, 1421, 
      8514, 8514, 5050, 1050, 1396, 1583, 6887, 3018, 7097, 8266, 5364, 5364, 
      5364, 5364, 5364, 5364, 6052, 5236, 2885, 3512, 882, 882, 5813, 1485, 
      5521, 8669, 7522, 6429, 7774, 3856, 332, 6939, 3655, 7751, 1939, 4233, 
      6827, 7570, 7570, 7570, 7993, 7225, 1553, 1155, 5501, 8872, 979, 3330, 
      638, 4935, 3491, 7936, 1261, 1802, 366, 2131, 2131, 5566, 1807, 1807, 
      7856, 7288, 3998, 2302, 6473, 6473, 6555, 6555, 3390, 3759, 8764, 6618, 
      8108, 8108, 2176, 5316, 607, 607, 8762, 7055, 5813, 20, 7701, 7701, 
      7623, 1128, 3069, 305, 305, 7490, 2088, 6252, 1561, 1643, 3482, 1643, 
      3482, 922, 4913, 9100, 7163, 9100, 7163, 9136, 9136, 1025, 9136, 2888, 
      2731, 4786, 5307, 3829, 1026, 5647, 1171, 9190, 8721, 3609, 3609, 3961, 
      1837, 2229, 2466, 2466, 8852, 1000, 1807, 2888, 6623, 2478, 4597, 4230, 
      5143, 5143, 2478, 2128, 9212, 9212, 4230, 3512, 3512, 3905, 3905, 3757, 
      3757, 3757, 8975, 8188, 7885, 4543, 4543, 3696, 7540, 7540, 4140, 4140, 
      3021, 162, 2424, 5296, 8327, 869, 2960, 7987, 2196, 7639, 4230, 5143, 
      3512, 3998, 1050, 3434, 2019, 6683, 3679, 2750, 4622, 4338, 5287, 5420, 
      6474, 8467, 2731, 7512, 6474, 4622, 4549, 6474, 9230, 9230, 9230, 4053, 
      3480, 3601, 2793, 2793, 8466, 1135, 21, 1000, 4949, 4409, 6696, 1158, 
      7164, 2847, 2847, 7521, 7521, 1641, 808, 6790, 3399, 7091, 3717, 3700, 
      7506, 7506, 7506, 2405, 8510, 215, 2128, 6951, 6951, 1182, 4409, 8742, 
      8762, 8762, 6784, 6784, 963, 963, 8346, 8346, 8346, 6551, 6551, 8998, 
      4815, 959, 959, 959, 959, 6381, 6381, 1594, 5333, 5333, 6152, 5934, 
      5694, 5798, 7123, 3673, 2131, 7570, 1128, 3323, 4425, 1964, 7161, 5481, 
      1294, 4709, 7132, 6887, 7018, 6252, 3390, 1447, 1447, 114, 4305, 1762, 
      3696, 3793, 3612, 1501, 6554, 3607, 4133, 1978, 515, 3579, 3808, 5615, 
      5615, 6696, 7164, 891, 5333, 1525, 6951, 6951, 6951, 7882, 6429, 7208, 
      1909, 6819, 3070, 6266, 3854, 3854, 2927, 2927, 1171, 9190, 8721, 5361, 
      3961, 1342, 28, 3679, 95, 1867, 3183, 6569, 4727, 7885, 2131, 8873, 
      1624, 1624, 3785, 3785, 4099, 4418, 7158, 3660, 5485, 4230, 4230, 6920, 
      431, 431, 431, 6886, 2049, 2049, 8703, 8703, 4709, 1294, 1909, 2984, 
      5852, 7823, 3070, 194, 7366, 9154, 6356, 3125, 8563, 5566, 3068, 3875, 
      8803, 8803, 4549, 4124, 3345, 2376, 1400, 2849, 2429, 9163, 1032, 6177, 
      979, 4597, 4540, 5143, 2128, 4540, 3512, 1485, 5835, 574, 8213, 8213, 
      3020, 7966, 5992, 8803, 6830, 1421, 1807, 1807, 2865, 9221, 9221, 2071, 
      5460, 8108, 8108, 706, 4815, 1865, 5487, 2466, 7177, 194, 3132, 4543, 
      6736, 3757, 3757, 2939, 162, 8506, 4913, 4746, 6494, 2750, 4727, 6474, 
      6474, 6474, 6474, 3502, 3502, 638, 638, 4540, 8194, 963, 963, 3905, 
      3905, 8346, 2918, 187, 2241, 4113, 6989, 8929, 2466, 5487, 7771, 6381, 
      4083, 4083, 52, 7258, 2474, 7576, 2287, 7097, 2078, 5925, 8485, 7529, 
      1501, 1551, 3792, 2525, 2525, 2364, 2364, 3793, 3612, 6900, 5105, 5105, 
      7164, 8720, 8871, 8671, 7163, 7771, 3429, 1050, 799, 1076, 4746, 5212, 
      114, 114, 5752, 6555, 870, 8873, 4504, 3435, 3435, 3435, 6555, 8764, 
      6618, 6733, 6733, 4230, 2141, 2141, 7518, 6743, 6801, 768, 1080, 5982, 
      8266, 959, 959, 3905, 7360, 6851, 8514, 3165, 2675, 3792, 4528, 4233, 
      43, 6629, 6629, 1544, 4214, 1916, 5518, 224, 1396, 7118, 3323, 162, 
      2456, 3785, 5573, 7662, 4888, 1525, 1525, 2087, 932, 932, 3642, 6722, 
      20, 20, 1550, 4102, 7861, 5457, 5665, 5457, 7861, 3856, 3435, 400, 
      8975, 8975, 2480, 9107, 7519, 7519, 5339, 2318, 2877, 7421, 8930, 8930, 
      8930, 8930, 8930, 9172, 7973, 4815, 1865, 8808, 5145, 6939, 1741, 8626, 
      173, 7436, 5939, 7494, 4815, 4815, 6052, 4188, 1972, 1972, 2127, 8254, 
      4747, 3593, 4678, 4234, 4234, 5440, 5440, 5719, 5719, 6722, 5685, 804, 
      9090, 9090, 2141, 2640, 7576, 7576, 7576, 1628, 686, 686, 2424, 2424, 
      5906, 5906, 5906, 9216, 1447, 5685, 5906, 2154, 8111, 2534, 7097, 7097, 
      7097, 3736, 5528, 5752, 6562, 1100, 8290, 8366, 1099, 6886, 6879, 6981, 
      3120, 279, 2509, 765, 6231, 1396, 7281, 7281, 6474, 6474, 5419, 8266, 
      7327, 7327, 7163, 409, 7578, 7578, 4188, 4195, 3915, 4746, 4746, 3345, 
      3345, 3345, 2718, 2718, 2718, 794, 4879, 1867, 5563, 7035, 5939, 7494, 
      2885, 7048, 6145, 1859, 1859, 3275, 3544, 6841, 6743, 7634, 1039, 6177, 
      1461, 7771, 5364, 6981, 3326, 614, 1261, 6981, 5917, 3069, 1546, 5236, 
      771, 8949, 2078, 2228, 7048, 7872, 3864, 8485, 7529, 7777, 6896, 959, 
      959, 4490, 6009, 6939, 1641, 808, 1641, 808, 1641, 808, 686, 7097, 
      6230, 5454, 5694, 953, 2437, 2984, 3512, 3345, 600, 3240, 7337, 1537, 
      1537, 4728, 6615, 5615, 6690, 6690, 891, 615, 1550, 2229, 5906, 5906, 
      615, 7337, 5082, 7575, 3190, 3487, 1577, 5299, 9172, 3817, 6231, 1642, 
      6252, 6683, 8150, 448, 448, 3036, 3036, 2339, 8710, 8721, 9190, 8521, 
      7521, 3999, 9020, 9020, 2041, 686, 3519, 4728, 4888, 9050, 5572, 1493, 
      2731, 4549, 1606, 2092, 2176, 2840, 7971, 2480, 7163, 2077, 7872, 7518, 
      6743, 1859, 3326, 6920, 7068, 7068, 2865, 6449, 5737, 2480, 8188, 1583, 
      3389, 6383, 6030, 3557, 3864, 6722, 8747, 8474, 8474, 6638, 1186, 7273, 
      8991, 7265, 6733, 1014, 8309, 6569, 748, 2182, 3915, 6890, 6198, 6198, 
      3648, 6198, 6198, 4140, 1310, 173, 6429, 7891, 560, 8842, 8842, 4238, 
      1859, 5394, 2176, 7163, 7771, 7771, 2927, 2927, 2927, 5982, 6551, 7506, 
      1837, 2229, 8004, 6350, 2748, 9129, 4188, 5780, 6615, 6030, 7506, 7634, 
      195, 7131, 5350, 7055, 8824, 6888, 6888, 8886, 8886, 8486, 8474, 6784, 
      6784, 1178, 2574, 7273, 8188, 8188, 1038, 7839, 8912, 4851, 1182, 1182, 
      6290, 6981, 1797, 3345, 3345, 5737, 8309, 5566, 4579, 4907, 3739, 869, 
      6494, 5993, 8004, 8004, 4030, 8333, 6356, 6356, 3774, 3974, 1641, 1152, 
      7598, 3993, 1413, 3655, 2228, 9107, 1477, 8514, 7872, 3893, 4733, 3482, 
      7051, 7051, 771, 771, 6474, 6474, 3165, 425, 1856, 2429, 748, 2849, 
      3607, 1964, 5925, 6052, 2340, 7506, 2405, 5813, 3230, 5813, 1158, 5050, 
      8806, 8806, 4356, 7790, 2084, 4023, 9064, 660, 8863, 6198, 6198, 6198, 
      6198, 8493, 8493, 4510, 1972, 5572, 4409, 332, 6907, 7725, 3242, 2457, 
      2918, 8559, 6426, 8346, 5609, 2420, 2420, 2420, 6988, 1544, 3540, 4709, 
      8366, 2287, 8472, 5454, 7634, 8472, 882, 2287, 7725, 1128, 3069, 5364, 
      5364, 4528, 3363, 5382, 6569, 4425, 2182, 3999, 8541, 8541, 1661, 9118, 
      1150, 3588, 1039, 144, 4266, 5178, 8853, 3, 4828, 5382, 7506, 1643, 
      3482, 7839, 7839, 8108, 4188, 4746, 4579, 7823, 7823, 7823, 7823, 8266, 
      5986, 5711, 6520, 8635, 8828, 4234, 4234, 4234, 5098, 4733, 904, 8333, 
      2092, 6988, 3911, 3911, 3911, 5609, 349, 6762, 1972, 1972, 553, 8221, 
      8221, 2720, 2720, 8577, 2652, 7068, 8742, 1741, 313, 7973, 7973, 1741, 
      6988, 6162, 5364, 6981, 3132, 4737, 3655, 4299, 5788, 2466, 2466, 5255, 
      2652, 4851, 4851, 1150, 5214, 220, 850, 5098, 3557, 2933, 4786, 3829, 
      5647, 3999, 3484, 3829, 5647, 2423, 1155, 4913, 4913, 3833, 555, 3018, 
      7922, 4102, 7861, 5457, 1837, 2887, 4503, 3578, 3578, 7902, 1101, 9216, 
      5652, 5906, 6920, 1812, 7048, 8787, 6733, 5615, 1964, 1766, 1101, 8484, 
      5652, 4660, 519, 6815, 5917, 5917, 1379, 4238, 4238, 3655, 7123, 7123, 
      95, 305, 8396, 6981, 8806, 8806, 2994, 822, 1679, 952, 1816, 1503, 
      7225, 7864, 6890, 170, 170, 3043, 1193, 3739, 2694, 2694, 8876, 8221, 
      8221, 3609, 1413, 3609, 5917, 6981, 6637, 7701, 7701, 1155, 1232, 407, 
      7230, 5992, 2549, 7352, 7494, 5752, 4234, 7075, 4059, 1310, 4565, 8872, 
      5382, 5382, 6618, 8764, 5468, 5350, 224, 4030, 6920, 6920, 4238, 4238, 
      7177, 2562, 6520, 3829, 5647, 4913, 4913, 1643, 3497, 2429, 9107, 1477, 
      3540, 7581, 8541, 8541, 5214, 9129, 9129, 6815, 775, 3434, 2019, 4030, 
      2877, 9163, 2011, 2011, 1749, 2302, 7902, 448, 448, 1816, 2457, 6426, 
      1729, 593, 5392, 7701, 7490, 2871, 8042, 2865, 5416, 4099, 1555, 3864, 
      1553, 7993, 1553, 3132, 3070, 8991, 593, 8476, 5487, 775, 788, 1555, 
      1555, 7701, 2131, 2340, 9, 4238, 4234, 4453, 2182, 7922, 1232, 4851, 
      1232, 2652, 2652, 555, 3018, 5255, 3345, 8467, 1233, 8034, 3330, 3642, 
      8476, 6100, 4312, 5232, 5925, 3998, 8405, 2020, 8292, 3655, 8476, 1643, 
      1014, 8991, 788, 5392, 3905, 3905, 9157, 3655, 8991, 8465, 6879, 7265, 
      8991, 8991, 8991, 2087, 5917, 2127, 5232, 5992, 5992, 4059, 3330, 3345, 
      2562, 8199, 8863, 2509, 6145, 1583, 6920, 6920, 5572, 8563, 8563, 431, 
      431, 431, 431, 431, 8199, 3120, 3120, 1729, 891, 4888, 7075, 8034, 224, 
      8577, 5468, 123, 4782, 3305, 4479, 4453, 4851, 2011, 7075, 7490, 6520, 
      593, 7790, 3021, 1193, 8803, 8486, 7177, 2302, 8465, 6879, 2994, 3220, 
      3326, 8309, 2087, 2020, 4113, 5518, 8292, 3434, 6989, 2405, 2019, 6145, 
      2694, 2694, 5501, 8876, 9118, 1150, 1749, 6615, 4593, 4728, 614, 5392, 
      2425, 2425, 2425, 7769, 4917, 4917, 4505, 4505, 6113, 6113, 7263, 6305, 
      1710, 1710, 3239, 3239, 2923, 2923, 5855, 5855, 5855, 4682, 4682, 2360, 
      2360, 6111, 8859, 548, 548, 5001, 3816, 9111, 6531, 6531, 7283, 1774, 
      5640, 366, 1832, 366, 366, 7751, 7751, 7288, 7288, 2082, 2082, 2082, 
      1608, 1608, 1608, 1000, 1000, 1000, 1000, 7472, 7472, 5481, 5481, 5524, 
      5524, 5524, 7954, 7954, 7366, 3757, 6951, 6951, 6951, 6951, 8179, 8179, 
      5934, 803, 803, 1538, 1538, 4083, 4083, 5109, 5109, 5549, 5549, 1525, 
      7463, 7463, 3856, 3856, 3856, 4543, 4543, 6114, 7640, 8669, 5521, 8790, 
      8790, 7570, 7570, 7570, 1482, 8315, 1859, 1859, 582, 582, 2794, 932, 
      932, 932, 6801, 4024, 2078, 2078, 2078, 7360, 2176, 8474, 8474, 7576, 
      7576, 9050, 6784, 6784, 6784, 7147, 43, 7147, 43, 6230, 8290, 6841, 
      6663, 6569, 6569, 6569, 6569, 6638, 6638, 4815, 4815, 4815, 3785, 3785, 
      4490, 57, 6806, 1261, 1261, 1550, 1550, 1550, 4873, 3, 560, 4323, 7123, 
      7123, 3648, 6555, 6555, 6555, 162, 162, 162, 9216, 1447, 1447, 5364, 
      5364, 8004, 8004, 170, 170, 1155, 2228, 7701, 7701, 8188, 8188, 8188, 
      6733, 279, 279, 3502, 3502, 4234, 4234, 4234, 2948, 2948, 305, 305, 
      114, 114, 5719, 5719, 3245, 8845, 2392, 1894, 3411, 5585, 3111, 3111, 
      7856, 8496, 8496, 5906, 5906, 5906, 5917, 5917, 2466, 2466, 2131, 2131, 
      2131, 8991, 8991, 804, 804, 1540, 5382, 5382, 5382, 7506, 7506, 7506, 
      4851, 2011, 4851, 2011, 7097, 686, 7097, 686, 8803, 8803, 4214 ;

   LineResistance = 0.00018, 0.002961, 0.00056, 0.0002, 0.0003, 0.00014, 
      0.00013, 0.00012, 0.00011, 0.00019, 0.00062, 7e-05, 0.00066, 0.00054, 
      0.00105, 8e-05, 0.00056, 0.000531, 0.008659, 0.003849, 0.00688, 
      0.006729, 0.00111, 0.0023, 0.000841, 0.003521, 3.9e-05, 0.000159, 
      0.005281, 0.005651, 0.000271, 0.00044, 0.000159, 0.00019, 0.00019, 
      0.002591, 0.00305, 0.000159, 0.000159, 0.00101, 0.00319, 0.000729, 
      0.002961, 0.000591, 0.00024, 0.006219, 0.001841, 0.001409, 0.00151, 
      0.00599, 0.001771, 0.00074, 0.000729, 0.005271, 0.00906, 0.00405, 
      0.00055, 0.00055, 0.00107, 0.00112, 0.001031, 0.00062, 0.00068, 
      0.00193, 0.001159, 0.00137, 0.001401, 0.001331, 0.00031, 0.000341, 
      0.00031, 0.00094, 7e-05, 0.00019, 0.000331, 0.0016, 0.000909, 0.00088, 
      0.001841, 0.01013, 0.00059, 0.00054, 0.00171, 0.00174, 0.00086, 
      0.00087, 0.00126, 0.00122, 0.00154, 0.00474, 0.006, 0.008039, 2.1e-05, 
      0.00045, 0.000669, 0.00068, 0.000729, 0.000591, 0.00099, 0.00212, 
      0.002159, 0.00025, 0.000271, 0.001961, 0.00044, 0.000469, 0.001271, 
      0.00124, 0.000409, 0.00094, 0.000219, 6e-05, 5e-05, 0.00019, 0.001711, 
      0.002651, 0.001409, 0.001419, 0.00013, 0.00026, 0.0047, 0.00136, 
      0.005669, 0.004409, 0.01056, 0.01963, 0.01157, 0.000479, 0.000469, 
      0.01237, 0.0132, 0.00026, 0.000271, 0.000211, 0.00105, 0.00212, 
      0.000151, 0.00019, 0.003219, 0.007271, 0.006659, 0.00057, 0.00057, 
      0.00039, 0.00155, 0.00036, 0.000581, 0.00056, 0.003099, 0.00118, 
      0.00188, 0.00545, 0.00214, 0.002479, 0.000159, 0.00026, 0.000159, 
      0.000461, 0.000159, 0.000229, 0.0002, 0.00145, 0.00069, 0.00036, 
      0.00036, 0.00066, 0.00064, 9.9e-05, 6e-05, 3.9e-05, 0.002531, 0.00945, 
      0.000591, 0.00087, 0.0015, 0.00147, 0.00151, 0.001479, 0.00174, 
      0.001659, 0.00069, 0.00044, 0.002039, 0.01349, 0.00082, 0.0008, 
      0.001091, 0.00111, 0.000849, 0.00061, 0.00141, 0.00121, 0.001711, 
      0.00545, 0.000771, 0.00414, 0.00264, 0.00261, 0.00239, 0.000539, 
      0.00325, 0.00076, 0.000651, 0.001219, 0.00243, 0.0006, 0.00059, 
      0.00087, 0.00073, 0.00163, 0.001659, 0.00339, 0.00239, 0.00032, 0.0018, 
      0.00212, 0.00063, 0.009729, 0.01007, 0.00042, 0.00036, 0.00053, 
      0.00109, 0.00071, 0.00157, 0.00032, 0.00041, 0.0004, 0.00054, 0.00107, 
      0.0007, 0.0016, 0.00032, 0.00212, 5e-05, 0.00355, 0.00675, 0.00195, 
      0.00018, 0.00037, 0.00257, 0.00076, 0.00075, 0.003901, 0.00249, 
      0.00025, 0.00195, 0.00152, 0.00149, 0.00253, 0.00263, 0.00077, 0.00112, 
      0.00226, 0.004531, 0.002081, 0.0053, 0.00513, 0.001461, 0.0005, 
      0.00055, 0.002289, 0.0075, 0.00138, 0.00126, 0.00038, 0.00019, 
      0.002151, 0.000789, 3e-05, 0.00079, 0.0008, 0.00334, 0.00063, 0.0006, 
      0.00011, 0.00012, 9.9e-05, 0.00294, 0.00144, 0.001831, 0.001599, 
      0.00144, 0.0133, 0.009591, 0.0007, 0.00072, 0.001901, 0.001711, 
      0.00025, 0.00043, 0.000401, 0.00336, 0.005521, 9.9e-05, 0.00045, 
      0.00044, 0.00103, 0.00101, 0.00045, 0.0004, 0.001729, 0.00264, 
      0.002341, 0.001841, 0.001219, 0.002271, 0.010781, 0.00251, 0.00101, 
      0.00061, 0.004289, 0.0008, 0.008099, 0.00063, 0.000651, 0.00114, 
      0.001211, 0.00418, 0.00324, 0.003169, 0.000219, 0.000289, 0.0035, 
      0.00313, 0.000831, 0.002099, 0.00224, 0.00169, 0.00011, 0.00011, 
      0.005479, 0.003331, 0.000479, 0.00109, 4e-05, 0.0053, 0.004659, 
      0.001659, 0.006961, 0.00036, 0.00038, 0.00048, 0.00051, 0.00046, 
      0.0006, 0.00068, 0.00066, 0.00101, 0.003901, 0.00276, 0.00588, 3.9e-05, 
      0.00131, 0.00679, 0.00138, 0.003531, 0.01324, 0.00363, 0.00257, 
      0.01399, 0.00343, 0.00301, 0.00857, 0.003341, 3.9e-05, 0.00087, 
      0.00011, 0.000219, 0.000219, 0.000271, 0.000271, 0.000289, 0.000289, 
      0.001591, 0.000271, 0.00186, 1e-05, 0.000169, 0.000169, 0.00526, 
      0.000229, 0.00089, 0.00093, 0.00289, 0.002599, 0.00369, 0.0062, 
      0.008021, 0.004979, 0.001159, 0.00361, 0.001521, 0.00868, 0.01118, 
      0.003229, 0.00218, 0.001901, 0.00974, 0.003461, 0.00487, 0.000651, 
      0.00169, 0.001711, 0.00031, 0.0027, 0.000909, 0.001729, 0.00614, 
      0.00418, 0.00238, 8.1e-05, 0.001599, 0.00532, 0.00361, 0.002469, 
      0.005229, 0.00512, 0.00355, 0.00139, 0.000169, 0.00111, 0.00031, 
      0.000281, 0.000281, 0.000271, 0.001521, 0.000841, 0.00019, 0.000219, 
      0.00121, 0.0014, 0.008409, 0.00918, 0.004219, 0.0042, 0.00121, 0.00107, 
      0.003401, 0.000289, 0.001031, 0.00105, 0.001091, 0.00332, 0.00344, 
      0.00095, 0.00093, 0.00474, 0.000271, 0.000271, 0.000289, 0.00031, 
      0.00032, 0.00028, 0.00028, 0.000531, 0.0003, 0.00139, 0.00164, 0.00136, 
      0.0016, 0.002091, 0.001719, 0.012341, 0.00176, 0.00031, 0.00386, 
      0.00017, 0.00061, 0.00059, 0.00059, 0.00061, 0.001031, 0.00051, 0.0005, 
      0.00049, 0.000539, 0.001031, 0.000711, 0.000711, 0.00206, 0.002021, 
      0.00094, 0.002219, 0.00238, 0.00707, 0.00256, 0.00203, 0.001, 0.00103, 
      0.00038, 0.00041, 0.00167, 0.00098, 0.00042, 0.00019, 0.00105, 0.00043, 
      0.00041, 0.00051, 0.00053, 0.00455, 0.00557, 0.00339, 0.00237, 0.0037, 
      0.01407, 0.001669, 0.001711, 0.00172, 0.00029, 0.00033, 0.00079, 
      0.00077, 0.00127, 0.00214, 0.000159, 0.000211, 0.000341, 0.00024, 
      0.00018, 0.00033, 0.00121, 0.00123, 0.00058, 0.00103, 0.00116, 0.0013, 
      6e-05, 0.000169, 0.000169, 0.000271, 0.008271, 0.002969, 0.00124, 
      0.00106, 7e-05, 9e-05, 0.00196, 0.00158, 0.00172, 0.00096, 0.00147, 
      0.00129, 0.00179, 0.00131, 0.003901, 0.002591, 0.00224, 0.00012, 
      0.00394, 0.00189, 0.00032, 0.00038, 0.00751, 0.00086, 0.00087, 
      0.003031, 0.006331, 0.00605, 0.003919, 0.002039, 0.006289, 0.00042, 
      0.00043, 0.00147, 0.00131, 0.00221, 0.00224, 0.00095, 0.000229, 
      0.00068, 0.00049, 0.000531, 0.00136, 0.0012, 0.00105, 0.000591, 
      0.00025, 0.00113, 0.0003, 0.00836, 0.01338, 0.0027, 0.003419, 0.009531, 
      0.0004, 0.00035, 0.00194, 0.00156, 0.00078, 0.00074, 0.00042, 0.0004, 
      0.0006, 0.00086, 0.000969, 0.002781, 0.005031, 1e-05, 1e-05, 2e-05, 
      3e-05, 0.000841, 0.00082, 0.00186, 0.00056, 0.00055, 0.00114, 0.003719, 
      0.006669, 0.00243, 0.00845, 0.00219, 0.00357, 0.005849, 0.00406, 
      0.00113, 0.0068, 0.00337, 0.00011, 0.003711, 0.000271, 0.00326, 
      0.00118, 0.00482, 0.00013, 0.000229, 0.004591, 0.005469, 0.00536, 
      0.00424, 2e-05, 1e-05, 0.00286, 0.00117, 0.00103, 0.00156, 0.00449, 
      0.00259, 0.000219, 6e-05, 6e-05, 8.1e-05, 0.00274, 0.004781, 0.002849, 
      0.00513, 0.00113, 0.00125, 0.003349, 0.00245, 0.00587, 0.00569, 
      0.006031, 0.000531, 0.00076, 0.008841, 0.00169, 0.001031, 0.00813, 
      0.00013, 0.000211, 0.000169, 0.000669, 0.000711, 0.000229, 0.0007, 
      0.00061, 0.000281, 0.000211, 0.00056, 0.0023, 0.005039, 0.00364, 
      0.002169, 0.00113, 0.00113, 0.00264, 0.00494, 0.003711, 0.001409, 
      0.001169, 0.00118, 0.00264, 0.002349, 0.00014, 3e-05, 3e-05, 4e-05, 
      4e-05, 0.00171, 0.00164, 0.00136, 0.00097, 0.00086, 0.00085, 0.000979, 
      0.00052, 0.00046, 0.001151, 0.001031, 0.002341, 0.002281, 0.005479, 
      0.011159, 0.000669, 0.00193, 0.00024, 0.010159, 0.00294, 0.018841, 
      0.015599, 0.005831, 0.00087, 0.00637, 0.0027, 0.000409, 0.001669, 
      0.00164, 0.00089, 0.00186, 0.00381, 0.012419, 0.0042, 0.010771, 
      0.010159, 0.013169, 0.000469, 0.000229, 0.000271, 0.00099, 0.00077, 
      0.00034, 0.00101, 0.00086, 0.00035, 0.000159, 0.000781, 0.000781, 
      0.00064, 0.00057, 0.000531, 0.000521, 0.00176, 0.002461, 0.000591, 
      0.00012, 0.000581, 0.000651, 0.001289, 0.00233, 0.00238, 0.00052, 
      0.00023, 0.00134, 0.00116, 0.004169, 0.00063, 0.004841, 0.007419, 
      0.002719, 0.000789, 0.00238, 0.003771, 0.001271, 0.000841, 0.005711, 
      0.00562, 0.00356, 0.004841, 0.00057, 0.000539, 0.0007, 0.0012, 0.00206, 
      0.00063, 3e-05, 2e-05, 3e-05, 3e-05, 0.0008, 0.000901, 0.000591, 
      0.000591, 0.00218, 0.00184, 0.00058, 0.00056, 0.00123, 0.0011, 0.00156, 
      0.00226, 0.00614, 0.00513, 0.013219, 0.012969, 0.00437, 0.005651, 
      0.008969, 0.012409, 0.00038, 0.00138, 0.001539, 0.00205, 0.00026, 
      0.000289, 0.003349, 0.00038, 0.00082, 0.00275, 0.000909, 0.00082, 
      0.00093, 0.00137, 0.00215, 0.01189, 0.00104, 0.00092, 0.00055, 0.00054, 
      0.00105, 0.00089, 0.00223, 0.00101, 0.001081, 0.011081, 2e-05, 1e-05, 
      0.00071, 0.00136, 0.005401, 0.00437, 0.005151, 0.00038, 0.00037, 
      0.00069, 0.00688, 0.001341, 0.001229, 0.00137, 0.001919, 0.00163, 
      0.00488, 0.001289, 0.00211, 0.00206, 0.00276, 0.00305, 0.000409, 
      0.00036, 0.00032, 0.00013, 0.0002, 0.000919, 0.00094, 0.00175, 
      0.001729, 0.00406, 0.00526, 0.00179, 0.00162, 0.00492, 0.00109, 
      0.00097, 0.00322, 0.032831, 0.01411, 0.02725, 0.012229, 0.01994, 
      0.018591, 0.008979, 0.016531, 0.003591, 0.00124, 0.001271, 0.000469, 
      0.000841, 0.00219, 0.002901, 0.0002, 9.1e-05, 0.005461, 0.001979, 
      0.0023, 0.000159, 0.002789, 0.002531, 0.00357, 0.00076, 0.000469, 
      0.00044, 0.00561, 0.004539, 0.00175, 0.007461, 0.00224, 0.0003, 
      0.00032, 0.002031, 0.00038, 0.00118, 0.001229, 0.00301, 0.00063, 
      0.00064, 0.004919, 0.001831, 0.00536, 0.00038, 0.000289, 0.00305, 
      0.001781, 0.00041, 0.0004, 0.00213, 0.001271, 0.00462, 0.001539, 
      0.00025, 0.00025, 0.00025, 0.00026, 0.00025, 0.000169, 0.00039, 
      0.011229, 0.014521, 0.00064, 0.014789, 0.00938, 0.00124, 0.00968, 
      0.008531, 0.00731, 0.004349, 0.00599, 0.002961, 0.002901, 0.002979, 
      0.00312, 0.000219, 0.000219, 0.000151, 0.00563, 0.000969, 0.005021, 
      0.00988, 0.003159, 0.003219, 0.00049, 0.000479, 0.00264, 0.002581, 
      0.00037, 0.00213, 0.018669, 3.9e-05, 6e-05, 6e-05, 0.001271, 0.00055, 
      0.00055, 0.00105, 0.003289, 0.00036, 0.00038, 0.00118, 0.001229, 
      0.00301, 0.003409, 0.003409, 0.002719, 0.00295, 0.001091, 0.00111, 
      0.002469, 0.00212, 0.00037, 0.00162, 0.001909, 0.001909, 0.00089, 
      0.00087, 0.001521, 0.00014, 0.003531, 0.004599, 0.00307, 0.000581, 
      0.00164, 0.00057, 0.020419, 0.01424, 0.00157, 0.01218, 0.00037, 
      0.000219, 0.002849, 0.00116, 0.00133, 0.00063, 0.00064, 0.00126, 
      0.00337, 0.0014, 0.00137, 0.00212, 0.00186, 0.00426, 0.002659, 0.00606, 
      0.00109, 0.013021, 0.00236, 0.0027, 0.00285, 0.00529, 0.00254, 
      0.000159, 0.000229, 0.00024, 0.000169, 0.00368, 0.002599, 0.00018, 
      0.000159, 0.00357, 0.006021, 0.001781, 0.002781, 0.000349, 0.00313, 
      0.00368, 9.1e-05, 0.00251, 0.003081, 0.005341, 9.9e-05, 0.002169, 
      0.00011, 0.00212, 0.018901, 0.00957, 0.02324, 0.000531, 0.002581, 
      0.00031, 0.01087, 0.011581, 0.002099, 0.00093, 0.009591, 0.002591, 
      0.00164, 0.003219, 0.00401, 0.00126, 0.009169, 0.001349, 0.00156, 
      0.00152, 0.00094, 0.00092, 0.00137, 0.00134, 0.00314, 0.000651, 
      0.003961, 0.00013, 0.00013, 0.00011, 0.00012, 0.00012, 0.00012, 
      0.00093, 0.00105, 0.00113, 0.00037, 0.005169, 0.00125, 0.001281, 
      0.00226, 0.00213, 0.00154, 0.00687, 0.0045, 0.00138, 0.000419, 0.00043, 
      0.003331, 0.002099, 0.001331, 0.00199, 0.00169, 0.001771, 0.003099, 
      0.003409, 0.00057, 0.001081, 0.00105, 0.001979, 0.001469, 0.000711, 
      0.00051, 0.000521, 0.00188, 0.002469, 0.00045, 0.00037, 0.000401, 
      0.00014, 0.000289, 7e-05, 0.00051, 0.00037, 0.00022, 0.00025, 0.000271, 
      0.00025, 0.00095, 0.00093, 0.000341, 0.00032, 3.9e-05, 0.00075, 
      0.00118, 0.0017, 0.001521, 0.000169, 0.002591, 0.000169, 0.00307, 
      0.002591, 0.000581, 0.001419, 0.00205, 0.00295, 0.00335, 0.00022, 
      0.00059, 0.008539, 0.001349, 0.00245, 0.001469, 0.00084, 0.002591, 
      0.009651, 0.00143, 0.001969, 0.01039, 0.000719, 0.00052, 0.002409, 
      0.00256, 0.00656, 0.0027, 0.003591, 0.002211, 0.00068, 0.000211, 
      9.9e-05, 0.00645, 0.00063, 0.000281, 0.000219, 0.00014, 0.003219, 
      0.00051, 0.000409, 0.002289, 0.002831, 0.006289, 0.005651, 0.00414, 
      0.01095, 0.009, 0.000229, 0.00119, 0.011771, 0.00209, 0.002031, 
      0.00145, 0.00124, 0.00127, 0.013039, 0.00235, 0.0024, 0.00135, 0.00087, 
      0.0012, 0.006961, 0.00105, 0.000219, 3.9e-05, 4.5e-05, 0.0035, 
      0.004281, 0.003729, 0.00212, 0.00056, 0.004401, 0.005021, 0.00018, 
      0.000151, 0.000151, 0.00282, 0.00131, 0.002159, 0.00019, 0.0002, 
      0.00139, 0.01101, 0.00063, 0.002341, 0.00375, 0.00056, 0.00118, 
      0.002039, 0.00155, 3.9e-05, 0.00024, 0.000341, 0.005461, 0.00158, 
      0.00155, 0.00021, 0.00024, 0.00144, 0.0014, 0.00086, 0.003341, 0.00387, 
      0.00405, 0.00101, 0.00088, 0.005081, 0.00257, 0.00251, 0.002531, 
      0.00132, 0.00082, 0.00143, 0.000659, 0.000591, 0.00589, 0.00614, 
      0.00155, 0.00205, 0.00233, 0.002341, 8.1e-05, 9.9e-05, 0.00276, 
      0.00036, 0.000229, 0.00013, 0.001159, 0.008531, 0.000781, 0.00075, 
      0.002159, 0.00162, 0.01236, 0.00825, 0.02187, 0.01212, 0.00036, 
      0.000229, 0.000219, 0.000281, 0.005021, 0.00174, 0.003919, 0.003341, 
      0.003271, 0.000151, 0.00736, 0.00944, 0.00068, 0.00188, 0.00168, 
      0.001669, 0.002229, 0.00218, 0.00238, 0.00194, 0.013831, 0.00876, 
      0.0002, 0.00105, 0.0172, 0.00305, 0.00208, 0.00614, 0.000229, 0.00386, 
      0.002031, 0.000591, 9.1e-05, 0.00732, 0.004581, 0.00132, 0.007521, 
      0.005159, 9.9e-05, 9.9e-05, 0.00019, 0.00107, 9e-05, 9e-05, 8e-05, 
      8e-05, 0.000271, 0.00053, 0.00047, 0.00046, 0.00045, 0.00028, 0.0003, 
      0.00025, 0.000281, 0.00018, 0.00382, 0.00361, 0.00538, 6e-05, 9e-05, 
      0.0014, 0.00034, 0.0001, 0.00137, 0.00131, 0.00262, 0.00082, 0.000841, 
      0.000669, 0.001919, 0.002659, 0.003031, 0.01176, 0.002469, 0.000669, 
      0.000781, 0.00062, 0.001349, 0.000979, 0.008091, 0.000711, 0.00145, 
      0.00869, 0.001719, 0.01582, 0.01457, 0.021711, 0.00019, 0.001271, 
      3.9e-05, 0.000281, 0.00019, 0.00035, 0.00049, 0.000469, 0.00313, 
      0.001031, 0.00038, 0.00037, 0.00032, 0.00037, 0.00068, 0.00168, 
      0.000599, 0.002169, 0.002849, 0.001229, 0.001289, 0.00093, 0.00083, 
      0.00118, 0.001151, 0.00101, 0.00364, 0.00056, 0.00369, 0.000531, 
      0.000521, 0.000419, 0.000409, 0.00014, 0.003211, 0.00381, 0.003781, 
      0.000919, 0.000271, 0.002229, 0.00243, 0.002531, 0.012531, 0.00087, 
      0.0006, 0.00072, 0.00234, 0.00038, 0.00024, 0.000229, 0.000281, 
      0.001211, 0.000281, 0.00025, 0.00019, 0.00045, 0.003461, 0.0013, 
      0.00128, 0.00089, 0.00087, 0.003349, 0.0003, 0.000289, 0.01301, 
      0.02162, 0.006461, 0.0002, 0.00018, 0.00032, 0.00105, 0.00013, 
      0.006151, 0.007159, 0.00874, 0.004159, 0.002919, 0.00094, 0.000901, 
      0.003159, 0.002419, 0.00375, 0.00025, 0.00264, 0.001289, 0.00087, 
      0.000401, 0.0003, 0.00126, 0.01905, 0.00201, 0.00101, 0.00105, 0.00039, 
      0.0004, 0.00051, 0.0003, 0.00051, 0.0005, 0.002909, 0.00245, 0.0027, 
      0.00105, 0.00036, 0.0018, 0.000711, 0.00036, 0.00201, 0.001091, 
      0.00105, 0.00299, 0.00036, 0.00589, 0.00157, 0.00168, 0.00289, 0.00395, 
      0.002771, 0.002979, 0.007419, 0.00056, 0.00361, 0.000409, 0.004091, 
      0.00294, 0.020771, 0.00662, 0.00607, 0.000669, 0.001271, 0.001599, 
      0.009599, 0.00149, 0.01488, 0.003599, 0.00519, 0.003461, 0.00105, 
      0.00199, 0.00711, 0.006729, 0.005771, 0.0048, 0.00286, 0.00351, 
      0.008401, 0.0018, 0.001831, 0.00075, 2e-05, 1e-05, 0.00023, 0.00023, 
      0.002031, 0.005349, 0.0002, 0.002091, 0.00262, 0.002669, 0.00025, 
      0.00056, 0.0007, 0.000331, 0.00011, 0.00111, 0.00066, 0.00064, 
      0.003091, 0.00643, 0.00275, 0.00357, 0.000289, 0.002531, 0.00162, 
      0.00262, 0.00099, 0.000909, 0.00011, 0.00011, 0.00207, 0.00019, 
      0.014039, 0.004961, 0.00056, 0.001461, 6e-05, 0.00139, 0.00069, 
      0.004969, 0.00012, 0.001091, 0.000969, 0.00099, 0.001031, 0.00401, 
      9.1e-05, 0.00125, 0.003711, 0.00169, 0.00171, 0.00088, 0.0008, 0.00161, 
      0.00032, 0.00011, 0.00042, 0.00043, 0.00038, 0.00037, 0.00248, 0.00375, 
      0.00518, 0.000771, 0.00076, 0.000781, 0.00089, 0.000331, 0.000401, 
      0.00051, 0.000461, 0.000469, 0.006081, 0.005831, 0.00013, 0.00013, 
      0.00262, 0.00164, 0.006479, 0.00294, 0.00238, 0.002219, 0.008651, 
      0.00464, 0.00092, 0.00093, 0.0022, 0.00074, 0.00087, 0.00139, 0.002781, 
      0.000521, 0.008479, 0.005669, 0.001031, 0.00301, 0.00257, 0.010461, 
      0.001719, 9.1e-05, 0.00476, 0.000219, 0.002159, 0.00295, 0.007789, 
      0.00026, 0.00162, 0.007919, 0.001229, 0.008021, 0.007711, 0.00261, 
      0.00139, 0.001419, 0.006289, 0.011031, 0.001841, 0.000599, 0.00036, 
      0.003849, 0.00186, 0.00025, 0.00207, 6e-05, 0.002159, 0.000219, 
      0.00011, 0.00011, 0.000771, 0.000229, 0.00445, 0.00218, 0.00074, 
      0.002531, 0.003, 0.008461, 0.00382, 0.002581, 0.00201, 0.00087, 
      0.00455, 0.005651, 0.00069, 0.00068, 0.00036, 0.001669, 0.009669, 
      0.001099, 0.0005, 0.003919, 0.00161, 0.0007, 0.000409, 2e-05, 3e-05, 
      0.00968, 0.003969, 0.00219, 0.000401, 0.000531, 0.00136, 0.000849, 
      0.000841, 0.00045, 0.003669, 0.002, 0.00031, 0.00043, 0.00043, 0.00049, 
      0.00282, 0.00462, 0.00263, 0.01062, 0.0001, 0.00239, 0.001341, 0.00101, 
      0.00011, 0.00146, 0.0013, 0.007909, 0.00012, 0.00012, 0.00076, 0.0009, 
      0.00096, 0.0004, 0.00039, 0.00163, 0.00636, 0.00639, 0.00113, 0.00861, 
      0.0012, 0.00018, 0.001401, 0.00068, 0.0043, 0.003039, 6e-05, 5e-05, 
      3.9e-05, 3.9e-05, 0.000169, 0.000331, 0.00026, 0.000341, 0.00038, 
      0.00012, 0.003031, 0.001521, 0.00059, 0.00053, 0.00143, 0.00056, 
      0.00205, 0.01068, 0.00194, 0.00131, 0.001289, 0.00455, 0.00239, 
      0.004039, 0.001099, 0.00082, 0.000719, 0.000599, 0.000521, 0.000901, 
      0.000781, 0.000419, 0.000841, 0.004021, 0.0023, 0.002081, 0.00164, 
      0.00094, 0.000901, 0.00051, 0.00113, 0.002081, 0.00116, 0.00013, 
      0.00036, 0.000771, 0.000695, 0.000355, 0.000365, 0.000411, 0.000386, 
      0.000344, 0.000653, 0.000767, 0.000323, 0.000323, 0.000365, 0.00086, 
      0.000355, 0.000375, 0.000344, 0.000302, 0.000788, 0.000767, 0.000767, 
      0.000788, 0.000892, 0.000975, 0.000757, 0.000261, 0.000261, 0.000323, 
      0.000323, 0.000323, 0.000292, 0, 0.000736, 0.00086, 0.000365, 0.000375, 
      0.000386, 0.000809, 0.000705, 0.000334, 0.000353, 0.000313, 0.000323, 
      0.000344, 0.000355, 0.000881, 0.000757, 0.000354, 0.000354, 0.000695, 
      0.000323, 0.000323, 0.000323, 0.000355, 0.000355, 0.000923, 0.000788, 
      0.000323, 0.000323, 0.000313, 0.000313, 0.000601, 0.000715, 0.000344, 
      0.000365, 0.000344, 0.000757, 0.000323, 0.000354, 0.000778, 0.000695, 
      0.000302, 0.000355, 0.000365, 0.000355, 0.000375, 0.000375, 0.000334, 
      0.000705, 0.000313, 0.000302, 0.000664, 0.000809, 0.00086, 0.000355, 
      0.000365, 0.000375, 0.000302, 0.000323, 0.000334, 0.000355, 0.000302, 
      0.000344, 0.00012, 0.000365, 0.000365, 0.000334, 0.000695, 0.000778, 
      0.000313, 0.000313, 0.000344, 0.000902, 0.000355, 0.000375, 0.000375, 
      0.000819, 0.000809, 0.000334, 0.000632, 0.000632, 0.000715, 0.00074, 
      0.00074, 0.000375, 0.000365, 0.000323, 0.000684, 0.000313, 0.000323, 
      0.000302, 0.000365, 0.000344, 0.000375, 0.000778, 0.000923, 0.000302, 
      0.000344, 0.000334, 0.000323, 0.000323, 0.000344, 0.000334, 0.000344, 
      0.000365, 0.000365, 0.000344, 0.000344, 0.000334, 0.000313, 0.000313, 
      0.000881, 0.000902, 0.000881, 0.000365, 0.000386, 0.00012, 0.00017, 
      0.000664, 0.000313, 0.000334, 0.000344, 0.000344, 0.000375, 0.000386, 
      0.000788, 0.000323, 1e-05, 0.000334, 0.000302, 0.00011, 0.000344, 
      0.000365, 0.000355, 0.000344, 0.000411, 0.000829, 0.000705, 0.000323, 
      0.000302, 0.000746, 0.000881, 0.00086, 0.000912, 0.000375, 0.000375, 
      0.000302, 0.000302, 0.000334, 0.000323, 0.000736, 0.001234, 0.000757, 
      0.000323, 0.000788, 0.000912, 0.000798, 0.000778, 0.000323, 0.000302, 
      0.000302, 0.000344, 0.000355, 0.000386, 0.000365, 0.000344, 0.000323, 
      0.000323, 0.000313, 0.000179, 0.000198, 0.000207, 0.000207, 0.000217, 
      0.000217, 0.000198, 0.000189, 0.000354, 0.000628, 0.000726, 0.000365, 
      0.000438, 0.000365, 0.000375, 0.000323, 0.000334, 0.000313, 0.000767, 
      0.000302, 0.00085, 0.000344, 0.000334, 0.000365, 0.000365, 0.000334, 
      0.000323, 0.000313, 0.000302, 0.000323, 0.000365, 0.000365, 0.000355, 
      0.000375, 0.000365, 0.000342, 0.000344, 0.000334, 0.000302, 0.000313, 
      0.000365, 0.000355, 0.000334 ;

   LineReactance = 0.000781, 0.01669, 0.00432, 0.00246, 0.00377, 0.00057, 
      0.000729, 0.000581, 0.00064, 0.00056, 0.004909, 0.00076, 0.00622, 
      0.00752, 0.00877, 0.00091, 0.00719, 0.002039, 0.03769, 0.021099, 
      0.035969, 0.03713, 0.006651, 0.008909, 0.00313, 0.017479, 0.00025, 
      0.000729, 0.032099, 0.029419, 0.00036, 0.00143, 0.00074, 0.000591, 
      0.00087, 0.013659, 0.01168, 0.000599, 0.00062, 0.004229, 0.018651, 
      0.00337, 0.012831, 0.00339, 0.001219, 0.036341, 0.01193, 0.01113, 
      0.00768, 0.03313, 0.010151, 0.00311, 0.003159, 0.01906, 0.053151, 
      0.0153, 0.003961, 0.003729, 0.007789, 0.00775, 0.00775, 0.003219, 
      0.002659, 0.012479, 0.007229, 0.008729, 0.00855, 0.008521, 0.00081, 
      0.00119, 0.001281, 0.0035, 0.000651, 0.00124, 0.002539, 0.02113, 
      0.004711, 0.004969, 0.0088, 0.04238, 0.00802, 0.0079, 0.02128, 0.02084, 
      0.01433, 0.01404, 0.01447, 0.01509, 0.019, 0.03564, 0.047849, 0.03375, 
      0.000211, 0.002341, 0.004281, 0.00419, 0.00431, 0.004651, 0.005081, 
      0.013031, 0.01275, 0.00095, 0.00089, 0.012409, 0.00207, 0.00143, 
      0.01406, 0.013021, 0.00239, 0.005, 0.0007, 0.00025, 0.000229, 0.000909, 
      0.00782, 0.01176, 0.010599, 0.010219, 0.00212, 0.00313, 0.0318, 
      0.00768, 0.027789, 0.033091, 0.044469, 0.07736, 0.04694, 0.00255, 
      0.00236, 0.067039, 0.056229, 0.001711, 0.001669, 0.000401, 0.005159, 
      0.00931, 0.00068, 0.00082, 0.01405, 0.033159, 0.03132, 0.00668, 
      0.00758, 0.00607, 0.0179, 0.00485, 0.004229, 0.00431, 0.020531, 
      0.016919, 0.01407, 0.04082, 0.01639, 0.01549, 0.001229, 0.00162, 
      0.00113, 0.003219, 0.001229, 0.00139, 0.00156, 0.00824, 0.005, 0.00455, 
      0.00453, 0.00997, 0.01016, 0.00044, 0.000469, 0.000341, 0.01943, 
      0.06418, 0.002831, 0.00387, 0.01785, 0.0182, 0.0113, 0.011521, 
      0.010341, 0.01206, 0.000479, 0.00139, 0.01601, 0.05662, 0.00438, 
      0.004461, 0.00888, 0.007039, 0.00537, 0.00275, 0.0188, 0.01427, 
      0.007159, 0.02381, 0.004331, 0.03282, 0.011521, 0.011, 0.00919, 
      0.00226, 0.017979, 0.0071, 0.00343, 0.00812, 0.01439, 0.00839, 0.00856, 
      0.01328, 0.01595, 0.002039, 0.002, 0.019669, 0.017281, 0.00112, 
      0.01401, 0.012469, 0.00411, 0.03505, 0.03056, 0.00623, 0.00722, 0.0078, 
      0.0173, 0.01144, 0.01884, 0.00384, 0.00649, 0.00658, 0.00763, 0.01602, 
      0.01165, 0.01844, 0.00376, 0.01207, 0.00037, 0.024651, 0.04145, 
      0.014341, 0.00043, 0.000969, 0.017169, 0.00399, 0.00406, 0.023961, 
      0.019211, 0.001159, 0.02924, 0.01527, 0.01558, 0.0276, 0.02648, 0.0092, 
      0.01705, 0.01101, 0.029039, 0.030409, 0.03257, 0.041901, 0.01056, 
      0.002591, 0.0033, 0.01763, 0.043531, 0.019961, 0.018729, 0.001331, 
      0.001461, 0.013401, 0.005669, 0.00042, 0.00899, 0.00879, 0.03393, 
      0.00789, 0.00842, 0.00125, 0.001091, 0.00125, 0.02443, 0.011151, 
      0.010849, 0.01055, 0.019591, 0.09551, 0.073961, 0.00671, 0.00658, 
      0.00964, 0.01189, 0.00187, 0.002211, 0.00243, 0.017, 0.031031, 0.00026, 
      0.00718, 0.00665, 0.01516, 0.01546, 0.00608, 0.00501, 0.01337, 0.01489, 
      0.018961, 0.01363, 0.00949, 0.01151, 0.05775, 0.013919, 0.007331, 
      0.003909, 0.019331, 0.004401, 0.03519, 0.004591, 0.00456, 0.00581, 
      0.00538, 0.030159, 0.02413, 0.024591, 0.00088, 0.00095, 0.022211, 
      0.02256, 0.00162, 0.01068, 0.00976, 0.01231, 0.00076, 0.00068, 
      0.021909, 0.017039, 0.001271, 0.01629, 0.00063, 0.024531, 0.021919, 
      0.01043, 0.053539, 0.00288, 0.003, 0.00643, 0.0066, 0.00729, 0.00868, 
      0.01076, 0.01096, 0.005099, 0.02437, 0.016461, 0.047081, 0.000219, 
      0.00538, 0.04679, 0.01466, 0.01724, 0.06936, 0.01743, 0.01662, 
      0.056289, 0.01751, 0.015409, 0.033091, 0.01689, 0.000219, 0.00714, 
      0.001, 0.00101, 0.001031, 0.00101, 0.000979, 0.00107, 0.00105, 
      0.012289, 0.001901, 0.010711, 0.0002, 0.000271, 0.00031, 0.03787, 
      0.000599, 0.004091, 0.004, 0.013099, 0.016479, 0.02712, 0.04864, 
      0.059031, 0.0295, 0.005281, 0.01824, 0.01075, 0.041711, 0.05986, 
      0.02543, 0.01869, 0.021909, 0.043969, 0.01814, 0.027669, 0.003961, 
      0.00887, 0.01336, 0.000539, 0.01157, 0.006901, 0.01214, 0.03106, 
      0.02388, 0.017771, 0.00063, 0.01618, 0.026961, 0.02814, 0.01025, 
      0.02675, 0.02726, 0.01694, 0.007659, 0.000669, 0.00712, 0.001901, 
      0.002091, 0.001651, 0.00169, 0.00843, 0.0062, 0.00126, 0.00143, 
      0.01796, 0.01512, 0.063651, 0.07344, 0.0345, 0.031651, 0.01381, 
      0.01326, 0.02607, 0.00138, 0.006039, 0.005909, 0.007901, 0.024021, 
      0.021419, 0.010419, 0.01062, 0.025409, 0.000841, 0.00119, 0.00076, 
      0.00454, 0.0044, 0.00494, 0.00508, 0.00093, 0.001031, 0.02163, 0.02321, 
      0.02205, 0.02367, 0.01174, 0.00961, 0.076781, 0.009419, 0.00182, 
      0.02348, 0.00104, 0.00808, 0.0067, 0.00748, 0.0063, 0.008789, 0.006169, 
      0.00619, 0.00376, 0.003229, 0.00882, 0.00463, 0.004539, 0.015341, 
      0.01564, 0.005781, 0.016969, 0.01187, 0.03095, 0.03401, 0.02416, 
      0.01459, 0.00987, 0.00483, 0.00398, 0.01721, 0.01487, 0.00342, 0.00248, 
      0.00966, 0.00473, 0.00397, 0.00514, 0.00503, 0.022771, 0.02055, 
      0.02026, 0.01068, 0.019479, 0.056849, 0.015409, 0.015091, 0.01619, 
      0.00447, 0.00387, 0.01154, 0.01177, 0.01498, 0.012599, 0.00125, 
      0.000669, 0.001169, 0.001469, 0.000669, 0.00683, 0.01211, 0.01185, 
      0.0097, 0.01292, 0.01266, 0.006841, 0.000349, 0.0007, 0.000719, 
      0.001031, 0.036841, 0.02299, 0.01273, 0.00989, 0.00029, 0.00079, 
      0.02049, 0.01519, 0.01811, 0.01121, 0.01707, 0.0129, 0.01737, 0.01935, 
      0.01614, 0.014771, 0.0173, 0.000849, 0.03039, 0.01, 0.00257, 0.00224, 
      0.03955, 0.006531, 0.006591, 0.02276, 0.03911, 0.02986, 0.01612, 
      0.0108, 0.026271, 0.00547, 0.00536, 0.01373, 0.01555, 0.02217, 0.0217, 
      0.003289, 0.00082, 0.00306, 0.00256, 0.0022, 0.00956, 0.010729, 
      0.00861, 0.006969, 0.0008, 0.00632, 0.00275, 0.051659, 0.073469, 
      0.02089, 0.02636, 0.033711, 0.00707, 0.00701, 0.01751, 0.01936, 
      0.00941, 0.00969, 0.00532, 0.00473, 0.00499, 0.00638, 0.00625, 0.01725, 
      0.028081, 0.00021, 0.00025, 0.00031, 0.0004, 0.00474, 0.00487, 
      0.011979, 0.003021, 0.003081, 0.01063, 0.02295, 0.04288, 0.0198, 
      0.04339, 0.015169, 0.0302, 0.032419, 0.01688, 0.0065, 0.04613, 0.02011, 
      0.0005, 0.018521, 0.00145, 0.01824, 0.00712, 0.02232, 0.000469, 
      0.00075, 0.035021, 0.03924, 0.0403, 0.033031, 0.00024, 0.00021, 
      0.03653, 0.01183, 0.01336, 0.01969, 0.05772, 0.03469, 0.00118, 0.00095, 
      0.000651, 0.000841, 0.020831, 0.027729, 0.02093, 0.03014, 0.00651, 
      0.00707, 0.01463, 0.0122, 0.036521, 0.03774, 0.03545, 0.00301, 
      0.006099, 0.028919, 0.007091, 0.00361, 0.030961, 0.00068, 0.000729, 
      0.000669, 0.00251, 0.00238, 0.00238, 0.0065, 0.006031, 0.0018, 
      0.002409, 0.00773, 0.01581, 0.032151, 0.01713, 0.012409, 0.004719, 
      0.004979, 0.01174, 0.03181, 0.023961, 0.01101, 0.00593, 0.00587, 
      0.012469, 0.01414, 0.0007, 0.00054, 0.00055, 0.00058, 0.00054, 0.02197, 
      0.02064, 0.01756, 0.00942, 0.01109, 0.0113, 0.0058, 0.00593, 0.00672, 
      0.00636, 0.007211, 0.02286, 0.02518, 0.02114, 0.08856, 0.00249, 
      0.01643, 0.0017, 0.065849, 0.02131, 0.07469, 0.052169, 0.03969, 
      0.00661, 0.024659, 0.020419, 0.00314, 0.01301, 0.01325, 0.00556, 
      0.01809, 0.02853, 0.072151, 0.02556, 0.0493, 0.04995, 0.05113, 
      0.001159, 0.00105, 0.001271, 0.01194, 0.01184, 0.00426, 0.01168, 
      0.01046, 0.00417, 0.00069, 0.00488, 0.00511, 0.003539, 0.003781, 
      0.00111, 0.00113, 0.00843, 0.01975, 0.00105, 0.00064, 0.004419, 
      0.004331, 0.008289, 0.03502, 0.03781, 0.00605, 0.00275, 0.01343, 
      0.01552, 0.027919, 0.008, 0.028581, 0.05787, 0.020331, 0.005, 0.013219, 
      0.02701, 0.00939, 0.00131, 0.043039, 0.041901, 0.019781, 0.03149, 
      0.00107, 0.00213, 0.00425, 0.009531, 0.015901, 0.00312, 0.00041, 
      0.00043, 0.00039, 0.00038, 0.004151, 0.00381, 0.004341, 0.00405, 
      0.0275, 0.01677, 0.00807, 0.00823, 0.01146, 0.01298, 0.01585, 0.02781, 
      0.02831, 0.03401, 0.0597, 0.06087, 0.032831, 0.033229, 0.03625, 
      0.05645, 0.002271, 0.01089, 0.012521, 0.014229, 0.00164, 0.00169, 
      0.051211, 0.001479, 0.00625, 0.015581, 0.00739, 0.01038, 0.01017, 
      0.01431, 0.02021, 0.058841, 0.01241, 0.014, 0.00845, 0.00861, 0.01057, 
      0.01122, 0.02584, 0.007841, 0.008099, 0.068479, 0.00033, 0.00029, 
      0.00892, 0.01526, 0.036021, 0.033719, 0.034919, 0.00139, 0.0015, 
      0.004461, 0.040591, 0.008349, 0.009669, 0.006039, 0.01261, 0.0095, 
      0.0497, 0.0087, 0.01524, 0.015539, 0.01631, 0.019521, 0.0023, 0.00268, 
      0.00049, 0.000349, 0.00327, 0.00561, 0.00549, 0.01976, 0.019331, 
      0.02581, 0.025961, 0.02098, 0.02148, 0.04991, 0.01361, 0.0153, 0.03022, 
      0.074151, 0.058711, 0.102979, 0.04049, 0.066719, 0.07462, 0.03251, 
      0.086031, 0.02137, 0.008, 0.007831, 0.00294, 0.003289, 0.016539, 
      0.020901, 0.001211, 0.000479, 0.029469, 0.011289, 0.01289, 0.00037, 
      0.01562, 0.012331, 0.023289, 0.006039, 0.00075, 0.00069, 0.035521, 
      0.03468, 0.0067, 0.031419, 0.012909, 0.000961, 0.001409, 0.0157, 
      0.00306, 0.0083, 0.00787, 0.01538, 0.00114, 0.00111, 0.03837, 0.008349, 
      0.03188, 0.001461, 0.001521, 0.016841, 0.012729, 0.00461, 0.0047, 
      0.01401, 0.00887, 0.02743, 0.00776, 0.00478, 0.00487, 0.00435, 0.00426, 
      0.00479, 0.00076, 0.00126, 0.074659, 0.058081, 0.003919, 0.07768, 
      0.05355, 0.004289, 0.04388, 0.067151, 0.04106, 0.02555, 0.03462, 
      0.021591, 0.02206, 0.016969, 0.020021, 0.000909, 0.00093, 0.000289, 
      0.043599, 0.00612, 0.020719, 0.041039, 0.02011, 0.01969, 0.00238, 
      0.002419, 0.019729, 0.02011, 0.002831, 0.012789, 0.092281, 0.000401, 
      0.00044, 0.0005, 0.007031, 0.003159, 0.00338, 0.004771, 0.015039, 
      0.004349, 0.003669, 0.00701, 0.00686, 0.0217, 0.01924, 0.01938, 
      0.02131, 0.01956, 0.00831, 0.008211, 0.015271, 0.01601, 0.0028, 
      0.01238, 0.01162, 0.010729, 0.00526, 0.00536, 0.01176, 0.000591, 
      0.028781, 0.03657, 0.019159, 0.004461, 0.01161, 0.003281, 0.063669, 
      0.04751, 0.008849, 0.07524, 0.00151, 0.000531, 0.0137, 0.01692, 
      0.01462, 0.00821, 0.00804, 0.01272, 0.0494, 0.0214, 0.02182, 0.02063, 
      0.01045, 0.021771, 0.020539, 0.049919, 0.01192, 0.049219, 0.01239, 
      0.015169, 0.03283, 0.03969, 0.03721, 0.00069, 0.000979, 0.00082, 
      0.00075, 0.01756, 0.020659, 0.00064, 0.000771, 0.01981, 0.03205, 
      0.01164, 0.018831, 0.00281, 0.02444, 0.02074, 0.001539, 0.01111, 
      0.017961, 0.030419, 0.00126, 0.017901, 0.00038, 0.00494, 0.077349, 
      0.0395, 0.063469, 0.004331, 0.006229, 0.002211, 0.06114, 0.061099, 
      0.016271, 0.005461, 0.037039, 0.017211, 0.013651, 0.014719, 0.022229, 
      0.010211, 0.03993, 0.006081, 0.01931, 0.01968, 0.01433, 0.01461, 
      0.02012, 0.02051, 0.042151, 0.00494, 0.02426, 0.0015, 0.00147, 0.00172, 
      0.00166, 0.00168, 0.00172, 0.005669, 0.00506, 0.006539, 0.002919, 
      0.03738, 0.006669, 0.00661, 0.0138, 0.02677, 0.01919, 0.04413, 0.04725, 
      0.00837, 0.001901, 0.00186, 0.015099, 0.01631, 0.01082, 0.00818, 
      0.008831, 0.014281, 0.01844, 0.01819, 0.00369, 0.00468, 0.004771, 
      0.01549, 0.015151, 0.003969, 0.00274, 0.00306, 0.011841, 0.010539, 
      0.00351, 0.000659, 0.0007, 0.000531, 0.0013, 0.000289, 0.002151, 
      0.00157, 0.00277, 0.00271, 0.002081, 0.00231, 0.00331, 0.00336, 
      0.002211, 0.00232, 0.000271, 0.0101, 0.01455, 0.0098, 0.01111, 
      0.001401, 0.01725, 0.001159, 0.01339, 0.013521, 0.005031, 0.00595, 
      0.02664, 0.03721, 0.03648, 0.00251, 0.00651, 0.041979, 0.0052, 
      0.013909, 0.008419, 0.00836, 0.017789, 0.05968, 0.00799, 0.014909, 
      0.06406, 0.005331, 0.00565, 0.019479, 0.019151, 0.02288, 0.014901, 
      0.01362, 0.01188, 0.00357, 0.000969, 0.000539, 0.0263, 0.001901, 
      0.000669, 0.00064, 0.00105, 0.020729, 0.003151, 0.00331, 0.017479, 
      0.01895, 0.036521, 0.032169, 0.02262, 0.05814, 0.0368, 0.00181, 
      0.00726, 0.051669, 0.02279, 0.01443, 0.008479, 0.01433, 0.01402, 
      0.052841, 0.02739, 0.02681, 0.02056, 0.01124, 0.00818, 0.05561, 
      0.00763, 0.00182, 0.0002, 0.000195, 0.022651, 0.02319, 0.014021, 
      0.01582, 0.00784, 0.01813, 0.02144, 0.000219, 0.000211, 0.000211, 
      0.02591, 0.008539, 0.015969, 0.000281, 0.000281, 0.00774, 0.06739, 
      0.00463, 0.009599, 0.021659, 0.00749, 0.00926, 0.013081, 0.010961, 
      0.00036, 0.000409, 0.001659, 0.024919, 0.02413, 0.02458, 0.00256, 
      0.00243, 0.02266, 0.02098, 0.01074, 0.02611, 0.02063, 0.018271, 
      0.00462, 0.00389, 0.039, 0.0208, 0.01926, 0.01314, 0.00869, 0.004021, 
      0.007479, 0.005771, 0.006539, 0.025599, 0.02343, 0.01994, 0.03218, 
      0.03154, 0.01982, 0.000521, 0.00069, 0.016419, 0.001229, 0.000711, 
      0.00099, 0.00689, 0.03045, 0.004531, 0.00474, 0.008349, 0.01651, 
      0.044211, 0.03989, 0.066961, 0.06661, 0.00534, 0.00063, 0.000581, 
      0.00063, 0.035659, 0.007901, 0.020581, 0.016349, 0.016669, 0.000659, 
      0.035659, 0.042169, 0.00652, 0.02281, 0.00956, 0.00981, 0.01599, 
      0.01631, 0.02124, 0.02023, 0.05955, 0.04875, 0.00099, 0.00826, 0.06637, 
      0.015781, 0.02105, 0.043729, 0.001849, 0.025789, 0.012, 0.004, 0.00051, 
      0.039969, 0.02031, 0.00537, 0.0387, 0.031281, 0.001159, 0.00113, 
      0.000909, 0.00413, 0.00058, 0.00059, 0.00053, 0.00052, 0.00151, 
      0.00585, 0.00663, 0.00676, 0.00689, 0.00338, 0.00319, 0.00101, 0.00119, 
      0.00063, 0.02868, 0.0235, 0.03569, 0.000409, 0.00102, 0.01649, 0.00427, 
      0.00109, 0.01682, 0.01262, 0.019669, 0.00526, 0.005151, 0.005081, 
      0.012669, 0.02, 0.02343, 0.059159, 0.017531, 0.005729, 0.00876, 
      0.00482, 0.012599, 0.0082, 0.028831, 0.005969, 0.00857, 0.03768, 
      0.00837, 0.067349, 0.06469, 0.090539, 0.000729, 0.00638, 0.0002, 
      0.00236, 0.00329, 0.00324, 0.00349, 0.00331, 0.01324, 0.006719, 
      0.00401, 0.002849, 0.00256, 0.00118, 0.001151, 0.009841, 0.002401, 
      0.00911, 0.01282, 0.01207, 0.01089, 0.01036, 0.01174, 0.009469, 
      0.009651, 0.01327, 0.02486, 0.00425, 0.02681, 0.00276, 0.00281, 
      0.00232, 0.00237, 0.00193, 0.01481, 0.01175, 0.02676, 0.005461, 
      0.001211, 0.017401, 0.017659, 0.01705, 0.05451, 0.01212, 0.00802, 
      0.00667, 0.02626, 0.002969, 0.00045, 0.000409, 0.000401, 0.005271, 
      0.00107, 0.001091, 0.00081, 0.00136, 0.023289, 0.01609, 0.0164, 
      0.01082, 0.01102, 0.02514, 0.00061, 0.001211, 0.044091, 0.065969, 
      0.05275, 0.000271, 0.00026, 0.00188, 0.006591, 0.00055, 0.04013, 
      0.040591, 0.048461, 0.01606, 0.01912, 0.00394, 0.00395, 0.017789, 
      0.018331, 0.018281, 0.001031, 0.01238, 0.00795, 0.003081, 0.00224, 
      0.00385, 0.008219, 0.055729, 0.00444, 0.00324, 0.00677, 0.00502, 
      0.00492, 0.00617, 0.00314, 0.00668, 0.00678, 0.017, 0.011281, 0.01532, 
      0.011151, 0.002669, 0.011169, 0.007771, 0.00257, 0.01195, 0.00731, 
      0.007591, 0.02256, 0.00288, 0.045599, 0.0127, 0.011969, 0.021031, 
      0.025211, 0.021659, 0.016901, 0.034021, 0.00813, 0.015211, 0.003331, 
      0.019599, 0.012841, 0.080479, 0.0513, 0.04581, 0.0042, 0.007419, 
      0.012271, 0.05024, 0.009219, 0.06724, 0.024031, 0.024, 0.013349, 
      0.01236, 0.012331, 0.044711, 0.02543, 0.02999, 0.021771, 0.02212, 
      0.02175, 0.0448, 0.01187, 0.01163, 0.00538, 0.00033, 0.00034, 0.00258, 
      0.00252, 0.008531, 0.020789, 0.00082, 0.011219, 0.016979, 0.01663, 
      0.00118, 0.00715, 0.00455, 0.001711, 0.000781, 0.00664, 0.00838, 
      0.00854, 0.017091, 0.03687, 0.01937, 0.021289, 0.002789, 0.01345, 
      0.012159, 0.01168, 0.006081, 0.005979, 0.0008, 0.00068, 0.008341, 
      0.001031, 0.0667, 0.03043, 0.003531, 0.00889, 0.000419, 0.005169, 
      0.00825, 0.030781, 0.000969, 0.010159, 0.00887, 0.006789, 0.00586, 
      0.03345, 0.000349, 0.00745, 0.024219, 0.02156, 0.02114, 0.00562, 
      0.00618, 0.01014, 0.002031, 0.000659, 0.00505, 0.00494, 0.000711, 
      0.000659, 0.03096, 0.019729, 0.020021, 0.003711, 0.003789, 0.00574, 
      0.00562, 0.001401, 0.00137, 0.003349, 0.00168, 0.00164, 0.03114, 
      0.02218, 0.000461, 0.000461, 0.020289, 0.01194, 0.02845, 0.014419, 
      0.01463, 0.00993, 0.04886, 0.030979, 0.00889, 0.00869, 0.03485, 
      0.00941, 0.00884, 0.01662, 0.022979, 0.00407, 0.032841, 0.02901, 
      0.004099, 0.018719, 0.01713, 0.03836, 0.011531, 0.00056, 0.025289, 
      0.00164, 0.01163, 0.01539, 0.033039, 0.0013, 0.013229, 0.04194, 
      0.00401, 0.042831, 0.03006, 0.015469, 0.00536, 0.00525, 0.032271, 
      0.05625, 0.01324, 0.00186, 0.001591, 0.027651, 0.00874, 0.00285, 
      0.008841, 0.00039, 0.008909, 0.00039, 0.000521, 0.00049, 0.003789, 
      0.002849, 0.027599, 0.02, 0.00865, 0.019419, 0.01631, 0.025081, 
      0.013669, 0.01814, 0.012219, 0.001599, 0.02394, 0.041771, 0.001271, 
      0.00269, 0.00261, 0.012031, 0.03513, 0.00862, 0.00711, 0.017781, 
      0.019781, 0.01256, 0.0018, 0.00043, 0.0004, 0.056659, 0.02925, 0.01468, 
      0.003159, 0.003, 0.00576, 0.006289, 0.006409, 0.00506, 0.02988, 
      0.01568, 0.0008, 0.00038, 0.002229, 0.00218, 0.01844, 0.014849, 
      0.04076, 0.056719, 0.00105, 0.017341, 0.010581, 0.007599, 0.000289, 
      0.01769, 0.02004, 0.028349, 0.00049, 0.000479, 0.01018, 0.00865, 
      0.01294, 0.00756, 0.00771, 0.02291, 0.03855, 0.03863, 0.01362, 0.05318, 
      0.004669, 0.001091, 0.00612, 0.00387, 0.033591, 0.01911, 0.00111, 
      0.001091, 0.00089, 0.000901, 0.00111, 0.0027, 0.00369, 0.00274, 
      0.00506, 0.000831, 0.0123, 0.00774, 0.00552, 0.00625, 0.01076, 0.00593, 
      0.01461, 0.054521, 0.011039, 0.010099, 0.014229, 0.027031, 0.01414, 
      0.029669, 0.007771, 0.00762, 0.0033, 0.00361, 0.004039, 0.0088, 
      0.00306, 0.00399, 0.009841, 0.03064, 0.009031, 0.009469, 0.008831, 
      0.00488, 0.00551, 0.005961, 0.004349, 0.013031, 0.01438, 0.001031, 
      0.002659, 0.004539, 0.049098, 0.024893, 0.024372, 0.023652, 0.025673, 
      0.029336, 0.052104, 0.043531, 0.028314, 0.025999, 0.025478, 0.039291, 
      0.026586, 0.026313, 0.023329, 0.026375, 0.04323, 0.04407, 0.043562, 
      0.041281, 0.040524, 0.043562, 0.042649, 0.030762, 0.030088, 0.026447, 
      0.026885, 0.02748, 0.028158, 0.009197, 0.044526, 0.039488, 0.024372, 
      0.023986, 0.025673, 0.042318, 0.042038, 0.028022, 0.022403, 0.026354, 
      0.025478, 0.024622, 0.024038, 0.038244, 0.040959, 0.028765, 0.027114, 
      0.04748, 0.028314, 0.026354, 0.025696, 0.027305, 0.026666, 0.037456, 
      0.035217, 0.026739, 0.02749, 0.027324, 0.028074, 0.024984, 0.022797, 
      0.024893, 0.024163, 0.02385, 0.040182, 0.028937, 0.026958, 0.045656, 
      0.048932, 0.025926, 0.027328, 0.027156, 0.024299, 0.026313, 0.025605, 
      0.026291, 0.046735, 0.026875, 0.027376, 0.044868, 0.044526, 0.034253, 
      0.024372, 0.023788, 0.023204, 0.026593, 0.029256, 0.029986, 0.030979, 
      0.025707, 0.025405, 0.008908, 0.023715, 0.023517, 0.026812, 0.047253, 
      0.043759, 0.030636, 0.028286, 0.028115, 0.039425, 0.024237, 0.023986, 
      0.023861, 0.04153, 0.042701, 0.028022, 0.048237, 0.045159, 0.044039, 
      0.044479, 0.043811, 0.02385, 0.023267, 0.026739, 0.047025, 0.02748, 
      0.028554, 0.026437, 0.025551, 0.024893, 0.024508, 0.041157, 0.03702, 
      0.026593, 0.029667, 0.02748, 0.030636, 0.028526, 0.025332, 0.024674, 
      0.02457, 0.023788, 0.023601, 0.02652, 0.027272, 0.027563, 0.030636, 
      0.028286, 0.036803, 0.036668, 0.034014, 0.026027, 0.025673, 0.011186, 
      0.006789, 0.047107, 0.028314, 0.025707, 0.025478, 0.027236, 0.026518, 
      0.02646, 0.040317, 0.025863, 0.022863, 0.030306, 0.030636, 0.010476, 
      0.024841, 0.025029, 0.024101, 0.02385, 0.02313, 0.042764, 0.04748, 
      0.029986, 0.029952, 0.041064, 0.042214, 0.041209, 0.038669, 0.026244, 
      0.025457, 0.029096, 0.029667, 0.027563, 0.028074, 0.041064, 0.040109, 
      0.043209, 0.026586, 0.040296, 0.040514, 0.042183, 0.043147, 0.027793, 
      0.027918, 0.025926, 0.024956, 0.024435, 0.026392, 0.025525, 0.029986, 
      0.029838, 0.02748, 0.028001, 0.012988, 0.012724, 0.012469, 0.012206, 
      0.012912, 0.012627, 0.014317, 0.014592, 0.02725, 0.042428, 0.044039, 
      0.024893, 0.02457, 0.023986, 0.023267, 0.026375, 0.029735, 0.030237, 
      0.044049, 0.026072, 0.039892, 0.024956, 0.026666, 0.023788, 0.023465, 
      0.026447, 0.027042, 0.02748, 0.028314, 0.025853, 0.026197, 0.025165, 
      0.024237, 0.024247, 0.023267, 0.023139, 0.026666, 0.027021, 0.027615, 
      0.026135, 0.025905, 0.025238, 0.026814 ;

   LineSusceptance = 0, 0, 0, 0, 0, 0, 0, 0, 0, 0, 0, 0, 0, 0, 0, 0, 0, 0, 0, 
      0, 0, 0, 0, 0, 0, 0, 0, 0, 0, 0, 0, 0, 0, 0, 0, 0, 0, 0, 0, 0, 0, 0, 0, 
      0, 0, 0, 0, 0, 0, 0, 0, 0, 0, 0, 0, 0, 0, 0, 0, 0, 0, 0, 0, 0, 0, 0, 0, 
      0, 0, 0, 0, 0, 0, 0, 0, 0, 0, 0, 0, 0, 0, 0, 0, 0, 0, 0, 0, 0, 0, 0, 0, 
      0, 0, 0, 0, 0, 0, 0, 0, 0, 0, 0, 0, 0, 0, 0, 0, 0, 0, 0, 0, 0, 0, 0, 0, 
      0, 0, 0, 0, 0, 0, 0, 0, 0, 0, 0, 0, 0, 0, 0, 0, 0, 0, 0, 0, 0, 0, 0, 0, 
      0, 0, 0, 0, 0, 0, 0, 0, 0, 0, 0, 0, 0, 0, 0, 0, 0, 0, 0, 0, 0, 0, 0, 0, 
      0, 0, 0, 0, 0, 0, 0, 0, 0, 0, 0, 0, 0, 0, 0, 0, 0, 0, 0, 0, 0, 0, 0, 0, 
      0, 0, 0, 0, 0, 0, 0, 0, 0, 0, 0, 0, 0, 0, 0, 0, 0, 0, 0, 0, 0, 0, 0, 0, 
      0, 0, 0, 0, 0, 0, 0, 0, 0, 0, 0, 0, 0, 0, 0, 0, 0, 0, 0, 0, 0, 0, 0, 0, 
      0, 0, 0, 0, 0, 0, 0, 0, 0, 0, 0, 0, 0, 0, 0, 0, 0, 0, 0, 0, 0, 0, 0, 0, 
      0, 0, 0, 0, 0, 0, 0, 0, 0, 0, 0, 0, 0, 0, 0, 0, 0, 0, 0, 0, 0, 0, 0, 0, 
      0, 0, 0, 0, 0, 0, 0, 0, 0, 0, 0, 0, 0, 0, 0, 0, 0, 0, 0, 0, 0, 0, 0, 0, 
      0, 0, 0, 0, 0, 0, 0, 0, 0, 0, 0, 0, 0, 0, 0, 0, 0, 0, 0, 0, 0, 0, 0, 0, 
      0, 0, 0, 0, 0, 0, 0, 0, 0, 0, 0, 0, 0, 0, 0, 0, 0, 0, 0, 0, 0, 0, 0, 0, 
      0, 0, 0, 0, 0, 0, 0, 0, 0, 0, 0, 0, 0, 0, 0, 0, 0, 0, 0, 0, 0, 0, 0, 0, 
      0, 0, 0, 0, 0, 0, 0, 0, 0, 0, 0, 0, 0, 0, 0, 0, 0, 0, 0, 0, 0, 0, 0, 0, 
      0, 0, 0, 0, 0, 0, 0, 0, 0, 0, 0, 0, 0, 0, 0, 0, 0, 0, 0, 0, 0, 0, 0, 0, 
      0, 0, 0, 0, 0, 0, 0, 0, 0, 0, 0, 0, 0, 0, 0, 0, 0, 0, 0, 0, 0, 0, 0, 0, 
      0, 0, 0, 0, 0, 0, 0, 0, 0, 0, 0, 0, 0, 0, 0, 0, 0, 0, 0, 0, 0, 0, 0, 0, 
      0, 0, 0, 0, 0, 0, 0, 0, 0, 0, 0, 0, 0, 0, 0, 0, 0, 0, 0, 0, 0, 0, 0, 0, 
      0, 0, 0, 0, 0, 0, 0, 0, 0, 0, 0, 0, 0, 0, 0, 0, 0, 0, 0, 0, 0, 0, 0, 0, 
      0, 0, 0, 0, 0, 0, 0, 0, 0, 0, 0, 0, 0, 0, 0, 0, 0, 0, 0, 0, 0, 0, 0, 0, 
      0, 0, 0, 0, 0, 0, 0, 0, 0, 0, 0, 0, 0, 0, 0, 0, 0, 0, 0, 0, 0, 0, 0, 0, 
      0, 0, 0, 0, 0, 0, 0, 0, 0, 0, 0, 0, 0, 0, 0, 0, 0, 0, 0, 0, 0, 0, 0, 0, 
      0, 0, 0, 0, 0, 0, 0, 0, 0, 0, 0, 0, 0, 0, 0, 0, 0, 0, 0, 0, 0, 0, 0, 0, 
      0, 0, 0, 0, 0, 0, 0, 0, 0, 0, 0, 0, 0, 0, 0, 0, 0, 0, 0, 0, 0, 0, 0, 0, 
      0, 0, 0, 0, 0, 0, 0, 0, 0, 0, 0, 0, 0, 0, 0, 0, 0, 0, 0, 0, 0, 0, 0, 0, 
      0, 0, 0, 0, 0, 0, 0, 0, 0, 0, 0, 0, 0, 0, 0, 0, 0, 0, 0, 0, 0, 0, 0, 0, 
      0, 0, 0, 0, 0, 0, 0, 0, 0, 0, 0, 0, 0, 0, 0, 0, 0, 0, 0, 0, 0, 0, 0, 0, 
      0, 0, 0, 0, 0, 0, 0, 0, 0, 0, 0, 0, 0, 0, 0, 0, 0, 0, 0, 0, 0, 0, 0, 0, 
      0, 0, 0, 0, 0, 0, 0, 0, 0, 0, 0, 0, 0, 0, 0, 0, 0, 0, 0, 0, 0, 0, 0, 0, 
      0, 0, 0, 0, 0, 0, 0, 0, 0, 0, 0, 0, 0, 0, 0, 0, 0, 0, 0, 0, 0, 0, 0, 0, 
      0, 0, 0, 0, 0, 0, 0, 0, 0, 0, 0, 0, 0, 0, 0, 0, 0, 0, 0, 0, 0, 0, 0, 0, 
      0, 0, 0, 0, 0, 0, 0, 0, 0, 0, 0, 0, 0, 0, 0, 0, 0, 0, 0, 0, 0, 0, 0, 0, 
      0, 0, 0, 0, 0, 0, 0, 0, 0, 0, 0, 0, 0, 0, 0, 0, 0, 0, 0, 0, 0, 0, 0, 0, 
      0, 0, 0, 0, 0, 0, 0, 0, 0, 0, 0, 0, 0, 0, 0, 0, 0, 0, 0, 0, 0, 0, 0, 0, 
      0, 0, 0, 0, 0, 0, 0, 0, 0, 0, 0, 0, 0, 0, 0, 0, 0, 0, 0, 0, 0, 0, 0, 0, 
      0, 0, 0, 0, 0, 0, 0, 0, 0, 0, 0, 0, 0, 0, 0, 0, 0, 0, 0, 0, 0, 0, 0, 0, 
      0, 0, 0, 0, 0, 0, 0, 0, 0, 0, 0, 0, 0, 0, 0, 0, 0, 0, 0, 0, 0, 0, 0, 0, 
      0, 0, 0, 0, 0, 0, 0, 0, 0, 0, 0, 0, 0, 0, 0, 0, 0, 0, 0, 0, 0, 0, 0, 0, 
      0, 0, 0, 0, 0, 0, 0, 0, 0, 0, 0, 0, 0, 0, 0, 0, 0, 0, 0, 0, 0, 0, 0, 0, 
      0, 0, 0, 0, 0, 0, 0, 0, 0, 0, 0, 0, 0, 0, 0, 0, 0, 0, 0, 0, 0, 0, 0, 0, 
      0, 0, 0, 0, 0, 0, 0, 0, 0, 0, 0, 0, 0, 0, 0, 0, 0, 0, 0, 0, 0, 0, 0, 0, 
      0, 0, 0, 0, 0, 0, 0, 0, 0, 0, 0, 0, 0, 0, 0, 0, 0, 0, 0, 0, 0, 0, 0, 0, 
      0, 0, 0, 0, 0, 0, 0, 0, 0, 0, 0, 0, 0, 0, 0, 0, 0, 0, 0, 0, 0, 0, 0, 0, 
      0, 0, 0, 0, 0, 0, 0, 0, 0, 0, 0, 0, 0, 0, 0, 0, 0, 0, 0, 0, 0, 0, 0, 0, 
      0, 0, 0, 0, 0, 0, 0, 0, 0, 0, 0, 0, 0, 0, 0, 0, 0, 0, 0, 0, 0, 0, 0, 0, 
      0, 0, 0, 0, 0, 0, 0, 0, 0, 0, 0, 0, 0, 0, 0, 0, 0, 0, 0, 0, 0, 0, 0, 0, 
      0, 0, 0, 0, 0, 0, 0, 0, 0, 0, 0, 0, 0, 0, 0, 0, 0, 0, 0, 0, 0, 0, 0, 0, 
      0, 0, 0, 0, 0, 0, 0, 0, 0, 0, 0, 0, 0, 0, 0, 0, 0, 0, 0, 0, 0, 0, 0, 0, 
      0, 0, 0, 0, 0, 0, 0, 0, 0, 0, 0, 0, 0, 0, 0, 0, 0, 0, 0, 0, 0, 0, 0, 0, 
      0, 0, 0, 0, 0, 0, 0, 0, 0, 0, 0, 0, 0, 0, 0, 0, 0, 0, 0, 0, 0, 0, 0, 0, 
      0, 0, 0, 0, 0, 0, 0, 0, 0, 0, 0, 0, 0, 0, 0, 0, 0, 0, 0, 0, 0, 0, 0, 0, 
      0, 0, 0, 0, 0, 0, 0, 0, 0, 0, 0, 0, 0, 0, 0, 0, 0, 0, 0, 0, 0, 0, 0, 0, 
      0, 0, 0, 0, 0, 0, 0, 0, 0, 0, 0, 0, 0, 0, 0, 0, 0, 0, 0, 0, 0, 0, 0, 0, 
      0, 0, 0, 0, 0, 0, 0, 0, 0, 0, 0, 0, 0, 0, 0, 0, 0, 0, 0, 0, 0, 0, 0, 0, 
      0, 0, 0, 0, 0, 0, 0, 0, 0, 0, 0, 0, 0, 0, 0, 0, 0, 0, 0, 0, 0, 0, 0, 0, 
      0, 0, 0, 0, 0, 0, 0, 0, 0, 0, 0, 0, 0, 0, 0, 0, 0, 0, 0, 0, 0, 0, 0, 0, 
      0, 0, 0, 0, 0, 0, 0, 0, 0, 0, 0, 0, 0, 0, 0, 0, 0, 0, 0, 0, 0, 0, 0, 0, 
      0, 0, 0, 0, 0, 0, 0, 0, 0, 0, 0, 0, 0, 0, 0, 0, 0, 0, 0, 0, 0, 0, 0, 0, 
      0, 0, 0, 0, 0, 0, 0, 0, 0, 0, 0, 0, 0, 0, 0, 0, 0, 0, 0, 0, 0, 0, 0, 0, 
      0, 0, 0, 0, 0, 0, 0, 0, 0, 0, 0, 0, 0, 0, 0, 0, 0, 0, 0, 0, 0, 0, 0, 0, 
      0, 0, 0, 0, 0, 0, 0, 0, 0, 0, 0, 0, 0, 0, 0, 0, 0, 0, 0, 0, 0, 0, 0, 0, 
      0, 0, 0, 0, 0, 0, 0, 0, 0, 0, 0, 0, 0, 0, 0, 0, 0, 0, 0, 0, 0, 0, 0, 0, 
      0, 0, 0, 0, 0, 0, 0, 0, 0, 0, 0, 0, 0, 0, 0, 0, 0, 0, 0, 0, 0, 0, 0, 0, 
      0, 0, 0, 0, 0, 0, 0, 0, 0, 0, 0, 0, 0, 0, 0, 0, 0, 0, 0, 0, 0, 0, 0, 0, 
      0, 0, 0, 0, 0, 0, 0, 0, 0, 0, 0, 0, 0, 0, 0, 0, 0, 0, 0, 0, 0, 0, 0, 0, 
      0, 0, 0, 0, 0, 0, 0, 0, 0, 0, 0, 0, 0, 0, 0, 0, 0, 0, 0, 0, 0, 0, 0, 0, 
      0, 0, 0, 0, 0, 0, 0, 0, 0, 0, 0, 0, 0, 0, 0, 0, 0, 0, 0, 0, 0, 0, 0, 0, 
      0, 0, 0, 0, 0, 0, 0, 0, 0, 0, 0, 0, 0, 0, 0, 0, 0, 0, 0, 0, 0, 0, 0, 0, 
      0, 0, 0, 0, 0, 0, 0, 0, 0, 0, 0, 0, 0, 0, 0, 0, 0, 0, 0, 0, 0, 0, 0, 0, 
      0, 0, 0, 0, 0, 0, 0, 0, 0, 0, 0, 0, 0, 0, 0, 0, 0, 0, 0, 0, 0, 0, 0, 0, 
      0, 0, 0, 0, 0, 0, 0, 0, 0, 0, 0, 0, 0, 0, 0, 0, 0, 0, 0, 0, 0, 0, 0, 0, 
      0, 0, 0, 0, 0, 0, 0, 0, 0, 0, 0, 0, 0, 0, 0, 0, 0, 0, 0, 0, 0, 0, 0, 0, 
      0, 0, 0, 0, 0, 0, 0, 0, 0, 0, 0, 0, 0, 0, 0, 0, 0, 0, 0, 0, 0, 0, 0, 0, 
      0, 0, 0, 0, 0, 0, 0, 0, 0, 0, 0, 0, 0, 0, 0, 0, 0, 0, 0, 0, 0, 0, 0, 0, 
      0, 0, 0, 0, 0, 0, 0, 0, 0, 0, 0, 0, 0, 0, 0, 0, 0, 0, 0, 0, 0, 0, 0, 0, 
      0, 0, 0, 0, 0, 0, 0, 0, 0, 0, 0, 0, 0, 0, 0, 0, 0, 0, 0, 0, 0, 0, 0, 0, 
      0, 0, 0, 0, 0, 0, 0, 0, 0, 0, 0, 0, 0, 0, 0, 0, 0, 0, 0, 0, 0, 0, 0, 0, 
      0, 0, 0, 0, 0, 0, 0, 0, 0, 0, 0, 0, 0, 0, 0, 0, 0, 0, 0, 0, 0, 0, 0, 0, 
      0, 0, 0, 0, 0, 0, 0, 0, 0, 0, 0, 0, 0, 0, 0, 0, 0, 0, 0, 0, 0, 0, 0, 0, 
      0, 0, 0, 0, 0, 0, 0, 0, 0, 0, 0, 0, 0, 0, 0, 0, 0, 0, 0, 0, 0, 0, 0, 0, 
      0, 0, 0, 0 ;

   LineRATEA = 0, 319, 0, 657, 1315, 0, 0, 0, 0, 0, 529, 887, 1611, 0, 1315, 
      657, 953, 319, 300, 0, 300, 0, 414, 0, 0, 300, 510, 357, 395, 376, 0, 
      472, 453, 338, 0, 319, 0, 433, 395, 472, 453, 0, 281, 0, 0, 376, 472, 
      414, 376, 395, 357, 0, 0, 281, 319, 0, 395, 338, 414, 472, 0, 0, 414, 
      491, 0, 395, 433, 433, 281, 281, 376, 433, 0, 491, 433, 0, 357, 319, 0, 
      395, 723, 657, 986, 854, 1151, 723, 1118, 1052, 1282, 472, 433, 281, 
      510, 0, 433, 0, 510, 453, 338, 0, 0, 0, 0, 281, 472, 529, 529, 529, 0, 
      338, 529, 0, 0, 0, 0, 319, 0, 0, 756, 1282, 376, 338, 300, 281, 0, 338, 
      357, 357, 0, 281, 281, 0, 0, 0, 0, 319, 0, 0, 300, 281, 300, 1480, 
      1414, 821, 0, 1545, 338, 0, 472, 510, 0, 357, 453, 0, 472, 453, 376, 
      472, 0, 376, 338, 281, 491, 1809, 1776, 1348, 986, 529, 0, 0, 433, 414, 
      357, 0, 1183, 1151, 376, 395, 414, 453, 0, 0, 0, 357, 300, 281, 453, 
      491, 433, 357, 1315, 1545, 338, 300, 0, 453, 338, 376, 319, 0, 472, 
      1216, 0, 338, 491, 1151, 1085, 1677, 1249, 0, 0, 472, 529, 395, 395, 
      433, 0, 0, 0, 0, 1743, 854, 723, 0, 1151, 756, 1447, 0, 854, 821, 0, 
      1249, 854, 395, 0, 319, 433, 338, 281, 357, 376, 395, 395, 472, 357, 
      376, 0, 1381, 1513, 1282, 1480, 1315, 657, 0, 395, 0, 338, 453, 357, 0, 
      357, 376, 357, 0, 491, 395, 0, 376, 472, 657, 1282, 1447, 1282, 0, 
      1216, 0, 0, 0, 529, 395, 491, 472, 281, 510, 414, 1447, 1480, 529, 510, 
      0, 0, 0, 357, 0, 0, 986, 821, 1183, 854, 1414, 1249, 491, 414, 414, 
      376, 395, 395, 0, 300, 414, 529, 0, 529, 510, 414, 0, 0, 0, 472, 510, 
      529, 395, 414, 453, 0, 0, 300, 0, 529, 0, 0, 0, 338, 0, 723, 1710, 472, 
      319, 472, 395, 529, 529, 0, 0, 1776, 1710, 1842, 1809, 300, 0, 453, 0, 
      0, 0, 920, 986, 0, 376, 338, 433, 319, 357, 0, 376, 0, 0, 357, 657, 0, 
      0, 0, 0, 0, 0, 281, 395, 414, 0, 0, 0, 453, 0, 338, 300, 300, 433, 453, 
      529, 529, 472, 0, 0, 0, 0, 0, 491, 0, 472, 300, 357, 319, 510, 300, 
      414, 300, 0, 414, 414, 338, 414, 0, 0, 0, 319, 453, 433, 300, 319, 300, 
      357, 414, 376, 433, 0, 0, 0, 281, 433, 414, 0, 1776, 0, 0, 510, 414, 
      357, 1447, 1480, 0, 319, 0, 0, 319, 453, 300, 414, 376, 0, 281, 281, 0, 
      1842, 0, 0, 0, 0, 395, 657, 1776, 657, 657, 281, 453, 319, 491, 0, 
      1183, 1052, 1513, 0, 1381, 0, 529, 529, 529, 472, 433, 0, 357, 0, 414, 
      414, 510, 529, 281, 281, 1545, 1052, 0, 1513, 1348, 1216, 1282, 887, 
      1249, 1480, 1809, 1282, 1216, 1118, 1315, 300, 281, 0, 338, 281, 0, 
      510, 0, 1578, 887, 1019, 887, 887, 1447, 395, 357, 357, 414, 472, 433, 
      821, 1315, 1348, 1085, 1151, 821, 357, 338, 300, 0, 0, 0, 319, 1118, 
      1381, 657, 657, 1513, 1183, 1513, 1644, 0, 1216, 1545, 1677, 319, 453, 
      376, 0, 395, 0, 0, 0, 395, 0, 0, 529, 0, 281, 338, 338, 414, 756, 657, 
      1677, 1447, 1710, 1710, 300, 0, 0, 319, 0, 414, 376, 0, 0, 0, 300, 854, 
      529, 491, 0, 510, 357, 0, 0, 433, 414, 1249, 1480, 1578, 1743, 1447, 
      510, 510, 357, 453, 0, 0, 657, 657, 433, 433, 0, 281, 0, 0, 529, 414, 
      0, 433, 281, 319, 319, 0, 0, 414, 319, 0, 338, 357, 0, 319, 281, 281, 
      319, 433, 510, 0, 0, 657, 657, 1545, 1644, 1381, 1447, 1677, 1513, 0, 
      0, 529, 529, 414, 453, 472, 414, 0, 472, 0, 395, 300, 0, 529, 0, 414, 
      0, 0, 0, 0, 433, 529, 491, 395, 376, 491, 453, 414, 529, 0, 657, 1118, 
      0, 357, 0, 0, 376, 0, 376, 510, 357, 281, 0, 433, 395, 0, 1776, 1710, 
      1677, 1776, 1282, 1545, 1611, 1381, 1381, 1348, 300, 1809, 1809, 472, 
      491, 433, 300, 281, 376, 300, 472, 338, 0, 414, 0, 300, 395, 357, 281, 
      453, 338, 376, 395, 1183, 1513, 920, 300, 300, 376, 300, 395, 300, 357, 
      433, 1545, 0, 0, 1644, 1710, 0, 433, 529, 433, 357, 338, 0, 0, 338, 
      472, 0, 0, 0, 0, 395, 657, 657, 1282, 1414, 1611, 1381, 414, 0, 529, 
      491, 395, 0, 357, 395, 0, 0, 491, 395, 433, 433, 0, 414, 0, 0, 0, 0, 
      1381, 0, 1183, 0, 0, 0, 376, 395, 1052, 986, 986, 821, 1315, 1381, 
      1677, 1381, 300, 0, 0, 0, 453, 491, 338, 319, 300, 472, 491, 433, 395, 
      0, 357, 0, 453, 472, 0, 1447, 1282, 1776, 1578, 357, 1151, 1151, 1052, 
      887, 1710, 1513, 1677, 453, 472, 0, 0, 1677, 1480, 1348, 491, 357, 414, 
      0, 0, 433, 281, 376, 529, 319, 376, 433, 472, 453, 472, 491, 414, 510, 
      395, 414, 0, 0, 0, 433, 433, 433, 376, 472, 414, 1249, 1282, 953, 986, 
      789, 1381, 0, 414, 338, 300, 0, 338, 0, 281, 491, 300, 338, 395, 395, 
      300, 300, 0, 0, 319, 491, 0, 0, 433, 281, 300, 414, 0, 0, 491, 0, 319, 
      300, 510, 319, 0, 453, 414, 453, 472, 414, 281, 0, 529, 338, 433, 0, 0, 
      376, 357, 854, 920, 529, 338, 433, 0, 0, 0, 723, 657, 0, 338, 395, 529, 
      300, 433, 338, 472, 319, 0, 357, 338, 433, 376, 453, 472, 376, 376, 0, 
      357, 0, 0, 414, 338, 0, 376, 376, 0, 0, 433, 395, 453, 414, 338, 0, 
      281, 414, 376, 510, 491, 395, 281, 510, 0, 0, 433, 0, 0, 472, 0, 0, 
      376, 453, 529, 0, 433, 0, 0, 453, 319, 0, 433, 376, 0, 453, 491, 414, 
      491, 433, 0, 0, 453, 0, 0, 0, 0, 1183, 1315, 887, 1183, 1282, 1644, 0, 
      0, 1118, 510, 338, 395, 357, 789, 338, 338, 319, 1414, 920, 1447, 0, 0, 
      0, 0, 0, 0, 0, 281, 376, 433, 433, 414, 0, 510, 491, 0, 0, 319, 338, 
      414, 319, 0, 0, 376, 357, 300, 510, 0, 319, 338, 319, 300, 0, 319, 453, 
      395, 357, 357, 491, 0, 0, 1480, 1381, 1578, 1348, 1019, 821, 472, 0, 
      491, 0, 1776, 1776, 0, 1809, 1809, 0, 0, 0, 0, 376, 357, 0, 357, 1513, 
      1249, 0, 357, 0, 0, 0, 491, 433, 491, 281, 0, 0, 395, 338, 0, 0, 0, 
      491, 0, 319, 0, 395, 0, 0, 414, 0, 0, 0, 395, 0, 281, 433, 1348, 1447, 
      472, 433, 0, 0, 491, 0, 414, 1513, 1447, 414, 0, 0, 510, 338, 433, 414, 
      453, 281, 1348, 1414, 1381, 1151, 1545, 281, 300, 414, 453, 1249, 414, 
      319, 281, 472, 395, 338, 1315, 395, 319, 281, 300, 300, 0, 300, 300, 0, 
      319, 0, 0, 0, 0, 433, 472, 414, 491, 433, 0, 338, 376, 357, 395, 453, 
      510, 529, 1611, 0, 453, 1414, 1776, 529, 854, 1118, 657, 854, 529, 395, 
      376, 0, 0, 0, 433, 357, 319, 472, 657, 0, 0, 281, 0, 0, 1381, 433, 0, 
      0, 0, 472, 529, 338, 376, 376, 1183, 433, 414, 0, 319, 281, 453, 357, 
      854, 756, 1315, 1414, 1414, 1447, 0, 453, 414, 414, 300, 319, 414, 453, 
      414, 0, 0, 319, 338, 0, 0, 376, 338, 1381, 1480, 1480, 0, 433, 491, 
      453, 357, 414, 414, 319, 281, 414, 433, 0, 1447, 300, 319, 0, 0, 789, 
      0, 0, 0, 319, 0, 395, 395, 357, 319, 0, 0, 756, 1282, 433, 414, 491, 
      510, 953, 1151, 0, 319, 300, 376, 376, 376, 1381, 376, 453, 338, 491, 
      395, 0, 319, 529, 357, 376, 433, 0, 0, 281, 0, 1151, 1052, 657, 657, 
      395, 1809, 1348, 1151, 1151, 1480, 1249, 376, 0, 0, 0, 472, 0, 414, 
      657, 1611, 1019, 657, 1677, 1414, 433, 376, 357, 376, 376, 0, 472, 300, 
      395, 0, 281, 453, 433, 0, 0, 414, 0, 300, 357, 338, 300, 281, 300, 300, 
      300, 529, 1644, 0, 319, 319, 0, 376, 0, 395, 376, 281, 0, 395, 300, 
      300, 357, 453, 510, 756, 723, 0, 0, 1480, 472, 433, 433, 300, 281, 0, 
      0, 1414, 319, 0, 319, 453, 281, 472, 510, 491, 0, 1249, 1611, 1743, 
      1315, 414, 0, 0, 0, 0, 338, 0, 529, 491, 0, 1743, 1611, 1480, 1545, 
      433, 0, 414, 338, 300, 414, 0, 0, 0, 376, 0, 529, 433, 300, 0, 433, 
      319, 0, 472, 0, 319, 319, 319, 357, 376, 319, 0, 433, 0, 0, 0, 1118, 
      1052, 854, 1249, 1480, 1545, 1677, 0, 376, 357, 0, 0, 357, 0, 0, 510, 
      472, 529, 376, 0, 453, 376, 0, 338, 472, 376, 453, 0, 789, 338, 529, 
      376, 395, 453, 453, 433, 376, 376, 472, 319, 338, 300, 319, 338, 300, 
      0, 395, 338, 0, 0, 0, 433, 414, 472, 0, 0, 0, 0, 1710, 723, 657, 0, 
      319, 395, 0, 433, 491, 414, 1545, 338, 281, 453, 338, 1447, 1447, 472, 
      529, 0, 414, 0, 281, 414, 319, 0, 0, 0, 0, 395, 0, 0, 338, 0, 414, 395, 
      0, 657, 0, 491, 472, 453, 414, 281, 529, 0, 491, 414, 1578, 1677, 433, 
      472, 0, 433, 395, 986, 1151, 0, 0, 1743, 395, 338, 395, 357, 0, 0, 0, 
      0, 0, 0, 0, 357, 395, 0, 0, 414, 453, 414, 395, 395, 376, 300, 0, 1447, 
      1348, 1578, 1743, 1578, 0, 300, 529, 0, 0, 0, 376, 338, 0, 414, 300, 0, 
      319, 0, 300, 300, 0, 338, 338, 300, 338, 338, 319, 0, 0, 0, 0, 472, 
      453, 433, 453, 491, 1480, 319, 453, 357, 0, 300, 300, 338, 0, 0, 1381, 
      1118, 300, 0, 0, 395, 414, 433, 0, 319, 357, 0, 300, 376, 319, 0, 0, 
      657, 395, 0, 510, 0, 0, 1710, 357, 0, 414, 376, 376, 376, 357, 357, 0, 
      395, 414, 319, 0, 0, 0, 529, 0, 1447, 357, 657, 376, 433, 472, 395, 0, 
      1644, 319, 0, 0, 1513, 1677, 1545, 1611, 1447, 1545, 395, 414, 690, 
      529, 338, 414, 357, 491, 414, 491, 853, 853, 853, 853, 510, 0, 0, 0, 
      414, 376, 0, 395, 1611, 1545, 529, 0, 414, 0, 433, 433, 319, 395, 510, 
      491, 529, 414, 0, 300, 376, 433, 0, 0, 281, 414, 338, 376, 0, 319, 453, 
      0, 433, 395, 0, 0, 414, 529, 0, 591, 591, 591, 591, 591, 0, 0, 591, 
      591, 591, 0, 591, 591, 591, 591, 0, 0, 0, 0, 0, 0, 0, 591, 591, 591, 
      591, 591, 591, 567, 0, 0, 591, 591, 591, 0, 0, 591, 591, 591, 591, 591, 
      591, 0, 0, 591, 591, 0, 591, 591, 591, 591, 591, 0, 0, 591, 591, 591, 
      591, 0, 0, 591, 591, 591, 0, 591, 591, 0, 0, 591, 591, 591, 591, 591, 
      591, 591, 0, 591, 591, 0, 0, 0, 591, 591, 591, 591, 591, 591, 591, 591, 
      591, 491, 591, 591, 591, 0, 0, 591, 591, 591, 0, 591, 591, 591, 0, 0, 
      591, 0, 0, 0, 0, 0, 591, 591, 591, 0, 591, 591, 591, 591, 591, 591, 0, 
      0, 591, 591, 591, 591, 591, 591, 591, 591, 591, 591, 591, 591, 591, 
      591, 591, 0, 0, 0, 591, 591, 586, 1216, 0, 591, 591, 591, 591, 591, 
      591, 0, 591, 948, 591, 591, 472, 591, 591, 591, 591, 591, 0, 0, 591, 
      591, 0, 0, 0, 0, 591, 591, 591, 591, 591, 591, 0, 0, 0, 854, 0, 0, 0, 
      0, 591, 591, 591, 591, 591, 591, 591, 591, 591, 591, 591, 1151, 1151, 
      1151, 1151, 1151, 1151, 1151, 1151, 591, 0, 0, 591, 591, 591, 591, 591, 
      591, 591, 0, 591, 0, 591, 591, 591, 591, 591, 591, 591, 591, 591, 591, 
      591, 591, 591, 591, 591, 591, 591, 591, 591, 591, 591, 591 ;

   LineRatio = 0, 0, 0, 0, 0, 0, 0, 0, 0, 0, 0, 0, 0, 0, 0, 0, 0, 0, 0, 0, 0, 
      0, 0, 0, 0, 0, 0, 0, 0, 0, 0, 0, 0, 0, 0, 0, 0, 0, 0, 0, 0, 0, 0, 0, 0, 
      0, 0, 0, 0, 0, 0, 0, 0, 0, 0, 0, 0, 0, 0, 0, 0, 0, 0, 0, 0, 0, 0, 0, 0, 
      0, 0, 0, 0, 0, 0, 0, 0, 0, 0, 0, 0, 0, 0, 0, 0, 0, 0, 0, 0, 0, 0, 0, 0, 
      0, 0, 0, 0, 0, 0, 0, 0, 0, 0, 0, 0, 0, 0, 0, 0, 0, 0, 0, 0, 0, 0, 0, 0, 
      0, 0, 0, 0, 0, 0, 0, 0, 0, 0, 0, 0, 0, 0, 0, 0, 0, 0, 0, 0, 0, 0, 0, 0, 
      0, 0, 0, 0, 0, 0, 0, 0, 0, 0, 0, 0, 0, 0, 0, 0, 0, 0, 0, 0, 0, 0, 0, 0, 
      0, 0, 0, 0, 0, 0, 0, 0, 0, 0, 0, 0, 0, 0, 0, 0, 0, 0, 0, 0, 0, 0, 0, 0, 
      0, 0, 0, 0, 0, 0, 0, 0, 0, 0, 0, 0, 0, 0, 0, 0, 0, 0, 0, 0, 0, 0, 0, 0, 
      0, 0, 0, 0, 0, 0, 0, 0, 0, 0, 0, 0, 0, 0, 0, 0, 0, 0, 0, 0, 0, 0, 0, 0, 
      0, 0, 0, 0, 0, 0, 0, 0, 0, 0, 0, 0, 0, 0, 0, 0, 0, 0, 0, 0, 0, 0, 0, 0, 
      0, 0, 0, 0, 0, 0, 0, 0, 0, 0, 0, 0, 0, 0, 0, 0, 0, 0, 0, 0, 0, 0, 0, 0, 
      0, 0, 0, 0, 0, 0, 0, 0, 0, 0, 0, 0, 0, 0, 0, 0, 0, 0, 0, 0, 0, 0, 0, 0, 
      0, 0, 0, 0, 0, 0, 0, 0, 0, 0, 0, 0, 0, 0, 0, 0, 0, 0, 0, 0, 0, 0, 0, 0, 
      0, 0, 0, 0, 0, 0, 0, 0, 0, 0, 0, 0, 0, 0, 0, 0, 0, 0, 0, 0, 0, 0, 0, 0, 
      0, 0, 0, 0, 0, 0, 0, 0, 0, 0, 0, 0, 0, 0, 0, 0, 0, 0, 0, 0, 0, 0, 0, 0, 
      0, 0, 0, 0, 0, 0, 0, 0, 0, 0, 0, 0, 0, 0, 0, 0, 0, 0, 0, 0, 0, 0, 0, 0, 
      0, 0, 0, 0, 0, 0, 0, 0, 0, 0, 0, 0, 0, 0, 0, 0, 0, 0, 0, 0, 0, 0, 0, 0, 
      0, 0, 0, 0, 0, 0, 0, 0, 0, 0, 0, 0, 0, 0, 0, 0, 0, 0, 0, 0, 0, 0, 0, 0, 
      0, 0, 0, 0, 0, 0, 0, 0, 0, 0, 0, 0, 0, 0, 0, 0, 0, 0, 0, 0, 0, 0, 0, 0, 
      0, 0, 0, 0, 0, 0, 0, 0, 0, 0, 0, 0, 0, 0, 0, 0, 0, 0, 0, 0, 0, 0, 0, 0, 
      0, 0, 0, 0, 0, 0, 0, 0, 0, 0, 0, 0, 0, 0, 0, 0, 0, 0, 0, 0, 0, 0, 0, 0, 
      0, 0, 0, 0, 0, 0, 0, 0, 0, 0, 0, 0, 0, 0, 0, 0, 0, 0, 0, 0, 0, 0, 0, 0, 
      0, 0, 0, 0, 0, 0, 0, 0, 0, 0, 0, 0, 0, 0, 0, 0, 0, 0, 0, 0, 0, 0, 0, 0, 
      0, 0, 0, 0, 0, 0, 0, 0, 0, 0, 0, 0, 0, 0, 0, 0, 0, 0, 0, 0, 0, 0, 0, 0, 
      0, 0, 0, 0, 0, 0, 0, 0, 0, 0, 0, 0, 0, 0, 0, 0, 0, 0, 0, 0, 0, 0, 0, 0, 
      0, 0, 0, 0, 0, 0, 0, 0, 0, 0, 0, 0, 0, 0, 0, 0, 0, 0, 0, 0, 0, 0, 0, 0, 
      0, 0, 0, 0, 0, 0, 0, 0, 0, 0, 0, 0, 0, 0, 0, 0, 0, 0, 0, 0, 0, 0, 0, 0, 
      0, 0, 0, 0, 0, 0, 0, 0, 0, 0, 0, 0, 0, 0, 0, 0, 0, 0, 0, 0, 0, 0, 0, 0, 
      0, 0, 0, 0, 0, 0, 0, 0, 0, 0, 0, 0, 0, 0, 0, 0, 0, 0, 0, 0, 0, 0, 0, 0, 
      0, 0, 0, 0, 0, 0, 0, 0, 0, 0, 0, 0, 0, 0, 0, 0, 0, 0, 0, 0, 0, 0, 0, 0, 
      0, 0, 0, 0, 0, 0, 0, 0, 0, 0, 0, 0, 0, 0, 0, 0, 0, 0, 0, 0, 0, 0, 0, 0, 
      0, 0, 0, 0, 0, 0, 0, 0, 0, 0, 0, 0, 0, 0, 0, 0, 0, 0, 0, 0, 0, 0, 0, 0, 
      0, 0, 0, 0, 0, 0, 0, 0, 0, 0, 0, 0, 0, 0, 0, 0, 0, 0, 0, 0, 0, 0, 0, 0, 
      0, 0, 0, 0, 0, 0, 0, 0, 0, 0, 0, 0, 0, 0, 0, 0, 0, 0, 0, 0, 0, 0, 0, 0, 
      0, 0, 0, 0, 0, 0, 0, 0, 0, 0, 0, 0, 0, 0, 0, 0, 0, 0, 0, 0, 0, 0, 0, 0, 
      0, 0, 0, 0, 0, 0, 0, 0, 0, 0, 0, 0, 0, 0, 0, 0, 0, 0, 0, 0, 0, 0, 0, 0, 
      0, 0, 0, 0, 0, 0, 0, 0, 0, 0, 0, 0, 0, 0, 0, 0, 0, 0, 0, 0, 0, 0, 0, 0, 
      0, 0, 0, 0, 0, 0, 0, 0, 0, 0, 0, 0, 0, 0, 0, 0, 0, 0, 0, 0, 0, 0, 0, 0, 
      0, 0, 0, 0, 0, 0, 0, 0, 0, 0, 0, 0, 0, 0, 0, 0, 0, 0, 0, 0, 0, 0, 0, 0, 
      0, 0, 0, 0, 0, 0, 0, 0, 0, 0, 0, 0, 0, 0, 0, 0, 0, 0, 0, 0, 0, 0, 0, 0, 
      0, 0, 0, 0, 0, 0, 0, 0, 0, 0, 0, 0, 0, 0, 0, 0, 0, 0, 0, 0, 0, 0, 0, 0, 
      0, 0, 0, 0, 0, 0, 0, 0, 0, 0, 0, 0, 0, 0, 0, 0, 0, 0, 0, 0, 0, 0, 0, 0, 
      0, 0, 0, 0, 0, 0, 0, 0, 0, 0, 0, 0, 0, 0, 0, 0, 0, 0, 0, 0, 0, 0, 0, 0, 
      0, 0, 0, 0, 0, 0, 0, 0, 0, 0, 0, 0, 0, 0, 0, 0, 0, 0, 0, 0, 0, 0, 0, 0, 
      0, 0, 0, 0, 0, 0, 0, 0, 0, 0, 0, 0, 0, 0, 0, 0, 0, 0, 0, 0, 0, 0, 0, 0, 
      0, 0, 0, 0, 0, 0, 0, 0, 0, 0, 0, 0, 0, 0, 0, 0, 0, 0, 0, 0, 0, 0, 0, 0, 
      0, 0, 0, 0, 0, 0, 0, 0, 0, 0, 0, 0, 0, 0, 0, 0, 0, 0, 0, 0, 0, 0, 0, 0, 
      0, 0, 0, 0, 0, 0, 0, 0, 0, 0, 0, 0, 0, 0, 0, 0, 0, 0, 0, 0, 0, 0, 0, 0, 
      0, 0, 0, 0, 0, 0, 0, 0, 0, 0, 0, 0, 0, 0, 0, 0, 0, 0, 0, 0, 0, 0, 0, 0, 
      0, 0, 0, 0, 0, 0, 0, 0, 0, 0, 0, 0, 0, 0, 0, 0, 0, 0, 0, 0, 0, 0, 0, 0, 
      0, 0, 0, 0, 0, 0, 0, 0, 0, 0, 0, 0, 0, 0, 0, 0, 0, 0, 0, 0, 0, 0, 0, 0, 
      0, 0, 0, 0, 0, 0, 0, 0, 0, 0, 0, 0, 0, 0, 0, 0, 0, 0, 0, 0, 0, 0, 0, 0, 
      0, 0, 0, 0, 0, 0, 0, 0, 0, 0, 0, 0, 0, 0, 0, 0, 0, 0, 0, 0, 0, 0, 0, 0, 
      0, 0, 0, 0, 0, 0, 0, 0, 0, 0, 0, 0, 0, 0, 0, 0, 0, 0, 0, 0, 0, 0, 0, 0, 
      0, 0, 0, 0, 0, 0, 0, 0, 0, 0, 0, 0, 0, 0, 0, 0, 0, 0, 0, 0, 0, 0, 0, 0, 
      0, 0, 0, 0, 0, 0, 0, 0, 0, 0, 0, 0, 0, 0, 0, 0, 0, 0, 0, 0, 0, 0, 0, 0, 
      0, 0, 0, 0, 0, 0, 0, 0, 0, 0, 0, 0, 0, 0, 0, 0, 0, 0, 0, 0, 0, 0, 0, 0, 
      0, 0, 0, 0, 0, 0, 0, 0, 0, 0, 0, 0, 0, 0, 0, 0, 0, 0, 0, 0, 0, 0, 0, 0, 
      0, 0, 0, 0, 0, 0, 0, 0, 0, 0, 0, 0, 0, 0, 0, 0, 0, 0, 0, 0, 0, 0, 0, 0, 
      0, 0, 0, 0, 0, 0, 0, 0, 0, 0, 0, 0, 0, 0, 0, 0, 0, 0, 0, 0, 0, 0, 0, 0, 
      0, 0, 0, 0, 0, 0, 0, 0, 0, 0, 0, 0, 0, 0, 0, 0, 0, 0, 0, 0, 0, 0, 0, 0, 
      0, 0, 0, 0, 0, 0, 0, 0, 0, 0, 0, 0, 0, 0, 0, 0, 0, 0, 0, 0, 0, 0, 0, 0, 
      0, 0, 0, 0, 0, 0, 0, 0, 0, 0, 0, 0, 0, 0, 0, 0, 0, 0, 0, 0, 0, 0, 0, 0, 
      0, 0, 0, 0, 0, 0, 0, 0, 0, 0, 0, 0, 0, 0, 0, 0, 0, 0, 0, 0, 0, 0, 0, 0, 
      0, 0, 0, 0, 0, 0, 0, 0, 0, 0, 0, 0, 0, 0, 0, 0, 0, 0, 0, 0, 0, 0, 0, 0, 
      0, 0, 0, 0, 0, 0, 0, 0, 0, 0, 0, 0, 0, 0, 0, 0, 0, 0, 0, 0, 0, 0, 0, 0, 
      0, 0, 0, 0, 0, 0, 0, 0, 0, 0, 0, 0, 0, 0, 0, 0, 0, 0, 0, 0, 0, 0, 0, 0, 
      0, 0, 0, 0, 0, 0, 0, 0, 0, 0, 0, 0, 0, 0, 0, 0, 0, 0, 0, 0, 0, 0, 0, 0, 
      0, 0, 0, 0, 0, 0, 0, 0, 0, 0, 0, 0, 0, 0, 0, 0, 0, 0, 0, 0, 0, 0, 0, 0, 
      0, 0, 0, 0, 0, 0, 0, 0, 0, 0, 0, 0, 0, 0, 0, 0, 0, 0, 0, 0, 0, 0, 0, 0, 
      0, 0, 0, 0, 0, 0, 0, 0, 0, 0, 0, 0, 0, 0, 0, 0, 0, 0, 0, 0, 0, 0, 0, 0, 
      0, 0, 0, 0, 0, 0, 0, 0, 0, 0, 0, 0, 0, 0, 0, 0, 0, 0, 0, 0, 0, 0, 0, 0, 
      0, 0, 0.982143, 0.93617, 0.979227, 0.93617, 0.93617, 0.93617, 0.982143, 
      0.982143, 0.93617, 0.93617, 0.93617, 0.982143, 0.93617, 0.93617, 
      0.979227, 0.979227, 0.982143, 0.982143, 0.982143, 0.982143, 0.982143, 
      0.982143, 0.982143, 0.93617, 0.93617, 0.979227, 0.979227, 0.93617, 
      0.93617, 0, 0.982143, 0.982143, 0.93617, 0.93617, 0.93617, 0.982143, 
      0.982143, 0.93617, 0.982143, 0.93617, 0.93617, 0.979227, 0.979227, 
      0.982143, 0.982143, 0.93617, 0.93617, 0.982143, 0.93617, 0.93617, 
      0.93617, 0.979227, 0.979227, 0.982143, 0.982143, 0.93617, 0.93617, 
      0.93617, 0.93617, 0.982143, 0.982143, 0.93617, 0.979227, 0.979227, 
      0.982143, 0.979227, 0.93617, 0.982143, 0.982143, 0.93617, 0.93617, 
      0.93617, 0.979227, 0.93617, 0.93617, 0.979227, 0.982143, 0.979227, 
      0.979227, 0.982143, 0.982143, 0.982143, 0.93617, 0.93617, 0.979227, 
      0.979227, 0.93617, 0.93617, 0.93617, 0.93617, 0.93617, 0, 0.93617, 
      0.979227, 0.979227, 0.982143, 0.982143, 0.93617, 0.93617, 0.93617, 
      0.982143, 0.93617, 0.93617, 0.93617, 0.982143, 0.982143, 0.93617, 
      0.982143, 0.982143, 0.982143, 0.986547, 0.986547, 0.93617, 0.93617, 
      0.93617, 0.982143, 0.93617, 0.93617, 0.93617, 0.93617, 0.93617, 
      0.979227, 0.982143, 0.982143, 0.979227, 0.93617, 0.93617, 0.89674, 
      0.93617, 0.979227, 0.979227, 0.979227, 0.93617, 0.93617, 0.93617, 
      0.93617, 0.93617, 0.979227, 0.979227, 0.982143, 0.982143, 0.982143, 
      0.93617, 0.93617, 0, 0, 0.982143, 0.93617, 0.93617, 0.93617, 0.93617, 
      0.93617, 0.93617, 0.982143, 0.979227, 0, 0.93617, 0.93617, 0, 0.979227, 
      0.979227, 0.979227, 0.93617, 0.93617, 0.982143, 0.982143, 0.93617, 
      0.93617, 0.982143, 0.982143, 0.982143, 0.982143, 0.979227, 0.979227, 
      0.93617, 0.93617, 0.979227, 0.979227, 0.982143, 0.982143, 0.982143, 
      0.93617, 0.982143, 0.982143, 0.982143, 0.982143, 0.93617, 0.93617, 
      0.93617, 0.979227, 0.979227, 0.93617, 0.93617, 0.93617, 0.93617, 
      0.93617, 0.93617, 0.990991, 0.990991, 0.990991, 0.990991, 0.990991, 
      0.990991, 0.990991, 0.990991, 0.979227, 1.009174, 0.982143, 0.979227, 
      0.979227, 0.979227, 0.979227, 0.93617, 0.93617, 0.93617, 0.982143, 
      0.93617, 0.982143, 0.979227, 0.93617, 0.93617, 0.93617, 0.93617, 
      0.93617, 0.93617, 0.93617, 0.93617, 0.93617, 0.93617, 0.979227, 
      0.93617, 0.979227, 0.982143, 0.979227, 0.93617, 0.979227, 0.93617, 
      0.93617, 0.93617, 0.93617 ;

   LineShiftAngle = 0, 0, 0, 0, 0, 0, 0, 0, 0, 0, 0, 0, 0, 0, 0, 0, 0, 0, 0, 
      0, 0, 0, 0, 0, 0, 0, 0, 0, 0, 0, 0, 0, 0, 0, 0, 0, 0, 0, 0, 0, 0, 0, 0, 
      0, 0, 0, 0, 0, 0, 0, 0, 0, 0, 0, 0, 0, 0, 0, 0, 0, 0, 0, 0, 0, 0, 0, 0, 
      0, 0, 0, 0, 0, 0, 0, 0, 0, 0, 0, 0, 0, 0, 0, 0, 0, 0, 0, 0, 0, 0, 0, 0, 
      0, 0, 0, 0, 0, 0, 0, 0, 0, 0, 0, 0, 0, 0, 0, 0, 0, 0, 0, 0, 0, 0, 0, 0, 
      0, 0, 0, 0, 0, 0, 0, 0, 0, 0, 0, 0, 0, 0, 0, 0, 0, 0, 0, 0, 0, 0, 0, 0, 
      0, 0, 0, 0, 0, 0, 0, 0, 0, 0, 0, 0, 0, 0, 0, 0, 0, 0, 0, 0, 0, 0, 0, 0, 
      0, 0, 0, 0, 0, 0, 0, 0, 0, 0, 0, 0, 0, 0, 0, 0, 0, 0, 0, 0, 0, 0, 0, 0, 
      0, 0, 0, 0, 0, 0, 0, 0, 0, 0, 0, 0, 0, 0, 0, 0, 0, 0, 0, 0, 0, 0, 0, 0, 
      0, 0, 0, 0, 0, 0, 0, 0, 0, 0, 0, 0, 0, 0, 0, 0, 0, 0, 0, 0, 0, 0, 0, 0, 
      0, 0, 0, 0, 0, 0, 0, 0, 0, 0, 0, 0, 0, 0, 0, 0, 0, 0, 0, 0, 0, 0, 0, 0, 
      0, 0, 0, 0, 0, 0, 0, 0, 0, 0, 0, 0, 0, 0, 0, 0, 0, 0, 0, 0, 0, 0, 0, 0, 
      0, 0, 0, 0, 0, 0, 0, 0, 0, 0, 0, 0, 0, 0, 0, 0, 0, 0, 0, 0, 0, 0, 0, 0, 
      0, 0, 0, 0, 0, 0, 0, 0, 0, 0, 0, 0, 0, 0, 0, 0, 0, 0, 0, 0, 0, 0, 0, 0, 
      0, 0, 0, 0, 0, 0, 0, 0, 0, 0, 0, 0, 0, 0, 0, 0, 0, 0, 0, 0, 0, 0, 0, 0, 
      0, 0, 0, 0, 0, 0, 0, 0, 0, 0, 0, 0, 0, 0, 0, 0, 0, 0, 0, 0, 0, 0, 0, 0, 
      0, 0, 0, 0, 0, 0, 0, 0, 0, 0, 0, 0, 0, 0, 0, 0, 0, 0, 0, 0, 0, 0, 0, 0, 
      0, 0, 0, 0, 0, 0, 0, 0, 0, 0, 0, 0, 0, 0, 0, 0, 0, 0, 0, 0, 0, 0, 0, 0, 
      0, 0, 0, 0, 0, 0, 0, 0, 0, 0, 0, 0, 0, 0, 0, 0, 0, 0, 0, 0, 0, 0, 0, 0, 
      0, 0, 0, 0, 0, 0, 0, 0, 0, 0, 0, 0, 0, 0, 0, 0, 0, 0, 0, 0, 0, 0, 0, 0, 
      0, 0, 0, 0, 0, 0, 0, 0, 0, 0, 0, 0, 0, 0, 0, 0, 0, 0, 0, 0, 0, 0, 0, 0, 
      0, 0, 0, 0, 0, 0, 0, 0, 0, 0, 0, 0, 0, 0, 0, 0, 0, 0, 0, 0, 0, 0, 0, 0, 
      0, 0, 0, 0, 0, 0, 0, 0, 0, 0, 0, 0, 0, 0, 0, 0, 0, 0, 0, 0, 0, 0, 0, 0, 
      0, 0, 0, 0, 0, 0, 0, 0, 0, 0, 0, 0, 0, 0, 0, 0, 0, 0, 0, 0, 0, 0, 0, 0, 
      0, 0, 0, 0, 0, 0, 0, 0, 0, 0, 0, 0, 0, 0, 0, 0, 0, 0, 0, 0, 0, 0, 0, 0, 
      0, 0, 0, 0, 0, 0, 0, 0, 0, 0, 0, 0, 0, 0, 0, 0, 0, 0, 0, 0, 0, 0, 0, 0, 
      0, 0, 0, 0, 0, 0, 0, 0, 0, 0, 0, 0, 0, 0, 0, 0, 0, 0, 0, 0, 0, 0, 0, 0, 
      0, 0, 0, 0, 0, 0, 0, 0, 0, 0, 0, 0, 0, 0, 0, 0, 0, 0, 0, 0, 0, 0, 0, 0, 
      0, 0, 0, 0, 0, 0, 0, 0, 0, 0, 0, 0, 0, 0, 0, 0, 0, 0, 0, 0, 0, 0, 0, 0, 
      0, 0, 0, 0, 0, 0, 0, 0, 0, 0, 0, 0, 0, 0, 0, 0, 0, 0, 0, 0, 0, 0, 0, 0, 
      0, 0, 0, 0, 0, 0, 0, 0, 0, 0, 0, 0, 0, 0, 0, 0, 0, 0, 0, 0, 0, 0, 0, 0, 
      0, 0, 0, 0, 0, 0, 0, 0, 0, 0, 0, 0, 0, 0, 0, 0, 0, 0, 0, 0, 0, 0, 0, 0, 
      0, 0, 0, 0, 0, 0, 0, 0, 0, 0, 0, 0, 0, 0, 0, 0, 0, 0, 0, 0, 0, 0, 0, 0, 
      0, 0, 0, 0, 0, 0, 0, 0, 0, 0, 0, 0, 0, 0, 0, 0, 0, 0, 0, 0, 0, 0, 0, 0, 
      0, 0, 0, 0, 0, 0, 0, 0, 0, 0, 0, 0, 0, 0, 0, 0, 0, 0, 0, 0, 0, 0, 0, 0, 
      0, 0, 0, 0, 0, 0, 0, 0, 0, 0, 0, 0, 0, 0, 0, 0, 0, 0, 0, 0, 0, 0, 0, 0, 
      0, 0, 0, 0, 0, 0, 0, 0, 0, 0, 0, 0, 0, 0, 0, 0, 0, 0, 0, 0, 0, 0, 0, 0, 
      0, 0, 0, 0, 0, 0, 0, 0, 0, 0, 0, 0, 0, 0, 0, 0, 0, 0, 0, 0, 0, 0, 0, 0, 
      0, 0, 0, 0, 0, 0, 0, 0, 0, 0, 0, 0, 0, 0, 0, 0, 0, 0, 0, 0, 0, 0, 0, 0, 
      0, 0, 0, 0, 0, 0, 0, 0, 0, 0, 0, 0, 0, 0, 0, 0, 0, 0, 0, 0, 0, 0, 0, 0, 
      0, 0, 0, 0, 0, 0, 0, 0, 0, 0, 0, 0, 0, 0, 0, 0, 0, 0, 0, 0, 0, 0, 0, 0, 
      0, 0, 0, 0, 0, 0, 0, 0, 0, 0, 0, 0, 0, 0, 0, 0, 0, 0, 0, 0, 0, 0, 0, 0, 
      0, 0, 0, 0, 0, 0, 0, 0, 0, 0, 0, 0, 0, 0, 0, 0, 0, 0, 0, 0, 0, 0, 0, 0, 
      0, 0, 0, 0, 0, 0, 0, 0, 0, 0, 0, 0, 0, 0, 0, 0, 0, 0, 0, 0, 0, 0, 0, 0, 
      0, 0, 0, 0, 0, 0, 0, 0, 0, 0, 0, 0, 0, 0, 0, 0, 0, 0, 0, 0, 0, 0, 0, 0, 
      0, 0, 0, 0, 0, 0, 0, 0, 0, 0, 0, 0, 0, 0, 0, 0, 0, 0, 0, 0, 0, 0, 0, 0, 
      0, 0, 0, 0, 0, 0, 0, 0, 0, 0, 0, 0, 0, 0, 0, 0, 0, 0, 0, 0, 0, 0, 0, 0, 
      0, 0, 0, 0, 0, 0, 0, 0, 0, 0, 0, 0, 0, 0, 0, 0, 0, 0, 0, 0, 0, 0, 0, 0, 
      0, 0, 0, 0, 0, 0, 0, 0, 0, 0, 0, 0, 0, 0, 0, 0, 0, 0, 0, 0, 0, 0, 0, 0, 
      0, 0, 0, 0, 0, 0, 0, 0, 0, 0, 0, 0, 0, 0, 0, 0, 0, 0, 0, 0, 0, 0, 0, 0, 
      0, 0, 0, 0, 0, 0, 0, 0, 0, 0, 0, 0, 0, 0, 0, 0, 0, 0, 0, 0, 0, 0, 0, 0, 
      0, 0, 0, 0, 0, 0, 0, 0, 0, 0, 0, 0, 0, 0, 0, 0, 0, 0, 0, 0, 0, 0, 0, 0, 
      0, 0, 0, 0, 0, 0, 0, 0, 0, 0, 0, 0, 0, 0, 0, 0, 0, 0, 0, 0, 0, 0, 0, 0, 
      0, 0, 0, 0, 0, 0, 0, 0, 0, 0, 0, 0, 0, 0, 0, 0, 0, 0, 0, 0, 0, 0, 0, 0, 
      0, 0, 0, 0, 0, 0, 0, 0, 0, 0, 0, 0, 0, 0, 0, 0, 0, 0, 0, 0, 0, 0, 0, 0, 
      0, 0, 0, 0, 0, 0, 0, 0, 0, 0, 0, 0, 0, 0, 0, 0, 0, 0, 0, 0, 0, 0, 0, 0, 
      0, 0, 0, 0, 0, 0, 0, 0, 0, 0, 0, 0, 0, 0, 0, 0, 0, 0, 0, 0, 0, 0, 0, 0, 
      0, 0, 0, 0, 0, 0, 0, 0, 0, 0, 0, 0, 0, 0, 0, 0, 0, 0, 0, 0, 0, 0, 0, 0, 
      0, 0, 0, 0, 0, 0, 0, 0, 0, 0, 0, 0, 0, 0, 0, 0, 0, 0, 0, 0, 0, 0, 0, 0, 
      0, 0, 0, 0, 0, 0, 0, 0, 0, 0, 0, 0, 0, 0, 0, 0, 0, 0, 0, 0, 0, 0, 0, 0, 
      0, 0, 0, 0, 0, 0, 0, 0, 0, 0, 0, 0, 0, 0, 0, 0, 0, 0, 0, 0, 0, 0, 0, 0, 
      0, 0, 0, 0, 0, 0, 0, 0, 0, 0, 0, 0, 0, 0, 0, 0, 0, 0, 0, 0, 0, 0, 0, 0, 
      0, 0, 0, 0, 0, 0, 0, 0, 0, 0, 0, 0, 0, 0, 0, 0, 0, 0, 0, 0, 0, 0, 0, 0, 
      0, 0, 0, 0, 0, 0, 0, 0, 0, 0, 0, 0, 0, 0, 0, 0, 0, 0, 0, 0, 0, 0, 0, 0, 
      0, 0, 0, 0, 0, 0, 0, 0, 0, 0, 0, 0, 0, 0, 0, 0, 0, 0, 0, 0, 0, 0, 0, 0, 
      0, 0, 0, 0, 0, 0, 0, 0, 0, 0, 0, 0, 0, 0, 0, 0, 0, 0, 0, 0, 0, 0, 0, 0, 
      0, 0, 0, 0, 0, 0, 0, 0, 0, 0, 0, 0, 0, 0, 0, 0, 0, 0, 0, 0, 0, 0, 0, 0, 
      0, 0, 0, 0, 0, 0, 0, 0, 0, 0, 0, 0, 0, 0, 0, 0, 0, 0, 0, 0, 0, 0, 0, 0, 
      0, 0, 0, 0, 0, 0, 0, 0, 0, 0, 0, 0, 0, 0, 0, 0, 0, 0, 0, 0, 0, 0, 0, 0, 
      0, 0, 0, 0, 0, 0, 0, 0, 0, 0, 0, 0, 0, 0, 0, 0, 0, 0, 0, 0, 0, 0, 0, 0, 
      0, 0, 0, 0, 0, 0, 0, 0, 0, 0, 0, 0, 0, 0, 0, 0, 0, 0, 0, 0, 0, 0, 0, 0, 
      0, 0, 0, 0, 0, 0, 0, 0, 0, 0, 0, 0, 0, 0, 0, 0, 0, 0, 0, 0, 0, 0, 0, 0, 
      0, 0, 0, 0, 0, 0, 0, 0, 0, 0, 0, 0, 0, 0, 0, 0, 0, 0, 0, 0, 0, 0, 0, 0, 
      0, 0, 0, 0, 0, 0, 0, 0, 0, 0, 0, 0, 0, 0, 0, 0, 0, 0, 0, 0, 0, 0, 0, 0, 
      0, 0, 0, 0, 0, 0, 0, 0, 0, 0.072386, 0, 0, 0, 0, 0, 0, 0, 0, 0, 0, 0, 
      0, 0, 0, 0, 0, 0, 0, 0, 0, 0, 0, 0, 0, 0, 0, 0, 0, 0, 0, 0, 0, 0, 0, 0, 
      0, 0, 0, 0, 0, 0, 0, 0, 0, 0, 0, 0, 0, 0, 0, 0, 0, 0, 0, 0, 0, 0, 0, 0, 
      0, 0, -0.072388, 0, 0, 0, 0, 0, 0, 0, 0, 0, 0, 0, 0, 0, 0, 0, 0, 0, 0, 
      0, 0, 0, 0, 0, 0, 0, 0, 0, 0, 0, 0, 0, 0, 0, 0, 0, 0, 0, 0, 0, 0, 0, 0, 
      0, 0, 0, 0, 0, 0, 0, 0, 0, 0, 0.084507, -0.086984, 0, 0, 0, 0, 0, 0, 0, 
      0, 0, 0.04898, 0, 0, -0.06138, 0, 0, 0, 0, 0, 0, 0, 0, 0, 0, 0, 0, 0, 
      0, 0, 0, 0, 0, 0, 0, 0, 0, 0, 0, 0, 0, 0, 0, 0, 0, 0, 0, 0, 0, 0, 0, 0, 
      0, 0, 0, 0, 0, 0, 0, 0, 0, 0, 0, 0, 0, 0, 0, 0, 0, 0, 0, 0, 0, 0, 0, 0, 
      0, 0, 0, 0, 0, 0, 0, 0, 0, 0, 0, 0, 0, 0, 0, 0, 0, 0, 0, 0 ;

   LineMinAngle = -360, -360, -360, -360, -360, -360, -360, -360, -360, -360, 
      -360, -360, -360, -360, -360, -360, -360, -360, -360, -360, -360, -360, 
      -360, -360, -360, -360, -360, -360, -360, -360, -360, -360, -360, -360, 
      -360, -360, -360, -360, -360, -360, -360, -360, -360, -360, -360, -360, 
      -360, -360, -360, -360, -360, -360, -360, -360, -360, -360, -360, -360, 
      -360, -360, -360, -360, -360, -360, -360, -360, -360, -360, -360, -360, 
      -360, -360, -360, -360, -360, -360, -360, -360, -360, -360, -360, -360, 
      -360, -360, -360, -360, -360, -360, -360, -360, -360, -360, -360, -360, 
      -360, -360, -360, -360, -360, -360, -360, -360, -360, -360, -360, -360, 
      -360, -360, -360, -360, -360, -360, -360, -360, -360, -360, -360, -360, 
      -360, -360, -360, -360, -360, -360, -360, -360, -360, -360, -360, -360, 
      -360, -360, -360, -360, -360, -360, -360, -360, -360, -360, -360, -360, 
      -360, -360, -360, -360, -360, -360, -360, -360, -360, -360, -360, -360, 
      -360, -360, -360, -360, -360, -360, -360, -360, -360, -360, -360, -360, 
      -360, -360, -360, -360, -360, -360, -360, -360, -360, -360, -360, -360, 
      -360, -360, -360, -360, -360, -360, -360, -360, -360, -360, -360, -360, 
      -360, -360, -360, -360, -360, -360, -360, -360, -360, -360, -360, -360, 
      -360, -360, -360, -360, -360, -360, -360, -360, -360, -360, -360, -360, 
      -360, -360, -360, -360, -360, -360, -360, -360, -360, -360, -360, -360, 
      -360, -360, -360, -360, -360, -360, -360, -360, -360, -360, -360, -360, 
      -360, -360, -360, -360, -360, -360, -360, -360, -360, -360, -360, -360, 
      -360, -360, -360, -360, -360, -360, -360, -360, -360, -360, -360, -360, 
      -360, -360, -360, -360, -360, -360, -360, -360, -360, -360, -360, -360, 
      -360, -360, -360, -360, -360, -360, -360, -360, -360, -360, -360, -360, 
      -360, -360, -360, -360, -360, -360, -360, -360, -360, -360, -360, -360, 
      -360, -360, -360, -360, -360, -360, -360, -360, -360, -360, -360, -360, 
      -360, -360, -360, -360, -360, -360, -360, -360, -360, -360, -360, -360, 
      -360, -360, -360, -360, -360, -360, -360, -360, -360, -360, -360, -360, 
      -360, -360, -360, -360, -360, -360, -360, -360, -360, -360, -360, -360, 
      -360, -360, -360, -360, -360, -360, -360, -360, -360, -360, -360, -360, 
      -360, -360, -360, -360, -360, -360, -360, -360, -360, -360, -360, -360, 
      -360, -360, -360, -360, -360, -360, -360, -360, -360, -360, -360, -360, 
      -360, -360, -360, -360, -360, -360, -360, -360, -360, -360, -360, -360, 
      -360, -360, -360, -360, -360, -360, -360, -360, -360, -360, -360, -360, 
      -360, -360, -360, -360, -360, -360, -360, -360, -360, -360, -360, -360, 
      -360, -360, -360, -360, -360, -360, -360, -360, -360, -360, -360, -360, 
      -360, -360, -360, -360, -360, -360, -360, -360, -360, -360, -360, -360, 
      -360, -360, -360, -360, -360, -360, -360, -360, -360, -360, -360, -360, 
      -360, -360, -360, -360, -360, -360, -360, -360, -360, -360, -360, -360, 
      -360, -360, -360, -360, -360, -360, -360, -360, -360, -360, -360, -360, 
      -360, -360, -360, -360, -360, -360, -360, -360, -360, -360, -360, -360, 
      -360, -360, -360, -360, -360, -360, -360, -360, -360, -360, -360, -360, 
      -360, -360, -360, -360, -360, -360, -360, -360, -360, -360, -360, -360, 
      -360, -360, -360, -360, -360, -360, -360, -360, -360, -360, -360, -360, 
      -360, -360, -360, -360, -360, -360, -360, -360, -360, -360, -360, -360, 
      -360, -360, -360, -360, -360, -360, -360, -360, -360, -360, -360, -360, 
      -360, -360, -360, -360, -360, -360, -360, -360, -360, -360, -360, -360, 
      -360, -360, -360, -360, -360, -360, -360, -360, -360, -360, -360, -360, 
      -360, -360, -360, -360, -360, -360, -360, -360, -360, -360, -360, -360, 
      -360, -360, -360, -360, -360, -360, -360, -360, -360, -360, -360, -360, 
      -360, -360, -360, -360, -360, -360, -360, -360, -360, -360, -360, -360, 
      -360, -360, -360, -360, -360, -360, -360, -360, -360, -360, -360, -360, 
      -360, -360, -360, -360, -360, -360, -360, -360, -360, -360, -360, -360, 
      -360, -360, -360, -360, -360, -360, -360, -360, -360, -360, -360, -360, 
      -360, -360, -360, -360, -360, -360, -360, -360, -360, -360, -360, -360, 
      -360, -360, -360, -360, -360, -360, -360, -360, -360, -360, -360, -360, 
      -360, -360, -360, -360, -360, -360, -360, -360, -360, -360, -360, -360, 
      -360, -360, -360, -360, -360, -360, -360, -360, -360, -360, -360, -360, 
      -360, -360, -360, -360, -360, -360, -360, -360, -360, -360, -360, -360, 
      -360, -360, -360, -360, -360, -360, -360, -360, -360, -360, -360, -360, 
      -360, -360, -360, -360, -360, -360, -360, -360, -360, -360, -360, -360, 
      -360, -360, -360, -360, -360, -360, -360, -360, -360, -360, -360, -360, 
      -360, -360, -360, -360, -360, -360, -360, -360, -360, -360, -360, -360, 
      -360, -360, -360, -360, -360, -360, -360, -360, -360, -360, -360, -360, 
      -360, -360, -360, -360, -360, -360, -360, -360, -360, -360, -360, -360, 
      -360, -360, -360, -360, -360, -360, -360, -360, -360, -360, -360, -360, 
      -360, -360, -360, -360, -360, -360, -360, -360, -360, -360, -360, -360, 
      -360, -360, -360, -360, -360, -360, -360, -360, -360, -360, -360, -360, 
      -360, -360, -360, -360, -360, -360, -360, -360, -360, -360, -360, -360, 
      -360, -360, -360, -360, -360, -360, -360, -360, -360, -360, -360, -360, 
      -360, -360, -360, -360, -360, -360, -360, -360, -360, -360, -360, -360, 
      -360, -360, -360, -360, -360, -360, -360, -360, -360, -360, -360, -360, 
      -360, -360, -360, -360, -360, -360, -360, -360, -360, -360, -360, -360, 
      -360, -360, -360, -360, -360, -360, -360, -360, -360, -360, -360, -360, 
      -360, -360, -360, -360, -360, -360, -360, -360, -360, -360, -360, -360, 
      -360, -360, -360, -360, -360, -360, -360, -360, -360, -360, -360, -360, 
      -360, -360, -360, -360, -360, -360, -360, -360, -360, -360, -360, -360, 
      -360, -360, -360, -360, -360, -360, -360, -360, -360, -360, -360, -360, 
      -360, -360, -360, -360, -360, -360, -360, -360, -360, -360, -360, -360, 
      -360, -360, -360, -360, -360, -360, -360, -360, -360, -360, -360, -360, 
      -360, -360, -360, -360, -360, -360, -360, -360, -360, -360, -360, -360, 
      -360, -360, -360, -360, -360, -360, -360, -360, -360, -360, -360, -360, 
      -360, -360, -360, -360, -360, -360, -360, -360, -360, -360, -360, -360, 
      -360, -360, -360, -360, -360, -360, -360, -360, -360, -360, -360, -360, 
      -360, -360, -360, -360, -360, -360, -360, -360, -360, -360, -360, -360, 
      -360, -360, -360, -360, -360, -360, -360, -360, -360, -360, -360, -360, 
      -360, -360, -360, -360, -360, -360, -360, -360, -360, -360, -360, -360, 
      -360, -360, -360, -360, -360, -360, -360, -360, -360, -360, -360, -360, 
      -360, -360, -360, -360, -360, -360, -360, -360, -360, -360, -360, -360, 
      -360, -360, -360, -360, -360, -360, -360, -360, -360, -360, -360, -360, 
      -360, -360, -360, -360, -360, -360, -360, -360, -360, -360, -360, -360, 
      -360, -360, -360, -360, -360, -360, -360, -360, -360, -360, -360, -360, 
      -360, -360, -360, -360, -360, -360, -360, -360, -360, -360, -360, -360, 
      -360, -360, -360, -360, -360, -360, -360, -360, -360, -360, -360, -360, 
      -360, -360, -360, -360, -360, -360, -360, -360, -360, -360, -360, -360, 
      -360, -360, -360, -360, -360, -360, -360, -360, -360, -360, -360, -360, 
      -360, -360, -360, -360, -360, -360, -360, -360, -360, -360, -360, -360, 
      -360, -360, -360, -360, -360, -360, -360, -360, -360, -360, -360, -360, 
      -360, -360, -360, -360, -360, -360, -360, -360, -360, -360, -360, -360, 
      -360, -360, -360, -360, -360, -360, -360, -360, -360, -360, -360, -360, 
      -360, -360, -360, -360, -360, -360, -360, -360, -360, -360, -360, -360, 
      -360, -360, -360, -360, -360, -360, -360, -360, -360, -360, -360, -360, 
      -360, -360, -360, -360, -360, -360, -360, -360, -360, -360, -360, -360, 
      -360, -360, -360, -360, -360, -360, -360, -360, -360, -360, -360, -360, 
      -360, -360, -360, -360, -360, -360, -360, -360, -360, -360, -360, -360, 
      -360, -360, -360, -360, -360, -360, -360, -360, -360, -360, -360, -360, 
      -360, -360, -360, -360, -360, -360, -360, -360, -360, -360, -360, -360, 
      -360, -360, -360, -360, -360, -360, -360, -360, -360, -360, -360, -360, 
      -360, -360, -360, -360, -360, -360, -360, -360, -360, -360, -360, -360, 
      -360, -360, -360, -360, -360, -360, -360, -360, -360, -360, -360, -360, 
      -360, -360, -360, -360, -360, -360, -360, -360, -360, -360, -360, -360, 
      -360, -360, -360, -360, -360, -360, -360, -360, -360, -360, -360, -360, 
      -360, -360, -360, -360, -360, -360, -360, -360, -360, -360, -360, -360, 
      -360, -360, -360, -360, -360, -360, -360, -360, -360, -360, -360, -360, 
      -360, -360, -360, -360, -360, -360, -360, -360, -360, -360, -360, -360, 
      -360, -360, -360, -360, -360, -360, -360, -360, -360, -360, -360, -360, 
      -360, -360, -360, -360, -360, -360, -360, -360, -360, -360, -360, -360, 
      -360, -360, -360, -360, -360, -360, -360, -360, -360, -360, -360, -360, 
      -360, -360, -360, -360, -360, -360, -360, -360, -360, -360, -360, -360, 
      -360, -360, -360, -360, -360, -360, -360, -360, -360, -360, -360, -360, 
      -360, -360, -360, -360, -360, -360, -360, -360, -360, -360, -360, -360, 
      -360, -360, -360, -360, -360, -360, -360, -360, -360, -360, -360, -360, 
      -360, -360, -360, -360, -360, -360, -360, -360, -360, -360, -360, -360, 
      -360, -360, -360, -360, -360, -360, -360, -360, -360, -360, -360, -360, 
      -360, -360, -360, -360, -360, -360, -360, -360, -360, -360, -360, -360, 
      -360, -360, -360, -360, -360, -360, -360, -360, -360, -360, -360, -360, 
      -360, -360, -360, -360, -360, -360, -360, -360, -360, -360, -360, -360, 
      -360, -360, -360, -360, -360, -360, -360, -360, -360, -360, -360, -360, 
      -360, -360, -360, -360, -360, -360, -360, -360, -360, -360, -360, -360, 
      -360, -360, -360, -360, -360, -360, -360, -360, -360, -360, -360, -360, 
      -360, -360, -360, -360, -360, -360, -360, -360, -360, -360, -360, -360, 
      -360, -360, -360, -360, -360, -360, -360, -360, -360, -360, -360, -360, 
      -360, -360, -360, -360, -360, -360, -360, -360, -360, -360, -360, -360, 
      -360, -360, -360, -360, -360, -360, -360, -360, -360, -360, -360, -360, 
      -360, -360, -360, -360, -360, -360, -360, -360, -360, -360, -360, -360, 
      -360, -360, -360, -360, -360, -360, -360, -360, -360, -360, -360, -360, 
      -360, -360, -360, -360, -360, -360, -360, -360, -360, -360, -360, -360, 
      -360, -360, -360, -360, -360, -360, -360, -360, -360, -360, -360, -360, 
      -360, -360, -360, -360, -360, -360, -360, -360, -360, -360, -360, -360, 
      -360, -360, -360, -360, -360, -360, -360, -360, -360, -360, -360, -360, 
      -360, -360, -360, -360, -360, -360, -360, -360, -360, -360, -360, -360, 
      -360, -360, -360, -360, -360, -360, -360, -360, -360, -360, -360, -360, 
      -360, -360, -360, -360, -360, -360, -360, -360, -360, -360, -360, -360, 
      -360, -360, -360, -360, -360, -360, -360, -360, -360, -360, -360, -360, 
      -360, -360, -360, -360, -360, -360, -360, -360, -360, -360, -360, -360, 
      -360, -360, -360, -360, -360, -360, -360, -360, -360, -360, -360, -360, 
      -360, -360, -360, -360, -360, -360, -360, -360, -360, -360, -360, -360, 
      -360, -360, -360, -360, -360, -360, -360, -360, -360, -360, -360, -360, 
      -360, -360, -360, -360, -360, -360, -360, -360, -360, -360, -360, -360, 
      -360, -360, -360, -360, -360, -360, -360, -360, -360, -360, -360, -360, 
      -360, -360, -360, -360, -360, -360, -360, -360, -360, -360, -360, -360, 
      -360, -360, -360, -360, -360, -360, -360, -360, -360, -360, -360, -360, 
      -360, -360, -360, -360, -360, -360, -360, -360, -360, -360, -360, -360, 
      -360, -360, -360, -360, -360, -360, -360, -360, -360, -360, -360, -360, 
      -360, -360, -360, -360, -360, -360, -360, -360, -360, -360, -360, -360, 
      -360, -360, -360, -360, -360, -360, -360, -360, -360, -360, -360, -360, 
      -360, -360, -360, -360, -360, -360, -360, -360, -360, -360, -360, -360, 
      -360, -360, -360, -360, -360, -360, -360, -360, -360, -360, -360, -360, 
      -360, -360, -360, -360, -360, -360, -360, -360, -360, -360, -360, -360, 
      -360, -360, -360, -360, -360, -360, -360, -360, -360, -360, -360, -360, 
      -360, -360, -360, -360, -360, -360, -360, -360, -360, -360, -360, -360, 
      -360, -360, -360, -360, -360, -360, -360, -360, -360, -360, -360, -360, 
      -360, -360, -360, -360, -360, -360, -360, -360, -360, -360, -360, -360, 
      -360, -360, -360, -360, -360, -360, -360, -360, -360, -360, -360, -360, 
      -360, -360, -360, -360, -360, -360, -360, -360, -360, -360, -360, -360, 
      -360, -360, -360, -360, -360, -360, -360, -360, -360, -360, -360, -360, 
      -360 ;

   LineMaxAngle = 360, 360, 360, 360, 360, 360, 360, 360, 360, 360, 360, 360, 
      360, 360, 360, 360, 360, 360, 360, 360, 360, 360, 360, 360, 360, 360, 
      360, 360, 360, 360, 360, 360, 360, 360, 360, 360, 360, 360, 360, 360, 
      360, 360, 360, 360, 360, 360, 360, 360, 360, 360, 360, 360, 360, 360, 
      360, 360, 360, 360, 360, 360, 360, 360, 360, 360, 360, 360, 360, 360, 
      360, 360, 360, 360, 360, 360, 360, 360, 360, 360, 360, 360, 360, 360, 
      360, 360, 360, 360, 360, 360, 360, 360, 360, 360, 360, 360, 360, 360, 
      360, 360, 360, 360, 360, 360, 360, 360, 360, 360, 360, 360, 360, 360, 
      360, 360, 360, 360, 360, 360, 360, 360, 360, 360, 360, 360, 360, 360, 
      360, 360, 360, 360, 360, 360, 360, 360, 360, 360, 360, 360, 360, 360, 
      360, 360, 360, 360, 360, 360, 360, 360, 360, 360, 360, 360, 360, 360, 
      360, 360, 360, 360, 360, 360, 360, 360, 360, 360, 360, 360, 360, 360, 
      360, 360, 360, 360, 360, 360, 360, 360, 360, 360, 360, 360, 360, 360, 
      360, 360, 360, 360, 360, 360, 360, 360, 360, 360, 360, 360, 360, 360, 
      360, 360, 360, 360, 360, 360, 360, 360, 360, 360, 360, 360, 360, 360, 
      360, 360, 360, 360, 360, 360, 360, 360, 360, 360, 360, 360, 360, 360, 
      360, 360, 360, 360, 360, 360, 360, 360, 360, 360, 360, 360, 360, 360, 
      360, 360, 360, 360, 360, 360, 360, 360, 360, 360, 360, 360, 360, 360, 
      360, 360, 360, 360, 360, 360, 360, 360, 360, 360, 360, 360, 360, 360, 
      360, 360, 360, 360, 360, 360, 360, 360, 360, 360, 360, 360, 360, 360, 
      360, 360, 360, 360, 360, 360, 360, 360, 360, 360, 360, 360, 360, 360, 
      360, 360, 360, 360, 360, 360, 360, 360, 360, 360, 360, 360, 360, 360, 
      360, 360, 360, 360, 360, 360, 360, 360, 360, 360, 360, 360, 360, 360, 
      360, 360, 360, 360, 360, 360, 360, 360, 360, 360, 360, 360, 360, 360, 
      360, 360, 360, 360, 360, 360, 360, 360, 360, 360, 360, 360, 360, 360, 
      360, 360, 360, 360, 360, 360, 360, 360, 360, 360, 360, 360, 360, 360, 
      360, 360, 360, 360, 360, 360, 360, 360, 360, 360, 360, 360, 360, 360, 
      360, 360, 360, 360, 360, 360, 360, 360, 360, 360, 360, 360, 360, 360, 
      360, 360, 360, 360, 360, 360, 360, 360, 360, 360, 360, 360, 360, 360, 
      360, 360, 360, 360, 360, 360, 360, 360, 360, 360, 360, 360, 360, 360, 
      360, 360, 360, 360, 360, 360, 360, 360, 360, 360, 360, 360, 360, 360, 
      360, 360, 360, 360, 360, 360, 360, 360, 360, 360, 360, 360, 360, 360, 
      360, 360, 360, 360, 360, 360, 360, 360, 360, 360, 360, 360, 360, 360, 
      360, 360, 360, 360, 360, 360, 360, 360, 360, 360, 360, 360, 360, 360, 
      360, 360, 360, 360, 360, 360, 360, 360, 360, 360, 360, 360, 360, 360, 
      360, 360, 360, 360, 360, 360, 360, 360, 360, 360, 360, 360, 360, 360, 
      360, 360, 360, 360, 360, 360, 360, 360, 360, 360, 360, 360, 360, 360, 
      360, 360, 360, 360, 360, 360, 360, 360, 360, 360, 360, 360, 360, 360, 
      360, 360, 360, 360, 360, 360, 360, 360, 360, 360, 360, 360, 360, 360, 
      360, 360, 360, 360, 360, 360, 360, 360, 360, 360, 360, 360, 360, 360, 
      360, 360, 360, 360, 360, 360, 360, 360, 360, 360, 360, 360, 360, 360, 
      360, 360, 360, 360, 360, 360, 360, 360, 360, 360, 360, 360, 360, 360, 
      360, 360, 360, 360, 360, 360, 360, 360, 360, 360, 360, 360, 360, 360, 
      360, 360, 360, 360, 360, 360, 360, 360, 360, 360, 360, 360, 360, 360, 
      360, 360, 360, 360, 360, 360, 360, 360, 360, 360, 360, 360, 360, 360, 
      360, 360, 360, 360, 360, 360, 360, 360, 360, 360, 360, 360, 360, 360, 
      360, 360, 360, 360, 360, 360, 360, 360, 360, 360, 360, 360, 360, 360, 
      360, 360, 360, 360, 360, 360, 360, 360, 360, 360, 360, 360, 360, 360, 
      360, 360, 360, 360, 360, 360, 360, 360, 360, 360, 360, 360, 360, 360, 
      360, 360, 360, 360, 360, 360, 360, 360, 360, 360, 360, 360, 360, 360, 
      360, 360, 360, 360, 360, 360, 360, 360, 360, 360, 360, 360, 360, 360, 
      360, 360, 360, 360, 360, 360, 360, 360, 360, 360, 360, 360, 360, 360, 
      360, 360, 360, 360, 360, 360, 360, 360, 360, 360, 360, 360, 360, 360, 
      360, 360, 360, 360, 360, 360, 360, 360, 360, 360, 360, 360, 360, 360, 
      360, 360, 360, 360, 360, 360, 360, 360, 360, 360, 360, 360, 360, 360, 
      360, 360, 360, 360, 360, 360, 360, 360, 360, 360, 360, 360, 360, 360, 
      360, 360, 360, 360, 360, 360, 360, 360, 360, 360, 360, 360, 360, 360, 
      360, 360, 360, 360, 360, 360, 360, 360, 360, 360, 360, 360, 360, 360, 
      360, 360, 360, 360, 360, 360, 360, 360, 360, 360, 360, 360, 360, 360, 
      360, 360, 360, 360, 360, 360, 360, 360, 360, 360, 360, 360, 360, 360, 
      360, 360, 360, 360, 360, 360, 360, 360, 360, 360, 360, 360, 360, 360, 
      360, 360, 360, 360, 360, 360, 360, 360, 360, 360, 360, 360, 360, 360, 
      360, 360, 360, 360, 360, 360, 360, 360, 360, 360, 360, 360, 360, 360, 
      360, 360, 360, 360, 360, 360, 360, 360, 360, 360, 360, 360, 360, 360, 
      360, 360, 360, 360, 360, 360, 360, 360, 360, 360, 360, 360, 360, 360, 
      360, 360, 360, 360, 360, 360, 360, 360, 360, 360, 360, 360, 360, 360, 
      360, 360, 360, 360, 360, 360, 360, 360, 360, 360, 360, 360, 360, 360, 
      360, 360, 360, 360, 360, 360, 360, 360, 360, 360, 360, 360, 360, 360, 
      360, 360, 360, 360, 360, 360, 360, 360, 360, 360, 360, 360, 360, 360, 
      360, 360, 360, 360, 360, 360, 360, 360, 360, 360, 360, 360, 360, 360, 
      360, 360, 360, 360, 360, 360, 360, 360, 360, 360, 360, 360, 360, 360, 
      360, 360, 360, 360, 360, 360, 360, 360, 360, 360, 360, 360, 360, 360, 
      360, 360, 360, 360, 360, 360, 360, 360, 360, 360, 360, 360, 360, 360, 
      360, 360, 360, 360, 360, 360, 360, 360, 360, 360, 360, 360, 360, 360, 
      360, 360, 360, 360, 360, 360, 360, 360, 360, 360, 360, 360, 360, 360, 
      360, 360, 360, 360, 360, 360, 360, 360, 360, 360, 360, 360, 360, 360, 
      360, 360, 360, 360, 360, 360, 360, 360, 360, 360, 360, 360, 360, 360, 
      360, 360, 360, 360, 360, 360, 360, 360, 360, 360, 360, 360, 360, 360, 
      360, 360, 360, 360, 360, 360, 360, 360, 360, 360, 360, 360, 360, 360, 
      360, 360, 360, 360, 360, 360, 360, 360, 360, 360, 360, 360, 360, 360, 
      360, 360, 360, 360, 360, 360, 360, 360, 360, 360, 360, 360, 360, 360, 
      360, 360, 360, 360, 360, 360, 360, 360, 360, 360, 360, 360, 360, 360, 
      360, 360, 360, 360, 360, 360, 360, 360, 360, 360, 360, 360, 360, 360, 
      360, 360, 360, 360, 360, 360, 360, 360, 360, 360, 360, 360, 360, 360, 
      360, 360, 360, 360, 360, 360, 360, 360, 360, 360, 360, 360, 360, 360, 
      360, 360, 360, 360, 360, 360, 360, 360, 360, 360, 360, 360, 360, 360, 
      360, 360, 360, 360, 360, 360, 360, 360, 360, 360, 360, 360, 360, 360, 
      360, 360, 360, 360, 360, 360, 360, 360, 360, 360, 360, 360, 360, 360, 
      360, 360, 360, 360, 360, 360, 360, 360, 360, 360, 360, 360, 360, 360, 
      360, 360, 360, 360, 360, 360, 360, 360, 360, 360, 360, 360, 360, 360, 
      360, 360, 360, 360, 360, 360, 360, 360, 360, 360, 360, 360, 360, 360, 
      360, 360, 360, 360, 360, 360, 360, 360, 360, 360, 360, 360, 360, 360, 
      360, 360, 360, 360, 360, 360, 360, 360, 360, 360, 360, 360, 360, 360, 
      360, 360, 360, 360, 360, 360, 360, 360, 360, 360, 360, 360, 360, 360, 
      360, 360, 360, 360, 360, 360, 360, 360, 360, 360, 360, 360, 360, 360, 
      360, 360, 360, 360, 360, 360, 360, 360, 360, 360, 360, 360, 360, 360, 
      360, 360, 360, 360, 360, 360, 360, 360, 360, 360, 360, 360, 360, 360, 
      360, 360, 360, 360, 360, 360, 360, 360, 360, 360, 360, 360, 360, 360, 
      360, 360, 360, 360, 360, 360, 360, 360, 360, 360, 360, 360, 360, 360, 
      360, 360, 360, 360, 360, 360, 360, 360, 360, 360, 360, 360, 360, 360, 
      360, 360, 360, 360, 360, 360, 360, 360, 360, 360, 360, 360, 360, 360, 
      360, 360, 360, 360, 360, 360, 360, 360, 360, 360, 360, 360, 360, 360, 
      360, 360, 360, 360, 360, 360, 360, 360, 360, 360, 360, 360, 360, 360, 
      360, 360, 360, 360, 360, 360, 360, 360, 360, 360, 360, 360, 360, 360, 
      360, 360, 360, 360, 360, 360, 360, 360, 360, 360, 360, 360, 360, 360, 
      360, 360, 360, 360, 360, 360, 360, 360, 360, 360, 360, 360, 360, 360, 
      360, 360, 360, 360, 360, 360, 360, 360, 360, 360, 360, 360, 360, 360, 
      360, 360, 360, 360, 360, 360, 360, 360, 360, 360, 360, 360, 360, 360, 
      360, 360, 360, 360, 360, 360, 360, 360, 360, 360, 360, 360, 360, 360, 
      360, 360, 360, 360, 360, 360, 360, 360, 360, 360, 360, 360, 360, 360, 
      360, 360, 360, 360, 360, 360, 360, 360, 360, 360, 360, 360, 360, 360, 
      360, 360, 360, 360, 360, 360, 360, 360, 360, 360, 360, 360, 360, 360, 
      360, 360, 360, 360, 360, 360, 360, 360, 360, 360, 360, 360, 360, 360, 
      360, 360, 360, 360, 360, 360, 360, 360, 360, 360, 360, 360, 360, 360, 
      360, 360, 360, 360, 360, 360, 360, 360, 360, 360, 360, 360, 360, 360, 
      360, 360, 360, 360, 360, 360, 360, 360, 360, 360, 360, 360, 360, 360, 
      360, 360, 360, 360, 360, 360, 360, 360, 360, 360, 360, 360, 360, 360, 
      360, 360, 360, 360, 360, 360, 360, 360, 360, 360, 360, 360, 360, 360, 
      360, 360, 360, 360, 360, 360, 360, 360, 360, 360, 360, 360, 360, 360, 
      360, 360, 360, 360, 360, 360, 360, 360, 360, 360, 360, 360, 360, 360, 
      360, 360, 360, 360, 360, 360, 360, 360, 360, 360, 360, 360, 360, 360, 
      360, 360, 360, 360, 360, 360, 360, 360, 360, 360, 360, 360, 360, 360, 
      360, 360, 360, 360, 360, 360, 360, 360, 360, 360, 360, 360, 360, 360, 
      360, 360, 360, 360, 360, 360, 360, 360, 360, 360, 360, 360, 360, 360, 
      360, 360, 360, 360, 360, 360, 360, 360, 360, 360, 360, 360, 360, 360, 
      360, 360, 360, 360, 360, 360, 360, 360, 360, 360, 360, 360, 360, 360, 
      360, 360, 360, 360, 360, 360, 360, 360, 360, 360, 360, 360, 360, 360, 
      360, 360, 360, 360, 360, 360, 360, 360, 360, 360, 360, 360, 360, 360, 
      360, 360, 360, 360, 360, 360, 360, 360, 360, 360, 360, 360, 360, 360, 
      360, 360, 360, 360, 360, 360, 360, 360, 360, 360, 360, 360, 360, 360, 
      360, 360, 360, 360, 360, 360, 360, 360, 360, 360, 360, 360, 360, 360, 
      360, 360, 360, 360, 360, 360, 360, 360, 360, 360, 360, 360, 360, 360, 
      360, 360, 360, 360, 360, 360, 360, 360, 360, 360, 360, 360, 360, 360, 
      360, 360, 360, 360, 360, 360, 360, 360, 360, 360, 360, 360, 360, 360, 
      360, 360, 360, 360, 360, 360, 360, 360, 360, 360, 360, 360, 360, 360, 
      360, 360, 360, 360, 360, 360, 360, 360, 360, 360, 360, 360, 360, 360, 
      360, 360, 360, 360, 360, 360, 360, 360, 360, 360, 360, 360, 360, 360, 
      360, 360, 360, 360, 360, 360, 360, 360, 360, 360, 360, 360, 360, 360, 
      360, 360, 360, 360, 360, 360, 360, 360, 360, 360, 360, 360, 360, 360, 
      360, 360, 360, 360, 360, 360, 360, 360, 360, 360, 360, 360, 360, 360, 
      360, 360, 360, 360, 360, 360, 360, 360, 360, 360, 360, 360, 360, 360, 
      360, 360, 360, 360, 360, 360, 360, 360, 360, 360, 360, 360, 360, 360, 
      360, 360, 360, 360, 360 ;

   MinPowerFlow = -10000, -10000, -10000, -10000, -10000, -10000, -10000, 
      -10000, -10000, -10000, -10000, -10000, -10000, -10000, -10000, -10000, 
      -10000, -10000, -10000, -10000, -10000, -10000, -10000, -10000, -10000, 
      -10000, -10000, -10000, -10000, -10000, -10000, -10000, -10000, -10000, 
      -10000, -10000, -10000, -10000, -10000, -10000, -10000, -10000, -10000, 
      -10000, -10000, -10000, -10000, -10000, -10000, -10000, -10000, -10000, 
      -10000, -10000, -10000, -10000, -10000, -10000, -10000, -10000, -10000, 
      -10000, -10000, -10000, -10000, -10000, -10000, -10000, -10000, -10000, 
      -10000, -10000, -10000, -10000, -10000, -10000, -10000, -10000, -10000, 
      -10000, -10000, -10000, -10000, -10000, -10000, -10000, -10000, -10000, 
      -10000, -10000, -10000, -10000, -10000, -10000, -10000, -10000, -10000, 
      -10000, -10000, -10000, -10000, -10000, -10000, -10000, -10000, -10000, 
      -10000, -10000, -10000, -10000, -10000, -10000, -10000, -10000, -10000, 
      -10000, -10000, -10000, -10000, -10000, -10000, -10000, -10000, -10000, 
      -10000, -10000, -10000, -10000, -10000, -10000, -10000, -10000, -10000, 
      -10000, -10000, -10000, -10000, -10000, -10000, -10000, -10000, -10000, 
      -10000, -10000, -10000, -10000, -10000, -10000, -10000, -10000, -10000, 
      -10000, -10000, -10000, -10000, -10000, -10000, -10000, -10000, -10000, 
      -10000, -10000, -10000, -10000, -10000, -10000, -10000, -10000, -10000, 
      -10000, -10000, -10000, -10000, -10000, -10000, -10000, -10000, -10000, 
      -10000, -10000, -10000, -10000, -10000, -10000, -10000, -10000, -10000, 
      -10000, -10000, -10000, -10000, -10000, -10000, -10000, -10000, -10000, 
      -10000, -10000, -10000, -10000, -10000, -10000, -10000, -10000, -10000, 
      -10000, -10000, -10000, -10000, -10000, -10000, -10000, -10000, -10000, 
      -10000, -10000, -10000, -10000, -10000, -10000, -10000, -10000, -10000, 
      -10000, -10000, -10000, -10000, -10000, -10000, -10000, -10000, -10000, 
      -10000, -10000, -10000, -10000, -10000, -10000, -10000, -10000, -10000, 
      -10000, -10000, -10000, -10000, -10000, -10000, -10000, -10000, -10000, 
      -10000, -10000, -10000, -10000, -10000, -10000, -10000, -10000, -10000, 
      -10000, -10000, -10000, -10000, -10000, -10000, -10000, -10000, -10000, 
      -10000, -10000, -10000, -10000, -10000, -10000, -10000, -10000, -10000, 
      -10000, -10000, -10000, -10000, -10000, -10000, -10000, -10000, -10000, 
      -10000, -10000, -10000, -10000, -10000, -10000, -10000, -10000, -10000, 
      -10000, -10000, -10000, -10000, -10000, -10000, -10000, -10000, -10000, 
      -10000, -10000, -10000, -10000, -10000, -10000, -10000, -10000, -10000, 
      -10000, -10000, -10000, -10000, -10000, -10000, -10000, -10000, -10000, 
      -10000, -10000, -10000, -10000, -10000, -10000, -10000, -10000, -10000, 
      -10000, -10000, -10000, -10000, -10000, -10000, -10000, -10000, -10000, 
      -10000, -10000, -10000, -10000, -10000, -10000, -10000, -10000, -10000, 
      -10000, -10000, -10000, -10000, -10000, -10000, -10000, -10000, -10000, 
      -10000, -10000, -10000, -10000, -10000, -10000, -10000, -10000, -10000, 
      -10000, -10000, -10000, -10000, -10000, -10000, -10000, -10000, -10000, 
      -10000, -10000, -10000, -10000, -10000, -10000, -10000, -10000, -10000, 
      -10000, -10000, -10000, -10000, -10000, -10000, -10000, -10000, -10000, 
      -10000, -10000, -10000, -10000, -10000, -10000, -10000, -10000, -10000, 
      -10000, -10000, -10000, -10000, -10000, -10000, -10000, -10000, -10000, 
      -10000, -10000, -10000, -10000, -10000, -10000, -10000, -10000, -10000, 
      -10000, -10000, -10000, -10000, -10000, -10000, -10000, -10000, -10000, 
      -10000, -10000, -10000, -10000, -10000, -10000, -10000, -10000, -10000, 
      -10000, -10000, -10000, -10000, -10000, -10000, -10000, -10000, -10000, 
      -10000, -10000, -10000, -10000, -10000, -10000, -10000, -10000, -10000, 
      -10000, -10000, -10000, -10000, -10000, -10000, -10000, -10000, -10000, 
      -10000, -10000, -10000, -10000, -10000, -10000, -10000, -10000, -10000, 
      -10000, -10000, -10000, -10000, -10000, -10000, -10000, -10000, -10000, 
      -10000, -10000, -10000, -10000, -10000, -10000, -10000, -10000, -10000, 
      -10000, -10000, -10000, -10000, -10000, -10000, -10000, -10000, -10000, 
      -10000, -10000, -10000, -10000, -10000, -10000, -10000, -10000, -10000, 
      -10000, -10000, -10000, -10000, -10000, -10000, -10000, -10000, -10000, 
      -10000, -10000, -10000, -10000, -10000, -10000, -10000, -10000, -10000, 
      -10000, -10000, -10000, -10000, -10000, -10000, -10000, -10000, -10000, 
      -10000, -10000, -10000, -10000, -10000, -10000, -10000, -10000, -10000, 
      -10000, -10000, -10000, -10000, -10000, -10000, -10000, -10000, -10000, 
      -10000, -10000, -10000, -10000, -10000, -10000, -10000, -10000, -10000, 
      -10000, -10000, -10000, -10000, -10000, -10000, -10000, -10000, -10000, 
      -10000, -10000, -10000, -10000, -10000, -10000, -10000, -10000, -10000, 
      -10000, -10000, -10000, -10000, -10000, -10000, -10000, -10000, -10000, 
      -10000, -10000, -10000, -10000, -10000, -10000, -10000, -10000, -10000, 
      -10000, -10000, -10000, -10000, -10000, -10000, -10000, -10000, -10000, 
      -10000, -10000, -10000, -10000, -10000, -10000, -10000, -10000, -10000, 
      -10000, -10000, -10000, -10000, -10000, -10000, -10000, -10000, -10000, 
      -10000, -10000, -10000, -10000, -10000, -10000, -10000, -10000, -10000, 
      -10000, -10000, -10000, -10000, -10000, -10000, -10000, -10000, -10000, 
      -10000, -10000, -10000, -10000, -10000, -10000, -10000, -10000, -10000, 
      -10000, -10000, -10000, -10000, -10000, -10000, -10000, -10000, -10000, 
      -10000, -10000, -10000, -10000, -10000, -10000, -10000, -10000, -10000, 
      -10000, -10000, -10000, -10000, -10000, -10000, -10000, -10000, -10000, 
      -10000, -10000, -10000, -10000, -10000, -10000, -10000, -10000, -10000, 
      -10000, -10000, -10000, -10000, -10000, -10000, -10000, -10000, -10000, 
      -10000, -10000, -10000, -10000, -10000, -10000, -10000, -10000, -10000, 
      -10000, -10000, -10000, -10000, -10000, -10000, -10000, -10000, -10000, 
      -10000, -10000, -10000, -10000, -10000, -10000, -10000, -10000, -10000, 
      -10000, -10000, -10000, -10000, -10000, -10000, -10000, -10000, -10000, 
      -10000, -10000, -10000, -10000, -10000, -10000, -10000, -10000, -10000, 
      -10000, -10000, -10000, -10000, -10000, -10000, -10000, -10000, -10000, 
      -10000, -10000, -10000, -10000, -10000, -10000, -10000, -10000, -10000, 
      -10000, -10000, -10000, -10000, -10000, -10000, -10000, -10000, -10000, 
      -10000, -10000, -10000, -10000, -10000, -10000, -10000, -10000, -10000, 
      -10000, -10000, -10000, -10000, -10000, -10000, -10000, -10000, -10000, 
      -10000, -10000, -10000, -10000, -10000, -10000, -10000, -10000, -10000, 
      -10000, -10000, -10000, -10000, -10000, -10000, -10000, -10000, -10000, 
      -10000, -10000, -10000, -10000, -10000, -10000, -10000, -10000, -10000, 
      -10000, -10000, -10000, -10000, -10000, -10000, -10000, -10000, -10000, 
      -10000, -10000, -10000, -10000, -10000, -10000, -10000, -10000, -10000, 
      -10000, -10000, -10000, -10000, -10000, -10000, -10000, -10000, -10000, 
      -10000, -10000, -10000, -10000, -10000, -10000, -10000, -10000, -10000, 
      -10000, -10000, -10000, -10000, -10000, -10000, -10000, -10000, -10000, 
      -10000, -10000, -10000, -10000, -10000, -10000, -10000, -10000, -10000, 
      -10000, -10000, -10000, -10000, -10000, -10000, -10000, -10000, -10000, 
      -10000, -10000, -10000, -10000, -10000, -10000, -10000, -10000, -10000, 
      -10000, -10000, -10000, -10000, -10000, -10000, -10000, -10000, -10000, 
      -10000, -10000, -10000, -10000, -10000, -10000, -10000, -10000, -10000, 
      -10000, -10000, -10000, -10000, -10000, -10000, -10000, -10000, -10000, 
      -10000, -10000, -10000, -10000, -10000, -10000, -10000, -10000, -10000, 
      -10000, -10000, -10000, -10000, -10000, -10000, -10000, -10000, -10000, 
      -10000, -10000, -10000, -10000, -10000, -10000, -10000, -10000, -10000, 
      -10000, -10000, -10000, -10000, -10000, -10000, -10000, -10000, -10000, 
      -10000, -10000, -10000, -10000, -10000, -10000, -10000, -10000, -10000, 
      -10000, -10000, -10000, -10000, -10000, -10000, -10000, -10000, -10000, 
      -10000, -10000, -10000, -10000, -10000, -10000, -10000, -10000, -10000, 
      -10000, -10000, -10000, -10000, -10000, -10000, -10000, -10000, -10000, 
      -10000, -10000, -10000, -10000, -10000, -10000, -10000, -10000, -10000, 
      -10000, -10000, -10000, -10000, -10000, -10000, -10000, -10000, -10000, 
      -10000, -10000, -10000, -10000, -10000, -10000, -10000, -10000, -10000, 
      -10000, -10000, -10000, -10000, -10000, -10000, -10000, -10000, -10000, 
      -10000, -10000, -10000, -10000, -10000, -10000, -10000, -10000, -10000, 
      -10000, -10000, -10000, -10000, -10000, -10000, -10000, -10000, -10000, 
      -10000, -10000, -10000, -10000, -10000, -10000, -10000, -10000, -10000, 
      -10000, -10000, -10000, -10000, -10000, -10000, -10000, -10000, -10000, 
      -10000, -10000, -10000, -10000, -10000, -10000, -10000, -10000, -10000, 
      -10000, -10000, -10000, -10000, -10000, -10000, -10000, -10000, -10000, 
      -10000, -10000, -10000, -10000, -10000, -10000, -10000, -10000, -10000, 
      -10000, -10000, -10000, -10000, -10000, -10000, -10000, -10000, -10000, 
      -10000, -10000, -10000, -10000, -10000, -10000, -10000, -10000, -10000, 
      -10000, -10000, -10000, -10000, -10000, -10000, -10000, -10000, -10000, 
      -10000, -10000, -10000, -10000, -10000, -10000, -10000, -10000, -10000, 
      -10000, -10000, -10000, -10000, -10000, -10000, -10000, -10000, -10000, 
      -10000, -10000, -10000, -10000, -10000, -10000, -10000, -10000, -10000, 
      -10000, -10000, -10000, -10000, -10000, -10000, -10000, -10000, -10000, 
      -10000, -10000, -10000, -10000, -10000, -10000, -10000, -10000, -10000, 
      -10000, -10000, -10000, -10000, -10000, -10000, -10000, -10000, -10000, 
      -10000, -10000, -10000, -10000, -10000, -10000, -10000, -10000, -10000, 
      -10000, -10000, -10000, -10000, -10000, -10000, -10000, -10000, -10000, 
      -10000, -10000, -10000, -10000, -10000, -10000, -10000, -10000, -10000, 
      -10000, -10000, -10000, -10000, -10000, -10000, -10000, -10000, -10000, 
      -10000, -10000, -10000, -10000, -10000, -10000, -10000, -10000, -10000, 
      -10000, -10000, -10000, -10000, -10000, -10000, -10000, -10000, -10000, 
      -10000, -10000, -10000, -10000, -10000, -10000, -10000, -10000, -10000, 
      -10000, -10000, -10000, -10000, -10000, -10000, -10000, -10000, -10000, 
      -10000, -10000, -10000, -10000, -10000, -10000, -10000, -10000, -10000, 
      -10000, -10000, -10000, -10000, -10000, -10000, -10000, -10000, -10000, 
      -10000, -10000, -10000, -10000, -10000, -10000, -10000, -10000, -10000, 
      -10000, -10000, -10000, -10000, -10000, -10000, -10000, -10000, -10000, 
      -10000, -10000, -10000, -10000, -10000, -10000, -10000, -10000, -10000, 
      -10000, -10000, -10000, -10000, -10000, -10000, -10000, -10000, -10000, 
      -10000, -10000, -10000, -10000, -10000, -10000, -10000, -10000, -10000, 
      -10000, -10000, -10000, -10000, -10000, -10000, -10000, -10000, -10000, 
      -10000, -10000, -10000, -10000, -10000, -10000, -10000, -10000, -10000, 
      -10000, -10000, -10000, -10000, -10000, -10000, -10000, -10000, -10000, 
      -10000, -10000, -10000, -10000, -10000, -10000, -10000, -10000, -10000, 
      -10000, -10000, -10000, -10000, -10000, -10000, -10000, -10000, -10000, 
      -10000, -10000, -10000, -10000, -10000, -10000, -10000, -10000, -10000, 
      -10000, -10000, -10000, -10000, -10000, -10000, -10000, -10000, -10000, 
      -10000, -10000, -10000, -10000, -10000, -10000, -10000, -10000, -10000, 
      -10000, -10000, -10000, -10000, -10000, -10000, -10000, -10000, -10000, 
      -10000, -10000, -10000, -10000, -10000, -10000, -10000, -10000, -10000, 
      -10000, -10000, -10000, -10000, -10000, -10000, -10000, -10000, -10000, 
      -10000, -10000, -10000, -10000, -10000, -10000, -10000, -10000, -10000, 
      -10000, -10000, -10000, -10000, -10000, -10000, -10000, -10000, -10000, 
      -10000, -10000, -10000, -10000, -10000, -10000, -10000, -10000, -10000, 
      -10000, -10000, -10000, -10000, -10000, -10000, -10000, -10000, -10000, 
      -10000, -10000, -10000, -10000, -10000, -10000, -10000, -10000, -10000, 
      -10000, -10000, -10000, -10000, -10000, -10000, -10000, -10000, -10000, 
      -10000, -10000, -10000, -10000, -10000, -10000, -10000, -10000, -10000, 
      -10000, -10000, -10000, -10000, -10000, -10000, -10000, -10000, -10000, 
      -10000, -10000, -10000, -10000, -10000, -10000, -10000, -10000, -10000, 
      -10000, -10000, -10000, -10000, -10000, -10000, -10000, -10000, -10000, 
      -10000, -10000, -10000, -10000, -10000, -10000, -10000, -10000, -10000, 
      -10000, -10000, -10000, -10000, -10000, -10000, -10000, -10000, -10000, 
      -10000, -10000, -10000, -10000, -10000, -10000, -10000, -10000, -10000, 
      -10000, -10000, -10000, -10000, -10000, -10000, -10000, -10000, -10000, 
      -10000, -10000, -10000, -10000, -10000, -10000, -10000, -10000, -10000, 
      -10000, -10000, -10000, -10000, -10000, -10000, -10000, -10000, -10000, 
      -10000, -10000, -10000, -10000, -10000, -10000, -10000, -10000, -10000, 
      -10000, -10000, -10000, -10000, -10000, -10000, -10000, -10000, -10000, 
      -10000, -10000, -10000, -10000, -10000, -10000, -10000, -10000, -10000, 
      -10000, -10000, -10000, -10000, -10000, -10000, -10000, -10000, -10000, 
      -10000, -10000, -10000, -10000, -10000, -10000, -10000, -10000, -10000, 
      -10000, -10000, -10000, -10000, -10000, -10000, -10000, -10000, -10000, 
      -10000, -10000, -10000, -10000, -10000, -10000, -10000, -10000, -10000, 
      -10000, -10000, -10000, -10000, -10000, -10000, -10000, -10000, -10000, 
      -10000, -10000, -10000, -10000, -10000, -10000, -10000, -10000, -10000, 
      -10000, -10000, -10000, -10000, -10000, -10000, -10000, -10000, -10000, 
      -10000, -10000, -10000, -10000, -10000, -10000, -10000, -10000, -10000, 
      -10000, -10000, -10000, -10000, -10000, -10000, -10000, -10000, -10000, 
      -10000, -10000, -10000, -10000, -10000, -10000, -10000, -10000, -10000, 
      -10000, -10000, -10000, -10000, -10000, -10000, -10000, -10000, -10000, 
      -10000, -10000, -10000, -10000, -10000, -10000, -10000, -10000, -10000, 
      -10000, -10000, -10000, -10000, -10000, -10000, -10000, -10000, -10000, 
      -10000, -10000, -10000, -10000, -10000, -10000, -10000, -10000, -10000, 
      -10000, -10000, -10000, -10000, -10000, -10000, -10000, -10000, -10000, 
      -10000, -10000, -10000, -10000, -10000, -10000, -10000, -10000, -10000, 
      -10000, -10000, -10000, -10000, -10000, -10000, -10000, -10000, -10000, 
      -10000, -10000, -10000, -10000, -10000, -10000, -10000, -10000, -10000, 
      -10000, -10000, -10000, -10000, -10000, -10000, -10000, -10000, -10000, 
      -10000, -10000, -10000, -10000, -10000, -10000, -10000, -10000, -10000, 
      -10000, -10000, -10000, -10000, -10000, -10000, -10000, -10000, -10000, 
      -10000, -10000, -10000, -10000, -10000, -10000, -10000, -10000, -10000, 
      -10000, -10000, -10000, -10000, -10000, -10000, -10000, -10000, -10000, 
      -10000, -10000, -10000, -10000, -10000, -10000, -10000, -10000, -10000, 
      -10000, -10000, -10000, -10000, -10000, -10000, -10000, -10000, -10000, 
      -10000, -10000, -10000, -10000, -10000, -10000, -10000, -10000, -10000, 
      -10000, -10000, -10000, -10000, -10000, -10000, -10000, -10000, -10000, 
      -10000, -10000, -10000, -10000, -10000, -10000, -10000, -10000, -10000, 
      -10000, -10000, -10000, -10000, -10000, -10000, -10000, -10000, -10000, 
      -10000, -10000, -10000, -10000, -10000, -10000, -10000, -10000, -10000, 
      -10000, -10000, -10000, -10000, -10000, -10000, -10000, -10000, -10000, 
      -10000, -10000, -10000, -10000, -10000, -10000, -10000, -10000, -10000, 
      -10000, -10000, -10000, -10000, -10000, -10000, -10000, -10000, -10000, 
      -10000, -10000, -10000, -10000, -10000, -10000, -10000, -10000, -10000, 
      -10000, -10000, -10000, -10000, -10000, -10000, -10000, -10000, -10000, 
      -10000, -10000, -10000, -10000, -10000, -10000, -10000, -10000, -10000, 
      -10000, -10000, -10000, -10000, -10000, -10000, -10000, -10000, -10000, 
      -10000, -10000, -10000, -10000, -10000, -10000, -10000, -10000, -10000, 
      -10000, -10000, -10000, -10000, -10000, -10000, -10000, -10000, -10000, 
      -10000, -10000, -10000, -10000, -10000, -10000, -10000, -10000, -10000, 
      -10000, -10000, -10000, -10000, -10000, -10000, -10000, -10000, -10000, 
      -10000, -10000, -10000, -10000, -10000, -10000, -10000, -10000, -10000, 
      -10000, -10000, -10000, -10000, -10000, -10000, -10000, -10000, -10000, 
      -10000, -10000, -10000, -10000, -10000, -10000, -10000, -10000, -10000, 
      -10000, -10000, -10000, -10000, -10000, -10000, -10000, -10000, -10000, 
      -10000, -10000, -10000, -10000, -10000, -10000, -10000, -10000, -10000, 
      -10000, -10000, -10000, -10000 ;

   MaxPowerFlow = 10000, 10000, 10000, 10000, 10000, 10000, 10000, 10000, 
      10000, 10000, 10000, 10000, 10000, 10000, 10000, 10000, 10000, 10000, 
      10000, 10000, 10000, 10000, 10000, 10000, 10000, 10000, 10000, 10000, 
      10000, 10000, 10000, 10000, 10000, 10000, 10000, 10000, 10000, 10000, 
      10000, 10000, 10000, 10000, 10000, 10000, 10000, 10000, 10000, 10000, 
      10000, 10000, 10000, 10000, 10000, 10000, 10000, 10000, 10000, 10000, 
      10000, 10000, 10000, 10000, 10000, 10000, 10000, 10000, 10000, 10000, 
      10000, 10000, 10000, 10000, 10000, 10000, 10000, 10000, 10000, 10000, 
      10000, 10000, 10000, 10000, 10000, 10000, 10000, 10000, 10000, 10000, 
      10000, 10000, 10000, 10000, 10000, 10000, 10000, 10000, 10000, 10000, 
      10000, 10000, 10000, 10000, 10000, 10000, 10000, 10000, 10000, 10000, 
      10000, 10000, 10000, 10000, 10000, 10000, 10000, 10000, 10000, 10000, 
      10000, 10000, 10000, 10000, 10000, 10000, 10000, 10000, 10000, 10000, 
      10000, 10000, 10000, 10000, 10000, 10000, 10000, 10000, 10000, 10000, 
      10000, 10000, 10000, 10000, 10000, 10000, 10000, 10000, 10000, 10000, 
      10000, 10000, 10000, 10000, 10000, 10000, 10000, 10000, 10000, 10000, 
      10000, 10000, 10000, 10000, 10000, 10000, 10000, 10000, 10000, 10000, 
      10000, 10000, 10000, 10000, 10000, 10000, 10000, 10000, 10000, 10000, 
      10000, 10000, 10000, 10000, 10000, 10000, 10000, 10000, 10000, 10000, 
      10000, 10000, 10000, 10000, 10000, 10000, 10000, 10000, 10000, 10000, 
      10000, 10000, 10000, 10000, 10000, 10000, 10000, 10000, 10000, 10000, 
      10000, 10000, 10000, 10000, 10000, 10000, 10000, 10000, 10000, 10000, 
      10000, 10000, 10000, 10000, 10000, 10000, 10000, 10000, 10000, 10000, 
      10000, 10000, 10000, 10000, 10000, 10000, 10000, 10000, 10000, 10000, 
      10000, 10000, 10000, 10000, 10000, 10000, 10000, 10000, 10000, 10000, 
      10000, 10000, 10000, 10000, 10000, 10000, 10000, 10000, 10000, 10000, 
      10000, 10000, 10000, 10000, 10000, 10000, 10000, 10000, 10000, 10000, 
      10000, 10000, 10000, 10000, 10000, 10000, 10000, 10000, 10000, 10000, 
      10000, 10000, 10000, 10000, 10000, 10000, 10000, 10000, 10000, 10000, 
      10000, 10000, 10000, 10000, 10000, 10000, 10000, 10000, 10000, 10000, 
      10000, 10000, 10000, 10000, 10000, 10000, 10000, 10000, 10000, 10000, 
      10000, 10000, 10000, 10000, 10000, 10000, 10000, 10000, 10000, 10000, 
      10000, 10000, 10000, 10000, 10000, 10000, 10000, 10000, 10000, 10000, 
      10000, 10000, 10000, 10000, 10000, 10000, 10000, 10000, 10000, 10000, 
      10000, 10000, 10000, 10000, 10000, 10000, 10000, 10000, 10000, 10000, 
      10000, 10000, 10000, 10000, 10000, 10000, 10000, 10000, 10000, 10000, 
      10000, 10000, 10000, 10000, 10000, 10000, 10000, 10000, 10000, 10000, 
      10000, 10000, 10000, 10000, 10000, 10000, 10000, 10000, 10000, 10000, 
      10000, 10000, 10000, 10000, 10000, 10000, 10000, 10000, 10000, 10000, 
      10000, 10000, 10000, 10000, 10000, 10000, 10000, 10000, 10000, 10000, 
      10000, 10000, 10000, 10000, 10000, 10000, 10000, 10000, 10000, 10000, 
      10000, 10000, 10000, 10000, 10000, 10000, 10000, 10000, 10000, 10000, 
      10000, 10000, 10000, 10000, 10000, 10000, 10000, 10000, 10000, 10000, 
      10000, 10000, 10000, 10000, 10000, 10000, 10000, 10000, 10000, 10000, 
      10000, 10000, 10000, 10000, 10000, 10000, 10000, 10000, 10000, 10000, 
      10000, 10000, 10000, 10000, 10000, 10000, 10000, 10000, 10000, 10000, 
      10000, 10000, 10000, 10000, 10000, 10000, 10000, 10000, 10000, 10000, 
      10000, 10000, 10000, 10000, 10000, 10000, 10000, 10000, 10000, 10000, 
      10000, 10000, 10000, 10000, 10000, 10000, 10000, 10000, 10000, 10000, 
      10000, 10000, 10000, 10000, 10000, 10000, 10000, 10000, 10000, 10000, 
      10000, 10000, 10000, 10000, 10000, 10000, 10000, 10000, 10000, 10000, 
      10000, 10000, 10000, 10000, 10000, 10000, 10000, 10000, 10000, 10000, 
      10000, 10000, 10000, 10000, 10000, 10000, 10000, 10000, 10000, 10000, 
      10000, 10000, 10000, 10000, 10000, 10000, 10000, 10000, 10000, 10000, 
      10000, 10000, 10000, 10000, 10000, 10000, 10000, 10000, 10000, 10000, 
      10000, 10000, 10000, 10000, 10000, 10000, 10000, 10000, 10000, 10000, 
      10000, 10000, 10000, 10000, 10000, 10000, 10000, 10000, 10000, 10000, 
      10000, 10000, 10000, 10000, 10000, 10000, 10000, 10000, 10000, 10000, 
      10000, 10000, 10000, 10000, 10000, 10000, 10000, 10000, 10000, 10000, 
      10000, 10000, 10000, 10000, 10000, 10000, 10000, 10000, 10000, 10000, 
      10000, 10000, 10000, 10000, 10000, 10000, 10000, 10000, 10000, 10000, 
      10000, 10000, 10000, 10000, 10000, 10000, 10000, 10000, 10000, 10000, 
      10000, 10000, 10000, 10000, 10000, 10000, 10000, 10000, 10000, 10000, 
      10000, 10000, 10000, 10000, 10000, 10000, 10000, 10000, 10000, 10000, 
      10000, 10000, 10000, 10000, 10000, 10000, 10000, 10000, 10000, 10000, 
      10000, 10000, 10000, 10000, 10000, 10000, 10000, 10000, 10000, 10000, 
      10000, 10000, 10000, 10000, 10000, 10000, 10000, 10000, 10000, 10000, 
      10000, 10000, 10000, 10000, 10000, 10000, 10000, 10000, 10000, 10000, 
      10000, 10000, 10000, 10000, 10000, 10000, 10000, 10000, 10000, 10000, 
      10000, 10000, 10000, 10000, 10000, 10000, 10000, 10000, 10000, 10000, 
      10000, 10000, 10000, 10000, 10000, 10000, 10000, 10000, 10000, 10000, 
      10000, 10000, 10000, 10000, 10000, 10000, 10000, 10000, 10000, 10000, 
      10000, 10000, 10000, 10000, 10000, 10000, 10000, 10000, 10000, 10000, 
      10000, 10000, 10000, 10000, 10000, 10000, 10000, 10000, 10000, 10000, 
      10000, 10000, 10000, 10000, 10000, 10000, 10000, 10000, 10000, 10000, 
      10000, 10000, 10000, 10000, 10000, 10000, 10000, 10000, 10000, 10000, 
      10000, 10000, 10000, 10000, 10000, 10000, 10000, 10000, 10000, 10000, 
      10000, 10000, 10000, 10000, 10000, 10000, 10000, 10000, 10000, 10000, 
      10000, 10000, 10000, 10000, 10000, 10000, 10000, 10000, 10000, 10000, 
      10000, 10000, 10000, 10000, 10000, 10000, 10000, 10000, 10000, 10000, 
      10000, 10000, 10000, 10000, 10000, 10000, 10000, 10000, 10000, 10000, 
      10000, 10000, 10000, 10000, 10000, 10000, 10000, 10000, 10000, 10000, 
      10000, 10000, 10000, 10000, 10000, 10000, 10000, 10000, 10000, 10000, 
      10000, 10000, 10000, 10000, 10000, 10000, 10000, 10000, 10000, 10000, 
      10000, 10000, 10000, 10000, 10000, 10000, 10000, 10000, 10000, 10000, 
      10000, 10000, 10000, 10000, 10000, 10000, 10000, 10000, 10000, 10000, 
      10000, 10000, 10000, 10000, 10000, 10000, 10000, 10000, 10000, 10000, 
      10000, 10000, 10000, 10000, 10000, 10000, 10000, 10000, 10000, 10000, 
      10000, 10000, 10000, 10000, 10000, 10000, 10000, 10000, 10000, 10000, 
      10000, 10000, 10000, 10000, 10000, 10000, 10000, 10000, 10000, 10000, 
      10000, 10000, 10000, 10000, 10000, 10000, 10000, 10000, 10000, 10000, 
      10000, 10000, 10000, 10000, 10000, 10000, 10000, 10000, 10000, 10000, 
      10000, 10000, 10000, 10000, 10000, 10000, 10000, 10000, 10000, 10000, 
      10000, 10000, 10000, 10000, 10000, 10000, 10000, 10000, 10000, 10000, 
      10000, 10000, 10000, 10000, 10000, 10000, 10000, 10000, 10000, 10000, 
      10000, 10000, 10000, 10000, 10000, 10000, 10000, 10000, 10000, 10000, 
      10000, 10000, 10000, 10000, 10000, 10000, 10000, 10000, 10000, 10000, 
      10000, 10000, 10000, 10000, 10000, 10000, 10000, 10000, 10000, 10000, 
      10000, 10000, 10000, 10000, 10000, 10000, 10000, 10000, 10000, 10000, 
      10000, 10000, 10000, 10000, 10000, 10000, 10000, 10000, 10000, 10000, 
      10000, 10000, 10000, 10000, 10000, 10000, 10000, 10000, 10000, 10000, 
      10000, 10000, 10000, 10000, 10000, 10000, 10000, 10000, 10000, 10000, 
      10000, 10000, 10000, 10000, 10000, 10000, 10000, 10000, 10000, 10000, 
      10000, 10000, 10000, 10000, 10000, 10000, 10000, 10000, 10000, 10000, 
      10000, 10000, 10000, 10000, 10000, 10000, 10000, 10000, 10000, 10000, 
      10000, 10000, 10000, 10000, 10000, 10000, 10000, 10000, 10000, 10000, 
      10000, 10000, 10000, 10000, 10000, 10000, 10000, 10000, 10000, 10000, 
      10000, 10000, 10000, 10000, 10000, 10000, 10000, 10000, 10000, 10000, 
      10000, 10000, 10000, 10000, 10000, 10000, 10000, 10000, 10000, 10000, 
      10000, 10000, 10000, 10000, 10000, 10000, 10000, 10000, 10000, 10000, 
      10000, 10000, 10000, 10000, 10000, 10000, 10000, 10000, 10000, 10000, 
      10000, 10000, 10000, 10000, 10000, 10000, 10000, 10000, 10000, 10000, 
      10000, 10000, 10000, 10000, 10000, 10000, 10000, 10000, 10000, 10000, 
      10000, 10000, 10000, 10000, 10000, 10000, 10000, 10000, 10000, 10000, 
      10000, 10000, 10000, 10000, 10000, 10000, 10000, 10000, 10000, 10000, 
      10000, 10000, 10000, 10000, 10000, 10000, 10000, 10000, 10000, 10000, 
      10000, 10000, 10000, 10000, 10000, 10000, 10000, 10000, 10000, 10000, 
      10000, 10000, 10000, 10000, 10000, 10000, 10000, 10000, 10000, 10000, 
      10000, 10000, 10000, 10000, 10000, 10000, 10000, 10000, 10000, 10000, 
      10000, 10000, 10000, 10000, 10000, 10000, 10000, 10000, 10000, 10000, 
      10000, 10000, 10000, 10000, 10000, 10000, 10000, 10000, 10000, 10000, 
      10000, 10000, 10000, 10000, 10000, 10000, 10000, 10000, 10000, 10000, 
      10000, 10000, 10000, 10000, 10000, 10000, 10000, 10000, 10000, 10000, 
      10000, 10000, 10000, 10000, 10000, 10000, 10000, 10000, 10000, 10000, 
      10000, 10000, 10000, 10000, 10000, 10000, 10000, 10000, 10000, 10000, 
      10000, 10000, 10000, 10000, 10000, 10000, 10000, 10000, 10000, 10000, 
      10000, 10000, 10000, 10000, 10000, 10000, 10000, 10000, 10000, 10000, 
      10000, 10000, 10000, 10000, 10000, 10000, 10000, 10000, 10000, 10000, 
      10000, 10000, 10000, 10000, 10000, 10000, 10000, 10000, 10000, 10000, 
      10000, 10000, 10000, 10000, 10000, 10000, 10000, 10000, 10000, 10000, 
      10000, 10000, 10000, 10000, 10000, 10000, 10000, 10000, 10000, 10000, 
      10000, 10000, 10000, 10000, 10000, 10000, 10000, 10000, 10000, 10000, 
      10000, 10000, 10000, 10000, 10000, 10000, 10000, 10000, 10000, 10000, 
      10000, 10000, 10000, 10000, 10000, 10000, 10000, 10000, 10000, 10000, 
      10000, 10000, 10000, 10000, 10000, 10000, 10000, 10000, 10000, 10000, 
      10000, 10000, 10000, 10000, 10000, 10000, 10000, 10000, 10000, 10000, 
      10000, 10000, 10000, 10000, 10000, 10000, 10000, 10000, 10000, 10000, 
      10000, 10000, 10000, 10000, 10000, 10000, 10000, 10000, 10000, 10000, 
      10000, 10000, 10000, 10000, 10000, 10000, 10000, 10000, 10000, 10000, 
      10000, 10000, 10000, 10000, 10000, 10000, 10000, 10000, 10000, 10000, 
      10000, 10000, 10000, 10000, 10000, 10000, 10000, 10000, 10000, 10000, 
      10000, 10000, 10000, 10000, 10000, 10000, 10000, 10000, 10000, 10000, 
      10000, 10000, 10000, 10000, 10000, 10000, 10000, 10000, 10000, 10000, 
      10000, 10000, 10000, 10000, 10000, 10000, 10000, 10000, 10000, 10000, 
      10000, 10000, 10000, 10000, 10000, 10000, 10000, 10000, 10000, 10000, 
      10000, 10000, 10000, 10000, 10000, 10000, 10000, 10000, 10000, 10000, 
      10000, 10000, 10000, 10000, 10000, 10000, 10000, 10000, 10000, 10000, 
      10000, 10000, 10000, 10000, 10000, 10000, 10000, 10000, 10000, 10000, 
      10000, 10000, 10000, 10000, 10000, 10000, 10000, 10000, 10000, 10000, 
      10000, 10000, 10000, 10000, 10000, 10000, 10000, 10000, 10000, 10000, 
      10000, 10000, 10000, 10000, 10000, 10000, 10000, 10000, 10000, 10000, 
      10000, 10000, 10000, 10000, 10000, 10000, 10000, 10000, 10000, 10000, 
      10000, 10000, 10000, 10000, 10000, 10000, 10000, 10000, 10000, 10000, 
      10000, 10000, 10000, 10000, 10000, 10000, 10000, 10000, 10000, 10000, 
      10000, 10000, 10000, 10000, 10000, 10000, 10000, 10000, 10000, 10000, 
      10000, 10000, 10000, 10000, 10000, 10000, 10000, 10000, 10000, 10000, 
      10000, 10000, 10000, 10000, 10000, 10000, 10000, 10000, 10000, 10000, 
      10000, 10000, 10000, 10000, 10000, 10000, 10000, 10000, 10000, 10000, 
      10000, 10000, 10000, 10000, 10000, 10000, 10000, 10000, 10000, 10000, 
      10000, 10000, 10000, 10000, 10000, 10000, 10000, 10000, 10000, 10000, 
      10000, 10000, 10000, 10000, 10000, 10000, 10000, 10000, 10000, 10000, 
      10000, 10000, 10000, 10000, 10000, 10000, 10000, 10000, 10000, 10000, 
      10000, 10000, 10000, 10000, 10000, 10000, 10000, 10000, 10000, 10000, 
      10000, 10000, 10000, 10000, 10000, 10000, 10000, 10000, 10000, 10000, 
      10000, 10000, 10000, 10000, 10000, 10000, 10000, 10000, 10000, 10000, 
      10000, 10000, 10000, 10000, 10000, 10000, 10000, 10000, 10000, 10000, 
      10000, 10000, 10000, 10000, 10000, 10000, 10000, 10000, 10000, 10000, 
      10000, 10000, 10000, 10000, 10000, 10000, 10000, 10000, 10000, 10000, 
      10000, 10000, 10000, 10000, 10000, 10000, 10000, 10000, 10000, 10000, 
      10000, 10000, 10000, 10000, 10000, 10000, 10000, 10000, 10000, 10000, 
      10000, 10000, 10000, 10000, 10000, 10000, 10000, 10000, 10000, 10000, 
      10000, 10000, 10000, 10000, 10000, 10000, 10000, 10000, 10000, 10000, 
      10000, 10000, 10000, 10000, 10000, 10000, 10000, 10000, 10000, 10000, 
      10000, 10000, 10000, 10000, 10000, 10000, 10000, 10000, 10000, 10000, 
      10000, 10000, 10000, 10000, 10000, 10000, 10000, 10000, 10000, 10000, 
      10000, 10000, 10000, 10000, 10000, 10000, 10000, 10000, 10000, 10000, 
      10000, 10000, 10000, 10000, 10000, 10000, 10000, 10000, 10000, 10000, 
      10000, 10000, 10000, 10000, 10000, 10000, 10000, 10000, 10000, 10000, 
      10000, 10000, 10000, 10000, 10000, 10000, 10000, 10000, 10000, 10000, 
      10000, 10000, 10000, 10000, 10000, 10000, 10000, 10000, 10000, 10000, 
      10000, 10000, 10000, 10000, 10000, 10000, 10000, 10000, 10000, 10000, 
      10000, 10000, 10000, 10000, 10000, 10000, 10000, 10000, 10000, 10000, 
      10000, 10000, 10000, 10000, 10000, 10000, 10000, 10000, 10000, 10000, 
      10000, 10000, 10000, 10000, 10000, 10000, 10000, 10000, 10000, 10000, 
      10000, 10000, 10000, 10000, 10000, 10000, 10000, 10000, 10000, 10000, 
      10000, 10000, 10000, 10000, 10000, 10000, 10000, 10000, 10000, 10000, 
      10000, 10000, 10000, 10000, 10000, 10000, 10000, 10000, 10000, 10000, 
      10000, 10000, 10000, 10000, 10000, 10000, 10000, 10000, 10000, 10000, 
      10000, 10000, 10000, 10000, 10000, 10000, 10000, 10000, 10000, 10000, 
      10000, 10000, 10000, 10000, 10000, 10000, 10000, 10000, 10000, 10000, 
      10000, 10000, 10000, 10000, 10000, 10000, 10000, 10000, 10000, 10000, 
      10000, 10000, 10000, 10000, 10000, 10000, 10000, 10000, 10000, 10000, 
      10000, 10000, 10000, 10000, 10000, 10000, 10000, 10000, 10000, 10000, 
      10000, 10000, 10000, 10000, 10000, 10000, 10000, 10000, 10000, 10000, 
      10000, 10000, 10000, 10000, 10000, 10000, 10000, 10000, 10000, 10000, 
      10000, 10000, 10000, 10000, 10000, 10000, 10000, 10000, 10000, 10000, 
      10000, 10000, 10000, 10000, 10000, 10000, 10000, 10000, 10000, 10000, 
      10000, 10000, 10000, 10000, 10000, 10000, 10000, 10000, 10000, 10000, 
      10000, 10000, 10000, 10000, 10000, 10000, 10000, 10000, 10000, 10000, 
      10000, 10000, 10000 ;

  group: UnitBlock_0 {
    dimensions:
    	NumberCostCoeffs = 3 ;
    variables:
    	double InitialPower ;
    	double InitialReactivePower ;
    	double MaxReactivePower(TimeHorizon) ;
    	double MinReactivePower(TimeHorizon) ;
    	double VoltageMagnitude(TimeHorizon) ;
    	double MaxPower(TimeHorizon) ;
    	double MinPower(TimeHorizon) ;
    	uint CostModel ;
    	double StartupCost ;
    	double PowerCostCoeffs(NumberCostCoeffs) ;
    	double LinearTerm ;
    	double MinUpTime ;
    	double MinDownTime ;
    	double InitUpDownTime ;
    	double InertiaCommitment ;

    // group attributes:
    		:type = "ThermalUnitBlock" ;
    data:

     InitialPower = 861.3 ;

     InitialReactivePower = 56.53 ;

     MaxReactivePower = 440.32 ;

     MinReactivePower = -172.59 ;

     VoltageMagnitude = 1.081537 ;

     MaxPower = 1000 ;

     MinPower = 333.33 ;

     CostModel = 1 ;

     StartupCost = 0 ;

     PowerCostCoeffs = 0, 1, 0 ;

     LinearTerm = 1 ;

     MinUpTime = 1 ;

     MinDownTime = 1 ;

     InitUpDownTime = 1 ;

     InertiaCommitment = 1 ;
    } // group UnitBlock_0

  group: UnitBlock_1 {
    dimensions:
    	NumberCostCoeffs = 3 ;
    variables:
    	double InitialPower ;
    	double InitialReactivePower ;
    	double MaxReactivePower(TimeHorizon) ;
    	double MinReactivePower(TimeHorizon) ;
    	double VoltageMagnitude(TimeHorizon) ;
    	double MaxPower(TimeHorizon) ;
    	double MinPower(TimeHorizon) ;
    	uint CostModel ;
    	double StartupCost ;
    	double PowerCostCoeffs(NumberCostCoeffs) ;
    	double LinearTerm ;
    	double MinUpTime ;
    	double MinDownTime ;
    	double InitUpDownTime ;
    	double InertiaCommitment ;

    // group attributes:
    		:type = "ThermalUnitBlock" ;
    data:

     InitialPower = 67.29 ;

     InitialReactivePower = -7.99 ;

     MaxReactivePower = 77.09 ;

     MinReactivePower = -22.54 ;

     VoltageMagnitude = 1.062805 ;

     MaxPower = 160 ;

     MinPower = 0 ;

     CostModel = 1 ;

     StartupCost = 0 ;

     PowerCostCoeffs = 0, 1, 0 ;

     LinearTerm = 1 ;

     MinUpTime = 1 ;

     MinDownTime = 1 ;

     InitUpDownTime = 1 ;

     InertiaCommitment = 1 ;
    } // group UnitBlock_1

  group: UnitBlock_2 {
    dimensions:
    	NumberCostCoeffs = 3 ;
    variables:
    	double InitialPower ;
    	double InitialReactivePower ;
    	double MaxReactivePower(TimeHorizon) ;
    	double MinReactivePower(TimeHorizon) ;
    	double VoltageMagnitude(TimeHorizon) ;
    	double MaxPower(TimeHorizon) ;
    	double MinPower(TimeHorizon) ;
    	uint CostModel ;
    	double StartupCost ;
    	double PowerCostCoeffs(NumberCostCoeffs) ;
    	double LinearTerm ;
    	double MinUpTime ;
    	double MinDownTime ;
    	double InitUpDownTime ;
    	double InertiaCommitment ;

    // group attributes:
    		:type = "ThermalUnitBlock" ;
    data:

     InitialPower = 0 ;

     InitialReactivePower = 97.68 ;

     MaxReactivePower = 183.92 ;

     MinReactivePower = -65.3 ;

     VoltageMagnitude = 0.984682 ;

     MaxPower = 100 ;

     MinPower = 0 ;

     CostModel = 1 ;

     StartupCost = 0 ;

     PowerCostCoeffs = 0, 1, 0 ;

     LinearTerm = 1 ;

     MinUpTime = 1 ;

     MinDownTime = 1 ;

     InitUpDownTime = 1 ;

     InertiaCommitment = 1 ;
    } // group UnitBlock_2

  group: UnitBlock_3 {
    dimensions:
    	NumberCostCoeffs = 3 ;
    variables:
    	double InitialPower ;
    	double InitialReactivePower ;
    	double MaxReactivePower(TimeHorizon) ;
    	double MinReactivePower(TimeHorizon) ;
    	double VoltageMagnitude(TimeHorizon) ;
    	double MaxPower(TimeHorizon) ;
    	double MinPower(TimeHorizon) ;
    	uint CostModel ;
    	double StartupCost ;
    	double PowerCostCoeffs(NumberCostCoeffs) ;
    	double LinearTerm ;
    	double MinUpTime ;
    	double MinDownTime ;
    	double InitUpDownTime ;
    	double InertiaCommitment ;

    // group attributes:
    		:type = "ThermalUnitBlock" ;
    data:

     InitialPower = 83.7 ;

     InitialReactivePower = 2.5 ;

     MaxReactivePower = 55.54 ;

     MinReactivePower = -19.16 ;

     VoltageMagnitude = 1.048249 ;

     MaxPower = 120 ;

     MinPower = 0 ;

     CostModel = 1 ;

     StartupCost = 0 ;

     PowerCostCoeffs = 0, 1, 0 ;

     LinearTerm = 1 ;

     MinUpTime = 1 ;

     MinDownTime = 1 ;

     InitUpDownTime = 1 ;

     InertiaCommitment = 1 ;
    } // group UnitBlock_3

  group: UnitBlock_4 {
    dimensions:
    	NumberCostCoeffs = 3 ;
    variables:
    	double InitialPower ;
    	double InitialReactivePower ;
    	double MaxReactivePower(TimeHorizon) ;
    	double MinReactivePower(TimeHorizon) ;
    	double VoltageMagnitude(TimeHorizon) ;
    	double MaxPower(TimeHorizon) ;
    	double MinPower(TimeHorizon) ;
    	uint CostModel ;
    	double StartupCost ;
    	double PowerCostCoeffs(NumberCostCoeffs) ;
    	double LinearTerm ;
    	double MinUpTime ;
    	double MinDownTime ;
    	double InitUpDownTime ;
    	double InertiaCommitment ;

    // group attributes:
    		:type = "ThermalUnitBlock" ;
    data:

     InitialPower = 1250.4 ;

     InitialReactivePower = 278.94 ;

     MaxReactivePower = 926.35 ;

     MinReactivePower = -297.68 ;

     VoltageMagnitude = 1.055378 ;

     MaxPower = 2000 ;

     MinPower = 666.67 ;

     CostModel = 1 ;

     StartupCost = 0 ;

     PowerCostCoeffs = 0, 1, 0 ;

     LinearTerm = 1 ;

     MinUpTime = 1 ;

     MinDownTime = 1 ;

     InitUpDownTime = 1 ;

     InertiaCommitment = 1 ;
    } // group UnitBlock_4

  group: UnitBlock_5 {
    dimensions:
    	NumberCostCoeffs = 3 ;
    variables:
    	double InitialPower ;
    	double InitialReactivePower ;
    	double MaxReactivePower(TimeHorizon) ;
    	double MinReactivePower(TimeHorizon) ;
    	double VoltageMagnitude(TimeHorizon) ;
    	double MaxPower(TimeHorizon) ;
    	double MinPower(TimeHorizon) ;
    	uint CostModel ;
    	double StartupCost ;
    	double PowerCostCoeffs(NumberCostCoeffs) ;
    	double LinearTerm ;
    	double MinUpTime ;
    	double MinDownTime ;
    	double InitUpDownTime ;
    	double InertiaCommitment ;

    // group attributes:
    		:type = "ThermalUnitBlock" ;
    data:

     InitialPower = 231 ;

     InitialReactivePower = 19.11 ;

     MaxReactivePower = 124.12 ;

     MinReactivePower = -49.84 ;

     VoltageMagnitude = 1.05013 ;

     MaxPower = 280 ;

     MinPower = 0 ;

     CostModel = 1 ;

     StartupCost = 0 ;

     PowerCostCoeffs = 0, 1, 0 ;

     LinearTerm = 1 ;

     MinUpTime = 1 ;

     MinDownTime = 1 ;

     InitUpDownTime = 1 ;

     InertiaCommitment = 1 ;
    } // group UnitBlock_5

  group: UnitBlock_6 {
    dimensions:
    	NumberCostCoeffs = 3 ;
    variables:
    	double InitialPower ;
    	double InitialReactivePower ;
    	double MaxReactivePower(TimeHorizon) ;
    	double MinReactivePower(TimeHorizon) ;
    	double VoltageMagnitude(TimeHorizon) ;
    	double MaxPower(TimeHorizon) ;
    	double MinPower(TimeHorizon) ;
    	uint CostModel ;
    	double StartupCost ;
    	double PowerCostCoeffs(NumberCostCoeffs) ;
    	double LinearTerm ;
    	double MinUpTime ;
    	double MinDownTime ;
    	double InitUpDownTime ;
    	double InertiaCommitment ;

    // group attributes:
    		:type = "ThermalUnitBlock" ;
    data:

     InitialPower = 260.1 ;

     InitialReactivePower = 57.98 ;

     MaxReactivePower = 257.23 ;

     MinReactivePower = -74.4 ;

     VoltageMagnitude = 1.018914 ;

     MaxPower = 540 ;

     MinPower = 0 ;

     CostModel = 1 ;

     StartupCost = 0 ;

     PowerCostCoeffs = 0, 1, 0 ;

     LinearTerm = 1 ;

     MinUpTime = 1 ;

     MinDownTime = 1 ;

     InitUpDownTime = 1 ;

     InertiaCommitment = 1 ;
    } // group UnitBlock_6

  group: UnitBlock_7 {
    dimensions:
    	NumberCostCoeffs = 3 ;
    variables:
    	double InitialPower ;
    	double InitialReactivePower ;
    	double MaxReactivePower(TimeHorizon) ;
    	double MinReactivePower(TimeHorizon) ;
    	double VoltageMagnitude(TimeHorizon) ;
    	double MaxPower(TimeHorizon) ;
    	double MinPower(TimeHorizon) ;
    	uint CostModel ;
    	double StartupCost ;
    	double PowerCostCoeffs(NumberCostCoeffs) ;
    	double LinearTerm ;
    	double MinUpTime ;
    	double MinDownTime ;
    	double InitUpDownTime ;
    	double InertiaCommitment ;

    // group attributes:
    		:type = "ThermalUnitBlock" ;
    data:

     InitialPower = 539.4 ;

     InitialReactivePower = 190.43 ;

     MaxReactivePower = 261.79 ;

     MinReactivePower = -106.67 ;

     VoltageMagnitude = 1.075592 ;

     MaxPower = 600 ;

     MinPower = 200 ;

     CostModel = 1 ;

     StartupCost = 0 ;

     PowerCostCoeffs = 0, 1, 0 ;

     LinearTerm = 1 ;

     MinUpTime = 1 ;

     MinDownTime = 1 ;

     InitUpDownTime = 1 ;

     InertiaCommitment = 1 ;
    } // group UnitBlock_7

  group: UnitBlock_8 {
    dimensions:
    	NumberCostCoeffs = 3 ;
    variables:
    	double InitialPower ;
    	double InitialReactivePower ;
    	double MaxReactivePower(TimeHorizon) ;
    	double MinReactivePower(TimeHorizon) ;
    	double VoltageMagnitude(TimeHorizon) ;
    	double MaxPower(TimeHorizon) ;
    	double MinPower(TimeHorizon) ;
    	uint CostModel ;
    	double StartupCost ;
    	double PowerCostCoeffs(NumberCostCoeffs) ;
    	double LinearTerm ;
    	double MinUpTime ;
    	double MinDownTime ;
    	double InitUpDownTime ;
    	double InertiaCommitment ;

    // group attributes:
    		:type = "ThermalUnitBlock" ;
    data:

     InitialPower = 0 ;

     InitialReactivePower = -3.31 ;

     MaxReactivePower = 18.47 ;

     MinReactivePower = -19.35 ;

     VoltageMagnitude = 1.069817 ;

     MaxPower = 100 ;

     MinPower = 0 ;

     CostModel = 1 ;

     StartupCost = 0 ;

     PowerCostCoeffs = 0, 1, 0 ;

     LinearTerm = 1 ;

     MinUpTime = 1 ;

     MinDownTime = 1 ;

     InitUpDownTime = 1 ;

     InertiaCommitment = 1 ;
    } // group UnitBlock_8

  group: UnitBlock_9 {
    dimensions:
    	NumberCostCoeffs = 3 ;
    variables:
    	double InitialPower ;
    	double InitialReactivePower ;
    	double MaxReactivePower(TimeHorizon) ;
    	double MinReactivePower(TimeHorizon) ;
    	double VoltageMagnitude(TimeHorizon) ;
    	double MaxPower(TimeHorizon) ;
    	double MinPower(TimeHorizon) ;
    	uint CostModel ;
    	double StartupCost ;
    	double PowerCostCoeffs(NumberCostCoeffs) ;
    	double LinearTerm ;
    	double MinUpTime ;
    	double MinDownTime ;
    	double InitUpDownTime ;
    	double InertiaCommitment ;

    // group attributes:
    		:type = "ThermalUnitBlock" ;
    data:

     InitialPower = 0 ;

     InitialReactivePower = 3.65 ;

     MaxReactivePower = 17.88 ;

     MinReactivePower = -7.03 ;

     VoltageMagnitude = 1.045397 ;

     MaxPower = 100 ;

     MinPower = 0 ;

     CostModel = 1 ;

     StartupCost = 0 ;

     PowerCostCoeffs = 0, 1, 0 ;

     LinearTerm = 1 ;

     MinUpTime = 1 ;

     MinDownTime = 1 ;

     InitUpDownTime = 1 ;

     InertiaCommitment = 1 ;
    } // group UnitBlock_9

  group: UnitBlock_10 {
    dimensions:
    	NumberCostCoeffs = 3 ;
    variables:
    	double InitialPower ;
    	double InitialReactivePower ;
    	double MaxReactivePower(TimeHorizon) ;
    	double MinReactivePower(TimeHorizon) ;
    	double VoltageMagnitude(TimeHorizon) ;
    	double MaxPower(TimeHorizon) ;
    	double MinPower(TimeHorizon) ;
    	uint CostModel ;
    	double StartupCost ;
    	double PowerCostCoeffs(NumberCostCoeffs) ;
    	double LinearTerm ;
    	double MinUpTime ;
    	double MinDownTime ;
    	double InitUpDownTime ;
    	double InertiaCommitment ;

    // group attributes:
    		:type = "ThermalUnitBlock" ;
    data:

     InitialPower = 38.2 ;

     InitialReactivePower = -0.39 ;

     MaxReactivePower = 17.09 ;

     MinReactivePower = -7.79 ;

     VoltageMagnitude = 1.063876 ;

     MaxPower = 40 ;

     MinPower = 0 ;

     CostModel = 1 ;

     StartupCost = 0 ;

     PowerCostCoeffs = 0, 1, 0 ;

     LinearTerm = 1 ;

     MinUpTime = 1 ;

     MinDownTime = 1 ;

     InitUpDownTime = 1 ;

     InertiaCommitment = 1 ;
    } // group UnitBlock_10

  group: UnitBlock_11 {
    dimensions:
    	NumberCostCoeffs = 3 ;
    variables:
    	double InitialPower ;
    	double InitialReactivePower ;
    	double MaxReactivePower(TimeHorizon) ;
    	double MinReactivePower(TimeHorizon) ;
    	double VoltageMagnitude(TimeHorizon) ;
    	double MaxPower(TimeHorizon) ;
    	double MinPower(TimeHorizon) ;
    	uint CostModel ;
    	double StartupCost ;
    	double PowerCostCoeffs(NumberCostCoeffs) ;
    	double LinearTerm ;
    	double MinUpTime ;
    	double MinDownTime ;
    	double InitUpDownTime ;
    	double InertiaCommitment ;

    // group attributes:
    		:type = "ThermalUnitBlock" ;
    data:

     InitialPower = 379.2 ;

     InitialReactivePower = 37.76 ;

     MaxReactivePower = 217.9 ;

     MinReactivePower = -81.16 ;

     VoltageMagnitude = 1.048713 ;

     MaxPower = 480 ;

     MinPower = 160 ;

     CostModel = 1 ;

     StartupCost = 0 ;

     PowerCostCoeffs = 0, 1, 0 ;

     LinearTerm = 1 ;

     MinUpTime = 1 ;

     MinDownTime = 1 ;

     InitUpDownTime = 1 ;

     InertiaCommitment = 1 ;
    } // group UnitBlock_11

  group: UnitBlock_12 {
    dimensions:
    	NumberCostCoeffs = 3 ;
    variables:
    	double InitialPower ;
    	double InitialReactivePower ;
    	double MaxReactivePower(TimeHorizon) ;
    	double MinReactivePower(TimeHorizon) ;
    	double VoltageMagnitude(TimeHorizon) ;
    	double MaxPower(TimeHorizon) ;
    	double MinPower(TimeHorizon) ;
    	uint CostModel ;
    	double StartupCost ;
    	double PowerCostCoeffs(NumberCostCoeffs) ;
    	double LinearTerm ;
    	double MinUpTime ;
    	double MinDownTime ;
    	double InitUpDownTime ;
    	double InertiaCommitment ;

    // group attributes:
    		:type = "ThermalUnitBlock" ;
    data:

     InitialPower = 0 ;

     InitialReactivePower = 112.55 ;

     MaxReactivePower = 135.52 ;

     MinReactivePower = -38.9 ;

     VoltageMagnitude = 1.051376 ;

     MaxPower = 100 ;

     MinPower = 0 ;

     CostModel = 1 ;

     StartupCost = 0 ;

     PowerCostCoeffs = 0, 1, 0 ;

     LinearTerm = 1 ;

     MinUpTime = 1 ;

     MinDownTime = 1 ;

     InitUpDownTime = 1 ;

     InertiaCommitment = 1 ;
    } // group UnitBlock_12

  group: UnitBlock_13 {
    dimensions:
    	NumberCostCoeffs = 3 ;
    variables:
    	double InitialPower ;
    	double InitialReactivePower ;
    	double MaxReactivePower(TimeHorizon) ;
    	double MinReactivePower(TimeHorizon) ;
    	double VoltageMagnitude(TimeHorizon) ;
    	double MaxPower(TimeHorizon) ;
    	double MinPower(TimeHorizon) ;
    	uint CostModel ;
    	double StartupCost ;
    	double PowerCostCoeffs(NumberCostCoeffs) ;
    	double LinearTerm ;
    	double MinUpTime ;
    	double MinDownTime ;
    	double InitUpDownTime ;
    	double InertiaCommitment ;

    // group attributes:
    		:type = "ThermalUnitBlock" ;
    data:

     InitialPower = 37.4 ;

     InitialReactivePower = 8.53 ;

     MaxReactivePower = 38.77 ;

     MinReactivePower = -11.06 ;

     VoltageMagnitude = 1.0691 ;

     MaxPower = 80 ;

     MinPower = 0 ;

     CostModel = 1 ;

     StartupCost = 0 ;

     PowerCostCoeffs = 0, 1, 0 ;

     LinearTerm = 1 ;

     MinUpTime = 1 ;

     MinDownTime = 1 ;

     InitUpDownTime = 1 ;

     InertiaCommitment = 1 ;
    } // group UnitBlock_13

  group: UnitBlock_14 {
    dimensions:
    	NumberCostCoeffs = 3 ;
    variables:
    	double InitialPower ;
    	double InitialReactivePower ;
    	double MaxReactivePower(TimeHorizon) ;
    	double MinReactivePower(TimeHorizon) ;
    	double VoltageMagnitude(TimeHorizon) ;
    	double MaxPower(TimeHorizon) ;
    	double MinPower(TimeHorizon) ;
    	uint CostModel ;
    	double StartupCost ;
    	double PowerCostCoeffs(NumberCostCoeffs) ;
    	double LinearTerm ;
    	double MinUpTime ;
    	double MinDownTime ;
    	double InitUpDownTime ;
    	double InertiaCommitment ;

    // group attributes:
    		:type = "ThermalUnitBlock" ;
    data:

     InitialPower = 198.88 ;

     InitialReactivePower = -11.17 ;

     MaxReactivePower = 105.69 ;

     MinReactivePower = -43.84 ;

     VoltageMagnitude = 1.057884 ;

     MaxPower = 240 ;

     MinPower = 0 ;

     CostModel = 1 ;

     StartupCost = 0 ;

     PowerCostCoeffs = 0, 1, 0 ;

     LinearTerm = 1 ;

     MinUpTime = 1 ;

     MinDownTime = 1 ;

     InitUpDownTime = 1 ;

     InertiaCommitment = 1 ;
    } // group UnitBlock_14

  group: UnitBlock_15 {
    dimensions:
    	NumberCostCoeffs = 3 ;
    variables:
    	double InitialPower ;
    	double InitialReactivePower ;
    	double MaxReactivePower(TimeHorizon) ;
    	double MinReactivePower(TimeHorizon) ;
    	double VoltageMagnitude(TimeHorizon) ;
    	double MaxPower(TimeHorizon) ;
    	double MinPower(TimeHorizon) ;
    	uint CostModel ;
    	double StartupCost ;
    	double PowerCostCoeffs(NumberCostCoeffs) ;
    	double LinearTerm ;
    	double MinUpTime ;
    	double MinDownTime ;
    	double InitUpDownTime ;
    	double InertiaCommitment ;

    // group attributes:
    		:type = "ThermalUnitBlock" ;
    data:

     InitialPower = 116.7 ;

     InitialReactivePower = 13.66 ;

     MaxReactivePower = 51.3 ;

     MinReactivePower = -23.41 ;

     VoltageMagnitude = 1.017567 ;

     MaxPower = 120 ;

     MinPower = 0 ;

     CostModel = 1 ;

     StartupCost = 0 ;

     PowerCostCoeffs = 0, 1, 0 ;

     LinearTerm = 1 ;

     MinUpTime = 1 ;

     MinDownTime = 1 ;

     InitUpDownTime = 1 ;

     InertiaCommitment = 1 ;
    } // group UnitBlock_15

  group: UnitBlock_16 {
    dimensions:
    	NumberCostCoeffs = 3 ;
    variables:
    	double InitialPower ;
    	double InitialReactivePower ;
    	double MaxReactivePower(TimeHorizon) ;
    	double MinReactivePower(TimeHorizon) ;
    	double VoltageMagnitude(TimeHorizon) ;
    	double MaxPower(TimeHorizon) ;
    	double MinPower(TimeHorizon) ;
    	uint CostModel ;
    	double StartupCost ;
    	double PowerCostCoeffs(NumberCostCoeffs) ;
    	double LinearTerm ;
    	double MinUpTime ;
    	double MinDownTime ;
    	double InitUpDownTime ;
    	double InertiaCommitment ;

    // group attributes:
    		:type = "ThermalUnitBlock" ;
    data:

     InitialPower = 0 ;

     InitialReactivePower = 3.36 ;

     MaxReactivePower = 18.16 ;

     MinReactivePower = -6.73 ;

     VoltageMagnitude = 1.026368 ;

     MaxPower = 100 ;

     MinPower = 0 ;

     CostModel = 1 ;

     StartupCost = 0 ;

     PowerCostCoeffs = 0, 1, 0 ;

     LinearTerm = 1 ;

     MinUpTime = 1 ;

     MinDownTime = 1 ;

     InitUpDownTime = 1 ;

     InertiaCommitment = 1 ;
    } // group UnitBlock_16

  group: UnitBlock_17 {
    dimensions:
    	NumberCostCoeffs = 3 ;
    variables:
    	double InitialPower ;
    	double InitialReactivePower ;
    	double MaxReactivePower(TimeHorizon) ;
    	double MinReactivePower(TimeHorizon) ;
    	double VoltageMagnitude(TimeHorizon) ;
    	double MaxPower(TimeHorizon) ;
    	double MinPower(TimeHorizon) ;
    	uint CostModel ;
    	double StartupCost ;
    	double PowerCostCoeffs(NumberCostCoeffs) ;
    	double LinearTerm ;
    	double MinUpTime ;
    	double MinDownTime ;
    	double InitUpDownTime ;
    	double InertiaCommitment ;

    // group attributes:
    		:type = "ThermalUnitBlock" ;
    data:

     InitialPower = 16.5 ;

     InitialReactivePower = -0.67 ;

     MaxReactivePower = 12.37 ;

     MinReactivePower = -9.36 ;

     VoltageMagnitude = 1.049411 ;

     MaxPower = 33.58 ;

     MinPower = 0 ;

     CostModel = 1 ;

     StartupCost = 0 ;

     PowerCostCoeffs = 0, 1, 0 ;

     LinearTerm = 1 ;

     MinUpTime = 1 ;

     MinDownTime = 1 ;

     InitUpDownTime = 1 ;

     InertiaCommitment = 1 ;
    } // group UnitBlock_17

  group: UnitBlock_18 {
    dimensions:
    	NumberCostCoeffs = 3 ;
    variables:
    	double InitialPower ;
    	double InitialReactivePower ;
    	double MaxReactivePower(TimeHorizon) ;
    	double MinReactivePower(TimeHorizon) ;
    	double VoltageMagnitude(TimeHorizon) ;
    	double MaxPower(TimeHorizon) ;
    	double MinPower(TimeHorizon) ;
    	uint CostModel ;
    	double StartupCost ;
    	double PowerCostCoeffs(NumberCostCoeffs) ;
    	double LinearTerm ;
    	double MinUpTime ;
    	double MinDownTime ;
    	double InitUpDownTime ;
    	double InertiaCommitment ;

    // group attributes:
    		:type = "ThermalUnitBlock" ;
    data:

     InitialPower = 58.4 ;

     InitialReactivePower = 7.75 ;

     MaxReactivePower = 36.75 ;

     MinReactivePower = -13.04 ;

     VoltageMagnitude = 1.035522 ;

     MaxPower = 80 ;

     MinPower = 0 ;

     CostModel = 1 ;

     StartupCost = 0 ;

     PowerCostCoeffs = 0, 1, 0 ;

     LinearTerm = 1 ;

     MinUpTime = 1 ;

     MinDownTime = 1 ;

     InitUpDownTime = 1 ;

     InertiaCommitment = 1 ;
    } // group UnitBlock_18

  group: UnitBlock_19 {
    dimensions:
    	NumberCostCoeffs = 3 ;
    variables:
    	double InitialPower ;
    	double InitialReactivePower ;
    	double MaxReactivePower(TimeHorizon) ;
    	double MinReactivePower(TimeHorizon) ;
    	double VoltageMagnitude(TimeHorizon) ;
    	double MaxPower(TimeHorizon) ;
    	double MinPower(TimeHorizon) ;
    	uint CostModel ;
    	double StartupCost ;
    	double PowerCostCoeffs(NumberCostCoeffs) ;
    	double LinearTerm ;
    	double MinUpTime ;
    	double MinDownTime ;
    	double InitUpDownTime ;
    	double InertiaCommitment ;

    // group attributes:
    		:type = "ThermalUnitBlock" ;
    data:

     InitialPower = 0 ;

     InitialReactivePower = -1.52 ;

     MaxReactivePower = 74.03 ;

     MinReactivePower = -25.54 ;

     VoltageMagnitude = 1.041369 ;

     MaxPower = 100 ;

     MinPower = 0 ;

     CostModel = 1 ;

     StartupCost = 0 ;

     PowerCostCoeffs = 0, 1, 0 ;

     LinearTerm = 1 ;

     MinUpTime = 1 ;

     MinDownTime = 1 ;

     InitUpDownTime = 1 ;

     InertiaCommitment = 1 ;
    } // group UnitBlock_19

  group: UnitBlock_20 {
    dimensions:
    	NumberCostCoeffs = 3 ;
    variables:
    	double InitialPower ;
    	double InitialReactivePower ;
    	double MaxReactivePower(TimeHorizon) ;
    	double MinReactivePower(TimeHorizon) ;
    	double VoltageMagnitude(TimeHorizon) ;
    	double MaxPower(TimeHorizon) ;
    	double MinPower(TimeHorizon) ;
    	uint CostModel ;
    	double StartupCost ;
    	double PowerCostCoeffs(NumberCostCoeffs) ;
    	double LinearTerm ;
    	double MinUpTime ;
    	double MinDownTime ;
    	double InitUpDownTime ;
    	double InertiaCommitment ;

    // group attributes:
    		:type = "ThermalUnitBlock" ;
    data:

     InitialPower = 1274.2 ;

     InitialReactivePower = 289.74 ;

     MaxReactivePower = 926.68 ;

     MinReactivePower = -298.31 ;

     VoltageMagnitude = 1.044097 ;

     MaxPower = 2000 ;

     MinPower = 666.67 ;

     CostModel = 1 ;

     StartupCost = 0 ;

     PowerCostCoeffs = 0, 1, 0 ;

     LinearTerm = 1 ;

     MinUpTime = 1 ;

     MinDownTime = 1 ;

     InitUpDownTime = 1 ;

     InertiaCommitment = 1 ;
    } // group UnitBlock_20

  group: UnitBlock_21 {
    dimensions:
    	NumberCostCoeffs = 3 ;
    variables:
    	double InitialPower ;
    	double InitialReactivePower ;
    	double MaxReactivePower(TimeHorizon) ;
    	double MinReactivePower(TimeHorizon) ;
    	double VoltageMagnitude(TimeHorizon) ;
    	double MaxPower(TimeHorizon) ;
    	double MinPower(TimeHorizon) ;
    	uint CostModel ;
    	double StartupCost ;
    	double PowerCostCoeffs(NumberCostCoeffs) ;
    	double LinearTerm ;
    	double MinUpTime ;
    	double MinDownTime ;
    	double InitUpDownTime ;
    	double InertiaCommitment ;

    // group attributes:
    		:type = "ThermalUnitBlock" ;
    data:

     InitialPower = 59.56 ;

     InitialReactivePower = 50.82 ;

     MaxReactivePower = 96.64 ;

     MinReactivePower = -27.81 ;

     VoltageMagnitude = 1.00025 ;

     MaxPower = 200 ;

     MinPower = 0 ;

     CostModel = 1 ;

     StartupCost = 0 ;

     PowerCostCoeffs = 0, 1, 0 ;

     LinearTerm = 1 ;

     MinUpTime = 1 ;

     MinDownTime = 1 ;

     InitUpDownTime = 1 ;

     InertiaCommitment = 1 ;
    } // group UnitBlock_21

  group: UnitBlock_22 {
    dimensions:
    	NumberCostCoeffs = 3 ;
    variables:
    	double InitialPower ;
    	double InitialReactivePower ;
    	double MaxReactivePower(TimeHorizon) ;
    	double MinReactivePower(TimeHorizon) ;
    	double VoltageMagnitude(TimeHorizon) ;
    	double MaxPower(TimeHorizon) ;
    	double MinPower(TimeHorizon) ;
    	uint CostModel ;
    	double StartupCost ;
    	double PowerCostCoeffs(NumberCostCoeffs) ;
    	double LinearTerm ;
    	double MinUpTime ;
    	double MinDownTime ;
    	double InitUpDownTime ;
    	double InertiaCommitment ;

    // group attributes:
    		:type = "ThermalUnitBlock" ;
    data:

     InitialPower = 855.6 ;

     InitialReactivePower = 147.86 ;

     MaxReactivePower = 440.67 ;

     MinReactivePower = -172.15 ;

     VoltageMagnitude = 1.031745 ;

     MaxPower = 1000 ;

     MinPower = 333.33 ;

     CostModel = 1 ;

     StartupCost = 0 ;

     PowerCostCoeffs = 0, 1, 0 ;

     LinearTerm = 1 ;

     MinUpTime = 1 ;

     MinDownTime = 1 ;

     InitUpDownTime = 1 ;

     InertiaCommitment = 1 ;
    } // group UnitBlock_22

  group: UnitBlock_23 {
    dimensions:
    	NumberCostCoeffs = 3 ;
    variables:
    	double InitialPower ;
    	double InitialReactivePower ;
    	double MaxReactivePower(TimeHorizon) ;
    	double MinReactivePower(TimeHorizon) ;
    	double VoltageMagnitude(TimeHorizon) ;
    	double MaxPower(TimeHorizon) ;
    	double MinPower(TimeHorizon) ;
    	uint CostModel ;
    	double StartupCost ;
    	double PowerCostCoeffs(NumberCostCoeffs) ;
    	double LinearTerm ;
    	double MinUpTime ;
    	double MinDownTime ;
    	double InitUpDownTime ;
    	double InertiaCommitment ;

    // group attributes:
    		:type = "ThermalUnitBlock" ;
    data:

     InitialPower = 1702.8 ;

     InitialReactivePower = 651.53 ;

     MaxReactivePower = 1097.41 ;

     MinReactivePower = -373.91 ;

     VoltageMagnitude = 1.064525 ;

     MaxPower = 2400 ;

     MinPower = 800 ;

     CostModel = 1 ;

     StartupCost = 0 ;

     PowerCostCoeffs = 0, 1, 0 ;

     LinearTerm = 1 ;

     MinUpTime = 1 ;

     MinDownTime = 1 ;

     InitUpDownTime = 1 ;

     InertiaCommitment = 1 ;
    } // group UnitBlock_23

  group: UnitBlock_24 {
    dimensions:
    	NumberCostCoeffs = 3 ;
    variables:
    	double InitialPower ;
    	double InitialReactivePower ;
    	double MaxReactivePower(TimeHorizon) ;
    	double MinReactivePower(TimeHorizon) ;
    	double VoltageMagnitude(TimeHorizon) ;
    	double MaxPower(TimeHorizon) ;
    	double MinPower(TimeHorizon) ;
    	uint CostModel ;
    	double StartupCost ;
    	double PowerCostCoeffs(NumberCostCoeffs) ;
    	double LinearTerm ;
    	double MinUpTime ;
    	double MinDownTime ;
    	double InitUpDownTime ;
    	double InertiaCommitment ;

    // group attributes:
    		:type = "ThermalUnitBlock" ;
    data:

     InitialPower = 1221.2 ;

     InitialReactivePower = 393.14 ;

     MaxReactivePower = 934.73 ;

     MinReactivePower = -291.52 ;

     VoltageMagnitude = 1.072621 ;

     MaxPower = 2000 ;

     MinPower = 666.67 ;

     CostModel = 1 ;

     StartupCost = 0 ;

     PowerCostCoeffs = 0, 1, 0 ;

     LinearTerm = 1 ;

     MinUpTime = 1 ;

     MinDownTime = 1 ;

     InitUpDownTime = 1 ;

     InertiaCommitment = 1 ;
    } // group UnitBlock_24

  group: UnitBlock_25 {
    dimensions:
    	NumberCostCoeffs = 3 ;
    variables:
    	double InitialPower ;
    	double InitialReactivePower ;
    	double MaxReactivePower(TimeHorizon) ;
    	double MinReactivePower(TimeHorizon) ;
    	double VoltageMagnitude(TimeHorizon) ;
    	double MaxPower(TimeHorizon) ;
    	double MinPower(TimeHorizon) ;
    	uint CostModel ;
    	double StartupCost ;
    	double PowerCostCoeffs(NumberCostCoeffs) ;
    	double LinearTerm ;
    	double MinUpTime ;
    	double MinDownTime ;
    	double InitUpDownTime ;
    	double InertiaCommitment ;

    // group attributes:
    		:type = "ThermalUnitBlock" ;
    data:

     InitialPower = 92.1 ;

     InitialReactivePower = 25.97 ;

     MaxReactivePower = 55.02 ;

     MinReactivePower = -19.81 ;

     VoltageMagnitude = 1.074143 ;

     MaxPower = 120 ;

     MinPower = 0 ;

     CostModel = 1 ;

     StartupCost = 0 ;

     PowerCostCoeffs = 0, 1, 0 ;

     LinearTerm = 1 ;

     MinUpTime = 1 ;

     MinDownTime = 1 ;

     InitUpDownTime = 1 ;

     InertiaCommitment = 1 ;
    } // group UnitBlock_25

  group: UnitBlock_26 {
    dimensions:
    	NumberCostCoeffs = 3 ;
    variables:
    	double InitialPower ;
    	double InitialReactivePower ;
    	double MaxReactivePower(TimeHorizon) ;
    	double MinReactivePower(TimeHorizon) ;
    	double VoltageMagnitude(TimeHorizon) ;
    	double MaxPower(TimeHorizon) ;
    	double MinPower(TimeHorizon) ;
    	uint CostModel ;
    	double StartupCost ;
    	double PowerCostCoeffs(NumberCostCoeffs) ;
    	double LinearTerm ;
    	double MinUpTime ;
    	double MinDownTime ;
    	double InitUpDownTime ;
    	double InertiaCommitment ;

    // group attributes:
    		:type = "ThermalUnitBlock" ;
    data:

     InitialPower = 171 ;

     InitialReactivePower = 10.89 ;

     MaxReactivePower = 89.55 ;

     MinReactivePower = -35.15 ;

     VoltageMagnitude = 1.041506 ;

     MaxPower = 200 ;

     MinPower = 0 ;

     CostModel = 1 ;

     StartupCost = 0 ;

     PowerCostCoeffs = 0, 1, 0 ;

     LinearTerm = 1 ;

     MinUpTime = 1 ;

     MinDownTime = 1 ;

     InitUpDownTime = 1 ;

     InertiaCommitment = 1 ;
    } // group UnitBlock_26

  group: UnitBlock_27 {
    dimensions:
    	NumberCostCoeffs = 3 ;
    variables:
    	double InitialPower ;
    	double InitialReactivePower ;
    	double MaxReactivePower(TimeHorizon) ;
    	double MinReactivePower(TimeHorizon) ;
    	double VoltageMagnitude(TimeHorizon) ;
    	double MaxPower(TimeHorizon) ;
    	double MinPower(TimeHorizon) ;
    	uint CostModel ;
    	double StartupCost ;
    	double PowerCostCoeffs(NumberCostCoeffs) ;
    	double LinearTerm ;
    	double MinUpTime ;
    	double MinDownTime ;
    	double InitUpDownTime ;
    	double InertiaCommitment ;

    // group attributes:
    		:type = "ThermalUnitBlock" ;
    data:

     InitialPower = 829.5 ;

     InitialReactivePower = 49 ;

     MaxReactivePower = 387.88 ;

     MinReactivePower = -163.4 ;

     VoltageMagnitude = 1.028946 ;

     MaxPower = 900 ;

     MinPower = 300 ;

     CostModel = 1 ;

     StartupCost = 0 ;

     PowerCostCoeffs = 0, 1, 0 ;

     LinearTerm = 1 ;

     MinUpTime = 1 ;

     MinDownTime = 1 ;

     InitUpDownTime = 1 ;

     InertiaCommitment = 1 ;
    } // group UnitBlock_27

  group: UnitBlock_28 {
    dimensions:
    	NumberCostCoeffs = 3 ;
    variables:
    	double InitialPower ;
    	double InitialReactivePower ;
    	double MaxReactivePower(TimeHorizon) ;
    	double MinReactivePower(TimeHorizon) ;
    	double VoltageMagnitude(TimeHorizon) ;
    	double MaxPower(TimeHorizon) ;
    	double MinPower(TimeHorizon) ;
    	uint CostModel ;
    	double StartupCost ;
    	double PowerCostCoeffs(NumberCostCoeffs) ;
    	double LinearTerm ;
    	double MinUpTime ;
    	double MinDownTime ;
    	double InitUpDownTime ;
    	double InertiaCommitment ;

    // group attributes:
    		:type = "ThermalUnitBlock" ;
    data:

     InitialPower = 91.8 ;

     InitialReactivePower = 9.85 ;

     MaxReactivePower = 54.91 ;

     MinReactivePower = -19.88 ;

     VoltageMagnitude = 1.049472 ;

     MaxPower = 120 ;

     MinPower = 0 ;

     CostModel = 1 ;

     StartupCost = 0 ;

     PowerCostCoeffs = 0, 1, 0 ;

     LinearTerm = 1 ;

     MinUpTime = 1 ;

     MinDownTime = 1 ;

     InitUpDownTime = 1 ;

     InertiaCommitment = 1 ;
    } // group UnitBlock_28

  group: UnitBlock_29 {
    dimensions:
    	NumberCostCoeffs = 3 ;
    variables:
    	double InitialPower ;
    	double InitialReactivePower ;
    	double MaxReactivePower(TimeHorizon) ;
    	double MinReactivePower(TimeHorizon) ;
    	double VoltageMagnitude(TimeHorizon) ;
    	double MaxPower(TimeHorizon) ;
    	double MinPower(TimeHorizon) ;
    	uint CostModel ;
    	double StartupCost ;
    	double PowerCostCoeffs(NumberCostCoeffs) ;
    	double LinearTerm ;
    	double MinUpTime ;
    	double MinDownTime ;
    	double InitUpDownTime ;
    	double InertiaCommitment ;

    // group attributes:
    		:type = "ThermalUnitBlock" ;
    data:

     InitialPower = 837 ;

     InitialReactivePower = 83.03 ;

     MaxReactivePower = 550.69 ;

     MinReactivePower = -185.15 ;

     VoltageMagnitude = 1.027056 ;

     MaxPower = 1200 ;

     MinPower = 400 ;

     CostModel = 1 ;

     StartupCost = 0 ;

     PowerCostCoeffs = 0, 1, 0 ;

     LinearTerm = 1 ;

     MinUpTime = 1 ;

     MinDownTime = 1 ;

     InitUpDownTime = 1 ;

     InertiaCommitment = 1 ;
    } // group UnitBlock_29

  group: UnitBlock_30 {
    dimensions:
    	NumberCostCoeffs = 3 ;
    variables:
    	double InitialPower ;
    	double InitialReactivePower ;
    	double MaxReactivePower(TimeHorizon) ;
    	double MinReactivePower(TimeHorizon) ;
    	double VoltageMagnitude(TimeHorizon) ;
    	double MaxPower(TimeHorizon) ;
    	double MinPower(TimeHorizon) ;
    	uint CostModel ;
    	double StartupCost ;
    	double PowerCostCoeffs(NumberCostCoeffs) ;
    	double LinearTerm ;
    	double MinUpTime ;
    	double MinDownTime ;
    	double InitUpDownTime ;
    	double InertiaCommitment ;

    // group attributes:
    		:type = "ThermalUnitBlock" ;
    data:

     InitialPower = 58.2 ;

     InitialReactivePower = 5.6 ;

     MaxReactivePower = 36.8 ;

     MinReactivePower = -13.01 ;

     VoltageMagnitude = 1.042801 ;

     MaxPower = 80 ;

     MinPower = 0 ;

     CostModel = 1 ;

     StartupCost = 0 ;

     PowerCostCoeffs = 0, 1, 0 ;

     LinearTerm = 1 ;

     MinUpTime = 1 ;

     MinDownTime = 1 ;

     InitUpDownTime = 1 ;

     InertiaCommitment = 1 ;
    } // group UnitBlock_30

  group: UnitBlock_31 {
    dimensions:
    	NumberCostCoeffs = 3 ;
    variables:
    	double InitialPower ;
    	double InitialReactivePower ;
    	double MaxReactivePower(TimeHorizon) ;
    	double MinReactivePower(TimeHorizon) ;
    	double VoltageMagnitude(TimeHorizon) ;
    	double MaxPower(TimeHorizon) ;
    	double MinPower(TimeHorizon) ;
    	uint CostModel ;
    	double StartupCost ;
    	double PowerCostCoeffs(NumberCostCoeffs) ;
    	double LinearTerm ;
    	double MinUpTime ;
    	double MinDownTime ;
    	double InitUpDownTime ;
    	double InertiaCommitment ;

    // group attributes:
    		:type = "ThermalUnitBlock" ;
    data:

     InitialPower = 0 ;

     InitialReactivePower = 7.32 ;

     MaxReactivePower = 38.05 ;

     MinReactivePower = -11.59 ;

     VoltageMagnitude = 1.049879 ;

     MaxPower = 100 ;

     MinPower = 0 ;

     CostModel = 1 ;

     StartupCost = 0 ;

     PowerCostCoeffs = 0, 1, 0 ;

     LinearTerm = 1 ;

     MinUpTime = 1 ;

     MinDownTime = 1 ;

     InitUpDownTime = 1 ;

     InertiaCommitment = 1 ;
    } // group UnitBlock_31

  group: UnitBlock_32 {
    dimensions:
    	NumberCostCoeffs = 3 ;
    variables:
    	double InitialPower ;
    	double InitialReactivePower ;
    	double MaxReactivePower(TimeHorizon) ;
    	double MinReactivePower(TimeHorizon) ;
    	double VoltageMagnitude(TimeHorizon) ;
    	double MaxPower(TimeHorizon) ;
    	double MinPower(TimeHorizon) ;
    	uint CostModel ;
    	double StartupCost ;
    	double PowerCostCoeffs(NumberCostCoeffs) ;
    	double LinearTerm ;
    	double MinUpTime ;
    	double MinDownTime ;
    	double InitUpDownTime ;
    	double InertiaCommitment ;

    // group attributes:
    		:type = "ThermalUnitBlock" ;
    data:

     InitialPower = 1504.8 ;

     InitialReactivePower = 364.78 ;

     MaxReactivePower = 906.61 ;

     MinReactivePower = -319.44 ;

     VoltageMagnitude = 1.108028 ;

     MaxPower = 2000 ;

     MinPower = 666.67 ;

     CostModel = 1 ;

     StartupCost = 0 ;

     PowerCostCoeffs = 0, 1, 0 ;

     LinearTerm = 1 ;

     MinUpTime = 1 ;

     MinDownTime = 1 ;

     InitUpDownTime = 1 ;

     InertiaCommitment = 1 ;
    } // group UnitBlock_32

  group: UnitBlock_33 {
    dimensions:
    	NumberCostCoeffs = 3 ;
    variables:
    	double InitialPower ;
    	double InitialReactivePower ;
    	double MaxReactivePower(TimeHorizon) ;
    	double MinReactivePower(TimeHorizon) ;
    	double VoltageMagnitude(TimeHorizon) ;
    	double MaxPower(TimeHorizon) ;
    	double MinPower(TimeHorizon) ;
    	uint CostModel ;
    	double StartupCost ;
    	double PowerCostCoeffs(NumberCostCoeffs) ;
    	double LinearTerm ;
    	double MinUpTime ;
    	double MinDownTime ;
    	double InitUpDownTime ;
    	double InertiaCommitment ;

    // group attributes:
    		:type = "ThermalUnitBlock" ;
    data:

     InitialPower = 837 ;

     InitialReactivePower = 77.94 ;

     MaxReactivePower = 550.69 ;

     MinReactivePower = -185.15 ;

     VoltageMagnitude = 1.027102 ;

     MaxPower = 1200 ;

     MinPower = 400 ;

     CostModel = 1 ;

     StartupCost = 0 ;

     PowerCostCoeffs = 0, 1, 0 ;

     LinearTerm = 1 ;

     MinUpTime = 1 ;

     MinDownTime = 1 ;

     InitUpDownTime = 1 ;

     InertiaCommitment = 1 ;
    } // group UnitBlock_33

  group: UnitBlock_34 {
    dimensions:
    	NumberCostCoeffs = 3 ;
    variables:
    	double InitialPower ;
    	double InitialReactivePower ;
    	double MaxReactivePower(TimeHorizon) ;
    	double MinReactivePower(TimeHorizon) ;
    	double VoltageMagnitude(TimeHorizon) ;
    	double MaxPower(TimeHorizon) ;
    	double MinPower(TimeHorizon) ;
    	uint CostModel ;
    	double StartupCost ;
    	double PowerCostCoeffs(NumberCostCoeffs) ;
    	double LinearTerm ;
    	double MinUpTime ;
    	double MinDownTime ;
    	double InitUpDownTime ;
    	double InertiaCommitment ;

    // group attributes:
    		:type = "ThermalUnitBlock" ;
    data:

     InitialPower = 0 ;

     InitialReactivePower = 4.52 ;

     MaxReactivePower = 36.92 ;

     MinReactivePower = -12.88 ;

     VoltageMagnitude = 1.03682 ;

     MaxPower = 100 ;

     MinPower = 0 ;

     CostModel = 1 ;

     StartupCost = 0 ;

     PowerCostCoeffs = 0, 1, 0 ;

     LinearTerm = 1 ;

     MinUpTime = 1 ;

     MinDownTime = 1 ;

     InitUpDownTime = 1 ;

     InertiaCommitment = 1 ;
    } // group UnitBlock_34

  group: UnitBlock_35 {
    dimensions:
    	NumberCostCoeffs = 3 ;
    variables:
    	double InitialPower ;
    	double InitialReactivePower ;
    	double MaxReactivePower(TimeHorizon) ;
    	double MinReactivePower(TimeHorizon) ;
    	double VoltageMagnitude(TimeHorizon) ;
    	double MaxPower(TimeHorizon) ;
    	double MinPower(TimeHorizon) ;
    	uint CostModel ;
    	double StartupCost ;
    	double PowerCostCoeffs(NumberCostCoeffs) ;
    	double LinearTerm ;
    	double MinUpTime ;
    	double MinDownTime ;
    	double InitUpDownTime ;
    	double InertiaCommitment ;

    // group attributes:
    		:type = "ThermalUnitBlock" ;
    data:

     InitialPower = 67.2 ;

     InitialReactivePower = 29.74 ;

     MaxReactivePower = 57.03 ;

     MinReactivePower = -17.62 ;

     VoltageMagnitude = 1.032899 ;

     MaxPower = 120 ;

     MinPower = 0 ;

     CostModel = 1 ;

     StartupCost = 0 ;

     PowerCostCoeffs = 0, 1, 0 ;

     LinearTerm = 1 ;

     MinUpTime = 1 ;

     MinDownTime = 1 ;

     InitUpDownTime = 1 ;

     InertiaCommitment = 1 ;
    } // group UnitBlock_35

  group: UnitBlock_36 {
    dimensions:
    	NumberCostCoeffs = 3 ;
    variables:
    	double InitialPower ;
    	double InitialReactivePower ;
    	double MaxReactivePower(TimeHorizon) ;
    	double MinReactivePower(TimeHorizon) ;
    	double VoltageMagnitude(TimeHorizon) ;
    	double MaxPower(TimeHorizon) ;
    	double MinPower(TimeHorizon) ;
    	uint CostModel ;
    	double StartupCost ;
    	double PowerCostCoeffs(NumberCostCoeffs) ;
    	double LinearTerm ;
    	double MinUpTime ;
    	double MinDownTime ;
    	double InitUpDownTime ;
    	double InertiaCommitment ;

    // group attributes:
    		:type = "ThermalUnitBlock" ;
    data:

     InitialPower = 0 ;

     InitialReactivePower = 13.72 ;

     MaxReactivePower = 38.08 ;

     MinReactivePower = -11.73 ;

     VoltageMagnitude = 1.041045 ;

     MaxPower = 100 ;

     MinPower = 0 ;

     CostModel = 1 ;

     StartupCost = 0 ;

     PowerCostCoeffs = 0, 1, 0 ;

     LinearTerm = 1 ;

     MinUpTime = 1 ;

     MinDownTime = 1 ;

     InitUpDownTime = 1 ;

     InertiaCommitment = 1 ;
    } // group UnitBlock_36

  group: UnitBlock_37 {
    dimensions:
    	NumberCostCoeffs = 3 ;
    variables:
    	double InitialPower ;
    	double InitialReactivePower ;
    	double MaxReactivePower(TimeHorizon) ;
    	double MinReactivePower(TimeHorizon) ;
    	double VoltageMagnitude(TimeHorizon) ;
    	double MaxPower(TimeHorizon) ;
    	double MinPower(TimeHorizon) ;
    	uint CostModel ;
    	double StartupCost ;
    	double PowerCostCoeffs(NumberCostCoeffs) ;
    	double LinearTerm ;
    	double MinUpTime ;
    	double MinDownTime ;
    	double InitUpDownTime ;
    	double InertiaCommitment ;

    // group attributes:
    		:type = "ThermalUnitBlock" ;
    data:

     InitialPower = 0 ;

     InitialReactivePower = 2.33 ;

     MaxReactivePower = 18.09 ;

     MinReactivePower = -6.79 ;

     VoltageMagnitude = 1.04353 ;

     MaxPower = 100 ;

     MinPower = 0 ;

     CostModel = 1 ;

     StartupCost = 0 ;

     PowerCostCoeffs = 0, 1, 0 ;

     LinearTerm = 1 ;

     MinUpTime = 1 ;

     MinDownTime = 1 ;

     InitUpDownTime = 1 ;

     InertiaCommitment = 1 ;
    } // group UnitBlock_37

  group: UnitBlock_38 {
    dimensions:
    	NumberCostCoeffs = 3 ;
    variables:
    	double InitialPower ;
    	double InitialReactivePower ;
    	double MaxReactivePower(TimeHorizon) ;
    	double MinReactivePower(TimeHorizon) ;
    	double VoltageMagnitude(TimeHorizon) ;
    	double MaxPower(TimeHorizon) ;
    	double MinPower(TimeHorizon) ;
    	uint CostModel ;
    	double StartupCost ;
    	double PowerCostCoeffs(NumberCostCoeffs) ;
    	double LinearTerm ;
    	double MinUpTime ;
    	double MinDownTime ;
    	double InitUpDownTime ;
    	double InertiaCommitment ;

    // group attributes:
    		:type = "ThermalUnitBlock" ;
    data:

     InitialPower = 49.4 ;

     InitialReactivePower = 2.95 ;

     MaxReactivePower = 37.72 ;

     MinReactivePower = -12.09 ;

     VoltageMagnitude = 1.047684 ;

     MaxPower = 80 ;

     MinPower = 0 ;

     CostModel = 1 ;

     StartupCost = 0 ;

     PowerCostCoeffs = 0, 1, 0 ;

     LinearTerm = 1 ;

     MinUpTime = 1 ;

     MinDownTime = 1 ;

     InitUpDownTime = 1 ;

     InertiaCommitment = 1 ;
    } // group UnitBlock_38

  group: UnitBlock_39 {
    dimensions:
    	NumberCostCoeffs = 3 ;
    variables:
    	double InitialPower ;
    	double InitialReactivePower ;
    	double MaxReactivePower(TimeHorizon) ;
    	double MinReactivePower(TimeHorizon) ;
    	double VoltageMagnitude(TimeHorizon) ;
    	double MaxPower(TimeHorizon) ;
    	double MinPower(TimeHorizon) ;
    	uint CostModel ;
    	double StartupCost ;
    	double PowerCostCoeffs(NumberCostCoeffs) ;
    	double LinearTerm ;
    	double MinUpTime ;
    	double MinDownTime ;
    	double InitUpDownTime ;
    	double InertiaCommitment ;

    // group attributes:
    		:type = "ThermalUnitBlock" ;
    data:

     InitialPower = 62.6 ;

     InitialReactivePower = 7.49 ;

     MaxReactivePower = 36.4 ;

     MinReactivePower = -13.44 ;

     VoltageMagnitude = 1.048068 ;

     MaxPower = 80 ;

     MinPower = 0 ;

     CostModel = 1 ;

     StartupCost = 0 ;

     PowerCostCoeffs = 0, 1, 0 ;

     LinearTerm = 1 ;

     MinUpTime = 1 ;

     MinDownTime = 1 ;

     InitUpDownTime = 1 ;

     InertiaCommitment = 1 ;
    } // group UnitBlock_39

  group: UnitBlock_40 {
    dimensions:
    	NumberCostCoeffs = 3 ;
    variables:
    	double InitialPower ;
    	double InitialReactivePower ;
    	double MaxReactivePower(TimeHorizon) ;
    	double MinReactivePower(TimeHorizon) ;
    	double VoltageMagnitude(TimeHorizon) ;
    	double MaxPower(TimeHorizon) ;
    	double MinPower(TimeHorizon) ;
    	uint CostModel ;
    	double StartupCost ;
    	double PowerCostCoeffs(NumberCostCoeffs) ;
    	double LinearTerm ;
    	double MinUpTime ;
    	double MinDownTime ;
    	double InitUpDownTime ;
    	double InertiaCommitment ;

    // group attributes:
    		:type = "ThermalUnitBlock" ;
    data:

     InitialPower = 50.6 ;

     InitialReactivePower = 13.86 ;

     MaxReactivePower = 37.66 ;

     MinReactivePower = -12.17 ;

     VoltageMagnitude = 1.043862 ;

     MaxPower = 80 ;

     MinPower = 0 ;

     CostModel = 1 ;

     StartupCost = 0 ;

     PowerCostCoeffs = 0, 1, 0 ;

     LinearTerm = 1 ;

     MinUpTime = 1 ;

     MinDownTime = 1 ;

     InitUpDownTime = 1 ;

     InertiaCommitment = 1 ;
    } // group UnitBlock_40

  group: UnitBlock_41 {
    dimensions:
    	NumberCostCoeffs = 3 ;
    variables:
    	double InitialPower ;
    	double InitialReactivePower ;
    	double MaxReactivePower(TimeHorizon) ;
    	double MinReactivePower(TimeHorizon) ;
    	double VoltageMagnitude(TimeHorizon) ;
    	double MaxPower(TimeHorizon) ;
    	double MinPower(TimeHorizon) ;
    	uint CostModel ;
    	double StartupCost ;
    	double PowerCostCoeffs(NumberCostCoeffs) ;
    	double LinearTerm ;
    	double MinUpTime ;
    	double MinDownTime ;
    	double InitUpDownTime ;
    	double InertiaCommitment ;

    // group attributes:
    		:type = "ThermalUnitBlock" ;
    data:

     InitialPower = 50.4 ;

     InitialReactivePower = 11.76 ;

     MaxReactivePower = 37.74 ;

     MinReactivePower = -12.11 ;

     VoltageMagnitude = 1.028554 ;

     MaxPower = 80 ;

     MinPower = 0 ;

     CostModel = 1 ;

     StartupCost = 0 ;

     PowerCostCoeffs = 0, 1, 0 ;

     LinearTerm = 1 ;

     MinUpTime = 1 ;

     MinDownTime = 1 ;

     InitUpDownTime = 1 ;

     InertiaCommitment = 1 ;
    } // group UnitBlock_41

  group: UnitBlock_42 {
    dimensions:
    	NumberCostCoeffs = 3 ;
    variables:
    	double InitialPower ;
    	double InitialReactivePower ;
    	double MaxReactivePower(TimeHorizon) ;
    	double MinReactivePower(TimeHorizon) ;
    	double VoltageMagnitude(TimeHorizon) ;
    	double MaxPower(TimeHorizon) ;
    	double MinPower(TimeHorizon) ;
    	uint CostModel ;
    	double StartupCost ;
    	double PowerCostCoeffs(NumberCostCoeffs) ;
    	double LinearTerm ;
    	double MinUpTime ;
    	double MinDownTime ;
    	double InitUpDownTime ;
    	double InertiaCommitment ;

    // group attributes:
    		:type = "ThermalUnitBlock" ;
    data:

     InitialPower = 1250.4 ;

     InitialReactivePower = 274.36 ;

     MaxReactivePower = 928.89 ;

     MinReactivePower = -296.1 ;

     VoltageMagnitude = 1.04395 ;

     MaxPower = 2000 ;

     MinPower = 666.67 ;

     CostModel = 1 ;

     StartupCost = 0 ;

     PowerCostCoeffs = 0, 1, 0 ;

     LinearTerm = 1 ;

     MinUpTime = 1 ;

     MinDownTime = 1 ;

     InitUpDownTime = 1 ;

     InertiaCommitment = 1 ;
    } // group UnitBlock_42

  group: UnitBlock_43 {
    dimensions:
    	NumberCostCoeffs = 3 ;
    variables:
    	double InitialPower ;
    	double InitialReactivePower ;
    	double MaxReactivePower(TimeHorizon) ;
    	double MinReactivePower(TimeHorizon) ;
    	double VoltageMagnitude(TimeHorizon) ;
    	double MaxPower(TimeHorizon) ;
    	double MinPower(TimeHorizon) ;
    	uint CostModel ;
    	double StartupCost ;
    	double PowerCostCoeffs(NumberCostCoeffs) ;
    	double LinearTerm ;
    	double MinUpTime ;
    	double MinDownTime ;
    	double InitUpDownTime ;
    	double InertiaCommitment ;

    // group attributes:
    		:type = "ThermalUnitBlock" ;
    data:

     InitialPower = 860.8 ;

     InitialReactivePower = 121.94 ;

     MaxReactivePower = 439.37 ;

     MinReactivePower = -173.3 ;

     VoltageMagnitude = 1.037938 ;

     MaxPower = 1000 ;

     MinPower = 333.33 ;

     CostModel = 1 ;

     StartupCost = 0 ;

     PowerCostCoeffs = 0, 1, 0 ;

     LinearTerm = 1 ;

     MinUpTime = 1 ;

     MinDownTime = 1 ;

     InitUpDownTime = 1 ;

     InertiaCommitment = 1 ;
    } // group UnitBlock_43

  group: UnitBlock_44 {
    dimensions:
    	NumberCostCoeffs = 3 ;
    variables:
    	double InitialPower ;
    	double InitialReactivePower ;
    	double MaxReactivePower(TimeHorizon) ;
    	double MinReactivePower(TimeHorizon) ;
    	double VoltageMagnitude(TimeHorizon) ;
    	double MaxPower(TimeHorizon) ;
    	double MinPower(TimeHorizon) ;
    	uint CostModel ;
    	double StartupCost ;
    	double PowerCostCoeffs(NumberCostCoeffs) ;
    	double LinearTerm ;
    	double MinUpTime ;
    	double MinDownTime ;
    	double InitUpDownTime ;
    	double InertiaCommitment ;

    // group attributes:
    		:type = "ThermalUnitBlock" ;
    data:

     InitialPower = 28.1 ;

     InitialReactivePower = 1.73 ;

     MaxReactivePower = 18.52 ;

     MinReactivePower = -6.39 ;

     VoltageMagnitude = 1.062238 ;

     MaxPower = 40 ;

     MinPower = 0 ;

     CostModel = 1 ;

     StartupCost = 0 ;

     PowerCostCoeffs = 0, 1, 0 ;

     LinearTerm = 1 ;

     MinUpTime = 1 ;

     MinDownTime = 1 ;

     InitUpDownTime = 1 ;

     InertiaCommitment = 1 ;
    } // group UnitBlock_44

  group: UnitBlock_45 {
    dimensions:
    	NumberCostCoeffs = 3 ;
    variables:
    	double InitialPower ;
    	double InitialReactivePower ;
    	double MaxReactivePower(TimeHorizon) ;
    	double MinReactivePower(TimeHorizon) ;
    	double VoltageMagnitude(TimeHorizon) ;
    	double MaxPower(TimeHorizon) ;
    	double MinPower(TimeHorizon) ;
    	uint CostModel ;
    	double StartupCost ;
    	double PowerCostCoeffs(NumberCostCoeffs) ;
    	double LinearTerm ;
    	double MinUpTime ;
    	double MinDownTime ;
    	double InitUpDownTime ;
    	double InertiaCommitment ;

    // group attributes:
    		:type = "ThermalUnitBlock" ;
    data:

     InitialPower = 40 ;

     InitialReactivePower = 3.62 ;

     MaxReactivePower = 16.99 ;

     MinReactivePower = -7.92 ;

     VoltageMagnitude = 1.04286 ;

     MaxPower = 41.06 ;

     MinPower = 0 ;

     CostModel = 1 ;

     StartupCost = 0 ;

     PowerCostCoeffs = 0, 1, 0 ;

     LinearTerm = 1 ;

     MinUpTime = 1 ;

     MinDownTime = 1 ;

     InitUpDownTime = 1 ;

     InertiaCommitment = 1 ;
    } // group UnitBlock_45

  group: UnitBlock_46 {
    dimensions:
    	NumberCostCoeffs = 3 ;
    variables:
    	double InitialPower ;
    	double InitialReactivePower ;
    	double MaxReactivePower(TimeHorizon) ;
    	double MinReactivePower(TimeHorizon) ;
    	double VoltageMagnitude(TimeHorizon) ;
    	double MaxPower(TimeHorizon) ;
    	double MinPower(TimeHorizon) ;
    	uint CostModel ;
    	double StartupCost ;
    	double PowerCostCoeffs(NumberCostCoeffs) ;
    	double LinearTerm ;
    	double MinUpTime ;
    	double MinDownTime ;
    	double InitUpDownTime ;
    	double InertiaCommitment ;

    // group attributes:
    		:type = "ThermalUnitBlock" ;
    data:

     InitialPower = 1250.4 ;

     InitialReactivePower = 253.94 ;

     MaxReactivePower = 926.35 ;

     MinReactivePower = -297.68 ;

     VoltageMagnitude = 1.05295 ;

     MaxPower = 2000 ;

     MinPower = 666.67 ;

     CostModel = 1 ;

     StartupCost = 0 ;

     PowerCostCoeffs = 0, 1, 0 ;

     LinearTerm = 1 ;

     MinUpTime = 1 ;

     MinDownTime = 1 ;

     InitUpDownTime = 1 ;

     InertiaCommitment = 1 ;
    } // group UnitBlock_46

  group: UnitBlock_47 {
    dimensions:
    	NumberCostCoeffs = 3 ;
    variables:
    	double InitialPower ;
    	double InitialReactivePower ;
    	double MaxReactivePower(TimeHorizon) ;
    	double MinReactivePower(TimeHorizon) ;
    	double VoltageMagnitude(TimeHorizon) ;
    	double MaxPower(TimeHorizon) ;
    	double MinPower(TimeHorizon) ;
    	uint CostModel ;
    	double StartupCost ;
    	double PowerCostCoeffs(NumberCostCoeffs) ;
    	double LinearTerm ;
    	double MinUpTime ;
    	double MinDownTime ;
    	double InitUpDownTime ;
    	double InertiaCommitment ;

    // group attributes:
    		:type = "ThermalUnitBlock" ;
    data:

     InitialPower = 0 ;

     InitialReactivePower = -13.17 ;

     MaxReactivePower = 111.23 ;

     MinReactivePower = -38.16 ;

     VoltageMagnitude = 1.046224 ;

     MaxPower = 100 ;

     MinPower = 0 ;

     CostModel = 1 ;

     StartupCost = 0 ;

     PowerCostCoeffs = 0, 1, 0 ;

     LinearTerm = 1 ;

     MinUpTime = 1 ;

     MinDownTime = 1 ;

     InitUpDownTime = 1 ;

     InertiaCommitment = 1 ;
    } // group UnitBlock_47

  group: UnitBlock_48 {
    dimensions:
    	NumberCostCoeffs = 3 ;
    variables:
    	double InitialPower ;
    	double InitialReactivePower ;
    	double MaxReactivePower(TimeHorizon) ;
    	double MinReactivePower(TimeHorizon) ;
    	double VoltageMagnitude(TimeHorizon) ;
    	double MaxPower(TimeHorizon) ;
    	double MinPower(TimeHorizon) ;
    	uint CostModel ;
    	double StartupCost ;
    	double PowerCostCoeffs(NumberCostCoeffs) ;
    	double LinearTerm ;
    	double MinUpTime ;
    	double MinDownTime ;
    	double InitUpDownTime ;
    	double InertiaCommitment ;

    // group attributes:
    		:type = "ThermalUnitBlock" ;
    data:

     InitialPower = 15.6 ;

     InitialReactivePower = -1.26 ;

     MaxReactivePower = 11.76 ;

     MinReactivePower = -8.89 ;

     VoltageMagnitude = 1.04762 ;

     MaxPower = 31.92 ;

     MinPower = 0 ;

     CostModel = 1 ;

     StartupCost = 0 ;

     PowerCostCoeffs = 0, 1, 0 ;

     LinearTerm = 1 ;

     MinUpTime = 1 ;

     MinDownTime = 1 ;

     InitUpDownTime = 1 ;

     InertiaCommitment = 1 ;
    } // group UnitBlock_48

  group: UnitBlock_49 {
    dimensions:
    	NumberCostCoeffs = 3 ;
    variables:
    	double InitialPower ;
    	double InitialReactivePower ;
    	double MaxReactivePower(TimeHorizon) ;
    	double MinReactivePower(TimeHorizon) ;
    	double VoltageMagnitude(TimeHorizon) ;
    	double MaxPower(TimeHorizon) ;
    	double MinPower(TimeHorizon) ;
    	uint CostModel ;
    	double StartupCost ;
    	double PowerCostCoeffs(NumberCostCoeffs) ;
    	double LinearTerm ;
    	double MinUpTime ;
    	double MinDownTime ;
    	double InitUpDownTime ;
    	double InertiaCommitment ;

    // group attributes:
    		:type = "ThermalUnitBlock" ;
    data:

     InitialPower = 0 ;

     InitialReactivePower = 10.63 ;

     MaxReactivePower = 58.16 ;

     MinReactivePower = -16.52 ;

     VoltageMagnitude = 1.054325 ;

     MaxPower = 100 ;

     MinPower = 0 ;

     CostModel = 1 ;

     StartupCost = 0 ;

     PowerCostCoeffs = 0, 1, 0 ;

     LinearTerm = 1 ;

     MinUpTime = 1 ;

     MinDownTime = 1 ;

     InitUpDownTime = 1 ;

     InertiaCommitment = 1 ;
    } // group UnitBlock_49

  group: UnitBlock_50 {
    dimensions:
    	NumberCostCoeffs = 3 ;
    variables:
    	double InitialPower ;
    	double InitialReactivePower ;
    	double MaxReactivePower(TimeHorizon) ;
    	double MinReactivePower(TimeHorizon) ;
    	double VoltageMagnitude(TimeHorizon) ;
    	double MaxPower(TimeHorizon) ;
    	double MinPower(TimeHorizon) ;
    	uint CostModel ;
    	double StartupCost ;
    	double PowerCostCoeffs(NumberCostCoeffs) ;
    	double LinearTerm ;
    	double MinUpTime ;
    	double MinDownTime ;
    	double InitUpDownTime ;
    	double InertiaCommitment ;

    // group attributes:
    		:type = "ThermalUnitBlock" ;
    data:

     InitialPower = 573.68 ;

     InitialReactivePower = 42.43 ;

     MaxReactivePower = 396.02 ;

     MinReactivePower = -155.83 ;

     VoltageMagnitude = 1.039377 ;

     MaxPower = 912.78 ;

     MinPower = 312.78 ;

     CostModel = 1 ;

     StartupCost = 0 ;

     PowerCostCoeffs = 0, 1, 0 ;

     LinearTerm = 1 ;

     MinUpTime = 1 ;

     MinDownTime = 1 ;

     InitUpDownTime = 1 ;

     InertiaCommitment = 1 ;
    } // group UnitBlock_50

  group: UnitBlock_51 {
    dimensions:
    	NumberCostCoeffs = 3 ;
    variables:
    	double InitialPower ;
    	double InitialReactivePower ;
    	double MaxReactivePower(TimeHorizon) ;
    	double MinReactivePower(TimeHorizon) ;
    	double VoltageMagnitude(TimeHorizon) ;
    	double MaxPower(TimeHorizon) ;
    	double MinPower(TimeHorizon) ;
    	uint CostModel ;
    	double StartupCost ;
    	double PowerCostCoeffs(NumberCostCoeffs) ;
    	double LinearTerm ;
    	double MinUpTime ;
    	double MinDownTime ;
    	double InitUpDownTime ;
    	double InertiaCommitment ;

    // group attributes:
    		:type = "ThermalUnitBlock" ;
    data:

     InitialPower = 115.5 ;

     InitialReactivePower = -45.22 ;

     MaxReactivePower = 160.36 ;

     MinReactivePower = -150.95 ;

     VoltageMagnitude = 1.035636 ;

     MaxPower = 472.16 ;

     MinPower = 39.35 ;

     CostModel = 1 ;

     StartupCost = 0 ;

     PowerCostCoeffs = 0, 1, 0 ;

     LinearTerm = 1 ;

     MinUpTime = 1 ;

     MinDownTime = 1 ;

     InitUpDownTime = 1 ;

     InertiaCommitment = 1 ;
    } // group UnitBlock_51

  group: UnitBlock_52 {
    dimensions:
    	NumberCostCoeffs = 3 ;
    variables:
    	double InitialPower ;
    	double InitialReactivePower ;
    	double MaxReactivePower(TimeHorizon) ;
    	double MinReactivePower(TimeHorizon) ;
    	double VoltageMagnitude(TimeHorizon) ;
    	double MaxPower(TimeHorizon) ;
    	double MinPower(TimeHorizon) ;
    	uint CostModel ;
    	double StartupCost ;
    	double PowerCostCoeffs(NumberCostCoeffs) ;
    	double LinearTerm ;
    	double MinUpTime ;
    	double MinDownTime ;
    	double InitUpDownTime ;
    	double InertiaCommitment ;

    // group attributes:
    		:type = "ThermalUnitBlock" ;
    data:

     InitialPower = 31 ;

     InitialReactivePower = 0.56 ;

     MaxReactivePower = 18.14 ;

     MinReactivePower = -6.75 ;

     VoltageMagnitude = 1.064692 ;

     MaxPower = 40 ;

     MinPower = 0 ;

     CostModel = 1 ;

     StartupCost = 0 ;

     PowerCostCoeffs = 0, 1, 0 ;

     LinearTerm = 1 ;

     MinUpTime = 1 ;

     MinDownTime = 1 ;

     InitUpDownTime = 1 ;

     InertiaCommitment = 1 ;
    } // group UnitBlock_52

  group: UnitBlock_53 {
    dimensions:
    	NumberCostCoeffs = 3 ;
    variables:
    	double InitialPower ;
    	double InitialReactivePower ;
    	double MaxReactivePower(TimeHorizon) ;
    	double MinReactivePower(TimeHorizon) ;
    	double VoltageMagnitude(TimeHorizon) ;
    	double MaxPower(TimeHorizon) ;
    	double MinPower(TimeHorizon) ;
    	uint CostModel ;
    	double StartupCost ;
    	double PowerCostCoeffs(NumberCostCoeffs) ;
    	double LinearTerm ;
    	double MinUpTime ;
    	double MinDownTime ;
    	double InitUpDownTime ;
    	double InertiaCommitment ;

    // group attributes:
    		:type = "ThermalUnitBlock" ;
    data:

     InitialPower = 855.6 ;

     InitialReactivePower = 149.85 ;

     MaxReactivePower = 441.85 ;

     MinReactivePower = -171.27 ;

     VoltageMagnitude = 1.03088 ;

     MaxPower = 1000 ;

     MinPower = 333.33 ;

     CostModel = 1 ;

     StartupCost = 0 ;

     PowerCostCoeffs = 0, 1, 0 ;

     LinearTerm = 1 ;

     MinUpTime = 1 ;

     MinDownTime = 1 ;

     InitUpDownTime = 1 ;

     InertiaCommitment = 1 ;
    } // group UnitBlock_53

  group: UnitBlock_54 {
    dimensions:
    	NumberCostCoeffs = 3 ;
    variables:
    	double InitialPower ;
    	double InitialReactivePower ;
    	double MaxReactivePower(TimeHorizon) ;
    	double MinReactivePower(TimeHorizon) ;
    	double VoltageMagnitude(TimeHorizon) ;
    	double MaxPower(TimeHorizon) ;
    	double MinPower(TimeHorizon) ;
    	uint CostModel ;
    	double StartupCost ;
    	double PowerCostCoeffs(NumberCostCoeffs) ;
    	double LinearTerm ;
    	double MinUpTime ;
    	double MinDownTime ;
    	double InitUpDownTime ;
    	double InertiaCommitment ;

    // group attributes:
    		:type = "ThermalUnitBlock" ;
    data:

     InitialPower = 836.2 ;

     InitialReactivePower = -16.43 ;

     MaxReactivePower = 962.2 ;

     MinReactivePower = -263.65 ;

     VoltageMagnitude = 1.009914 ;

     MaxPower = 2000 ;

     MinPower = 666.67 ;

     CostModel = 1 ;

     StartupCost = 0 ;

     PowerCostCoeffs = 0, 1, 0 ;

     LinearTerm = 1 ;

     MinUpTime = 1 ;

     MinDownTime = 1 ;

     InitUpDownTime = 1 ;

     InertiaCommitment = 1 ;
    } // group UnitBlock_54

  group: UnitBlock_55 {
    dimensions:
    	NumberCostCoeffs = 3 ;
    variables:
    	double InitialPower ;
    	double InitialReactivePower ;
    	double MaxReactivePower(TimeHorizon) ;
    	double MinReactivePower(TimeHorizon) ;
    	double VoltageMagnitude(TimeHorizon) ;
    	double MaxPower(TimeHorizon) ;
    	double MinPower(TimeHorizon) ;
    	uint CostModel ;
    	double StartupCost ;
    	double PowerCostCoeffs(NumberCostCoeffs) ;
    	double LinearTerm ;
    	double MinUpTime ;
    	double MinDownTime ;
    	double InitUpDownTime ;
    	double InertiaCommitment ;

    // group attributes:
    		:type = "ThermalUnitBlock" ;
    data:

     InitialPower = 176 ;

     InitialReactivePower = 31.77 ;

     MaxReactivePower = 88.39 ;

     MinReactivePower = -36.19 ;

     VoltageMagnitude = 1.040351 ;

     MaxPower = 200 ;

     MinPower = 0 ;

     CostModel = 1 ;

     StartupCost = 0 ;

     PowerCostCoeffs = 0, 1, 0 ;

     LinearTerm = 1 ;

     MinUpTime = 1 ;

     MinDownTime = 1 ;

     InitUpDownTime = 1 ;

     InertiaCommitment = 1 ;
    } // group UnitBlock_55

  group: UnitBlock_56 {
    dimensions:
    	NumberCostCoeffs = 3 ;
    variables:
    	double InitialPower ;
    	double InitialReactivePower ;
    	double MaxReactivePower(TimeHorizon) ;
    	double MinReactivePower(TimeHorizon) ;
    	double VoltageMagnitude(TimeHorizon) ;
    	double MaxPower(TimeHorizon) ;
    	double MinPower(TimeHorizon) ;
    	uint CostModel ;
    	double StartupCost ;
    	double PowerCostCoeffs(NumberCostCoeffs) ;
    	double LinearTerm ;
    	double MinUpTime ;
    	double MinDownTime ;
    	double InitUpDownTime ;
    	double InertiaCommitment ;

    // group attributes:
    		:type = "ThermalUnitBlock" ;
    data:

     InitialPower = 0 ;

     InitialReactivePower = 13.33 ;

     MaxReactivePower = 58.35 ;

     MinReactivePower = -16.26 ;

     VoltageMagnitude = 1.07333 ;

     MaxPower = 100 ;

     MinPower = 0 ;

     CostModel = 1 ;

     StartupCost = 0 ;

     PowerCostCoeffs = 0, 1, 0 ;

     LinearTerm = 1 ;

     MinUpTime = 1 ;

     MinDownTime = 1 ;

     InitUpDownTime = 1 ;

     InertiaCommitment = 1 ;
    } // group UnitBlock_56

  group: UnitBlock_57 {
    dimensions:
    	NumberCostCoeffs = 3 ;
    variables:
    	double InitialPower ;
    	double InitialReactivePower ;
    	double MaxReactivePower(TimeHorizon) ;
    	double MinReactivePower(TimeHorizon) ;
    	double VoltageMagnitude(TimeHorizon) ;
    	double MaxPower(TimeHorizon) ;
    	double MinPower(TimeHorizon) ;
    	uint CostModel ;
    	double StartupCost ;
    	double PowerCostCoeffs(NumberCostCoeffs) ;
    	double LinearTerm ;
    	double MinUpTime ;
    	double MinDownTime ;
    	double InitUpDownTime ;
    	double InertiaCommitment ;

    // group attributes:
    		:type = "ThermalUnitBlock" ;
    data:

     InitialPower = 0 ;

     InitialReactivePower = -1.42 ;

     MaxReactivePower = 19.51 ;

     MinReactivePower = -14.74 ;

     VoltageMagnitude = 1.035528 ;

     MaxPower = 100 ;

     MinPower = 0 ;

     CostModel = 1 ;

     StartupCost = 0 ;

     PowerCostCoeffs = 0, 1, 0 ;

     LinearTerm = 1 ;

     MinUpTime = 1 ;

     MinDownTime = 1 ;

     InitUpDownTime = 1 ;

     InertiaCommitment = 1 ;
    } // group UnitBlock_57

  group: UnitBlock_58 {
    dimensions:
    	NumberCostCoeffs = 3 ;
    variables:
    	double InitialPower ;
    	double InitialReactivePower ;
    	double MaxReactivePower(TimeHorizon) ;
    	double MinReactivePower(TimeHorizon) ;
    	double VoltageMagnitude(TimeHorizon) ;
    	double MaxPower(TimeHorizon) ;
    	double MinPower(TimeHorizon) ;
    	uint CostModel ;
    	double StartupCost ;
    	double PowerCostCoeffs(NumberCostCoeffs) ;
    	double LinearTerm ;
    	double MinUpTime ;
    	double MinDownTime ;
    	double InitUpDownTime ;
    	double InertiaCommitment ;

    // group attributes:
    		:type = "ThermalUnitBlock" ;
    data:

     InitialPower = 38.9 ;

     InitialReactivePower = -22.64 ;

     MaxReactivePower = 41.67 ;

     MinReactivePower = -36.5 ;

     VoltageMagnitude = 1.05324 ;

     MaxPower = 119.3 ;

     MinPower = 0 ;

     CostModel = 1 ;

     StartupCost = 0 ;

     PowerCostCoeffs = 0, 1, 0 ;

     LinearTerm = 1 ;

     MinUpTime = 1 ;

     MinDownTime = 1 ;

     InitUpDownTime = 1 ;

     InertiaCommitment = 1 ;
    } // group UnitBlock_58

  group: UnitBlock_59 {
    dimensions:
    	NumberCostCoeffs = 3 ;
    variables:
    	double InitialPower ;
    	double InitialReactivePower ;
    	double MaxReactivePower(TimeHorizon) ;
    	double MinReactivePower(TimeHorizon) ;
    	double VoltageMagnitude(TimeHorizon) ;
    	double MaxPower(TimeHorizon) ;
    	double MinPower(TimeHorizon) ;
    	uint CostModel ;
    	double StartupCost ;
    	double PowerCostCoeffs(NumberCostCoeffs) ;
    	double LinearTerm ;
    	double MinUpTime ;
    	double MinDownTime ;
    	double InitUpDownTime ;
    	double InertiaCommitment ;

    // group attributes:
    		:type = "ThermalUnitBlock" ;
    data:

     InitialPower = 110.5 ;

     InitialReactivePower = 13.69 ;

     MaxReactivePower = 95.69 ;

     MinReactivePower = -28.93 ;

     VoltageMagnitude = 1.072528 ;

     MaxPower = 200 ;

     MinPower = 0 ;

     CostModel = 1 ;

     StartupCost = 0 ;

     PowerCostCoeffs = 0, 1, 0 ;

     LinearTerm = 1 ;

     MinUpTime = 1 ;

     MinDownTime = 1 ;

     InitUpDownTime = 1 ;

     InertiaCommitment = 1 ;
    } // group UnitBlock_59

  group: UnitBlock_60 {
    dimensions:
    	NumberCostCoeffs = 3 ;
    variables:
    	double InitialPower ;
    	double InitialReactivePower ;
    	double MaxReactivePower(TimeHorizon) ;
    	double MinReactivePower(TimeHorizon) ;
    	double VoltageMagnitude(TimeHorizon) ;
    	double MaxPower(TimeHorizon) ;
    	double MinPower(TimeHorizon) ;
    	uint CostModel ;
    	double StartupCost ;
    	double PowerCostCoeffs(NumberCostCoeffs) ;
    	double LinearTerm ;
    	double MinUpTime ;
    	double MinDownTime ;
    	double InitUpDownTime ;
    	double InertiaCommitment ;

    // group attributes:
    		:type = "ThermalUnitBlock" ;
    data:

     InitialPower = 78.2 ;

     InitialReactivePower = 7.2 ;

     MaxReactivePower = 34.35 ;

     MinReactivePower = -15.5 ;

     VoltageMagnitude = 1.024884 ;

     MaxPower = 80 ;

     MinPower = 0 ;

     CostModel = 1 ;

     StartupCost = 0 ;

     PowerCostCoeffs = 0, 1, 0 ;

     LinearTerm = 1 ;

     MinUpTime = 1 ;

     MinDownTime = 1 ;

     InitUpDownTime = 1 ;

     InertiaCommitment = 1 ;
    } // group UnitBlock_60

  group: UnitBlock_61 {
    dimensions:
    	NumberCostCoeffs = 3 ;
    variables:
    	double InitialPower ;
    	double InitialReactivePower ;
    	double MaxReactivePower(TimeHorizon) ;
    	double MinReactivePower(TimeHorizon) ;
    	double VoltageMagnitude(TimeHorizon) ;
    	double MaxPower(TimeHorizon) ;
    	double MinPower(TimeHorizon) ;
    	uint CostModel ;
    	double StartupCost ;
    	double PowerCostCoeffs(NumberCostCoeffs) ;
    	double LinearTerm ;
    	double MinUpTime ;
    	double MinDownTime ;
    	double InitUpDownTime ;
    	double InertiaCommitment ;

    // group attributes:
    		:type = "ThermalUnitBlock" ;
    data:

     InitialPower = 0 ;

     InitialReactivePower = 4.66 ;

     MaxReactivePower = 37.39 ;

     MinReactivePower = -12.45 ;

     VoltageMagnitude = 1.047766 ;

     MaxPower = 100 ;

     MinPower = 0 ;

     CostModel = 1 ;

     StartupCost = 0 ;

     PowerCostCoeffs = 0, 1, 0 ;

     LinearTerm = 1 ;

     MinUpTime = 1 ;

     MinDownTime = 1 ;

     InitUpDownTime = 1 ;

     InertiaCommitment = 1 ;
    } // group UnitBlock_61

  group: UnitBlock_62 {
    dimensions:
    	NumberCostCoeffs = 3 ;
    variables:
    	double InitialPower ;
    	double InitialReactivePower ;
    	double MaxReactivePower(TimeHorizon) ;
    	double MinReactivePower(TimeHorizon) ;
    	double VoltageMagnitude(TimeHorizon) ;
    	double MaxPower(TimeHorizon) ;
    	double MinPower(TimeHorizon) ;
    	uint CostModel ;
    	double StartupCost ;
    	double PowerCostCoeffs(NumberCostCoeffs) ;
    	double LinearTerm ;
    	double MinUpTime ;
    	double MinDownTime ;
    	double InitUpDownTime ;
    	double InertiaCommitment ;

    // group attributes:
    		:type = "ThermalUnitBlock" ;
    data:

     InitialPower = 0 ;

     InitialReactivePower = 5.31 ;

     MaxReactivePower = 54.3 ;

     MinReactivePower = -20.49 ;

     VoltageMagnitude = 1.041186 ;

     MaxPower = 100 ;

     MinPower = 0 ;

     CostModel = 1 ;

     StartupCost = 0 ;

     PowerCostCoeffs = 0, 1, 0 ;

     LinearTerm = 1 ;

     MinUpTime = 1 ;

     MinDownTime = 1 ;

     InitUpDownTime = 1 ;

     InertiaCommitment = 1 ;
    } // group UnitBlock_62

  group: UnitBlock_63 {
    dimensions:
    	NumberCostCoeffs = 3 ;
    variables:
    	double InitialPower ;
    	double InitialReactivePower ;
    	double MaxReactivePower(TimeHorizon) ;
    	double MinReactivePower(TimeHorizon) ;
    	double VoltageMagnitude(TimeHorizon) ;
    	double MaxPower(TimeHorizon) ;
    	double MinPower(TimeHorizon) ;
    	uint CostModel ;
    	double StartupCost ;
    	double PowerCostCoeffs(NumberCostCoeffs) ;
    	double LinearTerm ;
    	double MinUpTime ;
    	double MinDownTime ;
    	double InitUpDownTime ;
    	double InertiaCommitment ;

    // group attributes:
    		:type = "ThermalUnitBlock" ;
    data:

     InitialPower = 0 ;

     InitialReactivePower = -30.65 ;

     MaxReactivePower = 105.34 ;

     MinReactivePower = -99.02 ;

     VoltageMagnitude = 1.037687 ;

     MaxPower = 100 ;

     MinPower = 0 ;

     CostModel = 1 ;

     StartupCost = 0 ;

     PowerCostCoeffs = 0, 1, 0 ;

     LinearTerm = 1 ;

     MinUpTime = 1 ;

     MinDownTime = 1 ;

     InitUpDownTime = 1 ;

     InertiaCommitment = 1 ;
    } // group UnitBlock_63

  group: UnitBlock_64 {
    dimensions:
    	NumberCostCoeffs = 3 ;
    variables:
    	double InitialPower ;
    	double InitialReactivePower ;
    	double MaxReactivePower(TimeHorizon) ;
    	double MinReactivePower(TimeHorizon) ;
    	double VoltageMagnitude(TimeHorizon) ;
    	double MaxPower(TimeHorizon) ;
    	double MinPower(TimeHorizon) ;
    	uint CostModel ;
    	double StartupCost ;
    	double PowerCostCoeffs(NumberCostCoeffs) ;
    	double LinearTerm ;
    	double MinUpTime ;
    	double MinDownTime ;
    	double InitUpDownTime ;
    	double InertiaCommitment ;

    // group attributes:
    		:type = "ThermalUnitBlock" ;
    data:

     InitialPower = 1367 ;

     InitialReactivePower = 286.48 ;

     MaxReactivePower = 921.62 ;

     MinReactivePower = -304.73 ;

     VoltageMagnitude = 1.06157 ;

     MaxPower = 2000 ;

     MinPower = 666.67 ;

     CostModel = 1 ;

     StartupCost = 0 ;

     PowerCostCoeffs = 0, 1, 0 ;

     LinearTerm = 1 ;

     MinUpTime = 1 ;

     MinDownTime = 1 ;

     InitUpDownTime = 1 ;

     InertiaCommitment = 1 ;
    } // group UnitBlock_64

  group: UnitBlock_65 {
    dimensions:
    	NumberCostCoeffs = 3 ;
    variables:
    	double InitialPower ;
    	double InitialReactivePower ;
    	double MaxReactivePower(TimeHorizon) ;
    	double MinReactivePower(TimeHorizon) ;
    	double VoltageMagnitude(TimeHorizon) ;
    	double MaxPower(TimeHorizon) ;
    	double MinPower(TimeHorizon) ;
    	uint CostModel ;
    	double StartupCost ;
    	double PowerCostCoeffs(NumberCostCoeffs) ;
    	double LinearTerm ;
    	double MinUpTime ;
    	double MinDownTime ;
    	double InitUpDownTime ;
    	double InertiaCommitment ;

    // group attributes:
    		:type = "ThermalUnitBlock" ;
    data:

     InitialPower = 46.8 ;

     InitialReactivePower = 5.15 ;

     MaxReactivePower = 38.02 ;

     MinReactivePower = -11.81 ;

     VoltageMagnitude = 1.048132 ;

     MaxPower = 80 ;

     MinPower = 0 ;

     CostModel = 1 ;

     StartupCost = 0 ;

     PowerCostCoeffs = 0, 1, 0 ;

     LinearTerm = 1 ;

     MinUpTime = 1 ;

     MinDownTime = 1 ;

     InitUpDownTime = 1 ;

     InertiaCommitment = 1 ;
    } // group UnitBlock_65

  group: UnitBlock_66 {
    dimensions:
    	NumberCostCoeffs = 3 ;
    variables:
    	double InitialPower ;
    	double InitialReactivePower ;
    	double MaxReactivePower(TimeHorizon) ;
    	double MinReactivePower(TimeHorizon) ;
    	double VoltageMagnitude(TimeHorizon) ;
    	double MaxPower(TimeHorizon) ;
    	double MinPower(TimeHorizon) ;
    	uint CostModel ;
    	double StartupCost ;
    	double PowerCostCoeffs(NumberCostCoeffs) ;
    	double LinearTerm ;
    	double MinUpTime ;
    	double MinDownTime ;
    	double InitUpDownTime ;
    	double InertiaCommitment ;

    // group attributes:
    		:type = "ThermalUnitBlock" ;
    data:

     InitialPower = 31.8 ;

     InitialReactivePower = 11.5 ;

     MaxReactivePower = 39.12 ;

     MinReactivePower = -10.71 ;

     VoltageMagnitude = 1.042777 ;

     MaxPower = 80 ;

     MinPower = 0 ;

     CostModel = 1 ;

     StartupCost = 0 ;

     PowerCostCoeffs = 0, 1, 0 ;

     LinearTerm = 1 ;

     MinUpTime = 1 ;

     MinDownTime = 1 ;

     InitUpDownTime = 1 ;

     InertiaCommitment = 1 ;
    } // group UnitBlock_66

  group: UnitBlock_67 {
    dimensions:
    	NumberCostCoeffs = 3 ;
    variables:
    	double InitialPower ;
    	double InitialReactivePower ;
    	double MaxReactivePower(TimeHorizon) ;
    	double MinReactivePower(TimeHorizon) ;
    	double VoltageMagnitude(TimeHorizon) ;
    	double MaxPower(TimeHorizon) ;
    	double MinPower(TimeHorizon) ;
    	uint CostModel ;
    	double StartupCost ;
    	double PowerCostCoeffs(NumberCostCoeffs) ;
    	double LinearTerm ;
    	double MinUpTime ;
    	double MinDownTime ;
    	double InitUpDownTime ;
    	double InertiaCommitment ;

    // group attributes:
    		:type = "ThermalUnitBlock" ;
    data:

     InitialPower = 286.5 ;

     InitialReactivePower = -15.8 ;

     MaxReactivePower = 162.4 ;

     MinReactivePower = -61.79 ;

     VoltageMagnitude = 1.049366 ;

     MaxPower = 360 ;

     MinPower = 0 ;

     CostModel = 1 ;

     StartupCost = 0 ;

     PowerCostCoeffs = 0, 1, 0 ;

     LinearTerm = 1 ;

     MinUpTime = 1 ;

     MinDownTime = 1 ;

     InitUpDownTime = 1 ;

     InertiaCommitment = 1 ;
    } // group UnitBlock_67

  group: UnitBlock_68 {
    dimensions:
    	NumberCostCoeffs = 3 ;
    variables:
    	double InitialPower ;
    	double InitialReactivePower ;
    	double MaxReactivePower(TimeHorizon) ;
    	double MinReactivePower(TimeHorizon) ;
    	double VoltageMagnitude(TimeHorizon) ;
    	double MaxPower(TimeHorizon) ;
    	double MinPower(TimeHorizon) ;
    	uint CostModel ;
    	double StartupCost ;
    	double PowerCostCoeffs(NumberCostCoeffs) ;
    	double LinearTerm ;
    	double MinUpTime ;
    	double MinDownTime ;
    	double InitUpDownTime ;
    	double InertiaCommitment ;

    // group attributes:
    		:type = "ThermalUnitBlock" ;
    data:

     InitialPower = 54.3 ;

     InitialReactivePower = 4.31 ;

     MaxReactivePower = 58.23 ;

     MinReactivePower = -16.49 ;

     VoltageMagnitude = 1.049384 ;

     MaxPower = 120 ;

     MinPower = 0 ;

     CostModel = 1 ;

     StartupCost = 0 ;

     PowerCostCoeffs = 0, 1, 0 ;

     LinearTerm = 1 ;

     MinUpTime = 1 ;

     MinDownTime = 1 ;

     InitUpDownTime = 1 ;

     InertiaCommitment = 1 ;
    } // group UnitBlock_68

  group: UnitBlock_69 {
    dimensions:
    	NumberCostCoeffs = 3 ;
    variables:
    	double InitialPower ;
    	double InitialReactivePower ;
    	double MaxReactivePower(TimeHorizon) ;
    	double MinReactivePower(TimeHorizon) ;
    	double VoltageMagnitude(TimeHorizon) ;
    	double MaxPower(TimeHorizon) ;
    	double MinPower(TimeHorizon) ;
    	uint CostModel ;
    	double StartupCost ;
    	double PowerCostCoeffs(NumberCostCoeffs) ;
    	double LinearTerm ;
    	double MinUpTime ;
    	double MinDownTime ;
    	double InitUpDownTime ;
    	double InertiaCommitment ;

    // group attributes:
    		:type = "ThermalUnitBlock" ;
    data:

     InitialPower = 76.48 ;

     InitialReactivePower = 16.9 ;

     MaxReactivePower = 76.08 ;

     MinReactivePower = -23.59 ;

     VoltageMagnitude = 1.038821 ;

     MaxPower = 160 ;

     MinPower = 0 ;

     CostModel = 1 ;

     StartupCost = 0 ;

     PowerCostCoeffs = 0, 1, 0 ;

     LinearTerm = 1 ;

     MinUpTime = 1 ;

     MinDownTime = 1 ;

     InitUpDownTime = 1 ;

     InertiaCommitment = 1 ;
    } // group UnitBlock_69

  group: UnitBlock_70 {
    dimensions:
    	NumberCostCoeffs = 3 ;
    variables:
    	double InitialPower ;
    	double InitialReactivePower ;
    	double MaxReactivePower(TimeHorizon) ;
    	double MinReactivePower(TimeHorizon) ;
    	double VoltageMagnitude(TimeHorizon) ;
    	double MaxPower(TimeHorizon) ;
    	double MinPower(TimeHorizon) ;
    	uint CostModel ;
    	double StartupCost ;
    	double PowerCostCoeffs(NumberCostCoeffs) ;
    	double LinearTerm ;
    	double MinUpTime ;
    	double MinDownTime ;
    	double InitUpDownTime ;
    	double InertiaCommitment ;

    // group attributes:
    		:type = "ThermalUnitBlock" ;
    data:

     InitialPower = 1367 ;

     InitialReactivePower = 302.84 ;

     MaxReactivePower = 921.52 ;

     MinReactivePower = -304.79 ;

     VoltageMagnitude = 1.061488 ;

     MaxPower = 2000 ;

     MinPower = 666.67 ;

     CostModel = 1 ;

     StartupCost = 0 ;

     PowerCostCoeffs = 0, 1, 0 ;

     LinearTerm = 1 ;

     MinUpTime = 1 ;

     MinDownTime = 1 ;

     InitUpDownTime = 1 ;

     InertiaCommitment = 1 ;
    } // group UnitBlock_70

  group: UnitBlock_71 {
    dimensions:
    	NumberCostCoeffs = 3 ;
    variables:
    	double InitialPower ;
    	double InitialReactivePower ;
    	double MaxReactivePower(TimeHorizon) ;
    	double MinReactivePower(TimeHorizon) ;
    	double VoltageMagnitude(TimeHorizon) ;
    	double MaxPower(TimeHorizon) ;
    	double MinPower(TimeHorizon) ;
    	uint CostModel ;
    	double StartupCost ;
    	double PowerCostCoeffs(NumberCostCoeffs) ;
    	double LinearTerm ;
    	double MinUpTime ;
    	double MinDownTime ;
    	double InitUpDownTime ;
    	double InertiaCommitment ;

    // group attributes:
    		:type = "ThermalUnitBlock" ;
    data:

     InitialPower = 41.92 ;

     InitialReactivePower = 3.94 ;

     MaxReactivePower = 51.94 ;

     MinReactivePower = -22.8 ;

     VoltageMagnitude = 1.036517 ;

     MaxPower = 120 ;

     MinPower = 0 ;

     CostModel = 1 ;

     StartupCost = 0 ;

     PowerCostCoeffs = 0, 1, 0 ;

     LinearTerm = 1 ;

     MinUpTime = 1 ;

     MinDownTime = 1 ;

     InitUpDownTime = 1 ;

     InertiaCommitment = 1 ;
    } // group UnitBlock_71

  group: UnitBlock_72 {
    dimensions:
    	NumberCostCoeffs = 3 ;
    variables:
    	double InitialPower ;
    	double InitialReactivePower ;
    	double MaxReactivePower(TimeHorizon) ;
    	double MinReactivePower(TimeHorizon) ;
    	double VoltageMagnitude(TimeHorizon) ;
    	double MaxPower(TimeHorizon) ;
    	double MinPower(TimeHorizon) ;
    	uint CostModel ;
    	double StartupCost ;
    	double PowerCostCoeffs(NumberCostCoeffs) ;
    	double LinearTerm ;
    	double MinUpTime ;
    	double MinDownTime ;
    	double InitUpDownTime ;
    	double InertiaCommitment ;

    // group attributes:
    		:type = "ThermalUnitBlock" ;
    data:

     InitialPower = 77.6 ;

     InitialReactivePower = -15.35 ;

     MaxReactivePower = 70.15 ;

     MinReactivePower = -58.1 ;

     VoltageMagnitude = 1.035384 ;

     MaxPower = 196.72 ;

     MinPower = 0 ;

     CostModel = 1 ;

     StartupCost = 0 ;

     PowerCostCoeffs = 0, 1, 0 ;

     LinearTerm = 1 ;

     MinUpTime = 1 ;

     MinDownTime = 1 ;

     InitUpDownTime = 1 ;

     InertiaCommitment = 1 ;
    } // group UnitBlock_72

  group: UnitBlock_73 {
    dimensions:
    	NumberCostCoeffs = 3 ;
    variables:
    	double InitialPower ;
    	double InitialReactivePower ;
    	double MaxReactivePower(TimeHorizon) ;
    	double MinReactivePower(TimeHorizon) ;
    	double VoltageMagnitude(TimeHorizon) ;
    	double MaxPower(TimeHorizon) ;
    	double MinPower(TimeHorizon) ;
    	uint CostModel ;
    	double StartupCost ;
    	double PowerCostCoeffs(NumberCostCoeffs) ;
    	double LinearTerm ;
    	double MinUpTime ;
    	double MinDownTime ;
    	double InitUpDownTime ;
    	double InertiaCommitment ;

    // group attributes:
    		:type = "ThermalUnitBlock" ;
    data:

     InitialPower = 1221.2 ;

     InitialReactivePower = 372.42 ;

     MaxReactivePower = 934.81 ;

     MinReactivePower = -291.47 ;

     VoltageMagnitude = 1.073795 ;

     MaxPower = 2000 ;

     MinPower = 666.67 ;

     CostModel = 1 ;

     StartupCost = 0 ;

     PowerCostCoeffs = 0, 1, 0 ;

     LinearTerm = 1 ;

     MinUpTime = 1 ;

     MinDownTime = 1 ;

     InitUpDownTime = 1 ;

     InertiaCommitment = 1 ;
    } // group UnitBlock_73

  group: UnitBlock_74 {
    dimensions:
    	NumberCostCoeffs = 3 ;
    variables:
    	double InitialPower ;
    	double InitialReactivePower ;
    	double MaxReactivePower(TimeHorizon) ;
    	double MinReactivePower(TimeHorizon) ;
    	double VoltageMagnitude(TimeHorizon) ;
    	double MaxPower(TimeHorizon) ;
    	double MinPower(TimeHorizon) ;
    	uint CostModel ;
    	double StartupCost ;
    	double PowerCostCoeffs(NumberCostCoeffs) ;
    	double LinearTerm ;
    	double MinUpTime ;
    	double MinDownTime ;
    	double InitUpDownTime ;
    	double InertiaCommitment ;

    // group attributes:
    		:type = "ThermalUnitBlock" ;
    data:

     InitialPower = 0 ;

     InitialReactivePower = -11.62 ;

     MaxReactivePower = 88.33 ;

     MinReactivePower = -36.33 ;

     VoltageMagnitude = 1.042226 ;

     MaxPower = 100 ;

     MinPower = 0 ;

     CostModel = 1 ;

     StartupCost = 0 ;

     PowerCostCoeffs = 0, 1, 0 ;

     LinearTerm = 1 ;

     MinUpTime = 1 ;

     MinDownTime = 1 ;

     InitUpDownTime = 1 ;

     InertiaCommitment = 1 ;
    } // group UnitBlock_74

  group: UnitBlock_75 {
    dimensions:
    	NumberCostCoeffs = 3 ;
    variables:
    	double InitialPower ;
    	double InitialReactivePower ;
    	double MaxReactivePower(TimeHorizon) ;
    	double MinReactivePower(TimeHorizon) ;
    	double VoltageMagnitude(TimeHorizon) ;
    	double MaxPower(TimeHorizon) ;
    	double MinPower(TimeHorizon) ;
    	uint CostModel ;
    	double StartupCost ;
    	double PowerCostCoeffs(NumberCostCoeffs) ;
    	double LinearTerm ;
    	double MinUpTime ;
    	double MinDownTime ;
    	double InitUpDownTime ;
    	double InertiaCommitment ;

    // group attributes:
    		:type = "ThermalUnitBlock" ;
    data:

     InitialPower = 66.8 ;

     InitialReactivePower = -1.21 ;

     MaxReactivePower = 77.91 ;

     MinReactivePower = -21.66 ;

     VoltageMagnitude = 1.05396 ;

     MaxPower = 160 ;

     MinPower = 0 ;

     CostModel = 1 ;

     StartupCost = 0 ;

     PowerCostCoeffs = 0, 1, 0 ;

     LinearTerm = 1 ;

     MinUpTime = 1 ;

     MinDownTime = 1 ;

     InitUpDownTime = 1 ;

     InertiaCommitment = 1 ;
    } // group UnitBlock_75

  group: UnitBlock_76 {
    dimensions:
    	NumberCostCoeffs = 3 ;
    variables:
    	double InitialPower ;
    	double InitialReactivePower ;
    	double MaxReactivePower(TimeHorizon) ;
    	double MinReactivePower(TimeHorizon) ;
    	double VoltageMagnitude(TimeHorizon) ;
    	double MaxPower(TimeHorizon) ;
    	double MinPower(TimeHorizon) ;
    	uint CostModel ;
    	double StartupCost ;
    	double PowerCostCoeffs(NumberCostCoeffs) ;
    	double LinearTerm ;
    	double MinUpTime ;
    	double MinDownTime ;
    	double InitUpDownTime ;
    	double InertiaCommitment ;

    // group attributes:
    		:type = "ThermalUnitBlock" ;
    data:

     InitialPower = 1250.4 ;

     InitialReactivePower = 270.9 ;

     MaxReactivePower = 926.26 ;

     MinReactivePower = -297.74 ;

     VoltageMagnitude = 1.053944 ;

     MaxPower = 2000 ;

     MinPower = 666.67 ;

     CostModel = 1 ;

     StartupCost = 0 ;

     PowerCostCoeffs = 0, 1, 0 ;

     LinearTerm = 1 ;

     MinUpTime = 1 ;

     MinDownTime = 1 ;

     InitUpDownTime = 1 ;

     InertiaCommitment = 1 ;
    } // group UnitBlock_76

  group: UnitBlock_77 {
    dimensions:
    	NumberCostCoeffs = 3 ;
    variables:
    	double InitialPower ;
    	double InitialReactivePower ;
    	double MaxReactivePower(TimeHorizon) ;
    	double MinReactivePower(TimeHorizon) ;
    	double VoltageMagnitude(TimeHorizon) ;
    	double MaxPower(TimeHorizon) ;
    	double MinPower(TimeHorizon) ;
    	uint CostModel ;
    	double StartupCost ;
    	double PowerCostCoeffs(NumberCostCoeffs) ;
    	double LinearTerm ;
    	double MinUpTime ;
    	double MinDownTime ;
    	double InitUpDownTime ;
    	double InertiaCommitment ;

    // group attributes:
    		:type = "ThermalUnitBlock" ;
    data:

     InitialPower = 80.7 ;

     InitialReactivePower = -3.29 ;

     MaxReactivePower = 55.98 ;

     MinReactivePower = -18.76 ;

     VoltageMagnitude = 1.08248 ;

     MaxPower = 120 ;

     MinPower = 0 ;

     CostModel = 1 ;

     StartupCost = 0 ;

     PowerCostCoeffs = 0, 1, 0 ;

     LinearTerm = 1 ;

     MinUpTime = 1 ;

     MinDownTime = 1 ;

     InitUpDownTime = 1 ;

     InertiaCommitment = 1 ;
    } // group UnitBlock_77

  group: UnitBlock_78 {
    dimensions:
    	NumberCostCoeffs = 3 ;
    variables:
    	double InitialPower ;
    	double InitialReactivePower ;
    	double MaxReactivePower(TimeHorizon) ;
    	double MinReactivePower(TimeHorizon) ;
    	double VoltageMagnitude(TimeHorizon) ;
    	double MaxPower(TimeHorizon) ;
    	double MinPower(TimeHorizon) ;
    	uint CostModel ;
    	double StartupCost ;
    	double PowerCostCoeffs(NumberCostCoeffs) ;
    	double LinearTerm ;
    	double MinUpTime ;
    	double MinDownTime ;
    	double InitUpDownTime ;
    	double InertiaCommitment ;

    // group attributes:
    		:type = "ThermalUnitBlock" ;
    data:

     InitialPower = 31.6 ;

     InitialReactivePower = 5.75 ;

     MaxReactivePower = 18.19 ;

     MinReactivePower = -6.74 ;

     VoltageMagnitude = 1.043712 ;

     MaxPower = 40 ;

     MinPower = 0 ;

     CostModel = 1 ;

     StartupCost = 0 ;

     PowerCostCoeffs = 0, 1, 0 ;

     LinearTerm = 1 ;

     MinUpTime = 1 ;

     MinDownTime = 1 ;

     InitUpDownTime = 1 ;

     InertiaCommitment = 1 ;
    } // group UnitBlock_78

  group: UnitBlock_79 {
    dimensions:
    	NumberCostCoeffs = 3 ;
    variables:
    	double InitialPower ;
    	double InitialReactivePower ;
    	double MaxReactivePower(TimeHorizon) ;
    	double MinReactivePower(TimeHorizon) ;
    	double VoltageMagnitude(TimeHorizon) ;
    	double MaxPower(TimeHorizon) ;
    	double MinPower(TimeHorizon) ;
    	uint CostModel ;
    	double StartupCost ;
    	double PowerCostCoeffs(NumberCostCoeffs) ;
    	double LinearTerm ;
    	double MinUpTime ;
    	double MinDownTime ;
    	double InitUpDownTime ;
    	double InertiaCommitment ;

    // group attributes:
    		:type = "ThermalUnitBlock" ;
    data:

     InitialPower = 4.5 ;

     InitialReactivePower = 0.33 ;

     MaxReactivePower = 3.31 ;

     MinReactivePower = -2.54 ;

     VoltageMagnitude = 1.063841 ;

     MaxPower = 9.05 ;

     MinPower = 0 ;

     CostModel = 1 ;

     StartupCost = 0 ;

     PowerCostCoeffs = 0, 1, 0 ;

     LinearTerm = 1 ;

     MinUpTime = 1 ;

     MinDownTime = 1 ;

     InitUpDownTime = 1 ;

     InertiaCommitment = 1 ;
    } // group UnitBlock_79

  group: UnitBlock_80 {
    dimensions:
    	NumberCostCoeffs = 3 ;
    variables:
    	double InitialPower ;
    	double InitialReactivePower ;
    	double MaxReactivePower(TimeHorizon) ;
    	double MinReactivePower(TimeHorizon) ;
    	double VoltageMagnitude(TimeHorizon) ;
    	double MaxPower(TimeHorizon) ;
    	double MinPower(TimeHorizon) ;
    	uint CostModel ;
    	double StartupCost ;
    	double PowerCostCoeffs(NumberCostCoeffs) ;
    	double LinearTerm ;
    	double MinUpTime ;
    	double MinDownTime ;
    	double InitUpDownTime ;
    	double InertiaCommitment ;

    // group attributes:
    		:type = "ThermalUnitBlock" ;
    data:

     InitialPower = 8.95 ;

     InitialReactivePower = -11.72 ;

     MaxReactivePower = 72.95 ;

     MinReactivePower = -68.71 ;

     VoltageMagnitude = 1.057626 ;

     MaxPower = 214.86 ;

     MinPower = 0 ;

     CostModel = 1 ;

     StartupCost = 0 ;

     PowerCostCoeffs = 0, 1, 0 ;

     LinearTerm = 1 ;

     MinUpTime = 1 ;

     MinDownTime = 1 ;

     InitUpDownTime = 1 ;

     InertiaCommitment = 1 ;
    } // group UnitBlock_80

  group: UnitBlock_81 {
    dimensions:
    	NumberCostCoeffs = 3 ;
    variables:
    	double InitialPower ;
    	double InitialReactivePower ;
    	double MaxReactivePower(TimeHorizon) ;
    	double MinReactivePower(TimeHorizon) ;
    	double VoltageMagnitude(TimeHorizon) ;
    	double MaxPower(TimeHorizon) ;
    	double MinPower(TimeHorizon) ;
    	uint CostModel ;
    	double StartupCost ;
    	double PowerCostCoeffs(NumberCostCoeffs) ;
    	double LinearTerm ;
    	double MinUpTime ;
    	double MinDownTime ;
    	double InitUpDownTime ;
    	double InertiaCommitment ;

    // group attributes:
    		:type = "ThermalUnitBlock" ;
    data:

     InitialPower = 60.9 ;

     InitialReactivePower = 10.71 ;

     MaxReactivePower = 57.69 ;

     MinReactivePower = -17.02 ;

     VoltageMagnitude = 1.055151 ;

     MaxPower = 120 ;

     MinPower = 0 ;

     CostModel = 1 ;

     StartupCost = 0 ;

     PowerCostCoeffs = 0, 1, 0 ;

     LinearTerm = 1 ;

     MinUpTime = 1 ;

     MinDownTime = 1 ;

     InitUpDownTime = 1 ;

     InertiaCommitment = 1 ;
    } // group UnitBlock_81

  group: UnitBlock_82 {
    dimensions:
    	NumberCostCoeffs = 3 ;
    variables:
    	double InitialPower ;
    	double InitialReactivePower ;
    	double MaxReactivePower(TimeHorizon) ;
    	double MinReactivePower(TimeHorizon) ;
    	double VoltageMagnitude(TimeHorizon) ;
    	double MaxPower(TimeHorizon) ;
    	double MinPower(TimeHorizon) ;
    	uint CostModel ;
    	double StartupCost ;
    	double PowerCostCoeffs(NumberCostCoeffs) ;
    	double LinearTerm ;
    	double MinUpTime ;
    	double MinDownTime ;
    	double InitUpDownTime ;
    	double InertiaCommitment ;

    // group attributes:
    		:type = "ThermalUnitBlock" ;
    data:

     InitialPower = 20.9 ;

     InitialReactivePower = 1.11 ;

     MaxReactivePower = 19.19 ;

     MinReactivePower = -5.72 ;

     VoltageMagnitude = 1.059072 ;

     MaxPower = 40 ;

     MinPower = 0 ;

     CostModel = 1 ;

     StartupCost = 0 ;

     PowerCostCoeffs = 0, 1, 0 ;

     LinearTerm = 1 ;

     MinUpTime = 1 ;

     MinDownTime = 1 ;

     InitUpDownTime = 1 ;

     InertiaCommitment = 1 ;
    } // group UnitBlock_82

  group: UnitBlock_83 {
    dimensions:
    	NumberCostCoeffs = 3 ;
    variables:
    	double InitialPower ;
    	double InitialReactivePower ;
    	double MaxReactivePower(TimeHorizon) ;
    	double MinReactivePower(TimeHorizon) ;
    	double VoltageMagnitude(TimeHorizon) ;
    	double MaxPower(TimeHorizon) ;
    	double MinPower(TimeHorizon) ;
    	uint CostModel ;
    	double StartupCost ;
    	double PowerCostCoeffs(NumberCostCoeffs) ;
    	double LinearTerm ;
    	double MinUpTime ;
    	double MinDownTime ;
    	double InitUpDownTime ;
    	double InertiaCommitment ;

    // group attributes:
    		:type = "ThermalUnitBlock" ;
    data:

     InitialPower = 53.2 ;

     InitialReactivePower = 2.49 ;

     MaxReactivePower = 37.24 ;

     MinReactivePower = -12.54 ;

     VoltageMagnitude = 1.047695 ;

     MaxPower = 80 ;

     MinPower = 0 ;

     CostModel = 1 ;

     StartupCost = 0 ;

     PowerCostCoeffs = 0, 1, 0 ;

     LinearTerm = 1 ;

     MinUpTime = 1 ;

     MinDownTime = 1 ;

     InitUpDownTime = 1 ;

     InertiaCommitment = 1 ;
    } // group UnitBlock_83

  group: UnitBlock_84 {
    dimensions:
    	NumberCostCoeffs = 3 ;
    variables:
    	double InitialPower ;
    	double InitialReactivePower ;
    	double MaxReactivePower(TimeHorizon) ;
    	double MinReactivePower(TimeHorizon) ;
    	double VoltageMagnitude(TimeHorizon) ;
    	double MaxPower(TimeHorizon) ;
    	double MinPower(TimeHorizon) ;
    	uint CostModel ;
    	double StartupCost ;
    	double PowerCostCoeffs(NumberCostCoeffs) ;
    	double LinearTerm ;
    	double MinUpTime ;
    	double MinDownTime ;
    	double InitUpDownTime ;
    	double InertiaCommitment ;

    // group attributes:
    		:type = "ThermalUnitBlock" ;
    data:

     InitialPower = 3.4 ;

     InitialReactivePower = -0.16 ;

     MaxReactivePower = 2.51 ;

     MinReactivePower = -1.91 ;

     VoltageMagnitude = 1.051149 ;

     MaxPower = 6.83 ;

     MinPower = 0 ;

     CostModel = 1 ;

     StartupCost = 0 ;

     PowerCostCoeffs = 0, 1, 0 ;

     LinearTerm = 1 ;

     MinUpTime = 1 ;

     MinDownTime = 1 ;

     InitUpDownTime = 1 ;

     InertiaCommitment = 1 ;
    } // group UnitBlock_84

  group: UnitBlock_85 {
    dimensions:
    	NumberCostCoeffs = 3 ;
    variables:
    	double InitialPower ;
    	double InitialReactivePower ;
    	double MaxReactivePower(TimeHorizon) ;
    	double MinReactivePower(TimeHorizon) ;
    	double VoltageMagnitude(TimeHorizon) ;
    	double MaxPower(TimeHorizon) ;
    	double MinPower(TimeHorizon) ;
    	uint CostModel ;
    	double StartupCost ;
    	double PowerCostCoeffs(NumberCostCoeffs) ;
    	double LinearTerm ;
    	double MinUpTime ;
    	double MinDownTime ;
    	double InitUpDownTime ;
    	double InertiaCommitment ;

    // group attributes:
    		:type = "ThermalUnitBlock" ;
    data:

     InitialPower = 46.6 ;

     InitialReactivePower = -69.84 ;

     MaxReactivePower = 184.46 ;

     MinReactivePower = -132.67 ;

     VoltageMagnitude = 1.053607 ;

     MaxPower = 493.35 ;

     MinPower = 0 ;

     CostModel = 1 ;

     StartupCost = 0 ;

     PowerCostCoeffs = 0, 1, 0 ;

     LinearTerm = 1 ;

     MinUpTime = 1 ;

     MinDownTime = 1 ;

     InitUpDownTime = 1 ;

     InertiaCommitment = 1 ;
    } // group UnitBlock_85

  group: UnitBlock_86 {
    dimensions:
    	NumberCostCoeffs = 3 ;
    variables:
    	double InitialPower ;
    	double InitialReactivePower ;
    	double MaxReactivePower(TimeHorizon) ;
    	double MinReactivePower(TimeHorizon) ;
    	double VoltageMagnitude(TimeHorizon) ;
    	double MaxPower(TimeHorizon) ;
    	double MinPower(TimeHorizon) ;
    	uint CostModel ;
    	double StartupCost ;
    	double PowerCostCoeffs(NumberCostCoeffs) ;
    	double LinearTerm ;
    	double MinUpTime ;
    	double MinDownTime ;
    	double InitUpDownTime ;
    	double InertiaCommitment ;

    // group attributes:
    		:type = "ThermalUnitBlock" ;
    data:

     InitialPower = 162.5 ;

     InitialReactivePower = -4.77 ;

     MaxReactivePower = 89.61 ;

     MinReactivePower = -34.82 ;

     VoltageMagnitude = 1.041705 ;

     MaxPower = 200 ;

     MinPower = 0 ;

     CostModel = 1 ;

     StartupCost = 0 ;

     PowerCostCoeffs = 0, 1, 0 ;

     LinearTerm = 1 ;

     MinUpTime = 1 ;

     MinDownTime = 1 ;

     InitUpDownTime = 1 ;

     InertiaCommitment = 1 ;
    } // group UnitBlock_86

  group: UnitBlock_87 {
    dimensions:
    	NumberCostCoeffs = 3 ;
    variables:
    	double InitialPower ;
    	double InitialReactivePower ;
    	double MaxReactivePower(TimeHorizon) ;
    	double MinReactivePower(TimeHorizon) ;
    	double VoltageMagnitude(TimeHorizon) ;
    	double MaxPower(TimeHorizon) ;
    	double MinPower(TimeHorizon) ;
    	uint CostModel ;
    	double StartupCost ;
    	double PowerCostCoeffs(NumberCostCoeffs) ;
    	double LinearTerm ;
    	double MinUpTime ;
    	double MinDownTime ;
    	double InitUpDownTime ;
    	double InertiaCommitment ;

    // group attributes:
    		:type = "ThermalUnitBlock" ;
    data:

     InitialPower = 855.7 ;

     InitialReactivePower = 146.13 ;

     MaxReactivePower = 441.85 ;

     MinReactivePower = -171.27 ;

     VoltageMagnitude = 1.030654 ;

     MaxPower = 1000 ;

     MinPower = 333.33 ;

     CostModel = 1 ;

     StartupCost = 0 ;

     PowerCostCoeffs = 0, 1, 0 ;

     LinearTerm = 1 ;

     MinUpTime = 1 ;

     MinDownTime = 1 ;

     InitUpDownTime = 1 ;

     InertiaCommitment = 1 ;
    } // group UnitBlock_87

  group: UnitBlock_88 {
    dimensions:
    	NumberCostCoeffs = 3 ;
    variables:
    	double InitialPower ;
    	double InitialReactivePower ;
    	double MaxReactivePower(TimeHorizon) ;
    	double MinReactivePower(TimeHorizon) ;
    	double VoltageMagnitude(TimeHorizon) ;
    	double MaxPower(TimeHorizon) ;
    	double MinPower(TimeHorizon) ;
    	uint CostModel ;
    	double StartupCost ;
    	double PowerCostCoeffs(NumberCostCoeffs) ;
    	double LinearTerm ;
    	double MinUpTime ;
    	double MinDownTime ;
    	double InitUpDownTime ;
    	double InertiaCommitment ;

    // group attributes:
    		:type = "ThermalUnitBlock" ;
    data:

     InitialPower = 38.6 ;

     InitialReactivePower = 4.12 ;

     MaxReactivePower = 17.33 ;

     MinReactivePower = -7.61 ;

     VoltageMagnitude = 1.071964 ;

     MaxPower = 40 ;

     MinPower = 0 ;

     CostModel = 1 ;

     StartupCost = 0 ;

     PowerCostCoeffs = 0, 1, 0 ;

     LinearTerm = 1 ;

     MinUpTime = 1 ;

     MinDownTime = 1 ;

     InitUpDownTime = 1 ;

     InertiaCommitment = 1 ;
    } // group UnitBlock_88

  group: UnitBlock_89 {
    dimensions:
    	NumberCostCoeffs = 3 ;
    variables:
    	double InitialPower ;
    	double InitialReactivePower ;
    	double MaxReactivePower(TimeHorizon) ;
    	double MinReactivePower(TimeHorizon) ;
    	double VoltageMagnitude(TimeHorizon) ;
    	double MaxPower(TimeHorizon) ;
    	double MinPower(TimeHorizon) ;
    	uint CostModel ;
    	double StartupCost ;
    	double PowerCostCoeffs(NumberCostCoeffs) ;
    	double LinearTerm ;
    	double MinUpTime ;
    	double MinDownTime ;
    	double InitUpDownTime ;
    	double InertiaCommitment ;

    // group attributes:
    		:type = "ThermalUnitBlock" ;
    data:

     InitialPower = 85.54 ;

     InitialReactivePower = 0.39 ;

     MaxReactivePower = 113.97 ;

     MinReactivePower = -35.56 ;

     VoltageMagnitude = 1.065372 ;

     MaxPower = 240 ;

     MinPower = 0 ;

     CostModel = 1 ;

     StartupCost = 0 ;

     PowerCostCoeffs = 0, 1, 0 ;

     LinearTerm = 1 ;

     MinUpTime = 1 ;

     MinDownTime = 1 ;

     InitUpDownTime = 1 ;

     InertiaCommitment = 1 ;
    } // group UnitBlock_89

  group: UnitBlock_90 {
    dimensions:
    	NumberCostCoeffs = 3 ;
    variables:
    	double InitialPower ;
    	double InitialReactivePower ;
    	double MaxReactivePower(TimeHorizon) ;
    	double MinReactivePower(TimeHorizon) ;
    	double VoltageMagnitude(TimeHorizon) ;
    	double MaxPower(TimeHorizon) ;
    	double MinPower(TimeHorizon) ;
    	uint CostModel ;
    	double StartupCost ;
    	double PowerCostCoeffs(NumberCostCoeffs) ;
    	double LinearTerm ;
    	double MinUpTime ;
    	double MinDownTime ;
    	double InitUpDownTime ;
    	double InertiaCommitment ;

    // group attributes:
    		:type = "ThermalUnitBlock" ;
    data:

     InitialPower = 0 ;

     InitialReactivePower = -11.71 ;

     MaxReactivePower = 70.25 ;

     MinReactivePower = -29.33 ;

     VoltageMagnitude = 1.023117 ;

     MaxPower = 100 ;

     MinPower = 0 ;

     CostModel = 1 ;

     StartupCost = 0 ;

     PowerCostCoeffs = 0, 1, 0 ;

     LinearTerm = 1 ;

     MinUpTime = 1 ;

     MinDownTime = 1 ;

     InitUpDownTime = 1 ;

     InertiaCommitment = 1 ;
    } // group UnitBlock_90

  group: UnitBlock_91 {
    dimensions:
    	NumberCostCoeffs = 3 ;
    variables:
    	double InitialPower ;
    	double InitialReactivePower ;
    	double MaxReactivePower(TimeHorizon) ;
    	double MinReactivePower(TimeHorizon) ;
    	double VoltageMagnitude(TimeHorizon) ;
    	double MaxPower(TimeHorizon) ;
    	double MinPower(TimeHorizon) ;
    	uint CostModel ;
    	double StartupCost ;
    	double PowerCostCoeffs(NumberCostCoeffs) ;
    	double LinearTerm ;
    	double MinUpTime ;
    	double MinDownTime ;
    	double InitUpDownTime ;
    	double InertiaCommitment ;

    // group attributes:
    		:type = "ThermalUnitBlock" ;
    data:

     InitialPower = 98.7 ;

     InitialReactivePower = -3.57 ;

     MaxReactivePower = 53.7 ;

     MinReactivePower = -20.98 ;

     VoltageMagnitude = 1.055515 ;

     MaxPower = 120 ;

     MinPower = 0 ;

     CostModel = 1 ;

     StartupCost = 0 ;

     PowerCostCoeffs = 0, 1, 0 ;

     LinearTerm = 1 ;

     MinUpTime = 1 ;

     MinDownTime = 1 ;

     InitUpDownTime = 1 ;

     InertiaCommitment = 1 ;
    } // group UnitBlock_91

  group: UnitBlock_92 {
    dimensions:
    	NumberCostCoeffs = 3 ;
    variables:
    	double InitialPower ;
    	double InitialReactivePower ;
    	double MaxReactivePower(TimeHorizon) ;
    	double MinReactivePower(TimeHorizon) ;
    	double VoltageMagnitude(TimeHorizon) ;
    	double MaxPower(TimeHorizon) ;
    	double MinPower(TimeHorizon) ;
    	uint CostModel ;
    	double StartupCost ;
    	double PowerCostCoeffs(NumberCostCoeffs) ;
    	double LinearTerm ;
    	double MinUpTime ;
    	double MinDownTime ;
    	double InitUpDownTime ;
    	double InertiaCommitment ;

    // group attributes:
    		:type = "ThermalUnitBlock" ;
    data:

     InitialPower = 416.7 ;

     InitialReactivePower = 119.72 ;

     MaxReactivePower = 243.61 ;

     MinReactivePower = -88.46 ;

     VoltageMagnitude = 1.041982 ;

     MaxPower = 540 ;

     MinPower = 0 ;

     CostModel = 1 ;

     StartupCost = 0 ;

     PowerCostCoeffs = 0, 1, 0 ;

     LinearTerm = 1 ;

     MinUpTime = 1 ;

     MinDownTime = 1 ;

     InitUpDownTime = 1 ;

     InertiaCommitment = 1 ;
    } // group UnitBlock_92

  group: UnitBlock_93 {
    dimensions:
    	NumberCostCoeffs = 3 ;
    variables:
    	double InitialPower ;
    	double InitialReactivePower ;
    	double MaxReactivePower(TimeHorizon) ;
    	double MinReactivePower(TimeHorizon) ;
    	double VoltageMagnitude(TimeHorizon) ;
    	double MaxPower(TimeHorizon) ;
    	double MinPower(TimeHorizon) ;
    	uint CostModel ;
    	double StartupCost ;
    	double PowerCostCoeffs(NumberCostCoeffs) ;
    	double LinearTerm ;
    	double MinUpTime ;
    	double MinDownTime ;
    	double InitUpDownTime ;
    	double InertiaCommitment ;

    // group attributes:
    		:type = "ThermalUnitBlock" ;
    data:

     InitialPower = 0 ;

     InitialReactivePower = 4.44 ;

     MaxReactivePower = 36.79 ;

     MinReactivePower = -13 ;

     VoltageMagnitude = 1.028507 ;

     MaxPower = 100 ;

     MinPower = 0 ;

     CostModel = 1 ;

     StartupCost = 0 ;

     PowerCostCoeffs = 0, 1, 0 ;

     LinearTerm = 1 ;

     MinUpTime = 1 ;

     MinDownTime = 1 ;

     InitUpDownTime = 1 ;

     InertiaCommitment = 1 ;
    } // group UnitBlock_93

  group: UnitBlock_94 {
    dimensions:
    	NumberCostCoeffs = 3 ;
    variables:
    	double InitialPower ;
    	double InitialReactivePower ;
    	double MaxReactivePower(TimeHorizon) ;
    	double MinReactivePower(TimeHorizon) ;
    	double VoltageMagnitude(TimeHorizon) ;
    	double MaxPower(TimeHorizon) ;
    	double MinPower(TimeHorizon) ;
    	uint CostModel ;
    	double StartupCost ;
    	double PowerCostCoeffs(NumberCostCoeffs) ;
    	double LinearTerm ;
    	double MinUpTime ;
    	double MinDownTime ;
    	double InitUpDownTime ;
    	double InertiaCommitment ;

    // group attributes:
    		:type = "ThermalUnitBlock" ;
    data:

     InitialPower = 0 ;

     InitialReactivePower = -25.61 ;

     MaxReactivePower = 62.23 ;

     MinReactivePower = -51.37 ;

     VoltageMagnitude = 1.050305 ;

     MaxPower = 100 ;

     MinPower = 0 ;

     CostModel = 1 ;

     StartupCost = 0 ;

     PowerCostCoeffs = 0, 1, 0 ;

     LinearTerm = 1 ;

     MinUpTime = 1 ;

     MinDownTime = 1 ;

     InitUpDownTime = 1 ;

     InertiaCommitment = 1 ;
    } // group UnitBlock_94

  group: UnitBlock_95 {
    dimensions:
    	NumberCostCoeffs = 3 ;
    variables:
    	double InitialPower ;
    	double InitialReactivePower ;
    	double MaxReactivePower(TimeHorizon) ;
    	double MinReactivePower(TimeHorizon) ;
    	double VoltageMagnitude(TimeHorizon) ;
    	double MaxPower(TimeHorizon) ;
    	double MinPower(TimeHorizon) ;
    	uint CostModel ;
    	double StartupCost ;
    	double PowerCostCoeffs(NumberCostCoeffs) ;
    	double LinearTerm ;
    	double MinUpTime ;
    	double MinDownTime ;
    	double InitUpDownTime ;
    	double InertiaCommitment ;

    // group attributes:
    		:type = "ThermalUnitBlock" ;
    data:

     InitialPower = 861.3 ;

     InitialReactivePower = 143.67 ;

     MaxReactivePower = 439.2 ;

     MinReactivePower = -173.43 ;

     VoltageMagnitude = 1.071978 ;

     MaxPower = 1000 ;

     MinPower = 333.33 ;

     CostModel = 1 ;

     StartupCost = 0 ;

     PowerCostCoeffs = 0, 1, 0 ;

     LinearTerm = 1 ;

     MinUpTime = 1 ;

     MinDownTime = 1 ;

     InitUpDownTime = 1 ;

     InertiaCommitment = 1 ;
    } // group UnitBlock_95

  group: UnitBlock_96 {
    dimensions:
    	NumberCostCoeffs = 3 ;
    variables:
    	double InitialPower ;
    	double InitialReactivePower ;
    	double MaxReactivePower(TimeHorizon) ;
    	double MinReactivePower(TimeHorizon) ;
    	double VoltageMagnitude(TimeHorizon) ;
    	double MaxPower(TimeHorizon) ;
    	double MinPower(TimeHorizon) ;
    	uint CostModel ;
    	double StartupCost ;
    	double PowerCostCoeffs(NumberCostCoeffs) ;
    	double LinearTerm ;
    	double MinUpTime ;
    	double MinDownTime ;
    	double InitUpDownTime ;
    	double InertiaCommitment ;

    // group attributes:
    		:type = "ThermalUnitBlock" ;
    data:

     InitialPower = 0 ;

     InitialReactivePower = 12.72 ;

     MaxReactivePower = 38.13 ;

     MinReactivePower = -11.64 ;

     VoltageMagnitude = 1.014126 ;

     MaxPower = 100 ;

     MinPower = 0 ;

     CostModel = 1 ;

     StartupCost = 0 ;

     PowerCostCoeffs = 0, 1, 0 ;

     LinearTerm = 1 ;

     MinUpTime = 1 ;

     MinDownTime = 1 ;

     InitUpDownTime = 1 ;

     InertiaCommitment = 1 ;
    } // group UnitBlock_96

  group: UnitBlock_97 {
    dimensions:
    	NumberCostCoeffs = 3 ;
    variables:
    	double InitialPower ;
    	double InitialReactivePower ;
    	double MaxReactivePower(TimeHorizon) ;
    	double MinReactivePower(TimeHorizon) ;
    	double VoltageMagnitude(TimeHorizon) ;
    	double MaxPower(TimeHorizon) ;
    	double MinPower(TimeHorizon) ;
    	uint CostModel ;
    	double StartupCost ;
    	double PowerCostCoeffs(NumberCostCoeffs) ;
    	double LinearTerm ;
    	double MinUpTime ;
    	double MinDownTime ;
    	double InitUpDownTime ;
    	double InertiaCommitment ;

    // group attributes:
    		:type = "ThermalUnitBlock" ;
    data:

     InitialPower = 56.8 ;

     InitialReactivePower = 11.49 ;

     MaxReactivePower = 37.1 ;

     MinReactivePower = -12.76 ;

     VoltageMagnitude = 1.01594 ;

     MaxPower = 80 ;

     MinPower = 0 ;

     CostModel = 1 ;

     StartupCost = 0 ;

     PowerCostCoeffs = 0, 1, 0 ;

     LinearTerm = 1 ;

     MinUpTime = 1 ;

     MinDownTime = 1 ;

     InitUpDownTime = 1 ;

     InertiaCommitment = 1 ;
    } // group UnitBlock_97

  group: UnitBlock_98 {
    dimensions:
    	NumberCostCoeffs = 3 ;
    variables:
    	double InitialPower ;
    	double InitialReactivePower ;
    	double MaxReactivePower(TimeHorizon) ;
    	double MinReactivePower(TimeHorizon) ;
    	double VoltageMagnitude(TimeHorizon) ;
    	double MaxPower(TimeHorizon) ;
    	double MinPower(TimeHorizon) ;
    	uint CostModel ;
    	double StartupCost ;
    	double PowerCostCoeffs(NumberCostCoeffs) ;
    	double LinearTerm ;
    	double MinUpTime ;
    	double MinDownTime ;
    	double InitUpDownTime ;
    	double InertiaCommitment ;

    // group attributes:
    		:type = "ThermalUnitBlock" ;
    data:

     InitialPower = 19.07 ;

     InitialReactivePower = 5.42 ;

     MaxReactivePower = 38.2 ;

     MinReactivePower = -11.61 ;

     VoltageMagnitude = 1.045739 ;

     MaxPower = 80 ;

     MinPower = 0 ;

     CostModel = 1 ;

     StartupCost = 0 ;

     PowerCostCoeffs = 0, 1, 0 ;

     LinearTerm = 1 ;

     MinUpTime = 1 ;

     MinDownTime = 1 ;

     InitUpDownTime = 1 ;

     InertiaCommitment = 1 ;
    } // group UnitBlock_98

  group: UnitBlock_99 {
    dimensions:
    	NumberCostCoeffs = 3 ;
    variables:
    	double InitialPower ;
    	double InitialReactivePower ;
    	double MaxReactivePower(TimeHorizon) ;
    	double MinReactivePower(TimeHorizon) ;
    	double VoltageMagnitude(TimeHorizon) ;
    	double MaxPower(TimeHorizon) ;
    	double MinPower(TimeHorizon) ;
    	uint CostModel ;
    	double StartupCost ;
    	double PowerCostCoeffs(NumberCostCoeffs) ;
    	double LinearTerm ;
    	double MinUpTime ;
    	double MinDownTime ;
    	double InitUpDownTime ;
    	double InertiaCommitment ;

    // group attributes:
    		:type = "ThermalUnitBlock" ;
    data:

     InitialPower = 44.5 ;

     InitialReactivePower = -21.96 ;

     MaxReactivePower = 47.19 ;

     MinReactivePower = -41.44 ;

     VoltageMagnitude = 1.0538 ;

     MaxPower = 135.27 ;

     MinPower = 0 ;

     CostModel = 1 ;

     StartupCost = 0 ;

     PowerCostCoeffs = 0, 1, 0 ;

     LinearTerm = 1 ;

     MinUpTime = 1 ;

     MinDownTime = 1 ;

     InitUpDownTime = 1 ;

     InertiaCommitment = 1 ;
    } // group UnitBlock_99

  group: UnitBlock_100 {
    dimensions:
    	NumberCostCoeffs = 3 ;
    variables:
    	double InitialPower ;
    	double InitialReactivePower ;
    	double MaxReactivePower(TimeHorizon) ;
    	double MinReactivePower(TimeHorizon) ;
    	double VoltageMagnitude(TimeHorizon) ;
    	double MaxPower(TimeHorizon) ;
    	double MinPower(TimeHorizon) ;
    	uint CostModel ;
    	double StartupCost ;
    	double PowerCostCoeffs(NumberCostCoeffs) ;
    	double LinearTerm ;
    	double MinUpTime ;
    	double MinDownTime ;
    	double InitUpDownTime ;
    	double InertiaCommitment ;

    // group attributes:
    		:type = "ThermalUnitBlock" ;
    data:

     InitialPower = 2.4 ;

     InitialReactivePower = 12.68 ;

     MaxReactivePower = 54.59 ;

     MinReactivePower = -20.19 ;

     VoltageMagnitude = 1.039984 ;

     MaxPower = 120 ;

     MinPower = 0 ;

     CostModel = 1 ;

     StartupCost = 0 ;

     PowerCostCoeffs = 0, 1, 0 ;

     LinearTerm = 1 ;

     MinUpTime = 1 ;

     MinDownTime = 1 ;

     InitUpDownTime = 1 ;

     InertiaCommitment = 1 ;
    } // group UnitBlock_100

  group: UnitBlock_101 {
    dimensions:
    	NumberCostCoeffs = 3 ;
    variables:
    	double InitialPower ;
    	double InitialReactivePower ;
    	double MaxReactivePower(TimeHorizon) ;
    	double MinReactivePower(TimeHorizon) ;
    	double VoltageMagnitude(TimeHorizon) ;
    	double MaxPower(TimeHorizon) ;
    	double MinPower(TimeHorizon) ;
    	uint CostModel ;
    	double StartupCost ;
    	double PowerCostCoeffs(NumberCostCoeffs) ;
    	double LinearTerm ;
    	double MinUpTime ;
    	double MinDownTime ;
    	double InitUpDownTime ;
    	double InertiaCommitment ;

    // group attributes:
    		:type = "ThermalUnitBlock" ;
    data:

     InitialPower = 53.7 ;

     InitialReactivePower = -3.24 ;

     MaxReactivePower = 58.19 ;

     MinReactivePower = -16.5 ;

     VoltageMagnitude = 1.063657 ;

     MaxPower = 120 ;

     MinPower = 0 ;

     CostModel = 1 ;

     StartupCost = 0 ;

     PowerCostCoeffs = 0, 1, 0 ;

     LinearTerm = 1 ;

     MinUpTime = 1 ;

     MinDownTime = 1 ;

     InitUpDownTime = 1 ;

     InertiaCommitment = 1 ;
    } // group UnitBlock_101

  group: UnitBlock_102 {
    dimensions:
    	NumberCostCoeffs = 3 ;
    variables:
    	double InitialPower ;
    	double InitialReactivePower ;
    	double MaxReactivePower(TimeHorizon) ;
    	double MinReactivePower(TimeHorizon) ;
    	double VoltageMagnitude(TimeHorizon) ;
    	double MaxPower(TimeHorizon) ;
    	double MinPower(TimeHorizon) ;
    	uint CostModel ;
    	double StartupCost ;
    	double PowerCostCoeffs(NumberCostCoeffs) ;
    	double LinearTerm ;
    	double MinUpTime ;
    	double MinDownTime ;
    	double InitUpDownTime ;
    	double InertiaCommitment ;

    // group attributes:
    		:type = "ThermalUnitBlock" ;
    data:

     InitialPower = 521 ;

     InitialReactivePower = 217.43 ;

     MaxReactivePower = 550.97 ;

     MinReactivePower = -184.89 ;

     VoltageMagnitude = 1.060777 ;

     MaxPower = 1200 ;

     MinPower = 400 ;

     CostModel = 1 ;

     StartupCost = 0 ;

     PowerCostCoeffs = 0, 1, 0 ;

     LinearTerm = 1 ;

     MinUpTime = 1 ;

     MinDownTime = 1 ;

     InitUpDownTime = 1 ;

     InertiaCommitment = 1 ;
    } // group UnitBlock_102

  group: UnitBlock_103 {
    dimensions:
    	NumberCostCoeffs = 3 ;
    variables:
    	double InitialPower ;
    	double InitialReactivePower ;
    	double MaxReactivePower(TimeHorizon) ;
    	double MinReactivePower(TimeHorizon) ;
    	double VoltageMagnitude(TimeHorizon) ;
    	double MaxPower(TimeHorizon) ;
    	double MinPower(TimeHorizon) ;
    	uint CostModel ;
    	double StartupCost ;
    	double PowerCostCoeffs(NumberCostCoeffs) ;
    	double LinearTerm ;
    	double MinUpTime ;
    	double MinDownTime ;
    	double InitUpDownTime ;
    	double InertiaCommitment ;

    // group attributes:
    		:type = "ThermalUnitBlock" ;
    data:

     InitialPower = 0 ;

     InitialReactivePower = 2.02 ;

     MaxReactivePower = 53.75 ;

     MinReactivePower = -21.08 ;

     VoltageMagnitude = 1.04852 ;

     MaxPower = 100 ;

     MinPower = 0 ;

     CostModel = 1 ;

     StartupCost = 0 ;

     PowerCostCoeffs = 0, 1, 0 ;

     LinearTerm = 1 ;

     MinUpTime = 1 ;

     MinDownTime = 1 ;

     InitUpDownTime = 1 ;

     InertiaCommitment = 1 ;
    } // group UnitBlock_103

  group: UnitBlock_104 {
    dimensions:
    	NumberCostCoeffs = 3 ;
    variables:
    	double InitialPower ;
    	double InitialReactivePower ;
    	double MaxReactivePower(TimeHorizon) ;
    	double MinReactivePower(TimeHorizon) ;
    	double VoltageMagnitude(TimeHorizon) ;
    	double MaxPower(TimeHorizon) ;
    	double MinPower(TimeHorizon) ;
    	uint CostModel ;
    	double StartupCost ;
    	double PowerCostCoeffs(NumberCostCoeffs) ;
    	double LinearTerm ;
    	double MinUpTime ;
    	double MinDownTime ;
    	double InitUpDownTime ;
    	double InertiaCommitment ;

    // group attributes:
    		:type = "ThermalUnitBlock" ;
    data:

     InitialPower = 829.8 ;

     InitialReactivePower = 51 ;

     MaxReactivePower = 387.88 ;

     MinReactivePower = -163.4 ;

     VoltageMagnitude = 1.028771 ;

     MaxPower = 900 ;

     MinPower = 300 ;

     CostModel = 1 ;

     StartupCost = 0 ;

     PowerCostCoeffs = 0, 1, 0 ;

     LinearTerm = 1 ;

     MinUpTime = 1 ;

     MinDownTime = 1 ;

     InitUpDownTime = 1 ;

     InertiaCommitment = 1 ;
    } // group UnitBlock_104

  group: UnitBlock_105 {
    dimensions:
    	NumberCostCoeffs = 3 ;
    variables:
    	double InitialPower ;
    	double InitialReactivePower ;
    	double MaxReactivePower(TimeHorizon) ;
    	double MinReactivePower(TimeHorizon) ;
    	double VoltageMagnitude(TimeHorizon) ;
    	double MaxPower(TimeHorizon) ;
    	double MinPower(TimeHorizon) ;
    	uint CostModel ;
    	double StartupCost ;
    	double PowerCostCoeffs(NumberCostCoeffs) ;
    	double LinearTerm ;
    	double MinUpTime ;
    	double MinDownTime ;
    	double InitUpDownTime ;
    	double InertiaCommitment ;

    // group attributes:
    		:type = "ThermalUnitBlock" ;
    data:

     InitialPower = 15.88 ;

     InitialReactivePower = 2.27 ;

     MaxReactivePower = 38.83 ;

     MinReactivePower = -10.97 ;

     VoltageMagnitude = 1.081614 ;

     MaxPower = 80 ;

     MinPower = 0 ;

     CostModel = 1 ;

     StartupCost = 0 ;

     PowerCostCoeffs = 0, 1, 0 ;

     LinearTerm = 1 ;

     MinUpTime = 1 ;

     MinDownTime = 1 ;

     InitUpDownTime = 1 ;

     InertiaCommitment = 1 ;
    } // group UnitBlock_105

  group: UnitBlock_106 {
    dimensions:
    	NumberCostCoeffs = 3 ;
    variables:
    	double InitialPower ;
    	double InitialReactivePower ;
    	double MaxReactivePower(TimeHorizon) ;
    	double MinReactivePower(TimeHorizon) ;
    	double VoltageMagnitude(TimeHorizon) ;
    	double MaxPower(TimeHorizon) ;
    	double MinPower(TimeHorizon) ;
    	uint CostModel ;
    	double StartupCost ;
    	double PowerCostCoeffs(NumberCostCoeffs) ;
    	double LinearTerm ;
    	double MinUpTime ;
    	double MinDownTime ;
    	double InitUpDownTime ;
    	double InertiaCommitment ;

    // group attributes:
    		:type = "ThermalUnitBlock" ;
    data:

     InitialPower = 539 ;

     InitialReactivePower = 189.12 ;

     MaxReactivePower = 261.7 ;

     MinReactivePower = -107.36 ;

     VoltageMagnitude = 1.07602 ;

     MaxPower = 600 ;

     MinPower = 0 ;

     CostModel = 1 ;

     StartupCost = 0 ;

     PowerCostCoeffs = 0, 1, 0 ;

     LinearTerm = 1 ;

     MinUpTime = 1 ;

     MinDownTime = 1 ;

     InitUpDownTime = 1 ;

     InertiaCommitment = 1 ;
    } // group UnitBlock_106

  group: UnitBlock_107 {
    dimensions:
    	NumberCostCoeffs = 3 ;
    variables:
    	double InitialPower ;
    	double InitialReactivePower ;
    	double MaxReactivePower(TimeHorizon) ;
    	double MinReactivePower(TimeHorizon) ;
    	double VoltageMagnitude(TimeHorizon) ;
    	double MaxPower(TimeHorizon) ;
    	double MinPower(TimeHorizon) ;
    	uint CostModel ;
    	double StartupCost ;
    	double PowerCostCoeffs(NumberCostCoeffs) ;
    	double LinearTerm ;
    	double MinUpTime ;
    	double MinDownTime ;
    	double InitUpDownTime ;
    	double InertiaCommitment ;

    // group attributes:
    		:type = "ThermalUnitBlock" ;
    data:

     InitialPower = 0 ;

     InitialReactivePower = 3.51 ;

     MaxReactivePower = 54.59 ;

     MinReactivePower = -20.12 ;

     VoltageMagnitude = 1.03905 ;

     MaxPower = 100 ;

     MinPower = 0 ;

     CostModel = 1 ;

     StartupCost = 0 ;

     PowerCostCoeffs = 0, 1, 0 ;

     LinearTerm = 1 ;

     MinUpTime = 1 ;

     MinDownTime = 1 ;

     InitUpDownTime = 1 ;

     InertiaCommitment = 1 ;
    } // group UnitBlock_107

  group: UnitBlock_108 {
    dimensions:
    	NumberCostCoeffs = 3 ;
    variables:
    	double InitialPower ;
    	double InitialReactivePower ;
    	double MaxReactivePower(TimeHorizon) ;
    	double MinReactivePower(TimeHorizon) ;
    	double VoltageMagnitude(TimeHorizon) ;
    	double MaxPower(TimeHorizon) ;
    	double MinPower(TimeHorizon) ;
    	uint CostModel ;
    	double StartupCost ;
    	double PowerCostCoeffs(NumberCostCoeffs) ;
    	double LinearTerm ;
    	double MinUpTime ;
    	double MinDownTime ;
    	double InitUpDownTime ;
    	double InertiaCommitment ;

    // group attributes:
    		:type = "ThermalUnitBlock" ;
    data:

     InitialPower = 0 ;

     InitialReactivePower = 12.26 ;

     MaxReactivePower = 116.07 ;

     MinReactivePower = -33.32 ;

     VoltageMagnitude = 1.070983 ;

     MaxPower = 100 ;

     MinPower = 0 ;

     CostModel = 1 ;

     StartupCost = 0 ;

     PowerCostCoeffs = 0, 1, 0 ;

     LinearTerm = 1 ;

     MinUpTime = 1 ;

     MinDownTime = 1 ;

     InitUpDownTime = 1 ;

     InertiaCommitment = 1 ;
    } // group UnitBlock_108

  group: UnitBlock_109 {
    dimensions:
    	NumberCostCoeffs = 3 ;
    variables:
    	double InitialPower ;
    	double InitialReactivePower ;
    	double MaxReactivePower(TimeHorizon) ;
    	double MinReactivePower(TimeHorizon) ;
    	double VoltageMagnitude(TimeHorizon) ;
    	double MaxPower(TimeHorizon) ;
    	double MinPower(TimeHorizon) ;
    	uint CostModel ;
    	double StartupCost ;
    	double PowerCostCoeffs(NumberCostCoeffs) ;
    	double LinearTerm ;
    	double MinUpTime ;
    	double MinDownTime ;
    	double InitUpDownTime ;
    	double InertiaCommitment ;

    // group attributes:
    		:type = "ThermalUnitBlock" ;
    data:

     InitialPower = 861.2 ;

     InitialReactivePower = 118.75 ;

     MaxReactivePower = 441.04 ;

     MinReactivePower = -172.05 ;

     VoltageMagnitude = 1.059676 ;

     MaxPower = 1000 ;

     MinPower = 333.33 ;

     CostModel = 1 ;

     StartupCost = 0 ;

     PowerCostCoeffs = 0, 1, 0 ;

     LinearTerm = 1 ;

     MinUpTime = 1 ;

     MinDownTime = 1 ;

     InitUpDownTime = 1 ;

     InertiaCommitment = 1 ;
    } // group UnitBlock_109

  group: UnitBlock_110 {
    dimensions:
    	NumberCostCoeffs = 3 ;
    variables:
    	double InitialPower ;
    	double InitialReactivePower ;
    	double MaxReactivePower(TimeHorizon) ;
    	double MinReactivePower(TimeHorizon) ;
    	double VoltageMagnitude(TimeHorizon) ;
    	double MaxPower(TimeHorizon) ;
    	double MinPower(TimeHorizon) ;
    	uint CostModel ;
    	double StartupCost ;
    	double PowerCostCoeffs(NumberCostCoeffs) ;
    	double LinearTerm ;
    	double MinUpTime ;
    	double MinDownTime ;
    	double InitUpDownTime ;
    	double InertiaCommitment ;

    // group attributes:
    		:type = "ThermalUnitBlock" ;
    data:

     InitialPower = 0 ;

     InitialReactivePower = 3.09 ;

     MaxReactivePower = 36.34 ;

     MinReactivePower = -13.47 ;

     VoltageMagnitude = 1.041813 ;

     MaxPower = 100 ;

     MinPower = 0 ;

     CostModel = 1 ;

     StartupCost = 0 ;

     PowerCostCoeffs = 0, 1, 0 ;

     LinearTerm = 1 ;

     MinUpTime = 1 ;

     MinDownTime = 1 ;

     InitUpDownTime = 1 ;

     InertiaCommitment = 1 ;
    } // group UnitBlock_110

  group: UnitBlock_111 {
    dimensions:
    	NumberCostCoeffs = 3 ;
    variables:
    	double InitialPower ;
    	double InitialReactivePower ;
    	double MaxReactivePower(TimeHorizon) ;
    	double MinReactivePower(TimeHorizon) ;
    	double VoltageMagnitude(TimeHorizon) ;
    	double MaxPower(TimeHorizon) ;
    	double MinPower(TimeHorizon) ;
    	uint CostModel ;
    	double StartupCost ;
    	double PowerCostCoeffs(NumberCostCoeffs) ;
    	double LinearTerm ;
    	double MinUpTime ;
    	double MinDownTime ;
    	double InitUpDownTime ;
    	double InertiaCommitment ;

    // group attributes:
    		:type = "ThermalUnitBlock" ;
    data:

     InitialPower = 854.7 ;

     InitialReactivePower = 190.06 ;

     MaxReactivePower = 548.57 ;

     MinReactivePower = -187.16 ;

     VoltageMagnitude = 1.031629 ;

     MaxPower = 1200 ;

     MinPower = 400 ;

     CostModel = 1 ;

     StartupCost = 0 ;

     PowerCostCoeffs = 0, 1, 0 ;

     LinearTerm = 1 ;

     MinUpTime = 1 ;

     MinDownTime = 1 ;

     InitUpDownTime = 1 ;

     InertiaCommitment = 1 ;
    } // group UnitBlock_111

  group: UnitBlock_112 {
    dimensions:
    	NumberCostCoeffs = 3 ;
    variables:
    	double InitialPower ;
    	double InitialReactivePower ;
    	double MaxReactivePower(TimeHorizon) ;
    	double MinReactivePower(TimeHorizon) ;
    	double VoltageMagnitude(TimeHorizon) ;
    	double MaxPower(TimeHorizon) ;
    	double MinPower(TimeHorizon) ;
    	uint CostModel ;
    	double StartupCost ;
    	double PowerCostCoeffs(NumberCostCoeffs) ;
    	double LinearTerm ;
    	double MinUpTime ;
    	double MinDownTime ;
    	double InitUpDownTime ;
    	double InertiaCommitment ;

    // group attributes:
    		:type = "ThermalUnitBlock" ;
    data:

     InitialPower = 257 ;

     InitialReactivePower = 122.15 ;

     MaxReactivePower = 313.01 ;

     MinReactivePower = -116.73 ;

     VoltageMagnitude = 1.084785 ;

     MaxPower = 700 ;

     MinPower = 233.33 ;

     CostModel = 1 ;

     StartupCost = 0 ;

     PowerCostCoeffs = 0, 1, 0 ;

     LinearTerm = 1 ;

     MinUpTime = 1 ;

     MinDownTime = 1 ;

     InitUpDownTime = 1 ;

     InertiaCommitment = 1 ;
    } // group UnitBlock_112

  group: UnitBlock_113 {
    dimensions:
    	NumberCostCoeffs = 3 ;
    variables:
    	double InitialPower ;
    	double InitialReactivePower ;
    	double MaxReactivePower(TimeHorizon) ;
    	double MinReactivePower(TimeHorizon) ;
    	double VoltageMagnitude(TimeHorizon) ;
    	double MaxPower(TimeHorizon) ;
    	double MinPower(TimeHorizon) ;
    	uint CostModel ;
    	double StartupCost ;
    	double PowerCostCoeffs(NumberCostCoeffs) ;
    	double LinearTerm ;
    	double MinUpTime ;
    	double MinDownTime ;
    	double InitUpDownTime ;
    	double InertiaCommitment ;

    // group attributes:
    		:type = "ThermalUnitBlock" ;
    data:

     InitialPower = 837.3 ;

     InitialReactivePower = 54.8 ;

     MaxReactivePower = 388.17 ;

     MinReactivePower = -163.4 ;

     VoltageMagnitude = 1.026994 ;

     MaxPower = 900 ;

     MinPower = 300 ;

     CostModel = 1 ;

     StartupCost = 0 ;

     PowerCostCoeffs = 0, 1, 0 ;

     LinearTerm = 1 ;

     MinUpTime = 1 ;

     MinDownTime = 1 ;

     InitUpDownTime = 1 ;

     InertiaCommitment = 1 ;
    } // group UnitBlock_113

  group: UnitBlock_114 {
    dimensions:
    	NumberCostCoeffs = 3 ;
    variables:
    	double InitialPower ;
    	double InitialReactivePower ;
    	double MaxReactivePower(TimeHorizon) ;
    	double MinReactivePower(TimeHorizon) ;
    	double VoltageMagnitude(TimeHorizon) ;
    	double MaxPower(TimeHorizon) ;
    	double MinPower(TimeHorizon) ;
    	uint CostModel ;
    	double StartupCost ;
    	double PowerCostCoeffs(NumberCostCoeffs) ;
    	double LinearTerm ;
    	double MinUpTime ;
    	double MinDownTime ;
    	double InitUpDownTime ;
    	double InertiaCommitment ;

    // group attributes:
    		:type = "ThermalUnitBlock" ;
    data:

     InitialPower = 855.6 ;

     InitialReactivePower = 148.23 ;

     MaxReactivePower = 440.69 ;

     MinReactivePower = -172.14 ;

     VoltageMagnitude = 1.031907 ;

     MaxPower = 1000 ;

     MinPower = 333.33 ;

     CostModel = 1 ;

     StartupCost = 0 ;

     PowerCostCoeffs = 0, 1, 0 ;

     LinearTerm = 1 ;

     MinUpTime = 1 ;

     MinDownTime = 1 ;

     InitUpDownTime = 1 ;

     InertiaCommitment = 1 ;
    } // group UnitBlock_114

  group: UnitBlock_115 {
    dimensions:
    	NumberCostCoeffs = 3 ;
    variables:
    	double InitialPower ;
    	double InitialReactivePower ;
    	double MaxReactivePower(TimeHorizon) ;
    	double MinReactivePower(TimeHorizon) ;
    	double VoltageMagnitude(TimeHorizon) ;
    	double MaxPower(TimeHorizon) ;
    	double MinPower(TimeHorizon) ;
    	uint CostModel ;
    	double StartupCost ;
    	double PowerCostCoeffs(NumberCostCoeffs) ;
    	double LinearTerm ;
    	double MinUpTime ;
    	double MinDownTime ;
    	double InitUpDownTime ;
    	double InertiaCommitment ;

    // group attributes:
    		:type = "ThermalUnitBlock" ;
    data:

     InitialPower = 0 ;

     InitialReactivePower = 6.45 ;

     MaxReactivePower = 34.27 ;

     MinReactivePower = -15.52 ;

     VoltageMagnitude = 1.044501 ;

     MaxPower = 100 ;

     MinPower = 0 ;

     CostModel = 1 ;

     StartupCost = 0 ;

     PowerCostCoeffs = 0, 1, 0 ;

     LinearTerm = 1 ;

     MinUpTime = 1 ;

     MinDownTime = 1 ;

     InitUpDownTime = 1 ;

     InertiaCommitment = 1 ;
    } // group UnitBlock_115

  group: UnitBlock_116 {
    dimensions:
    	NumberCostCoeffs = 3 ;
    variables:
    	double InitialPower ;
    	double InitialReactivePower ;
    	double MaxReactivePower(TimeHorizon) ;
    	double MinReactivePower(TimeHorizon) ;
    	double VoltageMagnitude(TimeHorizon) ;
    	double MaxPower(TimeHorizon) ;
    	double MinPower(TimeHorizon) ;
    	uint CostModel ;
    	double StartupCost ;
    	double PowerCostCoeffs(NumberCostCoeffs) ;
    	double LinearTerm ;
    	double MinUpTime ;
    	double MinDownTime ;
    	double InitUpDownTime ;
    	double InertiaCommitment ;

    // group attributes:
    		:type = "ThermalUnitBlock" ;
    data:

     InitialPower = 0 ;

     InitialReactivePower = 11.22 ;

     MaxReactivePower = 38.02 ;

     MinReactivePower = -11.77 ;

     VoltageMagnitude = 1.043758 ;

     MaxPower = 100 ;

     MinPower = 0 ;

     CostModel = 1 ;

     StartupCost = 0 ;

     PowerCostCoeffs = 0, 1, 0 ;

     LinearTerm = 1 ;

     MinUpTime = 1 ;

     MinDownTime = 1 ;

     InitUpDownTime = 1 ;

     InertiaCommitment = 1 ;
    } // group UnitBlock_116

  group: UnitBlock_117 {
    dimensions:
    	NumberCostCoeffs = 3 ;
    variables:
    	double InitialPower ;
    	double InitialReactivePower ;
    	double MaxReactivePower(TimeHorizon) ;
    	double MinReactivePower(TimeHorizon) ;
    	double VoltageMagnitude(TimeHorizon) ;
    	double MaxPower(TimeHorizon) ;
    	double MinPower(TimeHorizon) ;
    	uint CostModel ;
    	double StartupCost ;
    	double PowerCostCoeffs(NumberCostCoeffs) ;
    	double LinearTerm ;
    	double MinUpTime ;
    	double MinDownTime ;
    	double InitUpDownTime ;
    	double InertiaCommitment ;

    // group attributes:
    		:type = "ThermalUnitBlock" ;
    data:

     InitialPower = 0 ;

     InitialReactivePower = -74.05 ;

     MaxReactivePower = 126.16 ;

     MinReactivePower = -127.56 ;

     VoltageMagnitude = 1.027439 ;

     MaxPower = 100 ;

     MinPower = 0 ;

     CostModel = 1 ;

     StartupCost = 0 ;

     PowerCostCoeffs = 0, 1, 0 ;

     LinearTerm = 1 ;

     MinUpTime = 1 ;

     MinDownTime = 1 ;

     InitUpDownTime = 1 ;

     InertiaCommitment = 1 ;
    } // group UnitBlock_117

  group: UnitBlock_118 {
    dimensions:
    	NumberCostCoeffs = 3 ;
    variables:
    	double InitialPower ;
    	double InitialReactivePower ;
    	double MaxReactivePower(TimeHorizon) ;
    	double MinReactivePower(TimeHorizon) ;
    	double VoltageMagnitude(TimeHorizon) ;
    	double MaxPower(TimeHorizon) ;
    	double MinPower(TimeHorizon) ;
    	uint CostModel ;
    	double StartupCost ;
    	double PowerCostCoeffs(NumberCostCoeffs) ;
    	double LinearTerm ;
    	double MinUpTime ;
    	double MinDownTime ;
    	double InitUpDownTime ;
    	double InertiaCommitment ;

    // group attributes:
    		:type = "ThermalUnitBlock" ;
    data:

     InitialPower = 0 ;

     InitialReactivePower = 9.64 ;

     MaxReactivePower = 55.67 ;

     MinReactivePower = -19.09 ;

     VoltageMagnitude = 1.063145 ;

     MaxPower = 100 ;

     MinPower = 0 ;

     CostModel = 1 ;

     StartupCost = 0 ;

     PowerCostCoeffs = 0, 1, 0 ;

     LinearTerm = 1 ;

     MinUpTime = 1 ;

     MinDownTime = 1 ;

     InitUpDownTime = 1 ;

     InertiaCommitment = 1 ;
    } // group UnitBlock_118

  group: UnitBlock_119 {
    dimensions:
    	NumberCostCoeffs = 3 ;
    variables:
    	double InitialPower ;
    	double InitialReactivePower ;
    	double MaxReactivePower(TimeHorizon) ;
    	double MinReactivePower(TimeHorizon) ;
    	double VoltageMagnitude(TimeHorizon) ;
    	double MaxPower(TimeHorizon) ;
    	double MinPower(TimeHorizon) ;
    	uint CostModel ;
    	double StartupCost ;
    	double PowerCostCoeffs(NumberCostCoeffs) ;
    	double LinearTerm ;
    	double MinUpTime ;
    	double MinDownTime ;
    	double InitUpDownTime ;
    	double InertiaCommitment ;

    // group attributes:
    		:type = "ThermalUnitBlock" ;
    data:

     InitialPower = 89.5 ;

     InitialReactivePower = 40.38 ;

     MaxReactivePower = 97.07 ;

     MinReactivePower = -27.44 ;

     VoltageMagnitude = 1.040328 ;

     MaxPower = 200 ;

     MinPower = 0 ;

     CostModel = 1 ;

     StartupCost = 0 ;

     PowerCostCoeffs = 0, 1, 0 ;

     LinearTerm = 1 ;

     MinUpTime = 1 ;

     MinDownTime = 1 ;

     InitUpDownTime = 1 ;

     InertiaCommitment = 1 ;
    } // group UnitBlock_119

  group: UnitBlock_120 {
    dimensions:
    	NumberCostCoeffs = 3 ;
    variables:
    	double InitialPower ;
    	double InitialReactivePower ;
    	double MaxReactivePower(TimeHorizon) ;
    	double MinReactivePower(TimeHorizon) ;
    	double VoltageMagnitude(TimeHorizon) ;
    	double MaxPower(TimeHorizon) ;
    	double MinPower(TimeHorizon) ;
    	uint CostModel ;
    	double StartupCost ;
    	double PowerCostCoeffs(NumberCostCoeffs) ;
    	double LinearTerm ;
    	double MinUpTime ;
    	double MinDownTime ;
    	double InitUpDownTime ;
    	double InertiaCommitment ;

    // group attributes:
    		:type = "ThermalUnitBlock" ;
    data:

     InitialPower = 0 ;

     InitialReactivePower = 3.73 ;

     MaxReactivePower = 38.05 ;

     MinReactivePower = -11.77 ;

     VoltageMagnitude = 1.038526 ;

     MaxPower = 100 ;

     MinPower = 0 ;

     CostModel = 1 ;

     StartupCost = 0 ;

     PowerCostCoeffs = 0, 1, 0 ;

     LinearTerm = 1 ;

     MinUpTime = 1 ;

     MinDownTime = 1 ;

     InitUpDownTime = 1 ;

     InertiaCommitment = 1 ;
    } // group UnitBlock_120

  group: UnitBlock_121 {
    dimensions:
    	NumberCostCoeffs = 3 ;
    variables:
    	double InitialPower ;
    	double InitialReactivePower ;
    	double MaxReactivePower(TimeHorizon) ;
    	double MinReactivePower(TimeHorizon) ;
    	double VoltageMagnitude(TimeHorizon) ;
    	double MaxPower(TimeHorizon) ;
    	double MinPower(TimeHorizon) ;
    	uint CostModel ;
    	double StartupCost ;
    	double PowerCostCoeffs(NumberCostCoeffs) ;
    	double LinearTerm ;
    	double MinUpTime ;
    	double MinDownTime ;
    	double InitUpDownTime ;
    	double InertiaCommitment ;

    // group attributes:
    		:type = "ThermalUnitBlock" ;
    data:

     InitialPower = 366.1 ;

     InitialReactivePower = 46.44 ;

     MaxReactivePower = 264.94 ;

     MinReactivePower = -103.74 ;

     VoltageMagnitude = 1.063234 ;

     MaxPower = 600 ;

     MinPower = 0 ;

     CostModel = 1 ;

     StartupCost = 0 ;

     PowerCostCoeffs = 0, 1, 0 ;

     LinearTerm = 1 ;

     MinUpTime = 1 ;

     MinDownTime = 1 ;

     InitUpDownTime = 1 ;

     InertiaCommitment = 1 ;
    } // group UnitBlock_121

  group: UnitBlock_122 {
    dimensions:
    	NumberCostCoeffs = 3 ;
    variables:
    	double InitialPower ;
    	double InitialReactivePower ;
    	double MaxReactivePower(TimeHorizon) ;
    	double MinReactivePower(TimeHorizon) ;
    	double VoltageMagnitude(TimeHorizon) ;
    	double MaxPower(TimeHorizon) ;
    	double MinPower(TimeHorizon) ;
    	uint CostModel ;
    	double StartupCost ;
    	double PowerCostCoeffs(NumberCostCoeffs) ;
    	double LinearTerm ;
    	double MinUpTime ;
    	double MinDownTime ;
    	double InitUpDownTime ;
    	double InertiaCommitment ;

    // group attributes:
    		:type = "ThermalUnitBlock" ;
    data:

     InitialPower = 41 ;

     InitialReactivePower = 5.09 ;

     MaxReactivePower = 38.37 ;

     MinReactivePower = -11.4 ;

     VoltageMagnitude = 1.027195 ;

     MaxPower = 80 ;

     MinPower = 0 ;

     CostModel = 1 ;

     StartupCost = 0 ;

     PowerCostCoeffs = 0, 1, 0 ;

     LinearTerm = 1 ;

     MinUpTime = 1 ;

     MinDownTime = 1 ;

     InitUpDownTime = 1 ;

     InertiaCommitment = 1 ;
    } // group UnitBlock_122

  group: UnitBlock_123 {
    dimensions:
    	NumberCostCoeffs = 3 ;
    variables:
    	double InitialPower ;
    	double InitialReactivePower ;
    	double MaxReactivePower(TimeHorizon) ;
    	double MinReactivePower(TimeHorizon) ;
    	double VoltageMagnitude(TimeHorizon) ;
    	double MaxPower(TimeHorizon) ;
    	double MinPower(TimeHorizon) ;
    	uint CostModel ;
    	double StartupCost ;
    	double PowerCostCoeffs(NumberCostCoeffs) ;
    	double LinearTerm ;
    	double MinUpTime ;
    	double MinDownTime ;
    	double InitUpDownTime ;
    	double InertiaCommitment ;

    // group attributes:
    		:type = "ThermalUnitBlock" ;
    data:

     InitialPower = 59.6 ;

     InitialReactivePower = 16.3 ;

     MaxReactivePower = 36.89 ;

     MinReactivePower = -13 ;

     VoltageMagnitude = 1.003502 ;

     MaxPower = 80 ;

     MinPower = 0 ;

     CostModel = 1 ;

     StartupCost = 0 ;

     PowerCostCoeffs = 0, 1, 0 ;

     LinearTerm = 1 ;

     MinUpTime = 1 ;

     MinDownTime = 1 ;

     InitUpDownTime = 1 ;

     InertiaCommitment = 1 ;
    } // group UnitBlock_123

  group: UnitBlock_124 {
    dimensions:
    	NumberCostCoeffs = 3 ;
    variables:
    	double InitialPower ;
    	double InitialReactivePower ;
    	double MaxReactivePower(TimeHorizon) ;
    	double MinReactivePower(TimeHorizon) ;
    	double VoltageMagnitude(TimeHorizon) ;
    	double MaxPower(TimeHorizon) ;
    	double MinPower(TimeHorizon) ;
    	uint CostModel ;
    	double StartupCost ;
    	double PowerCostCoeffs(NumberCostCoeffs) ;
    	double LinearTerm ;
    	double MinUpTime ;
    	double MinDownTime ;
    	double InitUpDownTime ;
    	double InertiaCommitment ;

    // group attributes:
    		:type = "ThermalUnitBlock" ;
    data:

     InitialPower = 67.5 ;

     InitialReactivePower = 24.27 ;

     MaxReactivePower = 57.03 ;

     MinReactivePower = -17.63 ;

     VoltageMagnitude = 1.019761 ;

     MaxPower = 120 ;

     MinPower = 0 ;

     CostModel = 1 ;

     StartupCost = 0 ;

     PowerCostCoeffs = 0, 1, 0 ;

     LinearTerm = 1 ;

     MinUpTime = 1 ;

     MinDownTime = 1 ;

     InitUpDownTime = 1 ;

     InertiaCommitment = 1 ;
    } // group UnitBlock_124

  group: UnitBlock_125 {
    dimensions:
    	NumberCostCoeffs = 3 ;
    variables:
    	double InitialPower ;
    	double InitialReactivePower ;
    	double MaxReactivePower(TimeHorizon) ;
    	double MinReactivePower(TimeHorizon) ;
    	double VoltageMagnitude(TimeHorizon) ;
    	double MaxPower(TimeHorizon) ;
    	double MinPower(TimeHorizon) ;
    	uint CostModel ;
    	double StartupCost ;
    	double PowerCostCoeffs(NumberCostCoeffs) ;
    	double LinearTerm ;
    	double MinUpTime ;
    	double MinDownTime ;
    	double InitUpDownTime ;
    	double InertiaCommitment ;

    // group attributes:
    		:type = "ThermalUnitBlock" ;
    data:

     InitialPower = 2641.24 ;

     InitialReactivePower = 771.6 ;

     MaxReactivePower = Infinity ;

     MinReactivePower = -Infinity ;

     VoltageMagnitude = 1.049182 ;

     MaxPower = 4188.95 ;

     MinPower = 1333.33 ;

     CostModel = 1 ;

     StartupCost = 0 ;

     PowerCostCoeffs = 0, 1, 0 ;

     LinearTerm = 1 ;

     MinUpTime = 1 ;

     MinDownTime = 1 ;

     InitUpDownTime = 1 ;

     InertiaCommitment = 1 ;
    } // group UnitBlock_125

  group: UnitBlock_126 {
    dimensions:
    	NumberCostCoeffs = 3 ;
    variables:
    	double InitialPower ;
    	double InitialReactivePower ;
    	double MaxReactivePower(TimeHorizon) ;
    	double MinReactivePower(TimeHorizon) ;
    	double VoltageMagnitude(TimeHorizon) ;
    	double MaxPower(TimeHorizon) ;
    	double MinPower(TimeHorizon) ;
    	uint CostModel ;
    	double StartupCost ;
    	double PowerCostCoeffs(NumberCostCoeffs) ;
    	double LinearTerm ;
    	double MinUpTime ;
    	double MinDownTime ;
    	double InitUpDownTime ;
    	double InertiaCommitment ;

    // group attributes:
    		:type = "ThermalUnitBlock" ;
    data:

     InitialPower = 60.2 ;

     InitialReactivePower = 6.92 ;

     MaxReactivePower = 36.73 ;

     MinReactivePower = -13.12 ;

     VoltageMagnitude = 1.028646 ;

     MaxPower = 80 ;

     MinPower = 0 ;

     CostModel = 1 ;

     StartupCost = 0 ;

     PowerCostCoeffs = 0, 1, 0 ;

     LinearTerm = 1 ;

     MinUpTime = 1 ;

     MinDownTime = 1 ;

     InitUpDownTime = 1 ;

     InertiaCommitment = 1 ;
    } // group UnitBlock_126

  group: UnitBlock_127 {
    dimensions:
    	NumberCostCoeffs = 3 ;
    variables:
    	double InitialPower ;
    	double InitialReactivePower ;
    	double MaxReactivePower(TimeHorizon) ;
    	double MinReactivePower(TimeHorizon) ;
    	double VoltageMagnitude(TimeHorizon) ;
    	double MaxPower(TimeHorizon) ;
    	double MinPower(TimeHorizon) ;
    	uint CostModel ;
    	double StartupCost ;
    	double PowerCostCoeffs(NumberCostCoeffs) ;
    	double LinearTerm ;
    	double MinUpTime ;
    	double MinDownTime ;
    	double InitUpDownTime ;
    	double InertiaCommitment ;

    // group attributes:
    		:type = "ThermalUnitBlock" ;
    data:

     InitialPower = 0 ;

     InitialReactivePower = 6.73 ;

     MaxReactivePower = 38.48 ;

     MinReactivePower = -11.33 ;

     VoltageMagnitude = 1.039834 ;

     MaxPower = 100 ;

     MinPower = 0 ;

     CostModel = 1 ;

     StartupCost = 0 ;

     PowerCostCoeffs = 0, 1, 0 ;

     LinearTerm = 1 ;

     MinUpTime = 1 ;

     MinDownTime = 1 ;

     InitUpDownTime = 1 ;

     InertiaCommitment = 1 ;
    } // group UnitBlock_127

  group: UnitBlock_128 {
    dimensions:
    	NumberCostCoeffs = 3 ;
    variables:
    	double InitialPower ;
    	double InitialReactivePower ;
    	double MaxReactivePower(TimeHorizon) ;
    	double MinReactivePower(TimeHorizon) ;
    	double VoltageMagnitude(TimeHorizon) ;
    	double MaxPower(TimeHorizon) ;
    	double MinPower(TimeHorizon) ;
    	uint CostModel ;
    	double StartupCost ;
    	double PowerCostCoeffs(NumberCostCoeffs) ;
    	double LinearTerm ;
    	double MinUpTime ;
    	double MinDownTime ;
    	double InitUpDownTime ;
    	double InertiaCommitment ;

    // group attributes:
    		:type = "ThermalUnitBlock" ;
    data:

     InitialPower = 861.3 ;

     InitialReactivePower = 121.55 ;

     MaxReactivePower = 441.04 ;

     MinReactivePower = -172.05 ;

     VoltageMagnitude = 1.059565 ;

     MaxPower = 1000 ;

     MinPower = 333.33 ;

     CostModel = 1 ;

     StartupCost = 0 ;

     PowerCostCoeffs = 0, 1, 0 ;

     LinearTerm = 1 ;

     MinUpTime = 1 ;

     MinDownTime = 1 ;

     InitUpDownTime = 1 ;

     InertiaCommitment = 1 ;
    } // group UnitBlock_128

  group: UnitBlock_129 {
    dimensions:
    	NumberCostCoeffs = 3 ;
    variables:
    	double InitialPower ;
    	double InitialReactivePower ;
    	double MaxReactivePower(TimeHorizon) ;
    	double MinReactivePower(TimeHorizon) ;
    	double VoltageMagnitude(TimeHorizon) ;
    	double MaxPower(TimeHorizon) ;
    	double MinPower(TimeHorizon) ;
    	uint CostModel ;
    	double StartupCost ;
    	double PowerCostCoeffs(NumberCostCoeffs) ;
    	double LinearTerm ;
    	double MinUpTime ;
    	double MinDownTime ;
    	double InitUpDownTime ;
    	double InertiaCommitment ;

    // group attributes:
    		:type = "ThermalUnitBlock" ;
    data:

     InitialPower = 861.3 ;

     InitialReactivePower = 143.79 ;

     MaxReactivePower = 439.2 ;

     MinReactivePower = -173.43 ;

     VoltageMagnitude = 1.071852 ;

     MaxPower = 1000 ;

     MinPower = 333.33 ;

     CostModel = 1 ;

     StartupCost = 0 ;

     PowerCostCoeffs = 0, 1, 0 ;

     LinearTerm = 1 ;

     MinUpTime = 1 ;

     MinDownTime = 1 ;

     InitUpDownTime = 1 ;

     InertiaCommitment = 1 ;
    } // group UnitBlock_129

  group: UnitBlock_130 {
    dimensions:
    	NumberCostCoeffs = 3 ;
    variables:
    	double InitialPower ;
    	double InitialReactivePower ;
    	double MaxReactivePower(TimeHorizon) ;
    	double MinReactivePower(TimeHorizon) ;
    	double VoltageMagnitude(TimeHorizon) ;
    	double MaxPower(TimeHorizon) ;
    	double MinPower(TimeHorizon) ;
    	uint CostModel ;
    	double StartupCost ;
    	double PowerCostCoeffs(NumberCostCoeffs) ;
    	double LinearTerm ;
    	double MinUpTime ;
    	double MinDownTime ;
    	double InitUpDownTime ;
    	double InertiaCommitment ;

    // group attributes:
    		:type = "ThermalUnitBlock" ;
    data:

     InitialPower = 35.2 ;

     InitialReactivePower = 13.53 ;

     MaxReactivePower = 38.85 ;

     MinReactivePower = -10.95 ;

     VoltageMagnitude = 1.049914 ;

     MaxPower = 80 ;

     MinPower = 0 ;

     CostModel = 1 ;

     StartupCost = 0 ;

     PowerCostCoeffs = 0, 1, 0 ;

     LinearTerm = 1 ;

     MinUpTime = 1 ;

     MinDownTime = 1 ;

     InitUpDownTime = 1 ;

     InertiaCommitment = 1 ;
    } // group UnitBlock_130

  group: UnitBlock_131 {
    dimensions:
    	NumberCostCoeffs = 3 ;
    variables:
    	double InitialPower ;
    	double InitialReactivePower ;
    	double MaxReactivePower(TimeHorizon) ;
    	double MinReactivePower(TimeHorizon) ;
    	double VoltageMagnitude(TimeHorizon) ;
    	double MaxPower(TimeHorizon) ;
    	double MinPower(TimeHorizon) ;
    	uint CostModel ;
    	double StartupCost ;
    	double PowerCostCoeffs(NumberCostCoeffs) ;
    	double LinearTerm ;
    	double MinUpTime ;
    	double MinDownTime ;
    	double InitUpDownTime ;
    	double InertiaCommitment ;

    // group attributes:
    		:type = "ThermalUnitBlock" ;
    data:

     InitialPower = 0 ;

     InitialReactivePower = 12.84 ;

     MaxReactivePower = 37.86 ;

     MinReactivePower = -11.95 ;

     VoltageMagnitude = 1.036047 ;

     MaxPower = 100 ;

     MinPower = 0 ;

     CostModel = 1 ;

     StartupCost = 0 ;

     PowerCostCoeffs = 0, 1, 0 ;

     LinearTerm = 1 ;

     MinUpTime = 1 ;

     MinDownTime = 1 ;

     InitUpDownTime = 1 ;

     InertiaCommitment = 1 ;
    } // group UnitBlock_131

  group: UnitBlock_132 {
    dimensions:
    	NumberCostCoeffs = 3 ;
    variables:
    	double InitialPower ;
    	double InitialReactivePower ;
    	double MaxReactivePower(TimeHorizon) ;
    	double MinReactivePower(TimeHorizon) ;
    	double VoltageMagnitude(TimeHorizon) ;
    	double MaxPower(TimeHorizon) ;
    	double MinPower(TimeHorizon) ;
    	uint CostModel ;
    	double StartupCost ;
    	double PowerCostCoeffs(NumberCostCoeffs) ;
    	double LinearTerm ;
    	double MinUpTime ;
    	double MinDownTime ;
    	double InitUpDownTime ;
    	double InertiaCommitment ;

    // group attributes:
    		:type = "ThermalUnitBlock" ;
    data:

     InitialPower = 0 ;

     InitialReactivePower = 6.81 ;

     MaxReactivePower = 37.94 ;

     MinReactivePower = -11.87 ;

     VoltageMagnitude = 1.073282 ;

     MaxPower = 100 ;

     MinPower = 0 ;

     CostModel = 1 ;

     StartupCost = 0 ;

     PowerCostCoeffs = 0, 1, 0 ;

     LinearTerm = 1 ;

     MinUpTime = 1 ;

     MinDownTime = 1 ;

     InitUpDownTime = 1 ;

     InertiaCommitment = 1 ;
    } // group UnitBlock_132

  group: UnitBlock_133 {
    dimensions:
    	NumberCostCoeffs = 3 ;
    variables:
    	double InitialPower ;
    	double InitialReactivePower ;
    	double MaxReactivePower(TimeHorizon) ;
    	double MinReactivePower(TimeHorizon) ;
    	double VoltageMagnitude(TimeHorizon) ;
    	double MaxPower(TimeHorizon) ;
    	double MinPower(TimeHorizon) ;
    	uint CostModel ;
    	double StartupCost ;
    	double PowerCostCoeffs(NumberCostCoeffs) ;
    	double LinearTerm ;
    	double MinUpTime ;
    	double MinDownTime ;
    	double InitUpDownTime ;
    	double InertiaCommitment ;

    // group attributes:
    		:type = "ThermalUnitBlock" ;
    data:

     InitialPower = 68 ;

     InitialReactivePower = 8.25 ;

     MaxReactivePower = 35.62 ;

     MinReactivePower = -14.19 ;

     VoltageMagnitude = 1.042135 ;

     MaxPower = 80 ;

     MinPower = 0 ;

     CostModel = 1 ;

     StartupCost = 0 ;

     PowerCostCoeffs = 0, 1, 0 ;

     LinearTerm = 1 ;

     MinUpTime = 1 ;

     MinDownTime = 1 ;

     InitUpDownTime = 1 ;

     InertiaCommitment = 1 ;
    } // group UnitBlock_133

  group: UnitBlock_134 {
    dimensions:
    	NumberCostCoeffs = 3 ;
    variables:
    	double InitialPower ;
    	double InitialReactivePower ;
    	double MaxReactivePower(TimeHorizon) ;
    	double MinReactivePower(TimeHorizon) ;
    	double VoltageMagnitude(TimeHorizon) ;
    	double MaxPower(TimeHorizon) ;
    	double MinPower(TimeHorizon) ;
    	uint CostModel ;
    	double StartupCost ;
    	double PowerCostCoeffs(NumberCostCoeffs) ;
    	double LinearTerm ;
    	double MinUpTime ;
    	double MinDownTime ;
    	double InitUpDownTime ;
    	double InertiaCommitment ;

    // group attributes:
    		:type = "ThermalUnitBlock" ;
    data:

     InitialPower = 0 ;

     InitialReactivePower = 2.19 ;

     MaxReactivePower = 19.14 ;

     MinReactivePower = -5.77 ;

     VoltageMagnitude = 1.049813 ;

     MaxPower = 100 ;

     MinPower = 0 ;

     CostModel = 1 ;

     StartupCost = 0 ;

     PowerCostCoeffs = 0, 1, 0 ;

     LinearTerm = 1 ;

     MinUpTime = 1 ;

     MinDownTime = 1 ;

     InitUpDownTime = 1 ;

     InertiaCommitment = 1 ;
    } // group UnitBlock_134

  group: UnitBlock_135 {
    dimensions:
    	NumberCostCoeffs = 3 ;
    variables:
    	double InitialPower ;
    	double InitialReactivePower ;
    	double MaxReactivePower(TimeHorizon) ;
    	double MinReactivePower(TimeHorizon) ;
    	double VoltageMagnitude(TimeHorizon) ;
    	double MaxPower(TimeHorizon) ;
    	double MinPower(TimeHorizon) ;
    	uint CostModel ;
    	double StartupCost ;
    	double PowerCostCoeffs(NumberCostCoeffs) ;
    	double LinearTerm ;
    	double MinUpTime ;
    	double MinDownTime ;
    	double InitUpDownTime ;
    	double InertiaCommitment ;

    // group attributes:
    		:type = "ThermalUnitBlock" ;
    data:

     InitialPower = 93.2 ;

     InitialReactivePower = -41.31 ;

     MaxReactivePower = 98.4 ;

     MinReactivePower = -86.29 ;

     VoltageMagnitude = 1.043063 ;

     MaxPower = 281.85 ;

     MinPower = 0 ;

     CostModel = 1 ;

     StartupCost = 0 ;

     PowerCostCoeffs = 0, 1, 0 ;

     LinearTerm = 1 ;

     MinUpTime = 1 ;

     MinDownTime = 1 ;

     InitUpDownTime = 1 ;

     InertiaCommitment = 1 ;
    } // group UnitBlock_135

  group: UnitBlock_136 {
    dimensions:
    	NumberCostCoeffs = 3 ;
    variables:
    	double InitialPower ;
    	double InitialReactivePower ;
    	double MaxReactivePower(TimeHorizon) ;
    	double MinReactivePower(TimeHorizon) ;
    	double VoltageMagnitude(TimeHorizon) ;
    	double MaxPower(TimeHorizon) ;
    	double MinPower(TimeHorizon) ;
    	uint CostModel ;
    	double StartupCost ;
    	double PowerCostCoeffs(NumberCostCoeffs) ;
    	double LinearTerm ;
    	double MinUpTime ;
    	double MinDownTime ;
    	double InitUpDownTime ;
    	double InertiaCommitment ;

    // group attributes:
    		:type = "ThermalUnitBlock" ;
    data:

     InitialPower = 861.3 ;

     InitialReactivePower = 141.62 ;

     MaxReactivePower = 439.2 ;

     MinReactivePower = -173.43 ;

     VoltageMagnitude = 1.071981 ;

     MaxPower = 1000 ;

     MinPower = 333.33 ;

     CostModel = 1 ;

     StartupCost = 0 ;

     PowerCostCoeffs = 0, 1, 0 ;

     LinearTerm = 1 ;

     MinUpTime = 1 ;

     MinDownTime = 1 ;

     InitUpDownTime = 1 ;

     InertiaCommitment = 1 ;
    } // group UnitBlock_136

  group: UnitBlock_137 {
    dimensions:
    	NumberCostCoeffs = 3 ;
    variables:
    	double InitialPower ;
    	double InitialReactivePower ;
    	double MaxReactivePower(TimeHorizon) ;
    	double MinReactivePower(TimeHorizon) ;
    	double VoltageMagnitude(TimeHorizon) ;
    	double MaxPower(TimeHorizon) ;
    	double MinPower(TimeHorizon) ;
    	uint CostModel ;
    	double StartupCost ;
    	double PowerCostCoeffs(NumberCostCoeffs) ;
    	double LinearTerm ;
    	double MinUpTime ;
    	double MinDownTime ;
    	double InitUpDownTime ;
    	double InertiaCommitment ;

    // group attributes:
    		:type = "ThermalUnitBlock" ;
    data:

     InitialPower = 0 ;

     InitialReactivePower = 10.07 ;

     MaxReactivePower = 38.37 ;

     MinReactivePower = -11.44 ;

     VoltageMagnitude = 1.067305 ;

     MaxPower = 100 ;

     MinPower = 0 ;

     CostModel = 1 ;

     StartupCost = 0 ;

     PowerCostCoeffs = 0, 1, 0 ;

     LinearTerm = 1 ;

     MinUpTime = 1 ;

     MinDownTime = 1 ;

     InitUpDownTime = 1 ;

     InertiaCommitment = 1 ;
    } // group UnitBlock_137

  group: UnitBlock_138 {
    dimensions:
    	NumberCostCoeffs = 3 ;
    variables:
    	double InitialPower ;
    	double InitialReactivePower ;
    	double MaxReactivePower(TimeHorizon) ;
    	double MinReactivePower(TimeHorizon) ;
    	double VoltageMagnitude(TimeHorizon) ;
    	double MaxPower(TimeHorizon) ;
    	double MinPower(TimeHorizon) ;
    	uint CostModel ;
    	double StartupCost ;
    	double PowerCostCoeffs(NumberCostCoeffs) ;
    	double LinearTerm ;
    	double MinUpTime ;
    	double MinDownTime ;
    	double InitUpDownTime ;
    	double InertiaCommitment ;

    // group attributes:
    		:type = "ThermalUnitBlock" ;
    data:

     InitialPower = 855.6 ;

     InitialReactivePower = 150.1 ;

     MaxReactivePower = 440.69 ;

     MinReactivePower = -172.14 ;

     VoltageMagnitude = 1.031907 ;

     MaxPower = 1000 ;

     MinPower = 333.33 ;

     CostModel = 1 ;

     StartupCost = 0 ;

     PowerCostCoeffs = 0, 1, 0 ;

     LinearTerm = 1 ;

     MinUpTime = 1 ;

     MinDownTime = 1 ;

     InitUpDownTime = 1 ;

     InertiaCommitment = 1 ;
    } // group UnitBlock_138

  group: UnitBlock_139 {
    dimensions:
    	NumberCostCoeffs = 3 ;
    variables:
    	double InitialPower ;
    	double InitialReactivePower ;
    	double MaxReactivePower(TimeHorizon) ;
    	double MinReactivePower(TimeHorizon) ;
    	double VoltageMagnitude(TimeHorizon) ;
    	double MaxPower(TimeHorizon) ;
    	double MinPower(TimeHorizon) ;
    	uint CostModel ;
    	double StartupCost ;
    	double PowerCostCoeffs(NumberCostCoeffs) ;
    	double LinearTerm ;
    	double MinUpTime ;
    	double MinDownTime ;
    	double InitUpDownTime ;
    	double InertiaCommitment ;

    // group attributes:
    		:type = "ThermalUnitBlock" ;
    data:

     InitialPower = 10.3 ;

     InitialReactivePower = 1.59 ;

     MaxReactivePower = 4.44 ;

     MinReactivePower = -2.07 ;

     VoltageMagnitude = 1.067114 ;

     MaxPower = 10.46 ;

     MinPower = 0 ;

     CostModel = 1 ;

     StartupCost = 0 ;

     PowerCostCoeffs = 0, 1, 0 ;

     LinearTerm = 1 ;

     MinUpTime = 1 ;

     MinDownTime = 1 ;

     InitUpDownTime = 1 ;

     InertiaCommitment = 1 ;
    } // group UnitBlock_139

  group: UnitBlock_140 {
    dimensions:
    	NumberCostCoeffs = 3 ;
    variables:
    	double InitialPower ;
    	double InitialReactivePower ;
    	double MaxReactivePower(TimeHorizon) ;
    	double MinReactivePower(TimeHorizon) ;
    	double VoltageMagnitude(TimeHorizon) ;
    	double MaxPower(TimeHorizon) ;
    	double MinPower(TimeHorizon) ;
    	uint CostModel ;
    	double StartupCost ;
    	double PowerCostCoeffs(NumberCostCoeffs) ;
    	double LinearTerm ;
    	double MinUpTime ;
    	double MinDownTime ;
    	double InitUpDownTime ;
    	double InertiaCommitment ;

    // group attributes:
    		:type = "ThermalUnitBlock" ;
    data:

     InitialPower = 88.8 ;

     InitialReactivePower = 11.86 ;

     MaxReactivePower = 76.52 ;

     MinReactivePower = -23.19 ;

     VoltageMagnitude = 1.054975 ;

     MaxPower = 160 ;

     MinPower = 0 ;

     CostModel = 1 ;

     StartupCost = 0 ;

     PowerCostCoeffs = 0, 1, 0 ;

     LinearTerm = 1 ;

     MinUpTime = 1 ;

     MinDownTime = 1 ;

     InitUpDownTime = 1 ;

     InertiaCommitment = 1 ;
    } // group UnitBlock_140

  group: UnitBlock_141 {
    dimensions:
    	NumberCostCoeffs = 3 ;
    variables:
    	double InitialPower ;
    	double InitialReactivePower ;
    	double MaxReactivePower(TimeHorizon) ;
    	double MinReactivePower(TimeHorizon) ;
    	double VoltageMagnitude(TimeHorizon) ;
    	double MaxPower(TimeHorizon) ;
    	double MinPower(TimeHorizon) ;
    	uint CostModel ;
    	double StartupCost ;
    	double PowerCostCoeffs(NumberCostCoeffs) ;
    	double LinearTerm ;
    	double MinUpTime ;
    	double MinDownTime ;
    	double InitUpDownTime ;
    	double InertiaCommitment ;

    // group attributes:
    		:type = "ThermalUnitBlock" ;
    data:

     InitialPower = 0 ;

     InitialReactivePower = 5.06 ;

     MaxReactivePower = 75.62 ;

     MinReactivePower = -23.96 ;

     VoltageMagnitude = 1.034991 ;

     MaxPower = 100 ;

     MinPower = 0 ;

     CostModel = 1 ;

     StartupCost = 0 ;

     PowerCostCoeffs = 0, 1, 0 ;

     LinearTerm = 1 ;

     MinUpTime = 1 ;

     MinDownTime = 1 ;

     InitUpDownTime = 1 ;

     InertiaCommitment = 1 ;
    } // group UnitBlock_141

  group: UnitBlock_142 {
    dimensions:
    	NumberCostCoeffs = 3 ;
    variables:
    	double InitialPower ;
    	double InitialReactivePower ;
    	double MaxReactivePower(TimeHorizon) ;
    	double MinReactivePower(TimeHorizon) ;
    	double VoltageMagnitude(TimeHorizon) ;
    	double MaxPower(TimeHorizon) ;
    	double MinPower(TimeHorizon) ;
    	uint CostModel ;
    	double StartupCost ;
    	double PowerCostCoeffs(NumberCostCoeffs) ;
    	double LinearTerm ;
    	double MinUpTime ;
    	double MinDownTime ;
    	double InitUpDownTime ;
    	double InertiaCommitment ;

    // group attributes:
    		:type = "ThermalUnitBlock" ;
    data:

     InitialPower = 41.69 ;

     InitialReactivePower = 8.64 ;

     MaxReactivePower = 37.27 ;

     MinReactivePower = -12.57 ;

     VoltageMagnitude = 1.057325 ;

     MaxPower = 80 ;

     MinPower = 0 ;

     CostModel = 1 ;

     StartupCost = 0 ;

     PowerCostCoeffs = 0, 1, 0 ;

     LinearTerm = 1 ;

     MinUpTime = 1 ;

     MinDownTime = 1 ;

     InitUpDownTime = 1 ;

     InertiaCommitment = 1 ;
    } // group UnitBlock_142

  group: UnitBlock_143 {
    dimensions:
    	NumberCostCoeffs = 3 ;
    variables:
    	double InitialPower ;
    	double InitialReactivePower ;
    	double MaxReactivePower(TimeHorizon) ;
    	double MinReactivePower(TimeHorizon) ;
    	double VoltageMagnitude(TimeHorizon) ;
    	double MaxPower(TimeHorizon) ;
    	double MinPower(TimeHorizon) ;
    	uint CostModel ;
    	double StartupCost ;
    	double PowerCostCoeffs(NumberCostCoeffs) ;
    	double LinearTerm ;
    	double MinUpTime ;
    	double MinDownTime ;
    	double InitUpDownTime ;
    	double InertiaCommitment ;

    // group attributes:
    		:type = "ThermalUnitBlock" ;
    data:

     InitialPower = 0 ;

     InitialReactivePower = 4.47 ;

     MaxReactivePower = 37.23 ;

     MinReactivePower = -12.61 ;

     VoltageMagnitude = 1.045386 ;

     MaxPower = 100 ;

     MinPower = 0 ;

     CostModel = 1 ;

     StartupCost = 0 ;

     PowerCostCoeffs = 0, 1, 0 ;

     LinearTerm = 1 ;

     MinUpTime = 1 ;

     MinDownTime = 1 ;

     InitUpDownTime = 1 ;

     InertiaCommitment = 1 ;
    } // group UnitBlock_143

  group: UnitBlock_144 {
    dimensions:
    	NumberCostCoeffs = 3 ;
    variables:
    	double InitialPower ;
    	double InitialReactivePower ;
    	double MaxReactivePower(TimeHorizon) ;
    	double MinReactivePower(TimeHorizon) ;
    	double VoltageMagnitude(TimeHorizon) ;
    	double MaxPower(TimeHorizon) ;
    	double MinPower(TimeHorizon) ;
    	uint CostModel ;
    	double StartupCost ;
    	double PowerCostCoeffs(NumberCostCoeffs) ;
    	double LinearTerm ;
    	double MinUpTime ;
    	double MinDownTime ;
    	double InitUpDownTime ;
    	double InertiaCommitment ;

    // group attributes:
    		:type = "ThermalUnitBlock" ;
    data:

     InitialPower = 54.3 ;

     InitialReactivePower = 4.85 ;

     MaxReactivePower = 74.73 ;

     MinReactivePower = -70.41 ;

     VoltageMagnitude = 1.0663 ;

     MaxPower = 220.12 ;

     MinPower = 0 ;

     CostModel = 1 ;

     StartupCost = 0 ;

     PowerCostCoeffs = 0, 1, 0 ;

     LinearTerm = 1 ;

     MinUpTime = 1 ;

     MinDownTime = 1 ;

     InitUpDownTime = 1 ;

     InertiaCommitment = 1 ;
    } // group UnitBlock_144

  group: UnitBlock_145 {
    dimensions:
    	NumberCostCoeffs = 3 ;
    variables:
    	double InitialPower ;
    	double InitialReactivePower ;
    	double MaxReactivePower(TimeHorizon) ;
    	double MinReactivePower(TimeHorizon) ;
    	double VoltageMagnitude(TimeHorizon) ;
    	double MaxPower(TimeHorizon) ;
    	double MinPower(TimeHorizon) ;
    	uint CostModel ;
    	double StartupCost ;
    	double PowerCostCoeffs(NumberCostCoeffs) ;
    	double LinearTerm ;
    	double MinUpTime ;
    	double MinDownTime ;
    	double InitUpDownTime ;
    	double InertiaCommitment ;

    // group attributes:
    		:type = "ThermalUnitBlock" ;
    data:

     InitialPower = 49.4 ;

     InitialReactivePower = 2.95 ;

     MaxReactivePower = 37.72 ;

     MinReactivePower = -12.09 ;

     VoltageMagnitude = 1.047693 ;

     MaxPower = 80 ;

     MinPower = 0 ;

     CostModel = 1 ;

     StartupCost = 0 ;

     PowerCostCoeffs = 0, 1, 0 ;

     LinearTerm = 1 ;

     MinUpTime = 1 ;

     MinDownTime = 1 ;

     InitUpDownTime = 1 ;

     InertiaCommitment = 1 ;
    } // group UnitBlock_145

  group: UnitBlock_146 {
    dimensions:
    	NumberCostCoeffs = 3 ;
    variables:
    	double InitialPower ;
    	double InitialReactivePower ;
    	double MaxReactivePower(TimeHorizon) ;
    	double MinReactivePower(TimeHorizon) ;
    	double VoltageMagnitude(TimeHorizon) ;
    	double MaxPower(TimeHorizon) ;
    	double MinPower(TimeHorizon) ;
    	uint CostModel ;
    	double StartupCost ;
    	double PowerCostCoeffs(NumberCostCoeffs) ;
    	double LinearTerm ;
    	double MinUpTime ;
    	double MinDownTime ;
    	double InitUpDownTime ;
    	double InertiaCommitment ;

    // group attributes:
    		:type = "ThermalUnitBlock" ;
    data:

     InitialPower = 83.48 ;

     InitialReactivePower = -1.38 ;

     MaxReactivePower = 74.55 ;

     MinReactivePower = -24.97 ;

     VoltageMagnitude = 1.037373 ;

     MaxPower = 160 ;

     MinPower = 0 ;

     CostModel = 1 ;

     StartupCost = 0 ;

     PowerCostCoeffs = 0, 1, 0 ;

     LinearTerm = 1 ;

     MinUpTime = 1 ;

     MinDownTime = 1 ;

     InitUpDownTime = 1 ;

     InertiaCommitment = 1 ;
    } // group UnitBlock_146

  group: UnitBlock_147 {
    dimensions:
    	NumberCostCoeffs = 3 ;
    variables:
    	double InitialPower ;
    	double InitialReactivePower ;
    	double MaxReactivePower(TimeHorizon) ;
    	double MinReactivePower(TimeHorizon) ;
    	double VoltageMagnitude(TimeHorizon) ;
    	double MaxPower(TimeHorizon) ;
    	double MinPower(TimeHorizon) ;
    	uint CostModel ;
    	double StartupCost ;
    	double PowerCostCoeffs(NumberCostCoeffs) ;
    	double LinearTerm ;
    	double MinUpTime ;
    	double MinDownTime ;
    	double InitUpDownTime ;
    	double InertiaCommitment ;

    // group attributes:
    		:type = "ThermalUnitBlock" ;
    data:

     InitialPower = 542 ;

     InitialReactivePower = 142.39 ;

     MaxReactivePower = 258.91 ;

     MinReactivePower = -109.58 ;

     VoltageMagnitude = 1.021924 ;

     MaxPower = 600 ;

     MinPower = 0 ;

     CostModel = 1 ;

     StartupCost = 0 ;

     PowerCostCoeffs = 0, 1, 0 ;

     LinearTerm = 1 ;

     MinUpTime = 1 ;

     MinDownTime = 1 ;

     InitUpDownTime = 1 ;

     InertiaCommitment = 1 ;
    } // group UnitBlock_147

  group: UnitBlock_148 {
    dimensions:
    	NumberCostCoeffs = 3 ;
    variables:
    	double InitialPower ;
    	double InitialReactivePower ;
    	double MaxReactivePower(TimeHorizon) ;
    	double MinReactivePower(TimeHorizon) ;
    	double VoltageMagnitude(TimeHorizon) ;
    	double MaxPower(TimeHorizon) ;
    	double MinPower(TimeHorizon) ;
    	uint CostModel ;
    	double StartupCost ;
    	double PowerCostCoeffs(NumberCostCoeffs) ;
    	double LinearTerm ;
    	double MinUpTime ;
    	double MinDownTime ;
    	double InitUpDownTime ;
    	double InertiaCommitment ;

    // group attributes:
    		:type = "ThermalUnitBlock" ;
    data:

     InitialPower = 0 ;

     InitialReactivePower = 8.27 ;

     MaxReactivePower = 38.28 ;

     MinReactivePower = -11.5 ;

     VoltageMagnitude = 1.032061 ;

     MaxPower = 100 ;

     MinPower = 0 ;

     CostModel = 1 ;

     StartupCost = 0 ;

     PowerCostCoeffs = 0, 1, 0 ;

     LinearTerm = 1 ;

     MinUpTime = 1 ;

     MinDownTime = 1 ;

     InitUpDownTime = 1 ;

     InertiaCommitment = 1 ;
    } // group UnitBlock_148

  group: UnitBlock_149 {
    dimensions:
    	NumberCostCoeffs = 3 ;
    variables:
    	double InitialPower ;
    	double InitialReactivePower ;
    	double MaxReactivePower(TimeHorizon) ;
    	double MinReactivePower(TimeHorizon) ;
    	double VoltageMagnitude(TimeHorizon) ;
    	double MaxPower(TimeHorizon) ;
    	double MinPower(TimeHorizon) ;
    	uint CostModel ;
    	double StartupCost ;
    	double PowerCostCoeffs(NumberCostCoeffs) ;
    	double LinearTerm ;
    	double MinUpTime ;
    	double MinDownTime ;
    	double InitUpDownTime ;
    	double InertiaCommitment ;

    // group attributes:
    		:type = "ThermalUnitBlock" ;
    data:

     InitialPower = 75.6 ;

     InitialReactivePower = -5.04 ;

     MaxReactivePower = 56.35 ;

     MinReactivePower = -18.42 ;

     VoltageMagnitude = 1.055539 ;

     MaxPower = 120 ;

     MinPower = 0 ;

     CostModel = 1 ;

     StartupCost = 0 ;

     PowerCostCoeffs = 0, 1, 0 ;

     LinearTerm = 1 ;

     MinUpTime = 1 ;

     MinDownTime = 1 ;

     InitUpDownTime = 1 ;

     InertiaCommitment = 1 ;
    } // group UnitBlock_149

  group: UnitBlock_150 {
    dimensions:
    	NumberCostCoeffs = 3 ;
    variables:
    	double InitialPower ;
    	double InitialReactivePower ;
    	double MaxReactivePower(TimeHorizon) ;
    	double MinReactivePower(TimeHorizon) ;
    	double VoltageMagnitude(TimeHorizon) ;
    	double MaxPower(TimeHorizon) ;
    	double MinPower(TimeHorizon) ;
    	uint CostModel ;
    	double StartupCost ;
    	double PowerCostCoeffs(NumberCostCoeffs) ;
    	double LinearTerm ;
    	double MinUpTime ;
    	double MinDownTime ;
    	double InitUpDownTime ;
    	double InertiaCommitment ;

    // group attributes:
    		:type = "ThermalUnitBlock" ;
    data:

     InitialPower = 1713.6 ;

     InitialReactivePower = 139.22 ;

     MaxReactivePower = 882.86 ;

     MinReactivePower = -343.24 ;

     VoltageMagnitude = 1.035201 ;

     MaxPower = 2000 ;

     MinPower = 666.67 ;

     CostModel = 1 ;

     StartupCost = 0 ;

     PowerCostCoeffs = 0, 1, 0 ;

     LinearTerm = 1 ;

     MinUpTime = 1 ;

     MinDownTime = 1 ;

     InitUpDownTime = 1 ;

     InertiaCommitment = 1 ;
    } // group UnitBlock_150

  group: UnitBlock_151 {
    dimensions:
    	NumberCostCoeffs = 3 ;
    variables:
    	double InitialPower ;
    	double InitialReactivePower ;
    	double MaxReactivePower(TimeHorizon) ;
    	double MinReactivePower(TimeHorizon) ;
    	double VoltageMagnitude(TimeHorizon) ;
    	double MaxPower(TimeHorizon) ;
    	double MinPower(TimeHorizon) ;
    	uint CostModel ;
    	double StartupCost ;
    	double PowerCostCoeffs(NumberCostCoeffs) ;
    	double LinearTerm ;
    	double MinUpTime ;
    	double MinDownTime ;
    	double InitUpDownTime ;
    	double InertiaCommitment ;

    // group attributes:
    		:type = "ThermalUnitBlock" ;
    data:

     InitialPower = 106.8 ;

     InitialReactivePower = 10.9 ;

     MaxReactivePower = 75.02 ;

     MinReactivePower = -24.74 ;

     VoltageMagnitude = 1.052719 ;

     MaxPower = 160 ;

     MinPower = 0 ;

     CostModel = 1 ;

     StartupCost = 0 ;

     PowerCostCoeffs = 0, 1, 0 ;

     LinearTerm = 1 ;

     MinUpTime = 1 ;

     MinDownTime = 1 ;

     InitUpDownTime = 1 ;

     InertiaCommitment = 1 ;
    } // group UnitBlock_151

  group: UnitBlock_152 {
    dimensions:
    	NumberCostCoeffs = 3 ;
    variables:
    	double InitialPower ;
    	double InitialReactivePower ;
    	double MaxReactivePower(TimeHorizon) ;
    	double MinReactivePower(TimeHorizon) ;
    	double VoltageMagnitude(TimeHorizon) ;
    	double MaxPower(TimeHorizon) ;
    	double MinPower(TimeHorizon) ;
    	uint CostModel ;
    	double StartupCost ;
    	double PowerCostCoeffs(NumberCostCoeffs) ;
    	double LinearTerm ;
    	double MinUpTime ;
    	double MinDownTime ;
    	double InitUpDownTime ;
    	double InertiaCommitment ;

    // group attributes:
    		:type = "ThermalUnitBlock" ;
    data:

     InitialPower = 119.4 ;

     InitialReactivePower = -0.06 ;

     MaxReactivePower = 51.3 ;

     MinReactivePower = -23.49 ;

     VoltageMagnitude = 1.042037 ;

     MaxPower = 120 ;

     MinPower = 0 ;

     CostModel = 1 ;

     StartupCost = 0 ;

     PowerCostCoeffs = 0, 1, 0 ;

     LinearTerm = 1 ;

     MinUpTime = 1 ;

     MinDownTime = 1 ;

     InitUpDownTime = 1 ;

     InertiaCommitment = 1 ;
    } // group UnitBlock_152

  group: UnitBlock_153 {
    dimensions:
    	NumberCostCoeffs = 3 ;
    variables:
    	double InitialPower ;
    	double InitialReactivePower ;
    	double MaxReactivePower(TimeHorizon) ;
    	double MinReactivePower(TimeHorizon) ;
    	double VoltageMagnitude(TimeHorizon) ;
    	double MaxPower(TimeHorizon) ;
    	double MinPower(TimeHorizon) ;
    	uint CostModel ;
    	double StartupCost ;
    	double PowerCostCoeffs(NumberCostCoeffs) ;
    	double LinearTerm ;
    	double MinUpTime ;
    	double MinDownTime ;
    	double InitUpDownTime ;
    	double InertiaCommitment ;

    // group attributes:
    		:type = "ThermalUnitBlock" ;
    data:

     InitialPower = 0 ;

     InitialReactivePower = 11.05 ;

     MaxReactivePower = 36.37 ;

     MinReactivePower = -13.43 ;

     VoltageMagnitude = 1.054941 ;

     MaxPower = 100 ;

     MinPower = 0 ;

     CostModel = 1 ;

     StartupCost = 0 ;

     PowerCostCoeffs = 0, 1, 0 ;

     LinearTerm = 1 ;

     MinUpTime = 1 ;

     MinDownTime = 1 ;

     InitUpDownTime = 1 ;

     InertiaCommitment = 1 ;
    } // group UnitBlock_153

  group: UnitBlock_154 {
    dimensions:
    	NumberCostCoeffs = 3 ;
    variables:
    	double InitialPower ;
    	double InitialReactivePower ;
    	double MaxReactivePower(TimeHorizon) ;
    	double MinReactivePower(TimeHorizon) ;
    	double VoltageMagnitude(TimeHorizon) ;
    	double MaxPower(TimeHorizon) ;
    	double MinPower(TimeHorizon) ;
    	uint CostModel ;
    	double StartupCost ;
    	double PowerCostCoeffs(NumberCostCoeffs) ;
    	double LinearTerm ;
    	double MinUpTime ;
    	double MinDownTime ;
    	double InitUpDownTime ;
    	double InertiaCommitment ;

    // group attributes:
    		:type = "ThermalUnitBlock" ;
    data:

     InitialPower = 19.59 ;

     InitialReactivePower = 1.13 ;

     MaxReactivePower = 18.14 ;

     MinReactivePower = -6.75 ;

     VoltageMagnitude = 1.061754 ;

     MaxPower = 40 ;

     MinPower = 0 ;

     CostModel = 1 ;

     StartupCost = 0 ;

     PowerCostCoeffs = 0, 1, 0 ;

     LinearTerm = 1 ;

     MinUpTime = 1 ;

     MinDownTime = 1 ;

     InitUpDownTime = 1 ;

     InertiaCommitment = 1 ;
    } // group UnitBlock_154

  group: UnitBlock_155 {
    dimensions:
    	NumberCostCoeffs = 3 ;
    variables:
    	double InitialPower ;
    	double InitialReactivePower ;
    	double MaxReactivePower(TimeHorizon) ;
    	double MinReactivePower(TimeHorizon) ;
    	double VoltageMagnitude(TimeHorizon) ;
    	double MaxPower(TimeHorizon) ;
    	double MinPower(TimeHorizon) ;
    	uint CostModel ;
    	double StartupCost ;
    	double PowerCostCoeffs(NumberCostCoeffs) ;
    	double LinearTerm ;
    	double MinUpTime ;
    	double MinDownTime ;
    	double InitUpDownTime ;
    	double InertiaCommitment ;

    // group attributes:
    		:type = "ThermalUnitBlock" ;
    data:

     InitialPower = 1250.6 ;

     InitialReactivePower = 358.22 ;

     MaxReactivePower = 926.47 ;

     MinReactivePower = -297.63 ;

     VoltageMagnitude = 1.107976 ;

     MaxPower = 2000 ;

     MinPower = 666.67 ;

     CostModel = 1 ;

     StartupCost = 0 ;

     PowerCostCoeffs = 0, 1, 0 ;

     LinearTerm = 1 ;

     MinUpTime = 1 ;

     MinDownTime = 1 ;

     InitUpDownTime = 1 ;

     InertiaCommitment = 1 ;
    } // group UnitBlock_155

  group: UnitBlock_156 {
    dimensions:
    	NumberCostCoeffs = 3 ;
    variables:
    	double InitialPower ;
    	double InitialReactivePower ;
    	double MaxReactivePower(TimeHorizon) ;
    	double MinReactivePower(TimeHorizon) ;
    	double VoltageMagnitude(TimeHorizon) ;
    	double MaxPower(TimeHorizon) ;
    	double MinPower(TimeHorizon) ;
    	uint CostModel ;
    	double StartupCost ;
    	double PowerCostCoeffs(NumberCostCoeffs) ;
    	double LinearTerm ;
    	double MinUpTime ;
    	double MinDownTime ;
    	double InitUpDownTime ;
    	double InertiaCommitment ;

    // group attributes:
    		:type = "ThermalUnitBlock" ;
    data:

     InitialPower = 0 ;

     InitialReactivePower = 3.01 ;

     MaxReactivePower = 58.06 ;

     MinReactivePower = -16.66 ;

     VoltageMagnitude = 1.048137 ;

     MaxPower = 100 ;

     MinPower = 0 ;

     CostModel = 1 ;

     StartupCost = 0 ;

     PowerCostCoeffs = 0, 1, 0 ;

     LinearTerm = 1 ;

     MinUpTime = 1 ;

     MinDownTime = 1 ;

     InitUpDownTime = 1 ;

     InertiaCommitment = 1 ;
    } // group UnitBlock_156

  group: UnitBlock_157 {
    dimensions:
    	NumberCostCoeffs = 3 ;
    variables:
    	double InitialPower ;
    	double InitialReactivePower ;
    	double MaxReactivePower(TimeHorizon) ;
    	double MinReactivePower(TimeHorizon) ;
    	double VoltageMagnitude(TimeHorizon) ;
    	double MaxPower(TimeHorizon) ;
    	double MinPower(TimeHorizon) ;
    	uint CostModel ;
    	double StartupCost ;
    	double PowerCostCoeffs(NumberCostCoeffs) ;
    	double LinearTerm ;
    	double MinUpTime ;
    	double MinDownTime ;
    	double InitUpDownTime ;
    	double InertiaCommitment ;

    // group attributes:
    		:type = "ThermalUnitBlock" ;
    data:

     InitialPower = 43.4 ;

     InitialReactivePower = 10.92 ;

     MaxReactivePower = 38.26 ;

     MinReactivePower = -11.55 ;

     VoltageMagnitude = 1.06213 ;

     MaxPower = 80 ;

     MinPower = 0 ;

     CostModel = 1 ;

     StartupCost = 0 ;

     PowerCostCoeffs = 0, 1, 0 ;

     LinearTerm = 1 ;

     MinUpTime = 1 ;

     MinDownTime = 1 ;

     InitUpDownTime = 1 ;

     InertiaCommitment = 1 ;
    } // group UnitBlock_157

  group: UnitBlock_158 {
    dimensions:
    	NumberCostCoeffs = 3 ;
    variables:
    	double InitialPower ;
    	double InitialReactivePower ;
    	double MaxReactivePower(TimeHorizon) ;
    	double MinReactivePower(TimeHorizon) ;
    	double VoltageMagnitude(TimeHorizon) ;
    	double MaxPower(TimeHorizon) ;
    	double MinPower(TimeHorizon) ;
    	uint CostModel ;
    	double StartupCost ;
    	double PowerCostCoeffs(NumberCostCoeffs) ;
    	double LinearTerm ;
    	double MinUpTime ;
    	double MinDownTime ;
    	double InitUpDownTime ;
    	double InertiaCommitment ;

    // group attributes:
    		:type = "ThermalUnitBlock" ;
    data:

     InitialPower = 1368.6 ;

     InitialReactivePower = 146.68 ;

     MaxReactivePower = 920.31 ;

     MinReactivePower = -305.64 ;

     VoltageMagnitude = 1.063711 ;

     MaxPower = 2000 ;

     MinPower = 666.67 ;

     CostModel = 1 ;

     StartupCost = 0 ;

     PowerCostCoeffs = 0, 1, 0 ;

     LinearTerm = 1 ;

     MinUpTime = 1 ;

     MinDownTime = 1 ;

     InitUpDownTime = 1 ;

     InertiaCommitment = 1 ;
    } // group UnitBlock_158

  group: UnitBlock_159 {
    dimensions:
    	NumberCostCoeffs = 3 ;
    variables:
    	double InitialPower ;
    	double InitialReactivePower ;
    	double MaxReactivePower(TimeHorizon) ;
    	double MinReactivePower(TimeHorizon) ;
    	double VoltageMagnitude(TimeHorizon) ;
    	double MaxPower(TimeHorizon) ;
    	double MinPower(TimeHorizon) ;
    	uint CostModel ;
    	double StartupCost ;
    	double PowerCostCoeffs(NumberCostCoeffs) ;
    	double LinearTerm ;
    	double MinUpTime ;
    	double MinDownTime ;
    	double InitUpDownTime ;
    	double InertiaCommitment ;

    // group attributes:
    		:type = "ThermalUnitBlock" ;
    data:

     InitialPower = 56.8 ;

     InitialReactivePower = -22.21 ;

     MaxReactivePower = 101.32 ;

     MinReactivePower = -48.12 ;

     VoltageMagnitude = 1.044486 ;

     MaxPower = 249.06 ;

     MinPower = 0 ;

     CostModel = 1 ;

     StartupCost = 0 ;

     PowerCostCoeffs = 0, 1, 0 ;

     LinearTerm = 1 ;

     MinUpTime = 1 ;

     MinDownTime = 1 ;

     InitUpDownTime = 1 ;

     InertiaCommitment = 1 ;
    } // group UnitBlock_159

  group: UnitBlock_160 {
    dimensions:
    	NumberCostCoeffs = 3 ;
    variables:
    	double InitialPower ;
    	double InitialReactivePower ;
    	double MaxReactivePower(TimeHorizon) ;
    	double MinReactivePower(TimeHorizon) ;
    	double VoltageMagnitude(TimeHorizon) ;
    	double MaxPower(TimeHorizon) ;
    	double MinPower(TimeHorizon) ;
    	uint CostModel ;
    	double StartupCost ;
    	double PowerCostCoeffs(NumberCostCoeffs) ;
    	double LinearTerm ;
    	double MinUpTime ;
    	double MinDownTime ;
    	double InitUpDownTime ;
    	double InertiaCommitment ;

    // group attributes:
    		:type = "ThermalUnitBlock" ;
    data:

     InitialPower = 861.3 ;

     InitialReactivePower = 119.59 ;

     MaxReactivePower = 441.04 ;

     MinReactivePower = -172.05 ;

     VoltageMagnitude = 1.059636 ;

     MaxPower = 1000 ;

     MinPower = 333.33 ;

     CostModel = 1 ;

     StartupCost = 0 ;

     PowerCostCoeffs = 0, 1, 0 ;

     LinearTerm = 1 ;

     MinUpTime = 1 ;

     MinDownTime = 1 ;

     InitUpDownTime = 1 ;

     InertiaCommitment = 1 ;
    } // group UnitBlock_160

  group: UnitBlock_161 {
    dimensions:
    	NumberCostCoeffs = 3 ;
    variables:
    	double InitialPower ;
    	double InitialReactivePower ;
    	double MaxReactivePower(TimeHorizon) ;
    	double MinReactivePower(TimeHorizon) ;
    	double VoltageMagnitude(TimeHorizon) ;
    	double MaxPower(TimeHorizon) ;
    	double MinPower(TimeHorizon) ;
    	uint CostModel ;
    	double StartupCost ;
    	double PowerCostCoeffs(NumberCostCoeffs) ;
    	double LinearTerm ;
    	double MinUpTime ;
    	double MinDownTime ;
    	double InitUpDownTime ;
    	double InertiaCommitment ;

    // group attributes:
    		:type = "ThermalUnitBlock" ;
    data:

     InitialPower = 0 ;

     InitialReactivePower = 14.63 ;

     MaxReactivePower = 37.49 ;

     MinReactivePower = -12.33 ;

     VoltageMagnitude = 1.041881 ;

     MaxPower = 100 ;

     MinPower = 0 ;

     CostModel = 1 ;

     StartupCost = 0 ;

     PowerCostCoeffs = 0, 1, 0 ;

     LinearTerm = 1 ;

     MinUpTime = 1 ;

     MinDownTime = 1 ;

     InitUpDownTime = 1 ;

     InertiaCommitment = 1 ;
    } // group UnitBlock_161

  group: UnitBlock_162 {
    dimensions:
    	NumberCostCoeffs = 3 ;
    variables:
    	double InitialPower ;
    	double InitialReactivePower ;
    	double MaxReactivePower(TimeHorizon) ;
    	double MinReactivePower(TimeHorizon) ;
    	double VoltageMagnitude(TimeHorizon) ;
    	double MaxPower(TimeHorizon) ;
    	double MinPower(TimeHorizon) ;
    	uint CostModel ;
    	double StartupCost ;
    	double PowerCostCoeffs(NumberCostCoeffs) ;
    	double LinearTerm ;
    	double MinUpTime ;
    	double MinDownTime ;
    	double InitUpDownTime ;
    	double InertiaCommitment ;

    // group attributes:
    		:type = "ThermalUnitBlock" ;
    data:

     InitialPower = 3424.8 ;

     InitialReactivePower = 295.7 ;

     MaxReactivePower = 1765.36 ;

     MinReactivePower = -686.67 ;

     VoltageMagnitude = 1.068845 ;

     MaxPower = 4000 ;

     MinPower = 1333.33 ;

     CostModel = 1 ;

     StartupCost = 0 ;

     PowerCostCoeffs = 0, 1, 0 ;

     LinearTerm = 1 ;

     MinUpTime = 1 ;

     MinDownTime = 1 ;

     InitUpDownTime = 1 ;

     InertiaCommitment = 1 ;
    } // group UnitBlock_162

  group: UnitBlock_163 {
    dimensions:
    	NumberCostCoeffs = 3 ;
    variables:
    	double InitialPower ;
    	double InitialReactivePower ;
    	double MaxReactivePower(TimeHorizon) ;
    	double MinReactivePower(TimeHorizon) ;
    	double VoltageMagnitude(TimeHorizon) ;
    	double MaxPower(TimeHorizon) ;
    	double MinPower(TimeHorizon) ;
    	uint CostModel ;
    	double StartupCost ;
    	double PowerCostCoeffs(NumberCostCoeffs) ;
    	double LinearTerm ;
    	double MinUpTime ;
    	double MinDownTime ;
    	double InitUpDownTime ;
    	double InertiaCommitment ;

    // group attributes:
    		:type = "ThermalUnitBlock" ;
    data:

     InitialPower = 173 ;

     InitialReactivePower = 14.6 ;

     MaxReactivePower = 88.87 ;

     MinReactivePower = -35.71 ;

     VoltageMagnitude = 1.038212 ;

     MaxPower = 200 ;

     MinPower = 0 ;

     CostModel = 1 ;

     StartupCost = 0 ;

     PowerCostCoeffs = 0, 1, 0 ;

     LinearTerm = 1 ;

     MinUpTime = 1 ;

     MinDownTime = 1 ;

     InitUpDownTime = 1 ;

     InertiaCommitment = 1 ;
    } // group UnitBlock_163

  group: UnitBlock_164 {
    dimensions:
    	NumberCostCoeffs = 3 ;
    variables:
    	double InitialPower ;
    	double InitialReactivePower ;
    	double MaxReactivePower(TimeHorizon) ;
    	double MinReactivePower(TimeHorizon) ;
    	double VoltageMagnitude(TimeHorizon) ;
    	double MaxPower(TimeHorizon) ;
    	double MinPower(TimeHorizon) ;
    	uint CostModel ;
    	double StartupCost ;
    	double PowerCostCoeffs(NumberCostCoeffs) ;
    	double LinearTerm ;
    	double MinUpTime ;
    	double MinDownTime ;
    	double InitUpDownTime ;
    	double InertiaCommitment ;

    // group attributes:
    		:type = "ThermalUnitBlock" ;
    data:

     InitialPower = 21.5 ;

     InitialReactivePower = 1.97 ;

     MaxReactivePower = 19.16 ;

     MinReactivePower = -5.75 ;

     VoltageMagnitude = 1.05378 ;

     MaxPower = 40 ;

     MinPower = 0 ;

     CostModel = 1 ;

     StartupCost = 0 ;

     PowerCostCoeffs = 0, 1, 0 ;

     LinearTerm = 1 ;

     MinUpTime = 1 ;

     MinDownTime = 1 ;

     InitUpDownTime = 1 ;

     InertiaCommitment = 1 ;
    } // group UnitBlock_164

  group: UnitBlock_165 {
    dimensions:
    	NumberCostCoeffs = 3 ;
    variables:
    	double InitialPower ;
    	double InitialReactivePower ;
    	double MaxReactivePower(TimeHorizon) ;
    	double MinReactivePower(TimeHorizon) ;
    	double VoltageMagnitude(TimeHorizon) ;
    	double MaxPower(TimeHorizon) ;
    	double MinPower(TimeHorizon) ;
    	uint CostModel ;
    	double StartupCost ;
    	double PowerCostCoeffs(NumberCostCoeffs) ;
    	double LinearTerm ;
    	double MinUpTime ;
    	double MinDownTime ;
    	double InitUpDownTime ;
    	double InertiaCommitment ;

    // group attributes:
    		:type = "ThermalUnitBlock" ;
    data:

     InitialPower = 57.6 ;

     InitialReactivePower = 11.81 ;

     MaxReactivePower = 36.8 ;

     MinReactivePower = -12.99 ;

     VoltageMagnitude = 1.04123 ;

     MaxPower = 80 ;

     MinPower = 0 ;

     CostModel = 1 ;

     StartupCost = 0 ;

     PowerCostCoeffs = 0, 1, 0 ;

     LinearTerm = 1 ;

     MinUpTime = 1 ;

     MinDownTime = 1 ;

     InitUpDownTime = 1 ;

     InertiaCommitment = 1 ;
    } // group UnitBlock_165

  group: UnitBlock_166 {
    dimensions:
    	NumberCostCoeffs = 3 ;
    variables:
    	double InitialPower ;
    	double InitialReactivePower ;
    	double MaxReactivePower(TimeHorizon) ;
    	double MinReactivePower(TimeHorizon) ;
    	double VoltageMagnitude(TimeHorizon) ;
    	double MaxPower(TimeHorizon) ;
    	double MinPower(TimeHorizon) ;
    	uint CostModel ;
    	double StartupCost ;
    	double PowerCostCoeffs(NumberCostCoeffs) ;
    	double LinearTerm ;
    	double MinUpTime ;
    	double MinDownTime ;
    	double InitUpDownTime ;
    	double InertiaCommitment ;

    // group attributes:
    		:type = "ThermalUnitBlock" ;
    data:

     InitialPower = 229.8 ;

     InitialReactivePower = 77.84 ;

     MaxReactivePower = 103.18 ;

     MinReactivePower = -46.25 ;

     VoltageMagnitude = 1.017689 ;

     MaxPower = 240 ;

     MinPower = 0 ;

     CostModel = 1 ;

     StartupCost = 0 ;

     PowerCostCoeffs = 0, 1, 0 ;

     LinearTerm = 1 ;

     MinUpTime = 1 ;

     MinDownTime = 1 ;

     InitUpDownTime = 1 ;

     InertiaCommitment = 1 ;
    } // group UnitBlock_166

  group: UnitBlock_167 {
    dimensions:
    	NumberCostCoeffs = 3 ;
    variables:
    	double InitialPower ;
    	double InitialReactivePower ;
    	double MaxReactivePower(TimeHorizon) ;
    	double MinReactivePower(TimeHorizon) ;
    	double VoltageMagnitude(TimeHorizon) ;
    	double MaxPower(TimeHorizon) ;
    	double MinPower(TimeHorizon) ;
    	uint CostModel ;
    	double StartupCost ;
    	double PowerCostCoeffs(NumberCostCoeffs) ;
    	double LinearTerm ;
    	double MinUpTime ;
    	double MinDownTime ;
    	double InitUpDownTime ;
    	double InertiaCommitment ;

    // group attributes:
    		:type = "ThermalUnitBlock" ;
    data:

     InitialPower = 128 ;

     InitialReactivePower = 14.87 ;

     MaxReactivePower = 72.71 ;

     MinReactivePower = -27.05 ;

     VoltageMagnitude = 1.070507 ;

     MaxPower = 160 ;

     MinPower = 0 ;

     CostModel = 1 ;

     StartupCost = 0 ;

     PowerCostCoeffs = 0, 1, 0 ;

     LinearTerm = 1 ;

     MinUpTime = 1 ;

     MinDownTime = 1 ;

     InitUpDownTime = 1 ;

     InertiaCommitment = 1 ;
    } // group UnitBlock_167

  group: UnitBlock_168 {
    dimensions:
    	NumberCostCoeffs = 3 ;
    variables:
    	double InitialPower ;
    	double InitialReactivePower ;
    	double MaxReactivePower(TimeHorizon) ;
    	double MinReactivePower(TimeHorizon) ;
    	double VoltageMagnitude(TimeHorizon) ;
    	double MaxPower(TimeHorizon) ;
    	double MinPower(TimeHorizon) ;
    	uint CostModel ;
    	double StartupCost ;
    	double PowerCostCoeffs(NumberCostCoeffs) ;
    	double LinearTerm ;
    	double MinUpTime ;
    	double MinDownTime ;
    	double InitUpDownTime ;
    	double InertiaCommitment ;

    // group attributes:
    		:type = "ThermalUnitBlock" ;
    data:

     InitialPower = 837 ;

     InitialReactivePower = 75.6 ;

     MaxReactivePower = 550.69 ;

     MinReactivePower = -185.15 ;

     VoltageMagnitude = 1.027078 ;

     MaxPower = 1200 ;

     MinPower = 400 ;

     CostModel = 1 ;

     StartupCost = 0 ;

     PowerCostCoeffs = 0, 1, 0 ;

     LinearTerm = 1 ;

     MinUpTime = 1 ;

     MinDownTime = 1 ;

     InitUpDownTime = 1 ;

     InertiaCommitment = 1 ;
    } // group UnitBlock_168

  group: UnitBlock_169 {
    dimensions:
    	NumberCostCoeffs = 3 ;
    variables:
    	double InitialPower ;
    	double InitialReactivePower ;
    	double MaxReactivePower(TimeHorizon) ;
    	double MinReactivePower(TimeHorizon) ;
    	double VoltageMagnitude(TimeHorizon) ;
    	double MaxPower(TimeHorizon) ;
    	double MinPower(TimeHorizon) ;
    	uint CostModel ;
    	double StartupCost ;
    	double PowerCostCoeffs(NumberCostCoeffs) ;
    	double LinearTerm ;
    	double MinUpTime ;
    	double MinDownTime ;
    	double InitUpDownTime ;
    	double InertiaCommitment ;

    // group attributes:
    		:type = "ThermalUnitBlock" ;
    data:

     InitialPower = 1102.83 ;

     InitialReactivePower = 396.26 ;

     MaxReactivePower = 779.29 ;

     MinReactivePower = -324.79 ;

     VoltageMagnitude = 1.0396 ;

     MaxPower = 1800 ;

     MinPower = 600 ;

     CostModel = 1 ;

     StartupCost = 0 ;

     PowerCostCoeffs = 0, 1, 0 ;

     LinearTerm = 1 ;

     MinUpTime = 1 ;

     MinDownTime = 1 ;

     InitUpDownTime = 1 ;

     InertiaCommitment = 1 ;
    } // group UnitBlock_169

  group: UnitBlock_170 {
    dimensions:
    	NumberCostCoeffs = 3 ;
    variables:
    	double InitialPower ;
    	double InitialReactivePower ;
    	double MaxReactivePower(TimeHorizon) ;
    	double MinReactivePower(TimeHorizon) ;
    	double VoltageMagnitude(TimeHorizon) ;
    	double MaxPower(TimeHorizon) ;
    	double MinPower(TimeHorizon) ;
    	uint CostModel ;
    	double StartupCost ;
    	double PowerCostCoeffs(NumberCostCoeffs) ;
    	double LinearTerm ;
    	double MinUpTime ;
    	double MinDownTime ;
    	double InitUpDownTime ;
    	double InertiaCommitment ;

    // group attributes:
    		:type = "ThermalUnitBlock" ;
    data:

     InitialPower = 181.2 ;

     InitialReactivePower = 41.72 ;

     MaxReactivePower = 196.98 ;

     MinReactivePower = -77.17 ;

     VoltageMagnitude = 1.044051 ;

     MaxPower = 440 ;

     MinPower = 146.67 ;

     CostModel = 1 ;

     StartupCost = 0 ;

     PowerCostCoeffs = 0, 1, 0 ;

     LinearTerm = 1 ;

     MinUpTime = 1 ;

     MinDownTime = 1 ;

     InitUpDownTime = 1 ;

     InertiaCommitment = 1 ;
    } // group UnitBlock_170

  group: UnitBlock_171 {
    dimensions:
    	NumberCostCoeffs = 3 ;
    variables:
    	double InitialPower ;
    	double InitialReactivePower ;
    	double MaxReactivePower(TimeHorizon) ;
    	double MinReactivePower(TimeHorizon) ;
    	double VoltageMagnitude(TimeHorizon) ;
    	double MaxPower(TimeHorizon) ;
    	double MinPower(TimeHorizon) ;
    	uint CostModel ;
    	double StartupCost ;
    	double PowerCostCoeffs(NumberCostCoeffs) ;
    	double LinearTerm ;
    	double MinUpTime ;
    	double MinDownTime ;
    	double InitUpDownTime ;
    	double InertiaCommitment ;

    // group attributes:
    		:type = "ThermalUnitBlock" ;
    data:

     InitialPower = 305.7 ;

     InitialReactivePower = 19.99 ;

     MaxReactivePower = 214.13 ;

     MinReactivePower = -85 ;

     VoltageMagnitude = 1.038417 ;

     MaxPower = 480 ;

     MinPower = 160 ;

     CostModel = 1 ;

     StartupCost = 0 ;

     PowerCostCoeffs = 0, 1, 0 ;

     LinearTerm = 1 ;

     MinUpTime = 1 ;

     MinDownTime = 1 ;

     InitUpDownTime = 1 ;

     InertiaCommitment = 1 ;
    } // group UnitBlock_171

  group: UnitBlock_172 {
    dimensions:
    	NumberCostCoeffs = 3 ;
    variables:
    	double InitialPower ;
    	double InitialReactivePower ;
    	double MaxReactivePower(TimeHorizon) ;
    	double MinReactivePower(TimeHorizon) ;
    	double VoltageMagnitude(TimeHorizon) ;
    	double MaxPower(TimeHorizon) ;
    	double MinPower(TimeHorizon) ;
    	uint CostModel ;
    	double StartupCost ;
    	double PowerCostCoeffs(NumberCostCoeffs) ;
    	double LinearTerm ;
    	double MinUpTime ;
    	double MinDownTime ;
    	double InitUpDownTime ;
    	double InertiaCommitment ;

    // group attributes:
    		:type = "ThermalUnitBlock" ;
    data:

     InitialPower = 60 ;

     InitialReactivePower = 7.13 ;

     MaxReactivePower = 36.72 ;

     MinReactivePower = -13.13 ;

     VoltageMagnitude = 1.065605 ;

     MaxPower = 80 ;

     MinPower = 0 ;

     CostModel = 1 ;

     StartupCost = 0 ;

     PowerCostCoeffs = 0, 1, 0 ;

     LinearTerm = 1 ;

     MinUpTime = 1 ;

     MinDownTime = 1 ;

     InitUpDownTime = 1 ;

     InertiaCommitment = 1 ;
    } // group UnitBlock_172

  group: UnitBlock_173 {
    dimensions:
    	NumberCostCoeffs = 3 ;
    variables:
    	double InitialPower ;
    	double InitialReactivePower ;
    	double MaxReactivePower(TimeHorizon) ;
    	double MinReactivePower(TimeHorizon) ;
    	double VoltageMagnitude(TimeHorizon) ;
    	double MaxPower(TimeHorizon) ;
    	double MinPower(TimeHorizon) ;
    	uint CostModel ;
    	double StartupCost ;
    	double PowerCostCoeffs(NumberCostCoeffs) ;
    	double LinearTerm ;
    	double MinUpTime ;
    	double MinDownTime ;
    	double InitUpDownTime ;
    	double InertiaCommitment ;

    // group attributes:
    		:type = "ThermalUnitBlock" ;
    data:

     InitialPower = 0 ;

     InitialReactivePower = 4.51 ;

     MaxReactivePower = 17.21 ;

     MinReactivePower = -7.73 ;

     VoltageMagnitude = 1.030075 ;

     MaxPower = 100 ;

     MinPower = 0 ;

     CostModel = 1 ;

     StartupCost = 0 ;

     PowerCostCoeffs = 0, 1, 0 ;

     LinearTerm = 1 ;

     MinUpTime = 1 ;

     MinDownTime = 1 ;

     InitUpDownTime = 1 ;

     InertiaCommitment = 1 ;
    } // group UnitBlock_173

  group: UnitBlock_174 {
    dimensions:
    	NumberCostCoeffs = 3 ;
    variables:
    	double InitialPower ;
    	double InitialReactivePower ;
    	double MaxReactivePower(TimeHorizon) ;
    	double MinReactivePower(TimeHorizon) ;
    	double VoltageMagnitude(TimeHorizon) ;
    	double MaxPower(TimeHorizon) ;
    	double MinPower(TimeHorizon) ;
    	uint CostModel ;
    	double StartupCost ;
    	double PowerCostCoeffs(NumberCostCoeffs) ;
    	double LinearTerm ;
    	double MinUpTime ;
    	double MinDownTime ;
    	double InitUpDownTime ;
    	double InertiaCommitment ;

    // group attributes:
    		:type = "ThermalUnitBlock" ;
    data:

     InitialPower = 1221.2 ;

     InitialReactivePower = 370.23 ;

     MaxReactivePower = 934.54 ;

     MinReactivePower = -291.64 ;

     VoltageMagnitude = 1.070056 ;

     MaxPower = 2000 ;

     MinPower = 666.67 ;

     CostModel = 1 ;

     StartupCost = 0 ;

     PowerCostCoeffs = 0, 1, 0 ;

     LinearTerm = 1 ;

     MinUpTime = 1 ;

     MinDownTime = 1 ;

     InitUpDownTime = 1 ;

     InertiaCommitment = 1 ;
    } // group UnitBlock_174

  group: UnitBlock_175 {
    dimensions:
    	NumberCostCoeffs = 3 ;
    variables:
    	double InitialPower ;
    	double InitialReactivePower ;
    	double MaxReactivePower(TimeHorizon) ;
    	double MinReactivePower(TimeHorizon) ;
    	double VoltageMagnitude(TimeHorizon) ;
    	double MaxPower(TimeHorizon) ;
    	double MinPower(TimeHorizon) ;
    	uint CostModel ;
    	double StartupCost ;
    	double PowerCostCoeffs(NumberCostCoeffs) ;
    	double LinearTerm ;
    	double MinUpTime ;
    	double MinDownTime ;
    	double InitUpDownTime ;
    	double InertiaCommitment ;

    // group attributes:
    		:type = "ThermalUnitBlock" ;
    data:

     InitialPower = 0 ;

     InitialReactivePower = 3.55 ;

     MaxReactivePower = 37.27 ;

     MinReactivePower = -12.59 ;

     VoltageMagnitude = 1.066029 ;

     MaxPower = 100 ;

     MinPower = 0 ;

     CostModel = 1 ;

     StartupCost = 0 ;

     PowerCostCoeffs = 0, 1, 0 ;

     LinearTerm = 1 ;

     MinUpTime = 1 ;

     MinDownTime = 1 ;

     InitUpDownTime = 1 ;

     InertiaCommitment = 1 ;
    } // group UnitBlock_175

  group: UnitBlock_176 {
    dimensions:
    	NumberCostCoeffs = 3 ;
    variables:
    	double InitialPower ;
    	double InitialReactivePower ;
    	double MaxReactivePower(TimeHorizon) ;
    	double MinReactivePower(TimeHorizon) ;
    	double VoltageMagnitude(TimeHorizon) ;
    	double MaxPower(TimeHorizon) ;
    	double MinPower(TimeHorizon) ;
    	uint CostModel ;
    	double StartupCost ;
    	double PowerCostCoeffs(NumberCostCoeffs) ;
    	double LinearTerm ;
    	double MinUpTime ;
    	double MinDownTime ;
    	double InitUpDownTime ;
    	double InertiaCommitment ;

    // group attributes:
    		:type = "ThermalUnitBlock" ;
    data:

     InitialPower = 0 ;

     InitialReactivePower = -16.58 ;

     MaxReactivePower = 60.51 ;

     MinReactivePower = -61.08 ;

     VoltageMagnitude = 1.029184 ;

     MaxPower = 100 ;

     MinPower = 0 ;

     CostModel = 1 ;

     StartupCost = 0 ;

     PowerCostCoeffs = 0, 1, 0 ;

     LinearTerm = 1 ;

     MinUpTime = 1 ;

     MinDownTime = 1 ;

     InitUpDownTime = 1 ;

     InertiaCommitment = 1 ;
    } // group UnitBlock_176

  group: UnitBlock_177 {
    dimensions:
    	NumberCostCoeffs = 3 ;
    variables:
    	double InitialPower ;
    	double InitialReactivePower ;
    	double MaxReactivePower(TimeHorizon) ;
    	double MinReactivePower(TimeHorizon) ;
    	double VoltageMagnitude(TimeHorizon) ;
    	double MaxPower(TimeHorizon) ;
    	double MinPower(TimeHorizon) ;
    	uint CostModel ;
    	double StartupCost ;
    	double PowerCostCoeffs(NumberCostCoeffs) ;
    	double LinearTerm ;
    	double MinUpTime ;
    	double MinDownTime ;
    	double InitUpDownTime ;
    	double InertiaCommitment ;

    // group attributes:
    		:type = "ThermalUnitBlock" ;
    data:

     InitialPower = 820.2 ;

     InitialReactivePower = 300.86 ;

     MaxReactivePower = 390.4 ;

     MinReactivePower = -161.16 ;

     VoltageMagnitude = 1.043738 ;

     MaxPower = 900 ;

     MinPower = 300 ;

     CostModel = 1 ;

     StartupCost = 0 ;

     PowerCostCoeffs = 0, 1, 0 ;

     LinearTerm = 1 ;

     MinUpTime = 1 ;

     MinDownTime = 1 ;

     InitUpDownTime = 1 ;

     InertiaCommitment = 1 ;
    } // group UnitBlock_177

  group: UnitBlock_178 {
    dimensions:
    	NumberCostCoeffs = 3 ;
    variables:
    	double InitialPower ;
    	double InitialReactivePower ;
    	double MaxReactivePower(TimeHorizon) ;
    	double MinReactivePower(TimeHorizon) ;
    	double VoltageMagnitude(TimeHorizon) ;
    	double MaxPower(TimeHorizon) ;
    	double MinPower(TimeHorizon) ;
    	uint CostModel ;
    	double StartupCost ;
    	double PowerCostCoeffs(NumberCostCoeffs) ;
    	double LinearTerm ;
    	double MinUpTime ;
    	double MinDownTime ;
    	double InitUpDownTime ;
    	double InertiaCommitment ;

    // group attributes:
    		:type = "ThermalUnitBlock" ;
    data:

     InitialPower = 94.3 ;

     InitialReactivePower = -78.07 ;

     MaxReactivePower = 249.65 ;

     MinReactivePower = -261.82 ;

     VoltageMagnitude = 0.988112 ;

     MaxPower = 769.94 ;

     MinPower = 32.08 ;

     CostModel = 1 ;

     StartupCost = 0 ;

     PowerCostCoeffs = 0, 1, 0 ;

     LinearTerm = 1 ;

     MinUpTime = 1 ;

     MinDownTime = 1 ;

     InitUpDownTime = 1 ;

     InertiaCommitment = 1 ;
    } // group UnitBlock_178

  group: UnitBlock_179 {
    dimensions:
    	NumberCostCoeffs = 3 ;
    variables:
    	double InitialPower ;
    	double InitialReactivePower ;
    	double MaxReactivePower(TimeHorizon) ;
    	double MinReactivePower(TimeHorizon) ;
    	double VoltageMagnitude(TimeHorizon) ;
    	double MaxPower(TimeHorizon) ;
    	double MinPower(TimeHorizon) ;
    	uint CostModel ;
    	double StartupCost ;
    	double PowerCostCoeffs(NumberCostCoeffs) ;
    	double LinearTerm ;
    	double MinUpTime ;
    	double MinDownTime ;
    	double InitUpDownTime ;
    	double InertiaCommitment ;

    // group attributes:
    		:type = "ThermalUnitBlock" ;
    data:

     InitialPower = 26.3 ;

     InitialReactivePower = 0.4 ;

     MaxReactivePower = 19.86 ;

     MinReactivePower = -14.93 ;

     VoltageMagnitude = 1.040343 ;

     MaxPower = 53.76 ;

     MinPower = 0 ;

     CostModel = 1 ;

     StartupCost = 0 ;

     PowerCostCoeffs = 0, 1, 0 ;

     LinearTerm = 1 ;

     MinUpTime = 1 ;

     MinDownTime = 1 ;

     InitUpDownTime = 1 ;

     InertiaCommitment = 1 ;
    } // group UnitBlock_179

  group: UnitBlock_180 {
    dimensions:
    	NumberCostCoeffs = 3 ;
    variables:
    	double InitialPower ;
    	double InitialReactivePower ;
    	double MaxReactivePower(TimeHorizon) ;
    	double MinReactivePower(TimeHorizon) ;
    	double VoltageMagnitude(TimeHorizon) ;
    	double MaxPower(TimeHorizon) ;
    	double MinPower(TimeHorizon) ;
    	uint CostModel ;
    	double StartupCost ;
    	double PowerCostCoeffs(NumberCostCoeffs) ;
    	double LinearTerm ;
    	double MinUpTime ;
    	double MinDownTime ;
    	double InitUpDownTime ;
    	double InertiaCommitment ;

    // group attributes:
    		:type = "ThermalUnitBlock" ;
    data:

     InitialPower = 55.5 ;

     InitialReactivePower = 24.55 ;

     MaxReactivePower = 58.12 ;

     MinReactivePower = -16.6 ;

     VoltageMagnitude = 1.040598 ;

     MaxPower = 120 ;

     MinPower = 0 ;

     CostModel = 1 ;

     StartupCost = 0 ;

     PowerCostCoeffs = 0, 1, 0 ;

     LinearTerm = 1 ;

     MinUpTime = 1 ;

     MinDownTime = 1 ;

     InitUpDownTime = 1 ;

     InertiaCommitment = 1 ;
    } // group UnitBlock_180

  group: UnitBlock_181 {
    dimensions:
    	NumberCostCoeffs = 3 ;
    variables:
    	double InitialPower ;
    	double InitialReactivePower ;
    	double MaxReactivePower(TimeHorizon) ;
    	double MinReactivePower(TimeHorizon) ;
    	double VoltageMagnitude(TimeHorizon) ;
    	double MaxPower(TimeHorizon) ;
    	double MinPower(TimeHorizon) ;
    	uint CostModel ;
    	double StartupCost ;
    	double PowerCostCoeffs(NumberCostCoeffs) ;
    	double LinearTerm ;
    	double MinUpTime ;
    	double MinDownTime ;
    	double InitUpDownTime ;
    	double InertiaCommitment ;

    // group attributes:
    		:type = "ThermalUnitBlock" ;
    data:

     InitialPower = 48.8 ;

     InitialReactivePower = 5.01 ;

     MaxReactivePower = 37.76 ;

     MinReactivePower = -12.05 ;

     VoltageMagnitude = 1.052181 ;

     MaxPower = 80 ;

     MinPower = 0 ;

     CostModel = 1 ;

     StartupCost = 0 ;

     PowerCostCoeffs = 0, 1, 0 ;

     LinearTerm = 1 ;

     MinUpTime = 1 ;

     MinDownTime = 1 ;

     InitUpDownTime = 1 ;

     InertiaCommitment = 1 ;
    } // group UnitBlock_181

  group: UnitBlock_182 {
    dimensions:
    	NumberCostCoeffs = 3 ;
    variables:
    	double InitialPower ;
    	double InitialReactivePower ;
    	double MaxReactivePower(TimeHorizon) ;
    	double MinReactivePower(TimeHorizon) ;
    	double VoltageMagnitude(TimeHorizon) ;
    	double MaxPower(TimeHorizon) ;
    	double MinPower(TimeHorizon) ;
    	uint CostModel ;
    	double StartupCost ;
    	double PowerCostCoeffs(NumberCostCoeffs) ;
    	double LinearTerm ;
    	double MinUpTime ;
    	double MinDownTime ;
    	double InitUpDownTime ;
    	double InertiaCommitment ;

    // group attributes:
    		:type = "ThermalUnitBlock" ;
    data:

     InitialPower = 96 ;

     InitialReactivePower = -9.58 ;

     MaxReactivePower = 96.56 ;

     MinReactivePower = -27.95 ;

     VoltageMagnitude = 1.062214 ;

     MaxPower = 200 ;

     MinPower = 0 ;

     CostModel = 1 ;

     StartupCost = 0 ;

     PowerCostCoeffs = 0, 1, 0 ;

     LinearTerm = 1 ;

     MinUpTime = 1 ;

     MinDownTime = 1 ;

     InitUpDownTime = 1 ;

     InertiaCommitment = 1 ;
    } // group UnitBlock_182

  group: UnitBlock_183 {
    dimensions:
    	NumberCostCoeffs = 3 ;
    variables:
    	double InitialPower ;
    	double InitialReactivePower ;
    	double MaxReactivePower(TimeHorizon) ;
    	double MinReactivePower(TimeHorizon) ;
    	double VoltageMagnitude(TimeHorizon) ;
    	double MaxPower(TimeHorizon) ;
    	double MinPower(TimeHorizon) ;
    	uint CostModel ;
    	double StartupCost ;
    	double PowerCostCoeffs(NumberCostCoeffs) ;
    	double LinearTerm ;
    	double MinUpTime ;
    	double MinDownTime ;
    	double InitUpDownTime ;
    	double InertiaCommitment ;

    // group attributes:
    		:type = "ThermalUnitBlock" ;
    data:

     InitialPower = 22.08 ;

     InitialReactivePower = 14.99 ;

     MaxReactivePower = 38.29 ;

     MinReactivePower = -11.56 ;

     VoltageMagnitude = 1.064446 ;

     MaxPower = 80 ;

     MinPower = 0 ;

     CostModel = 1 ;

     StartupCost = 0 ;

     PowerCostCoeffs = 0, 1, 0 ;

     LinearTerm = 1 ;

     MinUpTime = 1 ;

     MinDownTime = 1 ;

     InitUpDownTime = 1 ;

     InertiaCommitment = 1 ;
    } // group UnitBlock_183

  group: UnitBlock_184 {
    dimensions:
    	NumberCostCoeffs = 3 ;
    variables:
    	double InitialPower ;
    	double InitialReactivePower ;
    	double MaxReactivePower(TimeHorizon) ;
    	double MinReactivePower(TimeHorizon) ;
    	double VoltageMagnitude(TimeHorizon) ;
    	double MaxPower(TimeHorizon) ;
    	double MinPower(TimeHorizon) ;
    	uint CostModel ;
    	double StartupCost ;
    	double PowerCostCoeffs(NumberCostCoeffs) ;
    	double LinearTerm ;
    	double MinUpTime ;
    	double MinDownTime ;
    	double InitUpDownTime ;
    	double InertiaCommitment ;

    // group attributes:
    		:type = "ThermalUnitBlock" ;
    data:

     InitialPower = 0 ;

     InitialReactivePower = 3 ;

     MaxReactivePower = 51.11 ;

     MinReactivePower = -23.46 ;

     VoltageMagnitude = 1.043835 ;

     MaxPower = 100 ;

     MinPower = 0 ;

     CostModel = 1 ;

     StartupCost = 0 ;

     PowerCostCoeffs = 0, 1, 0 ;

     LinearTerm = 1 ;

     MinUpTime = 1 ;

     MinDownTime = 1 ;

     InitUpDownTime = 1 ;

     InertiaCommitment = 1 ;
    } // group UnitBlock_184

  group: UnitBlock_185 {
    dimensions:
    	NumberCostCoeffs = 3 ;
    variables:
    	double InitialPower ;
    	double InitialReactivePower ;
    	double MaxReactivePower(TimeHorizon) ;
    	double MinReactivePower(TimeHorizon) ;
    	double VoltageMagnitude(TimeHorizon) ;
    	double MaxPower(TimeHorizon) ;
    	double MinPower(TimeHorizon) ;
    	uint CostModel ;
    	double StartupCost ;
    	double PowerCostCoeffs(NumberCostCoeffs) ;
    	double LinearTerm ;
    	double MinUpTime ;
    	double MinDownTime ;
    	double InitUpDownTime ;
    	double InertiaCommitment ;

    // group attributes:
    		:type = "ThermalUnitBlock" ;
    data:

     InitialPower = 0 ;

     InitialReactivePower = -23.17 ;

     MaxReactivePower = 148.65 ;

     MinReactivePower = -50.73 ;

     VoltageMagnitude = 1.046714 ;

     MaxPower = 100 ;

     MinPower = 0 ;

     CostModel = 1 ;

     StartupCost = 0 ;

     PowerCostCoeffs = 0, 1, 0 ;

     LinearTerm = 1 ;

     MinUpTime = 1 ;

     MinDownTime = 1 ;

     InitUpDownTime = 1 ;

     InertiaCommitment = 1 ;
    } // group UnitBlock_185

  group: UnitBlock_186 {
    dimensions:
    	NumberCostCoeffs = 3 ;
    variables:
    	double InitialPower ;
    	double InitialReactivePower ;
    	double MaxReactivePower(TimeHorizon) ;
    	double MinReactivePower(TimeHorizon) ;
    	double VoltageMagnitude(TimeHorizon) ;
    	double MaxPower(TimeHorizon) ;
    	double MinPower(TimeHorizon) ;
    	uint CostModel ;
    	double StartupCost ;
    	double PowerCostCoeffs(NumberCostCoeffs) ;
    	double LinearTerm ;
    	double MinUpTime ;
    	double MinDownTime ;
    	double InitUpDownTime ;
    	double InertiaCommitment ;

    // group attributes:
    		:type = "ThermalUnitBlock" ;
    data:

     InitialPower = 171 ;

     InitialReactivePower = 18.2 ;

     MaxReactivePower = 88.83 ;

     MinReactivePower = -35.69 ;

     VoltageMagnitude = 1.039574 ;

     MaxPower = 200 ;

     MinPower = 0 ;

     CostModel = 1 ;

     StartupCost = 0 ;

     PowerCostCoeffs = 0, 1, 0 ;

     LinearTerm = 1 ;

     MinUpTime = 1 ;

     MinDownTime = 1 ;

     InitUpDownTime = 1 ;

     InertiaCommitment = 1 ;
    } // group UnitBlock_186

  group: UnitBlock_187 {
    dimensions:
    	NumberCostCoeffs = 3 ;
    variables:
    	double InitialPower ;
    	double InitialReactivePower ;
    	double MaxReactivePower(TimeHorizon) ;
    	double MinReactivePower(TimeHorizon) ;
    	double VoltageMagnitude(TimeHorizon) ;
    	double MaxPower(TimeHorizon) ;
    	double MinPower(TimeHorizon) ;
    	uint CostModel ;
    	double StartupCost ;
    	double PowerCostCoeffs(NumberCostCoeffs) ;
    	double LinearTerm ;
    	double MinUpTime ;
    	double MinDownTime ;
    	double InitUpDownTime ;
    	double InertiaCommitment ;

    // group attributes:
    		:type = "ThermalUnitBlock" ;
    data:

     InitialPower = 718.5 ;

     InitialReactivePower = -12.86 ;

     MaxReactivePower = 438.72 ;

     MinReactivePower = -174.15 ;

     VoltageMagnitude = 1.06557 ;

     MaxPower = 1000 ;

     MinPower = 333.33 ;

     CostModel = 1 ;

     StartupCost = 0 ;

     PowerCostCoeffs = 0, 1, 0 ;

     LinearTerm = 1 ;

     MinUpTime = 1 ;

     MinDownTime = 1 ;

     InitUpDownTime = 1 ;

     InertiaCommitment = 1 ;
    } // group UnitBlock_187

  group: UnitBlock_188 {
    dimensions:
    	NumberCostCoeffs = 3 ;
    variables:
    	double InitialPower ;
    	double InitialReactivePower ;
    	double MaxReactivePower(TimeHorizon) ;
    	double MinReactivePower(TimeHorizon) ;
    	double VoltageMagnitude(TimeHorizon) ;
    	double MaxPower(TimeHorizon) ;
    	double MinPower(TimeHorizon) ;
    	uint CostModel ;
    	double StartupCost ;
    	double PowerCostCoeffs(NumberCostCoeffs) ;
    	double LinearTerm ;
    	double MinUpTime ;
    	double MinDownTime ;
    	double InitUpDownTime ;
    	double InertiaCommitment ;

    // group attributes:
    		:type = "ThermalUnitBlock" ;
    data:

     InitialPower = 228.2 ;

     InitialReactivePower = 12.73 ;

     MaxReactivePower = 126.73 ;

     MinReactivePower = -47.83 ;

     VoltageMagnitude = 1.052452 ;

     MaxPower = 280 ;

     MinPower = 0 ;

     CostModel = 1 ;

     StartupCost = 0 ;

     PowerCostCoeffs = 0, 1, 0 ;

     LinearTerm = 1 ;

     MinUpTime = 1 ;

     MinDownTime = 1 ;

     InitUpDownTime = 1 ;

     InertiaCommitment = 1 ;
    } // group UnitBlock_188

  group: UnitBlock_189 {
    dimensions:
    	NumberCostCoeffs = 3 ;
    variables:
    	double InitialPower ;
    	double InitialReactivePower ;
    	double MaxReactivePower(TimeHorizon) ;
    	double MinReactivePower(TimeHorizon) ;
    	double VoltageMagnitude(TimeHorizon) ;
    	double MaxPower(TimeHorizon) ;
    	double MinPower(TimeHorizon) ;
    	uint CostModel ;
    	double StartupCost ;
    	double PowerCostCoeffs(NumberCostCoeffs) ;
    	double LinearTerm ;
    	double MinUpTime ;
    	double MinDownTime ;
    	double InitUpDownTime ;
    	double InertiaCommitment ;

    // group attributes:
    		:type = "ThermalUnitBlock" ;
    data:

     InitialPower = 0 ;

     InitialReactivePower = 5.93 ;

     MaxReactivePower = 37.58 ;

     MinReactivePower = -12.16 ;

     VoltageMagnitude = 1.048796 ;

     MaxPower = 100 ;

     MinPower = 0 ;

     CostModel = 1 ;

     StartupCost = 0 ;

     PowerCostCoeffs = 0, 1, 0 ;

     LinearTerm = 1 ;

     MinUpTime = 1 ;

     MinDownTime = 1 ;

     InitUpDownTime = 1 ;

     InertiaCommitment = 1 ;
    } // group UnitBlock_189

  group: UnitBlock_190 {
    dimensions:
    	NumberCostCoeffs = 3 ;
    variables:
    	double InitialPower ;
    	double InitialReactivePower ;
    	double MaxReactivePower(TimeHorizon) ;
    	double MinReactivePower(TimeHorizon) ;
    	double VoltageMagnitude(TimeHorizon) ;
    	double MaxPower(TimeHorizon) ;
    	double MinPower(TimeHorizon) ;
    	uint CostModel ;
    	double StartupCost ;
    	double PowerCostCoeffs(NumberCostCoeffs) ;
    	double LinearTerm ;
    	double MinUpTime ;
    	double MinDownTime ;
    	double InitUpDownTime ;
    	double InertiaCommitment ;

    // group attributes:
    		:type = "ThermalUnitBlock" ;
    data:

     InitialPower = 382.7 ;

     InitialReactivePower = -77.78 ;

     MaxReactivePower = 311.52 ;

     MinReactivePower = -132.09 ;

     VoltageMagnitude = 1.061492 ;

     MaxPower = 720 ;

     MinPower = 0 ;

     CostModel = 1 ;

     StartupCost = 0 ;

     PowerCostCoeffs = 0, 1, 0 ;

     LinearTerm = 1 ;

     MinUpTime = 1 ;

     MinDownTime = 1 ;

     InitUpDownTime = 1 ;

     InertiaCommitment = 1 ;
    } // group UnitBlock_190

  group: UnitBlock_191 {
    dimensions:
    	NumberCostCoeffs = 3 ;
    variables:
    	double InitialPower ;
    	double InitialReactivePower ;
    	double MaxReactivePower(TimeHorizon) ;
    	double MinReactivePower(TimeHorizon) ;
    	double VoltageMagnitude(TimeHorizon) ;
    	double MaxPower(TimeHorizon) ;
    	double MinPower(TimeHorizon) ;
    	uint CostModel ;
    	double StartupCost ;
    	double PowerCostCoeffs(NumberCostCoeffs) ;
    	double LinearTerm ;
    	double MinUpTime ;
    	double MinDownTime ;
    	double InitUpDownTime ;
    	double InertiaCommitment ;

    // group attributes:
    		:type = "ThermalUnitBlock" ;
    data:

     InitialPower = 44.07 ;

     InitialReactivePower = 31.99 ;

     MaxReactivePower = 77.14 ;

     MinReactivePower = -22.46 ;

     VoltageMagnitude = 1.006037 ;

     MaxPower = 160 ;

     MinPower = 0 ;

     CostModel = 1 ;

     StartupCost = 0 ;

     PowerCostCoeffs = 0, 1, 0 ;

     LinearTerm = 1 ;

     MinUpTime = 1 ;

     MinDownTime = 1 ;

     InitUpDownTime = 1 ;

     InertiaCommitment = 1 ;
    } // group UnitBlock_191

  group: UnitBlock_192 {
    dimensions:
    	NumberCostCoeffs = 3 ;
    variables:
    	double InitialPower ;
    	double InitialReactivePower ;
    	double MaxReactivePower(TimeHorizon) ;
    	double MinReactivePower(TimeHorizon) ;
    	double VoltageMagnitude(TimeHorizon) ;
    	double MaxPower(TimeHorizon) ;
    	double MinPower(TimeHorizon) ;
    	uint CostModel ;
    	double StartupCost ;
    	double PowerCostCoeffs(NumberCostCoeffs) ;
    	double LinearTerm ;
    	double MinUpTime ;
    	double MinDownTime ;
    	double InitUpDownTime ;
    	double InertiaCommitment ;

    // group attributes:
    		:type = "ThermalUnitBlock" ;
    data:

     InitialPower = 16.53 ;

     InitialReactivePower = -8.62 ;

     MaxReactivePower = 77.35 ;

     MinReactivePower = -22.26 ;

     VoltageMagnitude = 1.053803 ;

     MaxPower = 160 ;

     MinPower = 0 ;

     CostModel = 1 ;

     StartupCost = 0 ;

     PowerCostCoeffs = 0, 1, 0 ;

     LinearTerm = 1 ;

     MinUpTime = 1 ;

     MinDownTime = 1 ;

     InitUpDownTime = 1 ;

     InertiaCommitment = 1 ;
    } // group UnitBlock_192

  group: UnitBlock_193 {
    dimensions:
    	NumberCostCoeffs = 3 ;
    variables:
    	double InitialPower ;
    	double InitialReactivePower ;
    	double MaxReactivePower(TimeHorizon) ;
    	double MinReactivePower(TimeHorizon) ;
    	double VoltageMagnitude(TimeHorizon) ;
    	double MaxPower(TimeHorizon) ;
    	double MinPower(TimeHorizon) ;
    	uint CostModel ;
    	double StartupCost ;
    	double PowerCostCoeffs(NumberCostCoeffs) ;
    	double LinearTerm ;
    	double MinUpTime ;
    	double MinDownTime ;
    	double InitUpDownTime ;
    	double InertiaCommitment ;

    // group attributes:
    		:type = "ThermalUnitBlock" ;
    data:

     InitialPower = 15.9 ;

     InitialReactivePower = -0.62 ;

     MaxReactivePower = 11.99 ;

     MinReactivePower = -9.06 ;

     VoltageMagnitude = 1.049557 ;

     MaxPower = 32.53 ;

     MinPower = 0 ;

     CostModel = 1 ;

     StartupCost = 0 ;

     PowerCostCoeffs = 0, 1, 0 ;

     LinearTerm = 1 ;

     MinUpTime = 1 ;

     MinDownTime = 1 ;

     InitUpDownTime = 1 ;

     InertiaCommitment = 1 ;
    } // group UnitBlock_193

  group: UnitBlock_194 {
    dimensions:
    	NumberCostCoeffs = 3 ;
    variables:
    	double InitialPower ;
    	double InitialReactivePower ;
    	double MaxReactivePower(TimeHorizon) ;
    	double MinReactivePower(TimeHorizon) ;
    	double VoltageMagnitude(TimeHorizon) ;
    	double MaxPower(TimeHorizon) ;
    	double MinPower(TimeHorizon) ;
    	uint CostModel ;
    	double StartupCost ;
    	double PowerCostCoeffs(NumberCostCoeffs) ;
    	double LinearTerm ;
    	double MinUpTime ;
    	double MinDownTime ;
    	double InitUpDownTime ;
    	double InertiaCommitment ;

    // group attributes:
    		:type = "ThermalUnitBlock" ;
    data:

     InitialPower = 0 ;

     InitialReactivePower = 4.01 ;

     MaxReactivePower = 35.62 ;

     MinReactivePower = -14.25 ;

     VoltageMagnitude = 1.031347 ;

     MaxPower = 100 ;

     MinPower = 0 ;

     CostModel = 1 ;

     StartupCost = 0 ;

     PowerCostCoeffs = 0, 1, 0 ;

     LinearTerm = 1 ;

     MinUpTime = 1 ;

     MinDownTime = 1 ;

     InitUpDownTime = 1 ;

     InertiaCommitment = 1 ;
    } // group UnitBlock_194

  group: UnitBlock_195 {
    dimensions:
    	NumberCostCoeffs = 3 ;
    variables:
    	double InitialPower ;
    	double InitialReactivePower ;
    	double MaxReactivePower(TimeHorizon) ;
    	double MinReactivePower(TimeHorizon) ;
    	double VoltageMagnitude(TimeHorizon) ;
    	double MaxPower(TimeHorizon) ;
    	double MinPower(TimeHorizon) ;
    	uint CostModel ;
    	double StartupCost ;
    	double PowerCostCoeffs(NumberCostCoeffs) ;
    	double LinearTerm ;
    	double MinUpTime ;
    	double MinDownTime ;
    	double InitUpDownTime ;
    	double InertiaCommitment ;

    // group attributes:
    		:type = "ThermalUnitBlock" ;
    data:

     InitialPower = 102.9 ;

     InitialReactivePower = 17.09 ;

     MaxReactivePower = 53.24 ;

     MinReactivePower = -21.47 ;

     VoltageMagnitude = 1.055216 ;

     MaxPower = 120 ;

     MinPower = 0 ;

     CostModel = 1 ;

     StartupCost = 0 ;

     PowerCostCoeffs = 0, 1, 0 ;

     LinearTerm = 1 ;

     MinUpTime = 1 ;

     MinDownTime = 1 ;

     InitUpDownTime = 1 ;

     InertiaCommitment = 1 ;
    } // group UnitBlock_195

  group: UnitBlock_196 {
    dimensions:
    	NumberCostCoeffs = 3 ;
    variables:
    	double InitialPower ;
    	double InitialReactivePower ;
    	double MaxReactivePower(TimeHorizon) ;
    	double MinReactivePower(TimeHorizon) ;
    	double VoltageMagnitude(TimeHorizon) ;
    	double MaxPower(TimeHorizon) ;
    	double MinPower(TimeHorizon) ;
    	uint CostModel ;
    	double StartupCost ;
    	double PowerCostCoeffs(NumberCostCoeffs) ;
    	double LinearTerm ;
    	double MinUpTime ;
    	double MinDownTime ;
    	double InitUpDownTime ;
    	double InertiaCommitment ;

    // group attributes:
    		:type = "ThermalUnitBlock" ;
    data:

     InitialPower = 0 ;

     InitialReactivePower = 1.84 ;

     MaxReactivePower = 18.56 ;

     MinReactivePower = -6.34 ;

     VoltageMagnitude = 1.031296 ;

     MaxPower = 100 ;

     MinPower = 0 ;

     CostModel = 1 ;

     StartupCost = 0 ;

     PowerCostCoeffs = 0, 1, 0 ;

     LinearTerm = 1 ;

     MinUpTime = 1 ;

     MinDownTime = 1 ;

     InitUpDownTime = 1 ;

     InertiaCommitment = 1 ;
    } // group UnitBlock_196

  group: UnitBlock_197 {
    dimensions:
    	NumberCostCoeffs = 3 ;
    variables:
    	double InitialPower ;
    	double InitialReactivePower ;
    	double MaxReactivePower(TimeHorizon) ;
    	double MinReactivePower(TimeHorizon) ;
    	double VoltageMagnitude(TimeHorizon) ;
    	double MaxPower(TimeHorizon) ;
    	double MinPower(TimeHorizon) ;
    	uint CostModel ;
    	double StartupCost ;
    	double PowerCostCoeffs(NumberCostCoeffs) ;
    	double LinearTerm ;
    	double MinUpTime ;
    	double MinDownTime ;
    	double InitUpDownTime ;
    	double InertiaCommitment ;

    // group attributes:
    		:type = "ThermalUnitBlock" ;
    data:

     InitialPower = 2463.6 ;

     InitialReactivePower = 391.48 ;

     MaxReactivePower = 1865.83 ;

     MinReactivePower = -585.95 ;

     VoltageMagnitude = 1.021411 ;

     MaxPower = 4000 ;

     MinPower = 1333.33 ;

     CostModel = 1 ;

     StartupCost = 0 ;

     PowerCostCoeffs = 0, 1, 0 ;

     LinearTerm = 1 ;

     MinUpTime = 1 ;

     MinDownTime = 1 ;

     InitUpDownTime = 1 ;

     InertiaCommitment = 1 ;
    } // group UnitBlock_197

  group: UnitBlock_198 {
    dimensions:
    	NumberCostCoeffs = 3 ;
    variables:
    	double InitialPower ;
    	double InitialReactivePower ;
    	double MaxReactivePower(TimeHorizon) ;
    	double MinReactivePower(TimeHorizon) ;
    	double VoltageMagnitude(TimeHorizon) ;
    	double MaxPower(TimeHorizon) ;
    	double MinPower(TimeHorizon) ;
    	uint CostModel ;
    	double StartupCost ;
    	double PowerCostCoeffs(NumberCostCoeffs) ;
    	double LinearTerm ;
    	double MinUpTime ;
    	double MinDownTime ;
    	double InitUpDownTime ;
    	double InertiaCommitment ;

    // group attributes:
    		:type = "ThermalUnitBlock" ;
    data:

     InitialPower = 133 ;

     InitialReactivePower = 6.97 ;

     MaxReactivePower = 189.31 ;

     MinReactivePower = -59.87 ;

     VoltageMagnitude = 1.039234 ;

     MaxPower = 300 ;

     MinPower = 88.67 ;

     CostModel = 1 ;

     StartupCost = 0 ;

     PowerCostCoeffs = 0, 1, 0 ;

     LinearTerm = 1 ;

     MinUpTime = 1 ;

     MinDownTime = 1 ;

     InitUpDownTime = 1 ;

     InertiaCommitment = 1 ;
    } // group UnitBlock_198

  group: UnitBlock_199 {
    dimensions:
    	NumberCostCoeffs = 3 ;
    variables:
    	double InitialPower ;
    	double InitialReactivePower ;
    	double MaxReactivePower(TimeHorizon) ;
    	double MinReactivePower(TimeHorizon) ;
    	double VoltageMagnitude(TimeHorizon) ;
    	double MaxPower(TimeHorizon) ;
    	double MinPower(TimeHorizon) ;
    	uint CostModel ;
    	double StartupCost ;
    	double PowerCostCoeffs(NumberCostCoeffs) ;
    	double LinearTerm ;
    	double MinUpTime ;
    	double MinDownTime ;
    	double InitUpDownTime ;
    	double InertiaCommitment ;

    // group attributes:
    		:type = "ThermalUnitBlock" ;
    data:

     InitialPower = 227.5 ;

     InitialReactivePower = 5.93 ;

     MaxReactivePower = 126.09 ;

     MinReactivePower = -48.29 ;

     VoltageMagnitude = 1.051367 ;

     MaxPower = 280 ;

     MinPower = 0 ;

     CostModel = 1 ;

     StartupCost = 0 ;

     PowerCostCoeffs = 0, 1, 0 ;

     LinearTerm = 1 ;

     MinUpTime = 1 ;

     MinDownTime = 1 ;

     InitUpDownTime = 1 ;

     InertiaCommitment = 1 ;
    } // group UnitBlock_199

  group: UnitBlock_200 {
    dimensions:
    	NumberCostCoeffs = 3 ;
    variables:
    	double InitialPower ;
    	double InitialReactivePower ;
    	double MaxReactivePower(TimeHorizon) ;
    	double MinReactivePower(TimeHorizon) ;
    	double VoltageMagnitude(TimeHorizon) ;
    	double MaxPower(TimeHorizon) ;
    	double MinPower(TimeHorizon) ;
    	uint CostModel ;
    	double StartupCost ;
    	double PowerCostCoeffs(NumberCostCoeffs) ;
    	double LinearTerm ;
    	double MinUpTime ;
    	double MinDownTime ;
    	double InitUpDownTime ;
    	double InertiaCommitment ;

    // group attributes:
    		:type = "ThermalUnitBlock" ;
    data:

     InitialPower = 39.8 ;

     InitialReactivePower = -1.81 ;

     MaxReactivePower = 38.53 ;

     MinReactivePower = -11.27 ;

     VoltageMagnitude = 1.059486 ;

     MaxPower = 80 ;

     MinPower = 0 ;

     CostModel = 1 ;

     StartupCost = 0 ;

     PowerCostCoeffs = 0, 1, 0 ;

     LinearTerm = 1 ;

     MinUpTime = 1 ;

     MinDownTime = 1 ;

     InitUpDownTime = 1 ;

     InertiaCommitment = 1 ;
    } // group UnitBlock_200

  group: UnitBlock_201 {
    dimensions:
    	NumberCostCoeffs = 3 ;
    variables:
    	double InitialPower ;
    	double InitialReactivePower ;
    	double MaxReactivePower(TimeHorizon) ;
    	double MinReactivePower(TimeHorizon) ;
    	double VoltageMagnitude(TimeHorizon) ;
    	double MaxPower(TimeHorizon) ;
    	double MinPower(TimeHorizon) ;
    	uint CostModel ;
    	double StartupCost ;
    	double PowerCostCoeffs(NumberCostCoeffs) ;
    	double LinearTerm ;
    	double MinUpTime ;
    	double MinDownTime ;
    	double InitUpDownTime ;
    	double InertiaCommitment ;

    // group attributes:
    		:type = "ThermalUnitBlock" ;
    data:

     InitialPower = 0 ;

     InitialReactivePower = 9.53 ;

     MaxReactivePower = 56.22 ;

     MinReactivePower = -18.44 ;

     VoltageMagnitude = 1.036531 ;

     MaxPower = 100 ;

     MinPower = 0 ;

     CostModel = 1 ;

     StartupCost = 0 ;

     PowerCostCoeffs = 0, 1, 0 ;

     LinearTerm = 1 ;

     MinUpTime = 1 ;

     MinDownTime = 1 ;

     InitUpDownTime = 1 ;

     InertiaCommitment = 1 ;
    } // group UnitBlock_201

  group: UnitBlock_202 {
    dimensions:
    	NumberCostCoeffs = 3 ;
    variables:
    	double InitialPower ;
    	double InitialReactivePower ;
    	double MaxReactivePower(TimeHorizon) ;
    	double MinReactivePower(TimeHorizon) ;
    	double VoltageMagnitude(TimeHorizon) ;
    	double MaxPower(TimeHorizon) ;
    	double MinPower(TimeHorizon) ;
    	uint CostModel ;
    	double StartupCost ;
    	double PowerCostCoeffs(NumberCostCoeffs) ;
    	double LinearTerm ;
    	double MinUpTime ;
    	double MinDownTime ;
    	double InitUpDownTime ;
    	double InertiaCommitment ;

    // group attributes:
    		:type = "ThermalUnitBlock" ;
    data:

     InitialPower = 65.8 ;

     InitialReactivePower = 11.07 ;

     MaxReactivePower = 36.16 ;

     MinReactivePower = -13.72 ;

     VoltageMagnitude = 1.041241 ;

     MaxPower = 80 ;

     MinPower = 0 ;

     CostModel = 1 ;

     StartupCost = 0 ;

     PowerCostCoeffs = 0, 1, 0 ;

     LinearTerm = 1 ;

     MinUpTime = 1 ;

     MinDownTime = 1 ;

     InitUpDownTime = 1 ;

     InertiaCommitment = 1 ;
    } // group UnitBlock_202

  group: UnitBlock_203 {
    dimensions:
    	NumberCostCoeffs = 3 ;
    variables:
    	double InitialPower ;
    	double InitialReactivePower ;
    	double MaxReactivePower(TimeHorizon) ;
    	double MinReactivePower(TimeHorizon) ;
    	double VoltageMagnitude(TimeHorizon) ;
    	double MaxPower(TimeHorizon) ;
    	double MinPower(TimeHorizon) ;
    	uint CostModel ;
    	double StartupCost ;
    	double PowerCostCoeffs(NumberCostCoeffs) ;
    	double LinearTerm ;
    	double MinUpTime ;
    	double MinDownTime ;
    	double InitUpDownTime ;
    	double InertiaCommitment ;

    // group attributes:
    		:type = "ThermalUnitBlock" ;
    data:

     InitialPower = 55.5 ;

     InitialReactivePower = 16.47 ;

     MaxReactivePower = 58.18 ;

     MinReactivePower = -16.56 ;

     VoltageMagnitude = 1.049669 ;

     MaxPower = 120 ;

     MinPower = 0 ;

     CostModel = 1 ;

     StartupCost = 0 ;

     PowerCostCoeffs = 0, 1, 0 ;

     LinearTerm = 1 ;

     MinUpTime = 1 ;

     MinDownTime = 1 ;

     InitUpDownTime = 1 ;

     InertiaCommitment = 1 ;
    } // group UnitBlock_203

  group: UnitBlock_204 {
    dimensions:
    	NumberCostCoeffs = 3 ;
    variables:
    	double InitialPower ;
    	double InitialReactivePower ;
    	double MaxReactivePower(TimeHorizon) ;
    	double MinReactivePower(TimeHorizon) ;
    	double VoltageMagnitude(TimeHorizon) ;
    	double MaxPower(TimeHorizon) ;
    	double MinPower(TimeHorizon) ;
    	uint CostModel ;
    	double StartupCost ;
    	double PowerCostCoeffs(NumberCostCoeffs) ;
    	double LinearTerm ;
    	double MinUpTime ;
    	double MinDownTime ;
    	double InitUpDownTime ;
    	double InertiaCommitment ;

    // group attributes:
    		:type = "ThermalUnitBlock" ;
    data:

     InitialPower = 448.85 ;

     InitialReactivePower = 137.55 ;

     MaxReactivePower = 267.36 ;

     MinReactivePower = -100.98 ;

     VoltageMagnitude = 1.006597 ;

     MaxPower = 600 ;

     MinPower = 200 ;

     CostModel = 1 ;

     StartupCost = 0 ;

     PowerCostCoeffs = 0, 1, 0 ;

     LinearTerm = 1 ;

     MinUpTime = 1 ;

     MinDownTime = 1 ;

     InitUpDownTime = 1 ;

     InertiaCommitment = 1 ;
    } // group UnitBlock_204

  group: UnitBlock_205 {
    dimensions:
    	NumberCostCoeffs = 3 ;
    variables:
    	double InitialPower ;
    	double InitialReactivePower ;
    	double MaxReactivePower(TimeHorizon) ;
    	double MinReactivePower(TimeHorizon) ;
    	double VoltageMagnitude(TimeHorizon) ;
    	double MaxPower(TimeHorizon) ;
    	double MinPower(TimeHorizon) ;
    	uint CostModel ;
    	double StartupCost ;
    	double PowerCostCoeffs(NumberCostCoeffs) ;
    	double LinearTerm ;
    	double MinUpTime ;
    	double MinDownTime ;
    	double InitUpDownTime ;
    	double InertiaCommitment ;

    // group attributes:
    		:type = "ThermalUnitBlock" ;
    data:

     InitialPower = 65.87 ;

     InitialReactivePower = 13.66 ;

     MaxReactivePower = 95.06 ;

     MinReactivePower = -83.34 ;

     VoltageMagnitude = 1.008722 ;

     MaxPower = 272.28 ;

     MinPower = 0 ;

     CostModel = 1 ;

     StartupCost = 0 ;

     PowerCostCoeffs = 0, 1, 0 ;

     LinearTerm = 1 ;

     MinUpTime = 1 ;

     MinDownTime = 1 ;

     InitUpDownTime = 1 ;

     InertiaCommitment = 1 ;
    } // group UnitBlock_205

  group: UnitBlock_206 {
    dimensions:
    	NumberCostCoeffs = 3 ;
    variables:
    	double InitialPower ;
    	double InitialReactivePower ;
    	double MaxReactivePower(TimeHorizon) ;
    	double MinReactivePower(TimeHorizon) ;
    	double VoltageMagnitude(TimeHorizon) ;
    	double MaxPower(TimeHorizon) ;
    	double MinPower(TimeHorizon) ;
    	uint CostModel ;
    	double StartupCost ;
    	double PowerCostCoeffs(NumberCostCoeffs) ;
    	double LinearTerm ;
    	double MinUpTime ;
    	double MinDownTime ;
    	double InitUpDownTime ;
    	double InertiaCommitment ;

    // group attributes:
    		:type = "ThermalUnitBlock" ;
    data:

     InitialPower = 861.3 ;

     InitialReactivePower = 121.21 ;

     MaxReactivePower = 441.04 ;

     MinReactivePower = -172.05 ;

     VoltageMagnitude = 1.059575 ;

     MaxPower = 1000 ;

     MinPower = 333.33 ;

     CostModel = 1 ;

     StartupCost = 0 ;

     PowerCostCoeffs = 0, 1, 0 ;

     LinearTerm = 1 ;

     MinUpTime = 1 ;

     MinDownTime = 1 ;

     InitUpDownTime = 1 ;

     InertiaCommitment = 1 ;
    } // group UnitBlock_206

  group: UnitBlock_207 {
    dimensions:
    	NumberCostCoeffs = 3 ;
    variables:
    	double InitialPower ;
    	double InitialReactivePower ;
    	double MaxReactivePower(TimeHorizon) ;
    	double MinReactivePower(TimeHorizon) ;
    	double VoltageMagnitude(TimeHorizon) ;
    	double MaxPower(TimeHorizon) ;
    	double MinPower(TimeHorizon) ;
    	uint CostModel ;
    	double StartupCost ;
    	double PowerCostCoeffs(NumberCostCoeffs) ;
    	double LinearTerm ;
    	double MinUpTime ;
    	double MinDownTime ;
    	double InitUpDownTime ;
    	double InertiaCommitment ;

    // group attributes:
    		:type = "ThermalUnitBlock" ;
    data:

     InitialPower = 1250.6 ;

     InitialReactivePower = 358.08 ;

     MaxReactivePower = 926.47 ;

     MinReactivePower = -297.63 ;

     VoltageMagnitude = 1.107733 ;

     MaxPower = 2000 ;

     MinPower = 666.67 ;

     CostModel = 1 ;

     StartupCost = 0 ;

     PowerCostCoeffs = 0, 1, 0 ;

     LinearTerm = 1 ;

     MinUpTime = 1 ;

     MinDownTime = 1 ;

     InitUpDownTime = 1 ;

     InertiaCommitment = 1 ;
    } // group UnitBlock_207

  group: UnitBlock_208 {
    dimensions:
    	NumberCostCoeffs = 3 ;
    variables:
    	double InitialPower ;
    	double InitialReactivePower ;
    	double MaxReactivePower(TimeHorizon) ;
    	double MinReactivePower(TimeHorizon) ;
    	double VoltageMagnitude(TimeHorizon) ;
    	double MaxPower(TimeHorizon) ;
    	double MinPower(TimeHorizon) ;
    	uint CostModel ;
    	double StartupCost ;
    	double PowerCostCoeffs(NumberCostCoeffs) ;
    	double LinearTerm ;
    	double MinUpTime ;
    	double MinDownTime ;
    	double InitUpDownTime ;
    	double InertiaCommitment ;

    // group attributes:
    		:type = "ThermalUnitBlock" ;
    data:

     InitialPower = 7.3 ;

     InitialReactivePower = 0.36 ;

     MaxReactivePower = 3.12 ;

     MinReactivePower = -1.46 ;

     VoltageMagnitude = 1.051113 ;

     MaxPower = 7.35 ;

     MinPower = 0 ;

     CostModel = 1 ;

     StartupCost = 0 ;

     PowerCostCoeffs = 0, 1, 0 ;

     LinearTerm = 1 ;

     MinUpTime = 1 ;

     MinDownTime = 1 ;

     InitUpDownTime = 1 ;

     InertiaCommitment = 1 ;
    } // group UnitBlock_208

  group: UnitBlock_209 {
    dimensions:
    	NumberCostCoeffs = 3 ;
    variables:
    	double InitialPower ;
    	double InitialReactivePower ;
    	double MaxReactivePower(TimeHorizon) ;
    	double MinReactivePower(TimeHorizon) ;
    	double VoltageMagnitude(TimeHorizon) ;
    	double MaxPower(TimeHorizon) ;
    	double MinPower(TimeHorizon) ;
    	uint CostModel ;
    	double StartupCost ;
    	double PowerCostCoeffs(NumberCostCoeffs) ;
    	double LinearTerm ;
    	double MinUpTime ;
    	double MinDownTime ;
    	double InitUpDownTime ;
    	double InertiaCommitment ;

    // group attributes:
    		:type = "ThermalUnitBlock" ;
    data:

     InitialPower = 0 ;

     InitialReactivePower = 22.41 ;

     MaxReactivePower = 89.84 ;

     MinReactivePower = -34.84 ;

     VoltageMagnitude = 1.010817 ;

     MaxPower = 100 ;

     MinPower = 0 ;

     CostModel = 1 ;

     StartupCost = 0 ;

     PowerCostCoeffs = 0, 1, 0 ;

     LinearTerm = 1 ;

     MinUpTime = 1 ;

     MinDownTime = 1 ;

     InitUpDownTime = 1 ;

     InertiaCommitment = 1 ;
    } // group UnitBlock_209

  group: UnitBlock_210 {
    dimensions:
    	NumberCostCoeffs = 3 ;
    variables:
    	double InitialPower ;
    	double InitialReactivePower ;
    	double MaxReactivePower(TimeHorizon) ;
    	double MinReactivePower(TimeHorizon) ;
    	double VoltageMagnitude(TimeHorizon) ;
    	double MaxPower(TimeHorizon) ;
    	double MinPower(TimeHorizon) ;
    	uint CostModel ;
    	double StartupCost ;
    	double PowerCostCoeffs(NumberCostCoeffs) ;
    	double LinearTerm ;
    	double MinUpTime ;
    	double MinDownTime ;
    	double InitUpDownTime ;
    	double InertiaCommitment ;

    // group attributes:
    		:type = "ThermalUnitBlock" ;
    data:

     InitialPower = 2340.4 ;

     InitialReactivePower = 94.47 ;

     MaxReactivePower = 1862.29 ;

     MinReactivePower = -588.16 ;

     VoltageMagnitude = 1.034538 ;

     MaxPower = 4000 ;

     MinPower = 1333.33 ;

     CostModel = 1 ;

     StartupCost = 0 ;

     PowerCostCoeffs = 0, 1, 0 ;

     LinearTerm = 1 ;

     MinUpTime = 1 ;

     MinDownTime = 1 ;

     InitUpDownTime = 1 ;

     InertiaCommitment = 1 ;
    } // group UnitBlock_210

  group: UnitBlock_211 {
    dimensions:
    	NumberCostCoeffs = 3 ;
    variables:
    	double InitialPower ;
    	double InitialReactivePower ;
    	double MaxReactivePower(TimeHorizon) ;
    	double MinReactivePower(TimeHorizon) ;
    	double VoltageMagnitude(TimeHorizon) ;
    	double MaxPower(TimeHorizon) ;
    	double MinPower(TimeHorizon) ;
    	uint CostModel ;
    	double StartupCost ;
    	double PowerCostCoeffs(NumberCostCoeffs) ;
    	double LinearTerm ;
    	double MinUpTime ;
    	double MinDownTime ;
    	double InitUpDownTime ;
    	double InertiaCommitment ;

    // group attributes:
    		:type = "ThermalUnitBlock" ;
    data:

     InitialPower = 59.06 ;

     InitialReactivePower = 19.56 ;

     MaxReactivePower = 76.11 ;

     MinReactivePower = -23.62 ;

     VoltageMagnitude = 1.043172 ;

     MaxPower = 160 ;

     MinPower = 0 ;

     CostModel = 1 ;

     StartupCost = 0 ;

     PowerCostCoeffs = 0, 1, 0 ;

     LinearTerm = 1 ;

     MinUpTime = 1 ;

     MinDownTime = 1 ;

     InitUpDownTime = 1 ;

     InertiaCommitment = 1 ;
    } // group UnitBlock_211

  group: UnitBlock_212 {
    dimensions:
    	NumberCostCoeffs = 3 ;
    variables:
    	double InitialPower ;
    	double InitialReactivePower ;
    	double MaxReactivePower(TimeHorizon) ;
    	double MinReactivePower(TimeHorizon) ;
    	double VoltageMagnitude(TimeHorizon) ;
    	double MaxPower(TimeHorizon) ;
    	double MinPower(TimeHorizon) ;
    	uint CostModel ;
    	double StartupCost ;
    	double PowerCostCoeffs(NumberCostCoeffs) ;
    	double LinearTerm ;
    	double MinUpTime ;
    	double MinDownTime ;
    	double InitUpDownTime ;
    	double InertiaCommitment ;

    // group attributes:
    		:type = "ThermalUnitBlock" ;
    data:

     InitialPower = 53 ;

     InitialReactivePower = 24.18 ;

     MaxReactivePower = 37.45 ;

     MinReactivePower = -12.39 ;

     VoltageMagnitude = 0.999675 ;

     MaxPower = 80 ;

     MinPower = 0 ;

     CostModel = 1 ;

     StartupCost = 0 ;

     PowerCostCoeffs = 0, 1, 0 ;

     LinearTerm = 1 ;

     MinUpTime = 1 ;

     MinDownTime = 1 ;

     InitUpDownTime = 1 ;

     InertiaCommitment = 1 ;
    } // group UnitBlock_212

  group: UnitBlock_213 {
    dimensions:
    	NumberCostCoeffs = 3 ;
    variables:
    	double InitialPower ;
    	double InitialReactivePower ;
    	double MaxReactivePower(TimeHorizon) ;
    	double MinReactivePower(TimeHorizon) ;
    	double VoltageMagnitude(TimeHorizon) ;
    	double MaxPower(TimeHorizon) ;
    	double MinPower(TimeHorizon) ;
    	uint CostModel ;
    	double StartupCost ;
    	double PowerCostCoeffs(NumberCostCoeffs) ;
    	double LinearTerm ;
    	double MinUpTime ;
    	double MinDownTime ;
    	double InitUpDownTime ;
    	double InertiaCommitment ;

    // group attributes:
    		:type = "ThermalUnitBlock" ;
    data:

     InitialPower = 0 ;

     InitialReactivePower = 33.59 ;

     MaxReactivePower = 75.85 ;

     MinReactivePower = -77.06 ;

     VoltageMagnitude = 1.057257 ;

     MaxPower = 100 ;

     MinPower = 0 ;

     CostModel = 1 ;

     StartupCost = 0 ;

     PowerCostCoeffs = 0, 1, 0 ;

     LinearTerm = 1 ;

     MinUpTime = 1 ;

     MinDownTime = 1 ;

     InitUpDownTime = 1 ;

     InertiaCommitment = 1 ;
    } // group UnitBlock_213

  group: UnitBlock_214 {
    dimensions:
    	NumberCostCoeffs = 3 ;
    variables:
    	double InitialPower ;
    	double InitialReactivePower ;
    	double MaxReactivePower(TimeHorizon) ;
    	double MinReactivePower(TimeHorizon) ;
    	double VoltageMagnitude(TimeHorizon) ;
    	double MaxPower(TimeHorizon) ;
    	double MinPower(TimeHorizon) ;
    	uint CostModel ;
    	double StartupCost ;
    	double PowerCostCoeffs(NumberCostCoeffs) ;
    	double LinearTerm ;
    	double MinUpTime ;
    	double MinDownTime ;
    	double InitUpDownTime ;
    	double InertiaCommitment ;

    // group attributes:
    		:type = "ThermalUnitBlock" ;
    data:

     InitialPower = 76.5 ;

     InitialReactivePower = 8.44 ;

     MaxReactivePower = 56.27 ;

     MinReactivePower = -18.41 ;

     VoltageMagnitude = 1.027108 ;

     MaxPower = 120 ;

     MinPower = 0 ;

     CostModel = 1 ;

     StartupCost = 0 ;

     PowerCostCoeffs = 0, 1, 0 ;

     LinearTerm = 1 ;

     MinUpTime = 1 ;

     MinDownTime = 1 ;

     InitUpDownTime = 1 ;

     InertiaCommitment = 1 ;
    } // group UnitBlock_214

  group: UnitBlock_215 {
    dimensions:
    	NumberCostCoeffs = 3 ;
    variables:
    	double InitialPower ;
    	double InitialReactivePower ;
    	double MaxReactivePower(TimeHorizon) ;
    	double MinReactivePower(TimeHorizon) ;
    	double VoltageMagnitude(TimeHorizon) ;
    	double MaxPower(TimeHorizon) ;
    	double MinPower(TimeHorizon) ;
    	uint CostModel ;
    	double StartupCost ;
    	double PowerCostCoeffs(NumberCostCoeffs) ;
    	double LinearTerm ;
    	double MinUpTime ;
    	double MinDownTime ;
    	double InitUpDownTime ;
    	double InertiaCommitment ;

    // group attributes:
    		:type = "ThermalUnitBlock" ;
    data:

     InitialPower = 75.8 ;

     InitialReactivePower = 67.52 ;

     MaxReactivePower = 214.23 ;

     MinReactivePower = -59.77 ;

     VoltageMagnitude = 1.035256 ;

     MaxPower = 200 ;

     MinPower = 50.53 ;

     CostModel = 1 ;

     StartupCost = 0 ;

     PowerCostCoeffs = 0, 1, 0 ;

     LinearTerm = 1 ;

     MinUpTime = 1 ;

     MinDownTime = 1 ;

     InitUpDownTime = 1 ;

     InertiaCommitment = 1 ;
    } // group UnitBlock_215

  group: UnitBlock_216 {
    dimensions:
    	NumberCostCoeffs = 3 ;
    variables:
    	double InitialPower ;
    	double InitialReactivePower ;
    	double MaxReactivePower(TimeHorizon) ;
    	double MinReactivePower(TimeHorizon) ;
    	double VoltageMagnitude(TimeHorizon) ;
    	double MaxPower(TimeHorizon) ;
    	double MinPower(TimeHorizon) ;
    	uint CostModel ;
    	double StartupCost ;
    	double PowerCostCoeffs(NumberCostCoeffs) ;
    	double LinearTerm ;
    	double MinUpTime ;
    	double MinDownTime ;
    	double InitUpDownTime ;
    	double InertiaCommitment ;

    // group attributes:
    		:type = "ThermalUnitBlock" ;
    data:

     InitialPower = 702.4 ;

     InitialReactivePower = 277.3 ;

     MaxReactivePower = 350.36 ;

     MinReactivePower = -140.73 ;

     VoltageMagnitude = 1.037447 ;

     MaxPower = 800 ;

     MinPower = 266.67 ;

     CostModel = 1 ;

     StartupCost = 0 ;

     PowerCostCoeffs = 0, 1, 0 ;

     LinearTerm = 1 ;

     MinUpTime = 1 ;

     MinDownTime = 1 ;

     InitUpDownTime = 1 ;

     InertiaCommitment = 1 ;
    } // group UnitBlock_216

  group: UnitBlock_217 {
    dimensions:
    	NumberCostCoeffs = 3 ;
    variables:
    	double InitialPower ;
    	double InitialReactivePower ;
    	double MaxReactivePower(TimeHorizon) ;
    	double MinReactivePower(TimeHorizon) ;
    	double VoltageMagnitude(TimeHorizon) ;
    	double MaxPower(TimeHorizon) ;
    	double MinPower(TimeHorizon) ;
    	uint CostModel ;
    	double StartupCost ;
    	double PowerCostCoeffs(NumberCostCoeffs) ;
    	double LinearTerm ;
    	double MinUpTime ;
    	double MinDownTime ;
    	double InitUpDownTime ;
    	double InertiaCommitment ;

    // group attributes:
    		:type = "ThermalUnitBlock" ;
    data:

     InitialPower = 508 ;

     InitialReactivePower = 235.59 ;

     MaxReactivePower = 371.11 ;

     MinReactivePower = -119.67 ;

     VoltageMagnitude = 0.99994 ;

     MaxPower = 800 ;

     MinPower = 266.67 ;

     CostModel = 1 ;

     StartupCost = 0 ;

     PowerCostCoeffs = 0, 1, 0 ;

     LinearTerm = 1 ;

     MinUpTime = 1 ;

     MinDownTime = 1 ;

     InitUpDownTime = 1 ;

     InertiaCommitment = 1 ;
    } // group UnitBlock_217

  group: UnitBlock_218 {
    dimensions:
    	NumberCostCoeffs = 3 ;
    variables:
    	double InitialPower ;
    	double InitialReactivePower ;
    	double MaxReactivePower(TimeHorizon) ;
    	double MinReactivePower(TimeHorizon) ;
    	double VoltageMagnitude(TimeHorizon) ;
    	double MaxPower(TimeHorizon) ;
    	double MinPower(TimeHorizon) ;
    	uint CostModel ;
    	double StartupCost ;
    	double PowerCostCoeffs(NumberCostCoeffs) ;
    	double LinearTerm ;
    	double MinUpTime ;
    	double MinDownTime ;
    	double InitUpDownTime ;
    	double InertiaCommitment ;

    // group attributes:
    		:type = "ThermalUnitBlock" ;
    data:

     InitialPower = 769.2 ;

     InitialReactivePower = 22.2 ;

     MaxReactivePower = 378.21 ;

     MinReactivePower = -162.35 ;

     VoltageMagnitude = 1.051427 ;

     MaxPower = 880 ;

     MinPower = 200 ;

     CostModel = 1 ;

     StartupCost = 0 ;

     PowerCostCoeffs = 0, 1, 0 ;

     LinearTerm = 1 ;

     MinUpTime = 1 ;

     MinDownTime = 1 ;

     InitUpDownTime = 1 ;

     InertiaCommitment = 1 ;
    } // group UnitBlock_218

  group: UnitBlock_219 {
    dimensions:
    	NumberCostCoeffs = 3 ;
    variables:
    	double InitialPower ;
    	double InitialReactivePower ;
    	double MaxReactivePower(TimeHorizon) ;
    	double MinReactivePower(TimeHorizon) ;
    	double VoltageMagnitude(TimeHorizon) ;
    	double MaxPower(TimeHorizon) ;
    	double MinPower(TimeHorizon) ;
    	uint CostModel ;
    	double StartupCost ;
    	double PowerCostCoeffs(NumberCostCoeffs) ;
    	double LinearTerm ;
    	double MinUpTime ;
    	double MinDownTime ;
    	double InitUpDownTime ;
    	double InertiaCommitment ;

    // group attributes:
    		:type = "ThermalUnitBlock" ;
    data:

     InitialPower = 228.2 ;

     InitialReactivePower = 12.72 ;

     MaxReactivePower = 126.73 ;

     MinReactivePower = -47.83 ;

     VoltageMagnitude = 1.052424 ;

     MaxPower = 280 ;

     MinPower = 0 ;

     CostModel = 1 ;

     StartupCost = 0 ;

     PowerCostCoeffs = 0, 1, 0 ;

     LinearTerm = 1 ;

     MinUpTime = 1 ;

     MinDownTime = 1 ;

     InitUpDownTime = 1 ;

     InertiaCommitment = 1 ;
    } // group UnitBlock_219

  group: UnitBlock_220 {
    dimensions:
    	NumberCostCoeffs = 3 ;
    variables:
    	double InitialPower ;
    	double InitialReactivePower ;
    	double MaxReactivePower(TimeHorizon) ;
    	double MinReactivePower(TimeHorizon) ;
    	double VoltageMagnitude(TimeHorizon) ;
    	double MaxPower(TimeHorizon) ;
    	double MinPower(TimeHorizon) ;
    	uint CostModel ;
    	double StartupCost ;
    	double PowerCostCoeffs(NumberCostCoeffs) ;
    	double LinearTerm ;
    	double MinUpTime ;
    	double MinDownTime ;
    	double InitUpDownTime ;
    	double InertiaCommitment ;

    // group attributes:
    		:type = "ThermalUnitBlock" ;
    data:

     InitialPower = 1221.2 ;

     InitialReactivePower = 354.58 ;

     MaxReactivePower = 934.73 ;

     MinReactivePower = -291.52 ;

     VoltageMagnitude = 1.072261 ;

     MaxPower = 2000 ;

     MinPower = 666.67 ;

     CostModel = 1 ;

     StartupCost = 0 ;

     PowerCostCoeffs = 0, 1, 0 ;

     LinearTerm = 1 ;

     MinUpTime = 1 ;

     MinDownTime = 1 ;

     InitUpDownTime = 1 ;

     InertiaCommitment = 1 ;
    } // group UnitBlock_220

  group: UnitBlock_221 {
    dimensions:
    	NumberCostCoeffs = 3 ;
    variables:
    	double InitialPower ;
    	double InitialReactivePower ;
    	double MaxReactivePower(TimeHorizon) ;
    	double MinReactivePower(TimeHorizon) ;
    	double VoltageMagnitude(TimeHorizon) ;
    	double MaxPower(TimeHorizon) ;
    	double MinPower(TimeHorizon) ;
    	uint CostModel ;
    	double StartupCost ;
    	double PowerCostCoeffs(NumberCostCoeffs) ;
    	double LinearTerm ;
    	double MinUpTime ;
    	double MinDownTime ;
    	double InitUpDownTime ;
    	double InertiaCommitment ;

    // group attributes:
    		:type = "ThermalUnitBlock" ;
    data:

     InitialPower = 1250.4 ;

     InitialReactivePower = 279.8 ;

     MaxReactivePower = 926.35 ;

     MinReactivePower = -297.68 ;

     VoltageMagnitude = 1.054562 ;

     MaxPower = 2000 ;

     MinPower = 666.67 ;

     CostModel = 1 ;

     StartupCost = 0 ;

     PowerCostCoeffs = 0, 1, 0 ;

     LinearTerm = 1 ;

     MinUpTime = 1 ;

     MinDownTime = 1 ;

     InitUpDownTime = 1 ;

     InertiaCommitment = 1 ;
    } // group UnitBlock_221

  group: UnitBlock_222 {
    dimensions:
    	NumberCostCoeffs = 3 ;
    variables:
    	double InitialPower ;
    	double InitialReactivePower ;
    	double MaxReactivePower(TimeHorizon) ;
    	double MinReactivePower(TimeHorizon) ;
    	double VoltageMagnitude(TimeHorizon) ;
    	double MaxPower(TimeHorizon) ;
    	double MinPower(TimeHorizon) ;
    	uint CostModel ;
    	double StartupCost ;
    	double PowerCostCoeffs(NumberCostCoeffs) ;
    	double LinearTerm ;
    	double MinUpTime ;
    	double MinDownTime ;
    	double InitUpDownTime ;
    	double InertiaCommitment ;

    // group attributes:
    		:type = "ThermalUnitBlock" ;
    data:

     InitialPower = 165 ;

     InitialReactivePower = 23.34 ;

     MaxReactivePower = 90.08 ;

     MinReactivePower = -34.56 ;

     VoltageMagnitude = 1.001912 ;

     MaxPower = 200 ;

     MinPower = 0 ;

     CostModel = 1 ;

     StartupCost = 0 ;

     PowerCostCoeffs = 0, 1, 0 ;

     LinearTerm = 1 ;

     MinUpTime = 1 ;

     MinDownTime = 1 ;

     InitUpDownTime = 1 ;

     InertiaCommitment = 1 ;
    } // group UnitBlock_222

  group: UnitBlock_223 {
    dimensions:
    	NumberCostCoeffs = 3 ;
    variables:
    	double InitialPower ;
    	double InitialReactivePower ;
    	double MaxReactivePower(TimeHorizon) ;
    	double MinReactivePower(TimeHorizon) ;
    	double VoltageMagnitude(TimeHorizon) ;
    	double MaxPower(TimeHorizon) ;
    	double MinPower(TimeHorizon) ;
    	uint CostModel ;
    	double StartupCost ;
    	double PowerCostCoeffs(NumberCostCoeffs) ;
    	double LinearTerm ;
    	double MinUpTime ;
    	double MinDownTime ;
    	double InitUpDownTime ;
    	double InertiaCommitment ;

    // group attributes:
    		:type = "ThermalUnitBlock" ;
    data:

     InitialPower = 1368.6 ;

     InitialReactivePower = 146.28 ;

     MaxReactivePower = 920.41 ;

     MinReactivePower = -305.58 ;

     VoltageMagnitude = 1.063764 ;

     MaxPower = 2000 ;

     MinPower = 666.67 ;

     CostModel = 1 ;

     StartupCost = 0 ;

     PowerCostCoeffs = 0, 1, 0 ;

     LinearTerm = 1 ;

     MinUpTime = 1 ;

     MinDownTime = 1 ;

     InitUpDownTime = 1 ;

     InertiaCommitment = 1 ;
    } // group UnitBlock_223

  group: UnitBlock_224 {
    dimensions:
    	NumberCostCoeffs = 3 ;
    variables:
    	double InitialPower ;
    	double InitialReactivePower ;
    	double MaxReactivePower(TimeHorizon) ;
    	double MinReactivePower(TimeHorizon) ;
    	double VoltageMagnitude(TimeHorizon) ;
    	double MaxPower(TimeHorizon) ;
    	double MinPower(TimeHorizon) ;
    	uint CostModel ;
    	double StartupCost ;
    	double PowerCostCoeffs(NumberCostCoeffs) ;
    	double LinearTerm ;
    	double MinUpTime ;
    	double MinDownTime ;
    	double InitUpDownTime ;
    	double InertiaCommitment ;

    // group attributes:
    		:type = "ThermalUnitBlock" ;
    data:

     InitialPower = 811.8 ;

     InitialReactivePower = 175.43 ;

     MaxReactivePower = 391.57 ;

     MinReactivePower = -160.95 ;

     VoltageMagnitude = 1.048854 ;

     MaxPower = 900 ;

     MinPower = 300 ;

     CostModel = 1 ;

     StartupCost = 0 ;

     PowerCostCoeffs = 0, 1, 0 ;

     LinearTerm = 1 ;

     MinUpTime = 1 ;

     MinDownTime = 1 ;

     InitUpDownTime = 1 ;

     InertiaCommitment = 1 ;
    } // group UnitBlock_224

  group: UnitBlock_225 {
    dimensions:
    	NumberCostCoeffs = 3 ;
    variables:
    	double InitialPower ;
    	double InitialReactivePower ;
    	double MaxReactivePower(TimeHorizon) ;
    	double MinReactivePower(TimeHorizon) ;
    	double VoltageMagnitude(TimeHorizon) ;
    	double MaxPower(TimeHorizon) ;
    	double MinPower(TimeHorizon) ;
    	uint CostModel ;
    	double StartupCost ;
    	double PowerCostCoeffs(NumberCostCoeffs) ;
    	double LinearTerm ;
    	double MinUpTime ;
    	double MinDownTime ;
    	double InitUpDownTime ;
    	double InertiaCommitment ;

    // group attributes:
    		:type = "ThermalUnitBlock" ;
    data:

     InitialPower = 0 ;

     InitialReactivePower = 4.11 ;

     MaxReactivePower = 75.67 ;

     MinReactivePower = -23.96 ;

     VoltageMagnitude = 1.066913 ;

     MaxPower = 100 ;

     MinPower = 0 ;

     CostModel = 1 ;

     StartupCost = 0 ;

     PowerCostCoeffs = 0, 1, 0 ;

     LinearTerm = 1 ;

     MinUpTime = 1 ;

     MinDownTime = 1 ;

     InitUpDownTime = 1 ;

     InertiaCommitment = 1 ;
    } // group UnitBlock_225

  group: UnitBlock_226 {
    dimensions:
    	NumberCostCoeffs = 3 ;
    variables:
    	double InitialPower ;
    	double InitialReactivePower ;
    	double MaxReactivePower(TimeHorizon) ;
    	double MinReactivePower(TimeHorizon) ;
    	double VoltageMagnitude(TimeHorizon) ;
    	double MaxPower(TimeHorizon) ;
    	double MinPower(TimeHorizon) ;
    	uint CostModel ;
    	double StartupCost ;
    	double PowerCostCoeffs(NumberCostCoeffs) ;
    	double LinearTerm ;
    	double MinUpTime ;
    	double MinDownTime ;
    	double InitUpDownTime ;
    	double InertiaCommitment ;

    // group attributes:
    		:type = "ThermalUnitBlock" ;
    data:

     InitialPower = 992 ;

     InitialReactivePower = 864.28 ;

     MaxReactivePower = Infinity ;

     MinReactivePower = -Infinity ;

     VoltageMagnitude = 1.067387 ;

     MaxPower = 1041.6 ;

     MinPower = 0 ;

     CostModel = 1 ;

     StartupCost = 0 ;

     PowerCostCoeffs = 0, 1, 0 ;

     LinearTerm = 1 ;

     MinUpTime = 1 ;

     MinDownTime = 1 ;

     InitUpDownTime = 1 ;

     InertiaCommitment = 1 ;
    } // group UnitBlock_226

  group: UnitBlock_227 {
    dimensions:
    	NumberCostCoeffs = 3 ;
    variables:
    	double InitialPower ;
    	double InitialReactivePower ;
    	double MaxReactivePower(TimeHorizon) ;
    	double MinReactivePower(TimeHorizon) ;
    	double VoltageMagnitude(TimeHorizon) ;
    	double MaxPower(TimeHorizon) ;
    	double MinPower(TimeHorizon) ;
    	uint CostModel ;
    	double StartupCost ;
    	double PowerCostCoeffs(NumberCostCoeffs) ;
    	double LinearTerm ;
    	double MinUpTime ;
    	double MinDownTime ;
    	double InitUpDownTime ;
    	double InertiaCommitment ;

    // group attributes:
    		:type = "ThermalUnitBlock" ;
    data:

     InitialPower = 153 ;

     InitialReactivePower = -2.71 ;

     MaxReactivePower = 91.67 ;

     MinReactivePower = -33.01 ;

     VoltageMagnitude = 1.052602 ;

     MaxPower = 200 ;

     MinPower = 0 ;

     CostModel = 1 ;

     StartupCost = 0 ;

     PowerCostCoeffs = 0, 1, 0 ;

     LinearTerm = 1 ;

     MinUpTime = 1 ;

     MinDownTime = 1 ;

     InitUpDownTime = 1 ;

     InertiaCommitment = 1 ;
    } // group UnitBlock_227

  group: UnitBlock_228 {
    dimensions:
    	NumberCostCoeffs = 3 ;
    variables:
    	double InitialPower ;
    	double InitialReactivePower ;
    	double MaxReactivePower(TimeHorizon) ;
    	double MinReactivePower(TimeHorizon) ;
    	double VoltageMagnitude(TimeHorizon) ;
    	double MaxPower(TimeHorizon) ;
    	double MinPower(TimeHorizon) ;
    	uint CostModel ;
    	double StartupCost ;
    	double PowerCostCoeffs(NumberCostCoeffs) ;
    	double LinearTerm ;
    	double MinUpTime ;
    	double MinDownTime ;
    	double InitUpDownTime ;
    	double InertiaCommitment ;

    // group attributes:
    		:type = "ThermalUnitBlock" ;
    data:

     InitialPower = 66.8 ;

     InitialReactivePower = 17.58 ;

     MaxReactivePower = 35.76 ;

     MinReactivePower = -14.05 ;

     VoltageMagnitude = 1.02335 ;

     MaxPower = 80 ;

     MinPower = 0 ;

     CostModel = 1 ;

     StartupCost = 0 ;

     PowerCostCoeffs = 0, 1, 0 ;

     LinearTerm = 1 ;

     MinUpTime = 1 ;

     MinDownTime = 1 ;

     InitUpDownTime = 1 ;

     InertiaCommitment = 1 ;
    } // group UnitBlock_228

  group: UnitBlock_229 {
    dimensions:
    	NumberCostCoeffs = 3 ;
    variables:
    	double InitialPower ;
    	double InitialReactivePower ;
    	double MaxReactivePower(TimeHorizon) ;
    	double MinReactivePower(TimeHorizon) ;
    	double VoltageMagnitude(TimeHorizon) ;
    	double MaxPower(TimeHorizon) ;
    	double MinPower(TimeHorizon) ;
    	uint CostModel ;
    	double StartupCost ;
    	double PowerCostCoeffs(NumberCostCoeffs) ;
    	double LinearTerm ;
    	double MinUpTime ;
    	double MinDownTime ;
    	double InitUpDownTime ;
    	double InertiaCommitment ;

    // group attributes:
    		:type = "ThermalUnitBlock" ;
    data:

     InitialPower = 17 ;

     InitialReactivePower = 6.35 ;

     MaxReactivePower = 19.49 ;

     MinReactivePower = -5.42 ;

     VoltageMagnitude = 1.071504 ;

     MaxPower = 40 ;

     MinPower = 0 ;

     CostModel = 1 ;

     StartupCost = 0 ;

     PowerCostCoeffs = 0, 1, 0 ;

     LinearTerm = 1 ;

     MinUpTime = 1 ;

     MinDownTime = 1 ;

     InitUpDownTime = 1 ;

     InertiaCommitment = 1 ;
    } // group UnitBlock_229

  group: UnitBlock_230 {
    dimensions:
    	NumberCostCoeffs = 3 ;
    variables:
    	double InitialPower ;
    	double InitialReactivePower ;
    	double MaxReactivePower(TimeHorizon) ;
    	double MinReactivePower(TimeHorizon) ;
    	double VoltageMagnitude(TimeHorizon) ;
    	double MaxPower(TimeHorizon) ;
    	double MinPower(TimeHorizon) ;
    	uint CostModel ;
    	double StartupCost ;
    	double PowerCostCoeffs(NumberCostCoeffs) ;
    	double LinearTerm ;
    	double MinUpTime ;
    	double MinDownTime ;
    	double InitUpDownTime ;
    	double InertiaCommitment ;

    // group attributes:
    		:type = "ThermalUnitBlock" ;
    data:

     InitialPower = 203.4 ;

     InitialReactivePower = -3.04 ;

     MaxReactivePower = 106.84 ;

     MinReactivePower = -42.56 ;

     VoltageMagnitude = 1.043326 ;

     MaxPower = 240 ;

     MinPower = 0 ;

     CostModel = 1 ;

     StartupCost = 0 ;

     PowerCostCoeffs = 0, 1, 0 ;

     LinearTerm = 1 ;

     MinUpTime = 1 ;

     MinDownTime = 1 ;

     InitUpDownTime = 1 ;

     InertiaCommitment = 1 ;
    } // group UnitBlock_230

  group: UnitBlock_231 {
    dimensions:
    	NumberCostCoeffs = 3 ;
    variables:
    	double InitialPower ;
    	double InitialReactivePower ;
    	double MaxReactivePower(TimeHorizon) ;
    	double MinReactivePower(TimeHorizon) ;
    	double VoltageMagnitude(TimeHorizon) ;
    	double MaxPower(TimeHorizon) ;
    	double MinPower(TimeHorizon) ;
    	uint CostModel ;
    	double StartupCost ;
    	double PowerCostCoeffs(NumberCostCoeffs) ;
    	double LinearTerm ;
    	double MinUpTime ;
    	double MinDownTime ;
    	double InitUpDownTime ;
    	double InertiaCommitment ;

    // group attributes:
    		:type = "ThermalUnitBlock" ;
    data:

     InitialPower = 0 ;

     InitialReactivePower = 3.43 ;

     MaxReactivePower = 17.8 ;

     MinReactivePower = -7.13 ;

     VoltageMagnitude = 1.035451 ;

     MaxPower = 100 ;

     MinPower = 0 ;

     CostModel = 1 ;

     StartupCost = 0 ;

     PowerCostCoeffs = 0, 1, 0 ;

     LinearTerm = 1 ;

     MinUpTime = 1 ;

     MinDownTime = 1 ;

     InitUpDownTime = 1 ;

     InertiaCommitment = 1 ;
    } // group UnitBlock_231

  group: UnitBlock_232 {
    dimensions:
    	NumberCostCoeffs = 3 ;
    variables:
    	double InitialPower ;
    	double InitialReactivePower ;
    	double MaxReactivePower(TimeHorizon) ;
    	double MinReactivePower(TimeHorizon) ;
    	double VoltageMagnitude(TimeHorizon) ;
    	double MaxPower(TimeHorizon) ;
    	double MinPower(TimeHorizon) ;
    	uint CostModel ;
    	double StartupCost ;
    	double PowerCostCoeffs(NumberCostCoeffs) ;
    	double LinearTerm ;
    	double MinUpTime ;
    	double MinDownTime ;
    	double InitUpDownTime ;
    	double InertiaCommitment ;

    // group attributes:
    		:type = "ThermalUnitBlock" ;
    data:

     InitialPower = 1702.2 ;

     InitialReactivePower = 433.08 ;

     MaxReactivePower = 1096.33 ;

     MinReactivePower = -374.64 ;

     VoltageMagnitude = 1.07814 ;

     MaxPower = 2400 ;

     MinPower = 800 ;

     CostModel = 1 ;

     StartupCost = 0 ;

     PowerCostCoeffs = 0, 1, 0 ;

     LinearTerm = 1 ;

     MinUpTime = 1 ;

     MinDownTime = 1 ;

     InitUpDownTime = 1 ;

     InertiaCommitment = 1 ;
    } // group UnitBlock_232

  group: UnitBlock_233 {
    dimensions:
    	NumberCostCoeffs = 3 ;
    variables:
    	double InitialPower ;
    	double InitialReactivePower ;
    	double MaxReactivePower(TimeHorizon) ;
    	double MinReactivePower(TimeHorizon) ;
    	double VoltageMagnitude(TimeHorizon) ;
    	double MaxPower(TimeHorizon) ;
    	double MinPower(TimeHorizon) ;
    	uint CostModel ;
    	double StartupCost ;
    	double PowerCostCoeffs(NumberCostCoeffs) ;
    	double LinearTerm ;
    	double MinUpTime ;
    	double MinDownTime ;
    	double InitUpDownTime ;
    	double InertiaCommitment ;

    // group attributes:
    		:type = "ThermalUnitBlock" ;
    data:

     InitialPower = 517.1 ;

     InitialReactivePower = -58.18 ;

     MaxReactivePower = 474.42 ;

     MinReactivePower = -138.49 ;

     VoltageMagnitude = 1.042925 ;

     MaxPower = 1000 ;

     MinPower = 333.33 ;

     CostModel = 1 ;

     StartupCost = 0 ;

     PowerCostCoeffs = 0, 1, 0 ;

     LinearTerm = 1 ;

     MinUpTime = 1 ;

     MinDownTime = 1 ;

     InitUpDownTime = 1 ;

     InertiaCommitment = 1 ;
    } // group UnitBlock_233

  group: UnitBlock_234 {
    dimensions:
    	NumberCostCoeffs = 3 ;
    variables:
    	double InitialPower ;
    	double InitialReactivePower ;
    	double MaxReactivePower(TimeHorizon) ;
    	double MinReactivePower(TimeHorizon) ;
    	double VoltageMagnitude(TimeHorizon) ;
    	double MaxPower(TimeHorizon) ;
    	double MinPower(TimeHorizon) ;
    	uint CostModel ;
    	double StartupCost ;
    	double PowerCostCoeffs(NumberCostCoeffs) ;
    	double LinearTerm ;
    	double MinUpTime ;
    	double MinDownTime ;
    	double InitUpDownTime ;
    	double InertiaCommitment ;

    // group attributes:
    		:type = "ThermalUnitBlock" ;
    data:

     InitialPower = 0 ;

     InitialReactivePower = -7.13 ;

     MaxReactivePower = 90.21 ;

     MinReactivePower = -34.45 ;

     VoltageMagnitude = 1.039202 ;

     MaxPower = 100 ;

     MinPower = 0 ;

     CostModel = 1 ;

     StartupCost = 0 ;

     PowerCostCoeffs = 0, 1, 0 ;

     LinearTerm = 1 ;

     MinUpTime = 1 ;

     MinDownTime = 1 ;

     InitUpDownTime = 1 ;

     InertiaCommitment = 1 ;
    } // group UnitBlock_234

  group: UnitBlock_235 {
    dimensions:
    	NumberCostCoeffs = 3 ;
    variables:
    	double InitialPower ;
    	double InitialReactivePower ;
    	double MaxReactivePower(TimeHorizon) ;
    	double MinReactivePower(TimeHorizon) ;
    	double VoltageMagnitude(TimeHorizon) ;
    	double MaxPower(TimeHorizon) ;
    	double MinPower(TimeHorizon) ;
    	uint CostModel ;
    	double StartupCost ;
    	double PowerCostCoeffs(NumberCostCoeffs) ;
    	double LinearTerm ;
    	double MinUpTime ;
    	double MinDownTime ;
    	double InitUpDownTime ;
    	double InertiaCommitment ;

    // group attributes:
    		:type = "ThermalUnitBlock" ;
    data:

     InitialPower = 78.8 ;

     InitialReactivePower = 9.58 ;

     MaxReactivePower = 34.16 ;

     MinReactivePower = -15.67 ;

     VoltageMagnitude = 1.04752 ;

     MaxPower = 80 ;

     MinPower = 0 ;

     CostModel = 1 ;

     StartupCost = 0 ;

     PowerCostCoeffs = 0, 1, 0 ;

     LinearTerm = 1 ;

     MinUpTime = 1 ;

     MinDownTime = 1 ;

     InitUpDownTime = 1 ;

     InertiaCommitment = 1 ;
    } // group UnitBlock_235

  group: UnitBlock_236 {
    dimensions:
    	NumberCostCoeffs = 3 ;
    variables:
    	double InitialPower ;
    	double InitialReactivePower ;
    	double MaxReactivePower(TimeHorizon) ;
    	double MinReactivePower(TimeHorizon) ;
    	double VoltageMagnitude(TimeHorizon) ;
    	double MaxPower(TimeHorizon) ;
    	double MinPower(TimeHorizon) ;
    	uint CostModel ;
    	double StartupCost ;
    	double PowerCostCoeffs(NumberCostCoeffs) ;
    	double LinearTerm ;
    	double MinUpTime ;
    	double MinDownTime ;
    	double InitUpDownTime ;
    	double InertiaCommitment ;

    // group attributes:
    		:type = "ThermalUnitBlock" ;
    data:

     InitialPower = 32.3 ;

     InitialReactivePower = -18.17 ;

     MaxReactivePower = 93.03 ;

     MinReactivePower = -31.43 ;

     VoltageMagnitude = 1.053872 ;

     MaxPower = 200 ;

     MinPower = 0 ;

     CostModel = 1 ;

     StartupCost = 0 ;

     PowerCostCoeffs = 0, 1, 0 ;

     LinearTerm = 1 ;

     MinUpTime = 1 ;

     MinDownTime = 1 ;

     InitUpDownTime = 1 ;

     InertiaCommitment = 1 ;
    } // group UnitBlock_236

  group: UnitBlock_237 {
    dimensions:
    	NumberCostCoeffs = 3 ;
    variables:
    	double InitialPower ;
    	double InitialReactivePower ;
    	double MaxReactivePower(TimeHorizon) ;
    	double MinReactivePower(TimeHorizon) ;
    	double VoltageMagnitude(TimeHorizon) ;
    	double MaxPower(TimeHorizon) ;
    	double MinPower(TimeHorizon) ;
    	uint CostModel ;
    	double StartupCost ;
    	double PowerCostCoeffs(NumberCostCoeffs) ;
    	double LinearTerm ;
    	double MinUpTime ;
    	double MinDownTime ;
    	double InitUpDownTime ;
    	double InertiaCommitment ;

    // group attributes:
    		:type = "ThermalUnitBlock" ;
    data:

     InitialPower = 0 ;

     InitialReactivePower = 1.02 ;

     MaxReactivePower = 3.61 ;

     MinReactivePower = -1.69 ;

     VoltageMagnitude = 1.019671 ;

     MaxPower = 100 ;

     MinPower = 0 ;

     CostModel = 1 ;

     StartupCost = 0 ;

     PowerCostCoeffs = 0, 1, 0 ;

     LinearTerm = 1 ;

     MinUpTime = 1 ;

     MinDownTime = 1 ;

     InitUpDownTime = 1 ;

     InertiaCommitment = 1 ;
    } // group UnitBlock_237

  group: UnitBlock_238 {
    dimensions:
    	NumberCostCoeffs = 3 ;
    variables:
    	double InitialPower ;
    	double InitialReactivePower ;
    	double MaxReactivePower(TimeHorizon) ;
    	double MinReactivePower(TimeHorizon) ;
    	double VoltageMagnitude(TimeHorizon) ;
    	double MaxPower(TimeHorizon) ;
    	double MinPower(TimeHorizon) ;
    	uint CostModel ;
    	double StartupCost ;
    	double PowerCostCoeffs(NumberCostCoeffs) ;
    	double LinearTerm ;
    	double MinUpTime ;
    	double MinDownTime ;
    	double InitUpDownTime ;
    	double InertiaCommitment ;

    // group attributes:
    		:type = "ThermalUnitBlock" ;
    data:

     InitialPower = 0 ;

     InitialReactivePower = 20.7 ;

     MaxReactivePower = 51.91 ;

     MinReactivePower = -22.86 ;

     VoltageMagnitude = 1.019727 ;

     MaxPower = 100 ;

     MinPower = 0 ;

     CostModel = 1 ;

     StartupCost = 0 ;

     PowerCostCoeffs = 0, 1, 0 ;

     LinearTerm = 1 ;

     MinUpTime = 1 ;

     MinDownTime = 1 ;

     InitUpDownTime = 1 ;

     InertiaCommitment = 1 ;
    } // group UnitBlock_238

  group: UnitBlock_239 {
    dimensions:
    	NumberCostCoeffs = 3 ;
    variables:
    	double InitialPower ;
    	double InitialReactivePower ;
    	double MaxReactivePower(TimeHorizon) ;
    	double MinReactivePower(TimeHorizon) ;
    	double VoltageMagnitude(TimeHorizon) ;
    	double MaxPower(TimeHorizon) ;
    	double MinPower(TimeHorizon) ;
    	uint CostModel ;
    	double StartupCost ;
    	double PowerCostCoeffs(NumberCostCoeffs) ;
    	double LinearTerm ;
    	double MinUpTime ;
    	double MinDownTime ;
    	double InitUpDownTime ;
    	double InertiaCommitment ;

    // group attributes:
    		:type = "ThermalUnitBlock" ;
    data:

     InitialPower = 0 ;

     InitialReactivePower = 10.82 ;

     MaxReactivePower = 37.4 ;

     MinReactivePower = -12.46 ;

     VoltageMagnitude = 1.049066 ;

     MaxPower = 100 ;

     MinPower = 0 ;

     CostModel = 1 ;

     StartupCost = 0 ;

     PowerCostCoeffs = 0, 1, 0 ;

     LinearTerm = 1 ;

     MinUpTime = 1 ;

     MinDownTime = 1 ;

     InitUpDownTime = 1 ;

     InertiaCommitment = 1 ;
    } // group UnitBlock_239

  group: UnitBlock_240 {
    dimensions:
    	NumberCostCoeffs = 3 ;
    variables:
    	double InitialPower ;
    	double InitialReactivePower ;
    	double MaxReactivePower(TimeHorizon) ;
    	double MinReactivePower(TimeHorizon) ;
    	double VoltageMagnitude(TimeHorizon) ;
    	double MaxPower(TimeHorizon) ;
    	double MinPower(TimeHorizon) ;
    	uint CostModel ;
    	double StartupCost ;
    	double PowerCostCoeffs(NumberCostCoeffs) ;
    	double LinearTerm ;
    	double MinUpTime ;
    	double MinDownTime ;
    	double InitUpDownTime ;
    	double InertiaCommitment ;

    // group attributes:
    		:type = "ThermalUnitBlock" ;
    data:

     InitialPower = 0 ;

     InitialReactivePower = 12.69 ;

     MaxReactivePower = 34.92 ;

     MinReactivePower = -14.96 ;

     VoltageMagnitude = 1.018762 ;

     MaxPower = 100 ;

     MinPower = 0 ;

     CostModel = 1 ;

     StartupCost = 0 ;

     PowerCostCoeffs = 0, 1, 0 ;

     LinearTerm = 1 ;

     MinUpTime = 1 ;

     MinDownTime = 1 ;

     InitUpDownTime = 1 ;

     InertiaCommitment = 1 ;
    } // group UnitBlock_240

  group: UnitBlock_241 {
    dimensions:
    	NumberCostCoeffs = 3 ;
    variables:
    	double InitialPower ;
    	double InitialReactivePower ;
    	double MaxReactivePower(TimeHorizon) ;
    	double MinReactivePower(TimeHorizon) ;
    	double VoltageMagnitude(TimeHorizon) ;
    	double MaxPower(TimeHorizon) ;
    	double MinPower(TimeHorizon) ;
    	uint CostModel ;
    	double StartupCost ;
    	double PowerCostCoeffs(NumberCostCoeffs) ;
    	double LinearTerm ;
    	double MinUpTime ;
    	double MinDownTime ;
    	double InitUpDownTime ;
    	double InertiaCommitment ;

    // group attributes:
    		:type = "ThermalUnitBlock" ;
    data:

     InitialPower = 0 ;

     InitialReactivePower = 0.32 ;

     MaxReactivePower = 54.32 ;

     MinReactivePower = -20.39 ;

     VoltageMagnitude = 1.041975 ;

     MaxPower = 100 ;

     MinPower = 0 ;

     CostModel = 1 ;

     StartupCost = 0 ;

     PowerCostCoeffs = 0, 1, 0 ;

     LinearTerm = 1 ;

     MinUpTime = 1 ;

     MinDownTime = 1 ;

     InitUpDownTime = 1 ;

     InertiaCommitment = 1 ;
    } // group UnitBlock_241

  group: UnitBlock_242 {
    dimensions:
    	NumberCostCoeffs = 3 ;
    variables:
    	double InitialPower ;
    	double InitialReactivePower ;
    	double MaxReactivePower(TimeHorizon) ;
    	double MinReactivePower(TimeHorizon) ;
    	double VoltageMagnitude(TimeHorizon) ;
    	double MaxPower(TimeHorizon) ;
    	double MinPower(TimeHorizon) ;
    	uint CostModel ;
    	double StartupCost ;
    	double PowerCostCoeffs(NumberCostCoeffs) ;
    	double LinearTerm ;
    	double MinUpTime ;
    	double MinDownTime ;
    	double InitUpDownTime ;
    	double InertiaCommitment ;

    // group attributes:
    		:type = "ThermalUnitBlock" ;
    data:

     InitialPower = 1232.6 ;

     InitialReactivePower = 152.55 ;

     MaxReactivePower = 932.68 ;

     MinReactivePower = -293.14 ;

     VoltageMagnitude = 1.054052 ;

     MaxPower = 2000 ;

     MinPower = 666.67 ;

     CostModel = 1 ;

     StartupCost = 0 ;

     PowerCostCoeffs = 0, 1, 0 ;

     LinearTerm = 1 ;

     MinUpTime = 1 ;

     MinDownTime = 1 ;

     InitUpDownTime = 1 ;

     InertiaCommitment = 1 ;
    } // group UnitBlock_242

  group: UnitBlock_243 {
    dimensions:
    	NumberCostCoeffs = 3 ;
    variables:
    	double InitialPower ;
    	double InitialReactivePower ;
    	double MaxReactivePower(TimeHorizon) ;
    	double MinReactivePower(TimeHorizon) ;
    	double VoltageMagnitude(TimeHorizon) ;
    	double MaxPower(TimeHorizon) ;
    	double MinPower(TimeHorizon) ;
    	uint CostModel ;
    	double StartupCost ;
    	double PowerCostCoeffs(NumberCostCoeffs) ;
    	double LinearTerm ;
    	double MinUpTime ;
    	double MinDownTime ;
    	double InitUpDownTime ;
    	double InertiaCommitment ;

    // group attributes:
    		:type = "ThermalUnitBlock" ;
    data:

     InitialPower = 166.2 ;

     InitialReactivePower = -6.14 ;

     MaxReactivePower = 111.7 ;

     MinReactivePower = -37.85 ;

     VoltageMagnitude = 1.054157 ;

     MaxPower = 240 ;

     MinPower = 0 ;

     CostModel = 1 ;

     StartupCost = 0 ;

     PowerCostCoeffs = 0, 1, 0 ;

     LinearTerm = 1 ;

     MinUpTime = 1 ;

     MinDownTime = 1 ;

     InitUpDownTime = 1 ;

     InertiaCommitment = 1 ;
    } // group UnitBlock_243

  group: UnitBlock_244 {
    dimensions:
    	NumberCostCoeffs = 3 ;
    variables:
    	double InitialPower ;
    	double InitialReactivePower ;
    	double MaxReactivePower(TimeHorizon) ;
    	double MinReactivePower(TimeHorizon) ;
    	double VoltageMagnitude(TimeHorizon) ;
    	double MaxPower(TimeHorizon) ;
    	double MinPower(TimeHorizon) ;
    	uint CostModel ;
    	double StartupCost ;
    	double PowerCostCoeffs(NumberCostCoeffs) ;
    	double LinearTerm ;
    	double MinUpTime ;
    	double MinDownTime ;
    	double InitUpDownTime ;
    	double InertiaCommitment ;

    // group attributes:
    		:type = "ThermalUnitBlock" ;
    data:

     InitialPower = 0 ;

     InitialReactivePower = 3.53 ;

     MaxReactivePower = 35.84 ;

     MinReactivePower = -14.07 ;

     VoltageMagnitude = 1.05109 ;

     MaxPower = 100 ;

     MinPower = 0 ;

     CostModel = 1 ;

     StartupCost = 0 ;

     PowerCostCoeffs = 0, 1, 0 ;

     LinearTerm = 1 ;

     MinUpTime = 1 ;

     MinDownTime = 1 ;

     InitUpDownTime = 1 ;

     InertiaCommitment = 1 ;
    } // group UnitBlock_244

  group: UnitBlock_245 {
    dimensions:
    	NumberCostCoeffs = 3 ;
    variables:
    	double InitialPower ;
    	double InitialReactivePower ;
    	double MaxReactivePower(TimeHorizon) ;
    	double MinReactivePower(TimeHorizon) ;
    	double VoltageMagnitude(TimeHorizon) ;
    	double MaxPower(TimeHorizon) ;
    	double MinPower(TimeHorizon) ;
    	uint CostModel ;
    	double StartupCost ;
    	double PowerCostCoeffs(NumberCostCoeffs) ;
    	double LinearTerm ;
    	double MinUpTime ;
    	double MinDownTime ;
    	double InitUpDownTime ;
    	double InertiaCommitment ;

    // group attributes:
    		:type = "ThermalUnitBlock" ;
    data:

     InitialPower = 44.66 ;

     InitialReactivePower = -2.57 ;

     MaxReactivePower = 76.87 ;

     MinReactivePower = -22.75 ;

     VoltageMagnitude = 1.050791 ;

     MaxPower = 160 ;

     MinPower = 0 ;

     CostModel = 1 ;

     StartupCost = 0 ;

     PowerCostCoeffs = 0, 1, 0 ;

     LinearTerm = 1 ;

     MinUpTime = 1 ;

     MinDownTime = 1 ;

     InitUpDownTime = 1 ;

     InertiaCommitment = 1 ;
    } // group UnitBlock_245

  group: UnitBlock_246 {
    dimensions:
    	NumberCostCoeffs = 3 ;
    variables:
    	double InitialPower ;
    	double InitialReactivePower ;
    	double MaxReactivePower(TimeHorizon) ;
    	double MinReactivePower(TimeHorizon) ;
    	double VoltageMagnitude(TimeHorizon) ;
    	double MaxPower(TimeHorizon) ;
    	double MinPower(TimeHorizon) ;
    	uint CostModel ;
    	double StartupCost ;
    	double PowerCostCoeffs(NumberCostCoeffs) ;
    	double LinearTerm ;
    	double MinUpTime ;
    	double MinDownTime ;
    	double InitUpDownTime ;
    	double InertiaCommitment ;

    // group attributes:
    		:type = "ThermalUnitBlock" ;
    data:

     InitialPower = 1232.6 ;

     InitialReactivePower = 140.05 ;

     MaxReactivePower = 932.68 ;

     MinReactivePower = -293.14 ;

     VoltageMagnitude = 1.053844 ;

     MaxPower = 2000 ;

     MinPower = 666.67 ;

     CostModel = 1 ;

     StartupCost = 0 ;

     PowerCostCoeffs = 0, 1, 0 ;

     LinearTerm = 1 ;

     MinUpTime = 1 ;

     MinDownTime = 1 ;

     InitUpDownTime = 1 ;

     InertiaCommitment = 1 ;
    } // group UnitBlock_246

  group: UnitBlock_247 {
    dimensions:
    	NumberCostCoeffs = 3 ;
    variables:
    	double InitialPower ;
    	double InitialReactivePower ;
    	double MaxReactivePower(TimeHorizon) ;
    	double MinReactivePower(TimeHorizon) ;
    	double VoltageMagnitude(TimeHorizon) ;
    	double MaxPower(TimeHorizon) ;
    	double MinPower(TimeHorizon) ;
    	uint CostModel ;
    	double StartupCost ;
    	double PowerCostCoeffs(NumberCostCoeffs) ;
    	double LinearTerm ;
    	double MinUpTime ;
    	double MinDownTime ;
    	double InitUpDownTime ;
    	double InertiaCommitment ;

    // group attributes:
    		:type = "ThermalUnitBlock" ;
    data:

     InitialPower = 17 ;

     InitialReactivePower = -1.08 ;

     MaxReactivePower = 28.99 ;

     MinReactivePower = -28.41 ;

     VoltageMagnitude = 1.020268 ;

     MaxPower = 86.73 ;

     MinPower = 0 ;

     CostModel = 1 ;

     StartupCost = 0 ;

     PowerCostCoeffs = 0, 1, 0 ;

     LinearTerm = 1 ;

     MinUpTime = 1 ;

     MinDownTime = 1 ;

     InitUpDownTime = 1 ;

     InertiaCommitment = 1 ;
    } // group UnitBlock_247

  group: UnitBlock_248 {
    dimensions:
    	NumberCostCoeffs = 3 ;
    variables:
    	double InitialPower ;
    	double InitialReactivePower ;
    	double MaxReactivePower(TimeHorizon) ;
    	double MinReactivePower(TimeHorizon) ;
    	double VoltageMagnitude(TimeHorizon) ;
    	double MaxPower(TimeHorizon) ;
    	double MinPower(TimeHorizon) ;
    	uint CostModel ;
    	double StartupCost ;
    	double PowerCostCoeffs(NumberCostCoeffs) ;
    	double LinearTerm ;
    	double MinUpTime ;
    	double MinDownTime ;
    	double InitUpDownTime ;
    	double InertiaCommitment ;

    // group attributes:
    		:type = "ThermalUnitBlock" ;
    data:

     InitialPower = 0 ;

     InitialReactivePower = 7.67 ;

     MaxReactivePower = 38.23 ;

     MinReactivePower = -11.61 ;

     VoltageMagnitude = 1.047268 ;

     MaxPower = 100 ;

     MinPower = 0 ;

     CostModel = 1 ;

     StartupCost = 0 ;

     PowerCostCoeffs = 0, 1, 0 ;

     LinearTerm = 1 ;

     MinUpTime = 1 ;

     MinDownTime = 1 ;

     InitUpDownTime = 1 ;

     InertiaCommitment = 1 ;
    } // group UnitBlock_248

  group: UnitBlock_249 {
    dimensions:
    	NumberCostCoeffs = 3 ;
    variables:
    	double InitialPower ;
    	double InitialReactivePower ;
    	double MaxReactivePower(TimeHorizon) ;
    	double MinReactivePower(TimeHorizon) ;
    	double VoltageMagnitude(TimeHorizon) ;
    	double MaxPower(TimeHorizon) ;
    	double MinPower(TimeHorizon) ;
    	uint CostModel ;
    	double StartupCost ;
    	double PowerCostCoeffs(NumberCostCoeffs) ;
    	double LinearTerm ;
    	double MinUpTime ;
    	double MinDownTime ;
    	double InitUpDownTime ;
    	double InertiaCommitment ;

    // group attributes:
    		:type = "ThermalUnitBlock" ;
    data:

     InitialPower = 0 ;

     InitialReactivePower = -11.18 ;

     MaxReactivePower = 53.52 ;

     MinReactivePower = -50.38 ;

     VoltageMagnitude = 1.035459 ;

     MaxPower = 100 ;

     MinPower = 0 ;

     CostModel = 1 ;

     StartupCost = 0 ;

     PowerCostCoeffs = 0, 1, 0 ;

     LinearTerm = 1 ;

     MinUpTime = 1 ;

     MinDownTime = 1 ;

     InitUpDownTime = 1 ;

     InertiaCommitment = 1 ;
    } // group UnitBlock_249

  group: UnitBlock_250 {
    dimensions:
    	NumberCostCoeffs = 3 ;
    variables:
    	double InitialPower ;
    	double InitialReactivePower ;
    	double MaxReactivePower(TimeHorizon) ;
    	double MinReactivePower(TimeHorizon) ;
    	double VoltageMagnitude(TimeHorizon) ;
    	double MaxPower(TimeHorizon) ;
    	double MinPower(TimeHorizon) ;
    	uint CostModel ;
    	double StartupCost ;
    	double PowerCostCoeffs(NumberCostCoeffs) ;
    	double LinearTerm ;
    	double MinUpTime ;
    	double MinDownTime ;
    	double InitUpDownTime ;
    	double InertiaCommitment ;

    // group attributes:
    		:type = "ThermalUnitBlock" ;
    data:

     InitialPower = 110 ;

     InitialReactivePower = 15.22 ;

     MaxReactivePower = 95.65 ;

     MinReactivePower = -28.95 ;

     VoltageMagnitude = 1.046972 ;

     MaxPower = 200 ;

     MinPower = 0 ;

     CostModel = 1 ;

     StartupCost = 0 ;

     PowerCostCoeffs = 0, 1, 0 ;

     LinearTerm = 1 ;

     MinUpTime = 1 ;

     MinDownTime = 1 ;

     InitUpDownTime = 1 ;

     InertiaCommitment = 1 ;
    } // group UnitBlock_250

  group: UnitBlock_251 {
    dimensions:
    	NumberCostCoeffs = 3 ;
    variables:
    	double InitialPower ;
    	double InitialReactivePower ;
    	double MaxReactivePower(TimeHorizon) ;
    	double MinReactivePower(TimeHorizon) ;
    	double VoltageMagnitude(TimeHorizon) ;
    	double MaxPower(TimeHorizon) ;
    	double MinPower(TimeHorizon) ;
    	uint CostModel ;
    	double StartupCost ;
    	double PowerCostCoeffs(NumberCostCoeffs) ;
    	double LinearTerm ;
    	double MinUpTime ;
    	double MinDownTime ;
    	double InitUpDownTime ;
    	double InertiaCommitment ;

    // group attributes:
    		:type = "ThermalUnitBlock" ;
    data:

     InitialPower = 78.2 ;

     InitialReactivePower = -5.23 ;

     MaxReactivePower = 107.59 ;

     MinReactivePower = -101.48 ;

     VoltageMagnitude = 0.997131 ;

     MaxPower = 317.09 ;

     MinPower = 0 ;

     CostModel = 1 ;

     StartupCost = 0 ;

     PowerCostCoeffs = 0, 1, 0 ;

     LinearTerm = 1 ;

     MinUpTime = 1 ;

     MinDownTime = 1 ;

     InitUpDownTime = 1 ;

     InertiaCommitment = 1 ;
    } // group UnitBlock_251

  group: UnitBlock_252 {
    dimensions:
    	NumberCostCoeffs = 3 ;
    variables:
    	double InitialPower ;
    	double InitialReactivePower ;
    	double MaxReactivePower(TimeHorizon) ;
    	double MinReactivePower(TimeHorizon) ;
    	double VoltageMagnitude(TimeHorizon) ;
    	double MaxPower(TimeHorizon) ;
    	double MinPower(TimeHorizon) ;
    	uint CostModel ;
    	double StartupCost ;
    	double PowerCostCoeffs(NumberCostCoeffs) ;
    	double LinearTerm ;
    	double MinUpTime ;
    	double MinDownTime ;
    	double InitUpDownTime ;
    	double InertiaCommitment ;

    // group attributes:
    		:type = "ThermalUnitBlock" ;
    data:

     InitialPower = 369.6 ;

     InitialReactivePower = 48.34 ;

     MaxReactivePower = 198.07 ;

     MinReactivePower = -76.34 ;

     VoltageMagnitude = 1.040924 ;

     MaxPower = 440 ;

     MinPower = 146.67 ;

     CostModel = 1 ;

     StartupCost = 0 ;

     PowerCostCoeffs = 0, 1, 0 ;

     LinearTerm = 1 ;

     MinUpTime = 1 ;

     MinDownTime = 1 ;

     InitUpDownTime = 1 ;

     InertiaCommitment = 1 ;
    } // group UnitBlock_252

  group: UnitBlock_253 {
    dimensions:
    	NumberCostCoeffs = 3 ;
    variables:
    	double InitialPower ;
    	double InitialReactivePower ;
    	double MaxReactivePower(TimeHorizon) ;
    	double MinReactivePower(TimeHorizon) ;
    	double VoltageMagnitude(TimeHorizon) ;
    	double MaxPower(TimeHorizon) ;
    	double MinPower(TimeHorizon) ;
    	uint CostModel ;
    	double StartupCost ;
    	double PowerCostCoeffs(NumberCostCoeffs) ;
    	double LinearTerm ;
    	double MinUpTime ;
    	double MinDownTime ;
    	double InitUpDownTime ;
    	double InertiaCommitment ;

    // group attributes:
    		:type = "ThermalUnitBlock" ;
    data:

     InitialPower = 698.8 ;

     InitialReactivePower = 0.54 ;

     MaxReactivePower = 442.99 ;

     MinReactivePower = -169.92 ;

     VoltageMagnitude = 1.02885 ;

     MaxPower = 1000 ;

     MinPower = 333.33 ;

     CostModel = 1 ;

     StartupCost = 0 ;

     PowerCostCoeffs = 0, 1, 0 ;

     LinearTerm = 1 ;

     MinUpTime = 1 ;

     MinDownTime = 1 ;

     InitUpDownTime = 1 ;

     InertiaCommitment = 1 ;
    } // group UnitBlock_253

  group: UnitBlock_254 {
    dimensions:
    	NumberCostCoeffs = 3 ;
    variables:
    	double InitialPower ;
    	double InitialReactivePower ;
    	double MaxReactivePower(TimeHorizon) ;
    	double MinReactivePower(TimeHorizon) ;
    	double VoltageMagnitude(TimeHorizon) ;
    	double MaxPower(TimeHorizon) ;
    	double MinPower(TimeHorizon) ;
    	uint CostModel ;
    	double StartupCost ;
    	double PowerCostCoeffs(NumberCostCoeffs) ;
    	double LinearTerm ;
    	double MinUpTime ;
    	double MinDownTime ;
    	double InitUpDownTime ;
    	double InertiaCommitment ;

    // group attributes:
    		:type = "ThermalUnitBlock" ;
    data:

     InitialPower = 0 ;

     InitialReactivePower = -1.6 ;

     MaxReactivePower = 18.65 ;

     MinReactivePower = -14.16 ;

     VoltageMagnitude = 1.046626 ;

     MaxPower = 100 ;

     MinPower = 0 ;

     CostModel = 1 ;

     StartupCost = 0 ;

     PowerCostCoeffs = 0, 1, 0 ;

     LinearTerm = 1 ;

     MinUpTime = 1 ;

     MinDownTime = 1 ;

     InitUpDownTime = 1 ;

     InertiaCommitment = 1 ;
    } // group UnitBlock_254

  group: UnitBlock_255 {
    dimensions:
    	NumberCostCoeffs = 3 ;
    variables:
    	double InitialPower ;
    	double InitialReactivePower ;
    	double MaxReactivePower(TimeHorizon) ;
    	double MinReactivePower(TimeHorizon) ;
    	double VoltageMagnitude(TimeHorizon) ;
    	double MaxPower(TimeHorizon) ;
    	double MinPower(TimeHorizon) ;
    	uint CostModel ;
    	double StartupCost ;
    	double PowerCostCoeffs(NumberCostCoeffs) ;
    	double LinearTerm ;
    	double MinUpTime ;
    	double MinDownTime ;
    	double InitUpDownTime ;
    	double InertiaCommitment ;

    // group attributes:
    		:type = "ThermalUnitBlock" ;
    data:

     InitialPower = 42.7 ;

     InitialReactivePower = 18.81 ;

     MaxReactivePower = 335.96 ;

     MinReactivePower = -93.23 ;

     VoltageMagnitude = 1.049768 ;

     MaxPower = 100 ;

     MinPower = 28.47 ;

     CostModel = 1 ;

     StartupCost = 0 ;

     PowerCostCoeffs = 0, 1, 0 ;

     LinearTerm = 1 ;

     MinUpTime = 1 ;

     MinDownTime = 1 ;

     InitUpDownTime = 1 ;

     InertiaCommitment = 1 ;
    } // group UnitBlock_255

  group: UnitBlock_256 {
    dimensions:
    	NumberCostCoeffs = 3 ;
    variables:
    	double InitialPower ;
    	double InitialReactivePower ;
    	double MaxReactivePower(TimeHorizon) ;
    	double MinReactivePower(TimeHorizon) ;
    	double VoltageMagnitude(TimeHorizon) ;
    	double MaxPower(TimeHorizon) ;
    	double MinPower(TimeHorizon) ;
    	uint CostModel ;
    	double StartupCost ;
    	double PowerCostCoeffs(NumberCostCoeffs) ;
    	double LinearTerm ;
    	double MinUpTime ;
    	double MinDownTime ;
    	double InitUpDownTime ;
    	double InertiaCommitment ;

    // group attributes:
    		:type = "ThermalUnitBlock" ;
    data:

     InitialPower = 0 ;

     InitialReactivePower = 28.17 ;

     MaxReactivePower = 73.19 ;

     MinReactivePower = -26.48 ;

     VoltageMagnitude = 1.049624 ;

     MaxPower = 100 ;

     MinPower = 0 ;

     CostModel = 1 ;

     StartupCost = 0 ;

     PowerCostCoeffs = 0, 1, 0 ;

     LinearTerm = 1 ;

     MinUpTime = 1 ;

     MinDownTime = 1 ;

     InitUpDownTime = 1 ;

     InertiaCommitment = 1 ;
    } // group UnitBlock_256

  group: UnitBlock_257 {
    dimensions:
    	NumberCostCoeffs = 3 ;
    variables:
    	double InitialPower ;
    	double InitialReactivePower ;
    	double MaxReactivePower(TimeHorizon) ;
    	double MinReactivePower(TimeHorizon) ;
    	double VoltageMagnitude(TimeHorizon) ;
    	double MaxPower(TimeHorizon) ;
    	double MinPower(TimeHorizon) ;
    	uint CostModel ;
    	double StartupCost ;
    	double PowerCostCoeffs(NumberCostCoeffs) ;
    	double LinearTerm ;
    	double MinUpTime ;
    	double MinDownTime ;
    	double InitUpDownTime ;
    	double InertiaCommitment ;

    // group attributes:
    		:type = "ThermalUnitBlock" ;
    data:

     InitialPower = 860.8 ;

     InitialReactivePower = 117.32 ;

     MaxReactivePower = 439.38 ;

     MinReactivePower = -173.28 ;

     VoltageMagnitude = 1.037969 ;

     MaxPower = 1000 ;

     MinPower = 333.33 ;

     CostModel = 1 ;

     StartupCost = 0 ;

     PowerCostCoeffs = 0, 1, 0 ;

     LinearTerm = 1 ;

     MinUpTime = 1 ;

     MinDownTime = 1 ;

     InitUpDownTime = 1 ;

     InertiaCommitment = 1 ;
    } // group UnitBlock_257

  group: UnitBlock_258 {
    dimensions:
    	NumberCostCoeffs = 3 ;
    variables:
    	double InitialPower ;
    	double InitialReactivePower ;
    	double MaxReactivePower(TimeHorizon) ;
    	double MinReactivePower(TimeHorizon) ;
    	double VoltageMagnitude(TimeHorizon) ;
    	double MaxPower(TimeHorizon) ;
    	double MinPower(TimeHorizon) ;
    	uint CostModel ;
    	double StartupCost ;
    	double PowerCostCoeffs(NumberCostCoeffs) ;
    	double LinearTerm ;
    	double MinUpTime ;
    	double MinDownTime ;
    	double InitUpDownTime ;
    	double InertiaCommitment ;

    // group attributes:
    		:type = "ThermalUnitBlock" ;
    data:

     InitialPower = 0 ;

     InitialReactivePower = 142.7 ;

     MaxReactivePower = 175 ;

     MinReactivePower = -49.16 ;

     VoltageMagnitude = 1.03623 ;

     MaxPower = 100 ;

     MinPower = 0 ;

     CostModel = 1 ;

     StartupCost = 0 ;

     PowerCostCoeffs = 0, 1, 0 ;

     LinearTerm = 1 ;

     MinUpTime = 1 ;

     MinDownTime = 1 ;

     InitUpDownTime = 1 ;

     InertiaCommitment = 1 ;
    } // group UnitBlock_258

  group: UnitBlock_259 {
    dimensions:
    	NumberCostCoeffs = 3 ;
    variables:
    	double InitialPower ;
    	double InitialReactivePower ;
    	double MaxReactivePower(TimeHorizon) ;
    	double MinReactivePower(TimeHorizon) ;
    	double VoltageMagnitude(TimeHorizon) ;
    	double MaxPower(TimeHorizon) ;
    	double MinPower(TimeHorizon) ;
    	uint CostModel ;
    	double StartupCost ;
    	double PowerCostCoeffs(NumberCostCoeffs) ;
    	double LinearTerm ;
    	double MinUpTime ;
    	double MinDownTime ;
    	double InitUpDownTime ;
    	double InertiaCommitment ;

    // group attributes:
    		:type = "ThermalUnitBlock" ;
    data:

     InitialPower = 72 ;

     InitialReactivePower = 7.71 ;

     MaxReactivePower = 77.69 ;

     MinReactivePower = -21.97 ;

     VoltageMagnitude = 1.061189 ;

     MaxPower = 160 ;

     MinPower = 0 ;

     CostModel = 1 ;

     StartupCost = 0 ;

     PowerCostCoeffs = 0, 1, 0 ;

     LinearTerm = 1 ;

     MinUpTime = 1 ;

     MinDownTime = 1 ;

     InitUpDownTime = 1 ;

     InertiaCommitment = 1 ;
    } // group UnitBlock_259
  } // group Block_0
}
