netcdf case2848rte {

// global attributes:
		:SMS++_file_type = 1 ;

group: Block_0 {
  dimensions:
  	NumberElectricalGenerators = 548 ;
  	NumberNodes = 2848 ;
  	NumberLines = 3776 ;
  	TimeHorizon = 1 ;
  	NumberUnits = 548 ;
  variables:
  	uint GeneratorNode(NumberElectricalGenerators) ;
  	double ActivePowerDemand(NumberNodes, TimeHorizon) ;
  	uint StartLine(NumberLines) ;
  	uint EndLine(NumberLines) ;
  	double MinPowerFlow(NumberLines) ;
  	double MaxPowerFlow(NumberLines) ;
  	double Susceptance(NumberLines) ;

  // group attributes:
  		:type = "UCBlock" ;
  		:id = "0" ;
  data:

   GeneratorNode = 1278, 1209, 750, 977, 977, 157, 1216, 366, 1126, 459, 967, 
      1826, 1465, 2862, 1465, 2862, 1071, 1071, 1071, 641, 641, 541, 772, 
      398, 398, 20, 20, 898, 898, 2617, 2617, 284, 284, 134, 52, 52, 595, 
      957, 1678, 1678, 1156, 512, 512, 370, 370, 975, 975, 2753, 748, 1187, 
      1253, 251, 251, 251, 251, 503, 114, 966, 1641, 1810, 2633, 325, 1828, 
      1313, 70, 92, 128, 1593, 1593, 1353, 1132, 1404, 2849, 2848, 1121, 
      1707, 1707, 1657, 2883, 1153, 230, 2886, 2887, 2888, 1665, 498, 498, 
      498, 2708, 708, 2709, 2707, 1279, 1492, 744, 2726, 1444, 563, 1046, 
      1046, 1334, 2623, 297, 297, 2624, 2624, 2623, 2946, 2717, 2719, 740, 
      2718, 2720, 282, 1505, 1505, 1846, 1397, 1397, 224, 224, 1606, 313, 
      2679, 581, 2977, 2976, 239, 1654, 1654, 1149, 1446, 905, 1473, 1473, 
      1473, 962, 961, 922, 1152, 1152, 273, 273, 1775, 1775, 183, 1656, 1656, 
      1760, 1760, 1867, 1867, 730, 2714, 1262, 1262, 160, 603, 917, 1759, 
      1759, 1413, 1413, 661, 2696, 2695, 1345, 1345, 2621, 2621, 290, 1489, 
      1670, 1614, 1680, 417, 2657, 417, 2657, 460, 30, 235, 235, 1753, 1753, 
      1753, 897, 897, 119, 548, 76, 123, 123, 551, 1857, 133, 1203, 1203, 
      640, 640, 915, 1316, 1316, 1609, 1609, 270, 1122, 299, 647, 1629, 1629, 
      1629, 1603, 1801, 2916, 2920, 2917, 2920, 2919, 2918, 1801, 2916, 2918, 
      2917, 2919, 945, 1575, 334, 334, 334, 334, 2931, 1872, 2930, 2760, 
      2758, 2759, 2757, 882, 2756, 630, 1354, 1150, 2801, 2968, 2802, 312, 
      1572, 1293, 2577, 2577, 1175, 1175, 1781, 625, 145, 261, 261, 261, 261, 
      818, 1535, 1535, 18, 837, 837, 518, 518, 274, 481, 875, 875, 875, 304, 
      304, 2627, 2627, 2627, 2627, 1455, 1797, 425, 1713, 743, 743, 1260, 
      1260, 1260, 1260, 1260, 974, 974, 1705, 1159, 1159, 234, 2612, 2612, 
      258, 258, 2613, 2613, 1219, 1219, 1147, 1068, 1068, 1068, 1814, 1814, 
      1045, 1605, 75, 1611, 1275, 1275, 1395, 1395, 1287, 488, 488, 488, 
      1677, 1613, 219, 132, 171, 1265, 876, 876, 696, 696, 1180, 1180, 1163, 
      1163, 309, 309, 2249, 2250, 2252, 2253, 2254, 2256, 2257, 2259, 2260, 
      2261, 2262, 2265, 2266, 2268, 2269, 2270, 2271, 2272, 2273, 2274, 2275, 
      2276, 2277, 2278, 2279, 2280, 2281, 2282, 2283, 2285, 2288, 2292, 2293, 
      2294, 2295, 2296, 2297, 2298, 2299, 2300, 2301, 2302, 2303, 2305, 2306, 
      2308, 2309, 2310, 2311, 2312, 2313, 2314, 2315, 2316, 2318, 2319, 2320, 
      2321, 2322, 2323, 2324, 2325, 2326, 2327, 2328, 2329, 2330, 2335, 2336, 
      2337, 2338, 2339, 2340, 2341, 2342, 2343, 2344, 2347, 2348, 2349, 2350, 
      2351, 2352, 2353, 2354, 2355, 2356, 2357, 2358, 2359, 2360, 2361, 2362, 
      2363, 2364, 2365, 2367, 2369, 2370, 2371, 2372, 2373, 2374, 2375, 2376, 
      2377, 2378, 2379, 2380, 2384, 2385, 2388, 2389, 2390, 2391, 2392, 2393, 
      2394, 2395, 2400, 2401, 2402, 2403, 2405, 2407, 2408, 2409, 2411, 2412, 
      2413, 2414, 2415, 2416, 2417, 2418, 2419, 2420, 2421, 2422, 2423, 2426, 
      2427, 2428, 2430, 2431, 2433, 2434, 2436, 2437, 2438, 2439, 2440, 2441, 
      2442, 2443, 2444, 2445, 2446, 2447, 2448, 2449, 2451, 2452, 2453, 2454, 
      2456, 2457, 2459, 2460, 2461, 2462, 2463, 2464, 2469, 2470, 2471, 2472, 
      2480, 2483, 2489, 2495, 2497, 2498, 2499, 2500, 2501, 2502, 2507, 2508, 
      2512, 2513, 2515, 2516, 2517, 2518, 2519, 2520, 2521, 2526, 2527, 2528, 
      2529, 2530, 2531, 2532, 2533, 2534, 2536, 2537, 1758 ;

   ActivePowerDemand =
  20.6,
  20.9,
  0,
  0,
  0.4,
  -2.3,
  110.5,
  44.7,
  0,
  0,
  0,
  31.7,
  43.7,
  0,
  0,
  -4.1,
  9,
  120,
  35,
  45,
  0,
  77.3,
  48.4,
  4.6,
  33.3,
  0,
  0,
  18,
  1,
  22,
  -2.1,
  39.1,
  7.1,
  3.5,
  7.7,
  12.1,
  2.4,
  -0,
  26,
  0.7,
  9.3,
  78.4,
  25.1,
  80.4,
  37.8,
  0,
  29,
  97.4,
  0,
  0,
  21.3,
  -0.3,
  11.6,
  9.3,
  0,
  66.6,
  0,
  53.9,
  7.9,
  0,
  40.5,
  0,
  80.2,
  0,
  35.3,
  58.9,
  5.5,
  0.6,
  28.6,
  0,
  39.6,
  0,
  12.5,
  0,
  0.4,
  42.5,
  4.2,
  139.3,
  83.7,
  0,
  0,
  0,
  0,
  15.2,
  0,
  5.7,
  7.8,
  14,
  7.1,
  0,
  59.6,
  27.8,
  61.1,
  0,
  31.8,
  22.8,
  2.1,
  30.5,
  32,
  0,
  0,
  89.3,
  6.4,
  0,
  37.7,
  33.4,
  0,
  9,
  35.8,
  16.5,
  28.6,
  14.5,
  7.3,
  6.4,
  0,
  0,
  0,
  45.6,
  19.1,
  10.1,
  0,
  0,
  8.4,
  39.7,
  0,
  0,
  62.2,
  2.2,
  12.3,
  5,
  30,
  11.7,
  51.9,
  2.6,
  38,
  24,
  0,
  8,
  9.9,
  77.1,
  21.2,
  -0,
  0,
  0,
  0,
  17.1,
  18.2,
  -13.2,
  0,
  81.2,
  9.6,
  0,
  -8.9,
  -10.6,
  14.1,
  11.3,
  9.4,
  0,
  0,
  11.1,
  7.2,
  20.9,
  33.4,
  61.8,
  0,
  0,
  0,
  0,
  0,
  61.8,
  0,
  9.8,
  0,
  88.2,
  0,
  23.8,
  18.2,
  0.4,
  18.7,
  19.2,
  4,
  0,
  2.8,
  0,
  68.7,
  70.9,
  35.7,
  66.9,
  10.2,
  22.5,
  3.1,
  103.9,
  -0,
  46.9,
  0,
  83.4,
  0,
  0,
  0,
  0,
  -0.3,
  -0.2,
  0,
  0,
  0,
  12.8,
  -3.5,
  0,
  0,
  0,
  0,
  0,
  0,
  0,
  8.4,
  34.1,
  29.2,
  11.4,
  0,
  0,
  0,
  0,
  3.7,
  0,
  152.4,
  29.9,
  35,
  24.1,
  0,
  0,
  36.8,
  20.4,
  0,
  0,
  6.2,
  9.6,
  25.7,
  0,
  26.5,
  0,
  0,
  0,
  0,
  1.5,
  101.1,
  0,
  0,
  17.3,
  0,
  21.6,
  0,
  0,
  0,
  0,
  60.6,
  0,
  0,
  6.2,
  0,
  0,
  0,
  0,
  11.4,
  9,
  0,
  1.2,
  37.3,
  0,
  26.3,
  13.4,
  34.2,
  0,
  9.9,
  29.3,
  94.1,
  31.6,
  20.3,
  0,
  0,
  0,
  0,
  6,
  17.4,
  9.4,
  4.2,
  62.1,
  5.5,
  -2.8,
  -2.8,
  8.3,
  0,
  0,
  0,
  19.3,
  0,
  0,
  0,
  0,
  0,
  50,
  13.9,
  19,
  17.5,
  10.8,
  134,
  15.2,
  0,
  0,
  15.8,
  28.5,
  59.2,
  0,
  40.2,
  15.7,
  0,
  0,
  9.7,
  11.5,
  15.4,
  0,
  32.8,
  54.5,
  0,
  0,
  0,
  0,
  158.8,
  0,
  0,
  0,
  76.7,
  33.8,
  67.1,
  19.6,
  0,
  0,
  0,
  0,
  0,
  0,
  0,
  39.3,
  7.2,
  55.3,
  0,
  0,
  0,
  0,
  0,
  8.3,
  62,
  1.1,
  -0,
  9.6,
  11.1,
  0,
  0,
  50.9,
  13.1,
  22.3,
  1.5,
  -0,
  1.6,
  0,
  0,
  0,
  0,
  1.2,
  0,
  -0.6,
  11.8,
  20.8,
  17.6,
  94.8,
  0,
  42,
  0,
  19.1,
  21.8,
  17.2,
  -1.4,
  8.1,
  0,
  -0.1,
  29.3,
  22.9,
  17.9,
  35.4,
  16.2,
  20.6,
  0.7,
  -8.9,
  0,
  89.4,
  40.6,
  33,
  5.7,
  0,
  25.6,
  9.4,
  25.4,
  12.5,
  -53.5,
  47.2,
  0,
  21.4,
  16.2,
  7.9,
  0,
  0,
  0,
  0,
  0,
  32.1,
  -0.8,
  81.7,
  11.4,
  20,
  0,
  0,
  0,
  0,
  0,
  0,
  3.4,
  4.8,
  0,
  0,
  78.5,
  96.4,
  16.4,
  89.4,
  29.3,
  0,
  0,
  0,
  196.9,
  0,
  0,
  49.6,
  0,
  151.7,
  0.2,
  0,
  152.6,
  -3.5,
  -0,
  7,
  0.9,
  25.5,
  8.5,
  0,
  0,
  0,
  0,
  0.3,
  0,
  0,
  0,
  24.4,
  69,
  24.8,
  17.8,
  10.6,
  54.6,
  0,
  96.5,
  0,
  0,
  0,
  11,
  0,
  167.4,
  0,
  35.1,
  0,
  0,
  4.8,
  0,
  0,
  0,
  168.9,
  -30.5,
  -8.5,
  28.8,
  0,
  0,
  0,
  0,
  89.2,
  27.7,
  6.6,
  24.9,
  0,
  1.4,
  0,
  49.2,
  32.7,
  26.4,
  0,
  0,
  0,
  0,
  2.5,
  134.5,
  9.6,
  40.9,
  10.2,
  -0,
  -4.7,
  -0,
  79.2,
  18.1,
  18.1,
  56.8,
  2.9,
  11.4,
  95.8,
  30.3,
  22.5,
  23.1,
  118.2,
  24.8,
  54.2,
  18.3,
  18,
  169.8,
  0,
  5.1,
  205.5,
  -3.6,
  0.7,
  9.2,
  0.6,
  5.2,
  0,
  30.9,
  43.2,
  100,
  33.6,
  93.2,
  0,
  1.3,
  0,
  94.7,
  25.3,
  57.2,
  0,
  0,
  0,
  0,
  14,
  -0.5,
  0,
  7.1,
  7,
  49.1,
  0.1,
  0,
  17.1,
  0,
  0,
  0,
  0,
  29.8,
  4.2,
  89.1,
  -5.2,
  13.4,
  33.7,
  51.3,
  0.2,
  0,
  35.9,
  0,
  23.4,
  62.3,
  0,
  0,
  0,
  33.4,
  28.1,
  8.6,
  0,
  46.7,
  -0.6,
  0,
  1.8,
  0,
  0,
  0,
  0,
  0,
  9,
  21.5,
  0,
  0,
  0,
  0.6,
  23.2,
  1.8,
  14.6,
  17,
  0,
  77.9,
  0,
  14.3,
  0,
  0,
  19,
  60,
  36.1,
  0,
  0,
  10.1,
  130.2,
  -10.5,
  0,
  0,
  0,
  41.3,
  35.7,
  87.8,
  4.9,
  29.9,
  0,
  23.6,
  146.1,
  0,
  3,
  21.3,
  -1.8,
  6.4,
  35.4,
  -3,
  0,
  -0,
  0.3,
  0,
  0,
  26,
  58.4,
  3.1,
  0,
  0,
  21.8,
  30.9,
  0,
  69.6,
  16,
  19.7,
  0,
  5.8,
  129.1,
  3.7,
  7.8,
  0,
  -0.4,
  41.8,
  9,
  0,
  35.7,
  0,
  27.3,
  49.3,
  -15.1,
  26.2,
  3.3,
  0,
  0,
  0,
  0,
  28.4,
  22,
  0,
  0,
  0,
  49.1,
  237.7,
  13.9,
  9.1,
  19.7,
  0,
  88.8,
  0,
  0,
  0,
  0,
  0,
  0,
  0,
  64.5,
  0,
  69.7,
  91.6,
  0,
  0,
  64.7,
  9.6,
  29.7,
  9.6,
  24.1,
  12.4,
  119.1,
  0,
  16,
  7.4,
  6.6,
  28.4,
  0,
  0,
  0,
  0,
  59.7,
  24.9,
  0,
  0,
  18.1,
  81.5,
  17,
  28,
  0,
  0,
  63.8,
  0,
  147.9,
  40,
  -2.9,
  19,
  0,
  31.8,
  38.2,
  7.3,
  0,
  2.6,
  1.5,
  0,
  0.1,
  14,
  25.9,
  0,
  28.7,
  18.1,
  0,
  17.4,
  0,
  10.2,
  -0.5,
  29.2,
  0.1,
  6,
  44.8,
  54,
  11.3,
  0,
  0,
  0,
  0,
  58.1,
  0,
  0,
  0,
  0,
  0,
  0,
  46.1,
  43.2,
  39.2,
  37.4,
  36.3,
  0,
  69.3,
  41.8,
  38.2,
  54,
  0,
  9,
  82.9,
  10.6,
  0.1,
  0.1,
  0,
  0,
  0,
  0,
  0,
  0,
  0,
  0,
  0,
  0,
  8.9,
  0,
  30.4,
  18,
  0.4,
  -1.2,
  6.3,
  23.1,
  1.3,
  1.3,
  12.9,
  0.2,
  0,
  166.4,
  122.5,
  76,
  113.3,
  53.2,
  0,
  0,
  21.8,
  24.9,
  25.9,
  47.1,
  81,
  0,
  0,
  5.6,
  24.5,
  0,
  31.2,
  61.5,
  0,
  62,
  41.8,
  -8.1,
  18.3,
  -2.5,
  0,
  11.1,
  14.6,
  25.5,
  0,
  0,
  12.5,
  35.4,
  22.4,
  25.1,
  0,
  16.2,
  11.9,
  81.2,
  0,
  0,
  0,
  0,
  0,
  0,
  0,
  0,
  0,
  0,
  0,
  9.1,
  0,
  19.3,
  50.2,
  0,
  0,
  -0.5,
  38.7,
  43,
  23.7,
  0,
  30.3,
  23.3,
  10,
  0,
  0,
  0,
  70.8,
  0,
  0,
  0,
  13.7,
  25.8,
  146,
  16.9,
  18.3,
  0,
  0,
  0,
  0,
  0,
  0,
  0,
  0,
  0,
  0,
  0,
  0,
  0,
  0,
  0,
  0,
  0,
  0,
  0,
  0,
  0,
  109.8,
  162.7,
  0,
  0,
  0,
  14.5,
  17,
  13.4,
  0,
  106,
  1.9,
  7.4,
  0,
  16.8,
  26.1,
  32.8,
  0,
  27,
  0,
  1.5,
  22.7,
  0,
  0,
  106.2,
  0,
  0,
  0,
  10.3,
  0.3,
  22.1,
  3.6,
  0,
  0,
  0,
  0,
  0,
  0,
  54.9,
  0,
  0,
  0,
  72.1,
  54.2,
  34.9,
  10,
  0,
  0,
  0,
  0,
  41.5,
  51.4,
  0,
  70.6,
  150.3,
  0,
  84.6,
  -1.4,
  0,
  6.9,
  88.2,
  33.8,
  33,
  34.7,
  0,
  57,
  18,
  0,
  407.2,
  18.5,
  16.1,
  -0.1,
  -0.2,
  34.6,
  0,
  0,
  0,
  9.6,
  34.9,
  0,
  97.3,
  -1.5,
  7.5,
  4.9,
  39.2,
  39.1,
  23.9,
  17.8,
  31.7,
  32.7,
  0,
  11.2,
  0.7,
  7.3,
  0,
  -1.8,
  -1.8,
  -2.5,
  1.9,
  62.1,
  49.8,
  67.2,
  0,
  44.9,
  12.5,
  22,
  64.3,
  -0.3,
  0,
  45,
  0,
  0.1,
  0,
  32.4,
  0,
  45.9,
  27.3,
  25.3,
  11.1,
  83.8,
  -0,
  34,
  88,
  0,
  0,
  -232.8,
  8.1,
  9.5,
  0,
  0,
  52.3,
  0,
  43.9,
  11.8,
  29.8,
  0,
  13.2,
  16.1,
  38.3,
  122.9,
  28,
  21.6,
  2.8,
  30.5,
  39.8,
  25.1,
  21.4,
  0,
  2.9,
  9.4,
  10.3,
  17.8,
  3,
  0,
  6.3,
  1.4,
  6.3,
  12.3,
  0,
  0,
  0,
  0,
  0,
  0,
  0,
  0,
  0,
  0,
  0,
  0,
  0,
  0,
  0,
  0,
  0,
  52.1,
  -0,
  0,
  11.9,
  14.2,
  11.5,
  22.6,
  1,
  2.4,
  0,
  59.6,
  66.3,
  15.4,
  167,
  59,
  30.1,
  27,
  -3.3,
  -6.7,
  66.2,
  32.7,
  0,
  198.4,
  -6.6,
  0,
  0,
  0,
  0,
  5.7,
  125.5,
  16.8,
  29.6,
  6,
  8.6,
  10.8,
  0,
  13.9,
  146.9,
  24.8,
  7.9,
  0,
  0,
  0.6,
  -0.1,
  95.3,
  62.9,
  98.4,
  0,
  1.8,
  4.2,
  0,
  18,
  44.5,
  28.8,
  0,
  26.3,
  34.3,
  15.9,
  19.8,
  0,
  0,
  12,
  -0.4,
  9.8,
  0,
  21.2,
  3.7,
  8.5,
  123.3,
  11.8,
  104.2,
  0,
  92.2,
  38.6,
  0.5,
  0,
  14.6,
  97.5,
  0,
  18.3,
  151,
  5,
  67.3,
  66.9,
  11.1,
  15.8,
  0,
  26.9,
  86.6,
  -4.1,
  0.2,
  7.9,
  0,
  0,
  21.4,
  0.1,
  18.3,
  0,
  4.7,
  0,
  4.6,
  0,
  31.8,
  108.8,
  -0.5,
  -1.6,
  51.8,
  45.4,
  70.9,
  7.7,
  7.7,
  -0.3,
  26.5,
  99.3,
  37.2,
  11.9,
  0,
  2.2,
  23.7,
  0,
  0,
  0,
  0,
  0,
  0,
  76.4,
  0,
  -7.2,
  0,
  15.1,
  0,
  0,
  0,
  25.3,
  0,
  0,
  0,
  7.9,
  197.9,
  21.4,
  0,
  -4,
  91.3,
  109.1,
  0,
  0,
  0,
  0,
  0,
  111.5,
  3,
  56.2,
  73.3,
  2.5,
  71.2,
  5.8,
  0.9,
  0,
  34.3,
  68.7,
  17.7,
  79.6,
  5.9,
  0,
  0,
  17.9,
  56.9,
  0,
  19.1,
  -2.9,
  0,
  0,
  0,
  18.1,
  0,
  9.3,
  51.2,
  0,
  0,
  23.4,
  26.8,
  -10.7,
  0,
  0.9,
  52.1,
  14.2,
  4.8,
  7.7,
  19.4,
  25.2,
  19.4,
  0.2,
  9.2,
  34.5,
  0,
  0,
  27,
  -4.1,
  0,
  0,
  0,
  26.1,
  0,
  35.4,
  0,
  0,
  0,
  0,
  0.8,
  27.3,
  0,
  19.3,
  22.4,
  28.3,
  28.1,
  38.6,
  7.1,
  12.3,
  0,
  4.1,
  13,
  13,
  5.5,
  75.8,
  41.3,
  41.3,
  9.9,
  0.9,
  3.4,
  14.3,
  9.7,
  0,
  0,
  0,
  0,
  0,
  0,
  108.3,
  22.5,
  63.2,
  -4.9,
  0,
  0,
  0,
  3.4,
  0,
  29.8,
  40.1,
  33.6,
  206.2,
  32.4,
  80.7,
  41.9,
  0,
  33.5,
  60.6,
  14.8,
  0,
  0,
  0,
  62.5,
  0,
  11.5,
  22.9,
  -15.8,
  13.3,
  20,
  11,
  38.8,
  0,
  0,
  0,
  0,
  0,
  91.3,
  32.1,
  36,
  1.6,
  46,
  3.9,
  0,
  0.8,
  35.8,
  0.8,
  68.7,
  0,
  -0,
  0,
  1,
  39.3,
  36.7,
  0,
  1.1,
  4.5,
  50.4,
  -7.1,
  0,
  0,
  0,
  0,
  0,
  0,
  0,
  0,
  0,
  15,
  48.2,
  0,
  13.1,
  120.1,
  21.1,
  31.2,
  16.1,
  0,
  5.1,
  73.6,
  9.2,
  1.2,
  0,
  0,
  -70.3,
  -35.3,
  21.8,
  18.5,
  65.7,
  61.8,
  24.9,
  23,
  -1.2,
  80.8,
  0,
  0,
  0,
  6.2,
  3.3,
  9.5,
  11,
  23.3,
  22.4,
  70,
  0,
  52.6,
  23.2,
  0.1,
  3.1,
  66.7,
  101.3,
  12.3,
  1.6,
  0.7,
  32.8,
  32.8,
  30.3,
  0,
  30.5,
  25.7,
  1.8,
  0,
  -0,
  90,
  0,
  0,
  11.7,
  75.7,
  57.1,
  91,
  -12.1,
  0,
  0,
  0,
  1,
  33.7,
  -0,
  0.5,
  59.9,
  0,
  6.8,
  170.4,
  27.9,
  0,
  29.9,
  44,
  0,
  25.3,
  0.2,
  0,
  0,
  11,
  0.4,
  15,
  28.5,
  0,
  42.2,
  2,
  103.1,
  7.3,
  57.9,
  5.5,
  17.6,
  1,
  26.9,
  0,
  0,
  -7.6,
  103,
  -6.7,
  0,
  4.1,
  -3.3,
  62.6,
  0.1,
  31,
  0,
  19.9,
  36.7,
  28.7,
  193.3,
  22.2,
  60.6,
  0,
  23.7,
  6.7,
  0.4,
  12.3,
  -10.3,
  4.7,
  -3.3,
  19.6,
  21.7,
  0,
  3.3,
  25.6,
  84.2,
  33.4,
  20.2,
  21.7,
  0,
  0,
  0,
  0,
  0,
  0,
  155,
  0.3,
  0,
  0,
  -0.2,
  5.2,
  0,
  14,
  0,
  27.9,
  145.5,
  143.6,
  65.7,
  98.2,
  40.2,
  0,
  15.2,
  0,
  0,
  4.1,
  19.4,
  0,
  29.1,
  0,
  147.3,
  1.3,
  22.2,
  122.6,
  70.3,
  26.9,
  27,
  83.8,
  19.6,
  44.3,
  43.8,
  21.1,
  0,
  0,
  35.5,
  0,
  -0.3,
  -4.6,
  0,
  16.7,
  0,
  0,
  7.2,
  62.9,
  0,
  -5.5,
  0,
  36.2,
  16.3,
  0,
  0,
  0,
  0,
  0,
  0,
  0,
  0,
  0,
  15.4,
  0,
  0,
  0,
  11.9,
  12.6,
  146.9,
  0,
  37.4,
  0,
  32,
  6.3,
  28.4,
  -5.7,
  77.3,
  6,
  1.1,
  13.1,
  23.8,
  218.2,
  0.4,
  8,
  50.6,
  14.4,
  105.9,
  242.7,
  9.5,
  27.9,
  12.9,
  0,
  10,
  0,
  4.9,
  12.3,
  5.8,
  0,
  0,
  0,
  51.9,
  10.1,
  55.3,
  0,
  69.1,
  0,
  0,
  0,
  -1.4,
  0,
  0.5,
  98,
  184.1,
  0,
  27.1,
  0,
  81.3,
  6.1,
  0,
  0,
  0,
  14.3,
  9.6,
  129.2,
  2.1,
  -0.6,
  152.4,
  33.9,
  22.7,
  52.3,
  0,
  0,
  0,
  -2.1,
  -5.8,
  0,
  0,
  0,
  0,
  13.3,
  0,
  0,
  18.7,
  9.2,
  0.5,
  21,
  -0.1,
  18.7,
  0,
  0,
  0,
  0,
  -20.4,
  0,
  11,
  0,
  0,
  0,
  0,
  0,
  0,
  0,
  25.2,
  32.3,
  16.9,
  17.7,
  0,
  21.1,
  33.4,
  0,
  0,
  85.4,
  12.1,
  53.2,
  19.6,
  5.1,
  26.8,
  24.7,
  30.6,
  22.3,
  27.9,
  25.7,
  2,
  18.7,
  2.5,
  0,
  0,
  -26.7,
  0,
  34.6,
  62.4,
  0.4,
  7.5,
  123,
  1.7,
  0,
  0,
  0,
  -0.7,
  1,
  12.1,
  5.4,
  44.7,
  114.7,
  19.5,
  26.7,
  52.8,
  43.6,
  -5,
  0,
  0,
  0,
  33.9,
  47.8,
  0,
  2.7,
  0,
  0,
  2.1,
  0,
  0,
  0,
  8,
  20.4,
  60.5,
  21.3,
  13.9,
  16.7,
  0,
  0,
  75.1,
  0,
  0,
  0,
  0,
  12.8,
  -0,
  71.7,
  38.8,
  20.4,
  10.3,
  21.4,
  6,
  0,
  1.4,
  -0.4,
  0,
  1.9,
  45.7,
  8.6,
  128.6,
  0,
  0,
  31.1,
  33.9,
  0,
  24.4,
  0,
  79.9,
  0,
  0,
  -13.8,
  -0,
  69.7,
  18.6,
  52.3,
  6.1,
  0,
  0,
  11.3,
  37.3,
  0,
  7.4,
  0,
  0,
  8.6,
  -4.5,
  0,
  0,
  0,
  0,
  0,
  0,
  0,
  0,
  -0,
  17.5,
  52.1,
  15.6,
  25.5,
  0,
  14.8,
  54.6,
  0,
  0,
  0,
  -7.4,
  2.2,
  3.6,
  23.7,
  29.3,
  21.5,
  8.4,
  66,
  27.4,
  24.2,
  0,
  0,
  0,
  0,
  3.9,
  14.6,
  137,
  11.6,
  0,
  114.7,
  -4.3,
  -0,
  22.6,
  20.9,
  53.4,
  27.9,
  63.5,
  5.5,
  65.8,
  3.9,
  5.9,
  138.9,
  15,
  -1.9,
  -1.8,
  34.9,
  56.7,
  0,
  3.5,
  -1.2,
  24.6,
  90.4,
  11.2,
  21.1,
  11.5,
  0.1,
  81,
  0,
  5.9,
  16.4,
  0,
  67.6,
  0,
  23.2,
  11.9,
  59,
  16.4,
  0,
  15.7,
  11,
  13.8,
  30.3,
  0,
  0,
  0,
  0,
  27.9,
  0,
  0,
  0,
  0,
  11.7,
  -0.7,
  0,
  14.8,
  8,
  0,
  32.3,
  0,
  12.4,
  2.5,
  0,
  0,
  24.3,
  0,
  60.7,
  0,
  0,
  0,
  0,
  14.3,
  30.5,
  -0,
  16.4,
  68.9,
  74.3,
  0,
  3.7,
  25.2,
  0,
  45.1,
  44.7,
  1.3,
  13,
  12.4,
  10.1,
  88.1,
  101.7,
  -0,
  27.2,
  38.6,
  0,
  9.1,
  28.1,
  32.7,
  20.4,
  2,
  8.1,
  0,
  76,
  27.6,
  0,
  41.1,
  39.2,
  0,
  66.7,
  71.6,
  0,
  18,
  19,
  40.2,
  0,
  5.3,
  18.5,
  19.2,
  42.1,
  4.8,
  8.8,
  -0.4,
  11.7,
  10.6,
  56.9,
  20.8,
  0,
  0,
  19.5,
  24.6,
  0,
  -0,
  4.1,
  0,
  25.7,
  129.2,
  2.9,
  -0.5,
  1.2,
  0,
  0,
  19.1,
  0,
  0,
  0,
  0,
  0,
  0,
  0,
  0,
  0,
  1.5,
  -0.1,
  0,
  15.7,
  27.5,
  0,
  0,
  0,
  0,
  0,
  0,
  45.1,
  0,
  0,
  0,
  46.4,
  34.8,
  5.2,
  14.5,
  0,
  0,
  -0.5,
  0,
  0,
  15.9,
  21.5,
  17.9,
  0.5,
  -0.9,
  0,
  0,
  16.7,
  2.8,
  30.2,
  -12.7,
  0,
  10.9,
  12.5,
  -1.1,
  73.6,
  111.1,
  0,
  0,
  0,
  0,
  0,
  0,
  20.7,
  112.6,
  1,
  6.7,
  48.5,
  101.1,
  101,
  27.3,
  0,
  0,
  0,
  0,
  205.1,
  20.3,
  3.7,
  63.5,
  10.8,
  0,
  21.3,
  29.5,
  77.3,
  76.9,
  52.2,
  64.6,
  212.9,
  24.9,
  21.5,
  0,
  0,
  0,
  0,
  0,
  1.7,
  42,
  61.5,
  0,
  0,
  0,
  157.5,
  9.9,
  0,
  0,
  0,
  -0,
  0,
  0,
  0,
  0,
  0,
  10.1,
  6.6,
  1.2,
  0,
  0,
  0,
  0,
  0,
  0,
  0,
  0,
  0,
  0,
  -5.4,
  0,
  71.5,
  7.5,
  44.1,
  2,
  28.5,
  3.6,
  39.6,
  41.3,
  2.2,
  2.4,
  24.4,
  24.2,
  0,
  8.3,
  0,
  19,
  0,
  30.4,
  0,
  0,
  83,
  21.6,
  0,
  0,
  0,
  31.2,
  0,
  33.1,
  18,
  24.8,
  0,
  19,
  7.6,
  18.1,
  3,
  9.4,
  8.4,
  18.9,
  29.9,
  32.3,
  0,
  55.6,
  9.7,
  -14.1,
  0,
  0,
  0,
  0,
  0,
  0,
  0,
  112.9,
  0,
  22.9,
  0,
  14.8,
  26.6,
  33.1,
  0,
  40.7,
  114.3,
  5.3,
  0,
  2.3,
  0,
  2.4,
  0,
  43.5,
  0,
  0,
  29.2,
  132.3,
  11.4,
  22.5,
  0,
  94,
  0,
  0,
  70.2,
  0,
  0,
  29.6,
  8.8,
  25.7,
  0,
  7.3,
  0,
  0,
  0,
  0,
  8.3,
  50.1,
  20.9,
  0,
  51.7,
  0,
  19.8,
  0,
  0,
  0,
  0,
  21.3,
  0,
  0,
  31,
  90.3,
  0,
  22,
  0,
  0,
  4.3,
  0,
  0,
  0,
  0,
  46.9,
  0,
  0,
  16.3,
  77.3,
  2.3,
  68.1,
  57.8,
  0,
  0,
  0,
  0,
  0,
  70,
  0,
  32.1,
  0,
  0,
  0,
  0,
  0,
  0,
  40.8,
  0,
  -5,
  2.6,
  20.7,
  32.5,
  54.2,
  22.5,
  43.6,
  8,
  -2.1,
  16,
  33.4,
  51.8,
  108.4,
  23.8,
  165.9,
  17.6,
  70.1,
  -2,
  0,
  7.2,
  16.2,
  0,
  0,
  10.4,
  15.6,
  2.8,
  60.8,
  13.3,
  0,
  0,
  0,
  0,
  6.9,
  0,
  0,
  0,
  0,
  0,
  0,
  0,
  0,
  0,
  0,
  0,
  0,
  0,
  5.1,
  1.7,
  0,
  0,
  0,
  0,
  0,
  -7.2,
  0,
  0,
  0,
  0,
  0,
  0,
  0,
  0,
  0,
  0,
  0,
  0,
  0,
  0,
  0,
  0,
  0,
  0,
  0,
  0,
  0,
  0,
  0,
  0,
  0,
  0,
  0,
  0,
  0,
  0,
  0,
  0,
  0,
  0,
  0,
  0,
  0,
  -29.9,
  0,
  22.1,
  0.5,
  0,
  0,
  0,
  0,
  0,
  0,
  0,
  0,
  0,
  0,
  -10.1,
  0,
  0,
  0,
  0,
  0,
  0,
  0,
  0,
  0,
  0,
  0,
  0,
  0,
  0,
  0,
  0,
  0,
  0,
  0,
  0,
  0,
  0,
  0,
  0,
  0,
  0,
  0,
  0,
  0,
  0,
  0,
  0,
  0,
  0,
  0,
  0,
  0,
  0,
  0,
  0,
  0,
  0,
  0,
  0,
  4.8,
  0,
  0,
  7,
  0,
  0,
  0,
  0,
  0,
  0,
  0,
  0,
  0,
  0,
  0,
  0,
  0,
  0,
  0,
  0,
  0,
  0,
  0,
  13.1,
  0,
  0,
  0,
  0,
  0,
  0,
  0,
  0,
  0,
  0,
  0,
  0,
  0,
  0,
  0,
  0,
  0,
  0,
  0,
  0,
  30.5,
  0,
  0,
  33.4,
  0,
  0,
  0,
  0,
  0,
  0,
  0,
  -16.7,
  0,
  -35.6,
  0,
  0,
  0,
  0,
  0,
  0,
  0,
  0,
  0,
  0,
  0,
  0,
  0,
  0,
  0,
  0,
  0,
  0,
  0,
  -7.2,
  0,
  0,
  0,
  0,
  0,
  0,
  0,
  0,
  0,
  0,
  0,
  0,
  0,
  0,
  0,
  0,
  0,
  0,
  0,
  0,
  0,
  0,
  0,
  23.7,
  0,
  0,
  0,
  0,
  0,
  0,
  0,
  0,
  0,
  0,
  0,
  0,
  0,
  0,
  0,
  0,
  0,
  -0.7,
  0,
  0,
  0,
  0,
  0,
  0,
  0,
  0,
  21.5,
  0,
  0,
  0,
  0,
  0,
  0,
  0,
  -23.8,
  0,
  0,
  0,
  0,
  0,
  0,
  0,
  0,
  0,
  0,
  0,
  0,
  16.2,
  0,
  0,
  0,
  0,
  -0,
  0,
  0,
  0,
  0,
  0,
  0,
  0,
  -5.4,
  0,
  0,
  0,
  0,
  0,
  0,
  43.3,
  0,
  0,
  0,
  0,
  0,
  0,
  0,
  0,
  0,
  0,
  0,
  0,
  0,
  0,
  0,
  0,
  0,
  -5.4,
  0,
  0,
  0,
  0,
  0,
  0,
  37.9,
  0,
  0,
  0,
  0,
  31.4,
  0,
  10.9,
  0,
  0,
  0,
  0,
  20.1,
  0,
  0,
  0,
  0,
  0,
  33.6,
  0,
  0,
  0,
  0,
  0,
  0,
  0,
  0,
  0,
  0,
  0,
  0,
  0,
  0,
  0,
  0,
  0,
  0,
  0,
  0,
  0,
  0,
  0,
  0,
  0,
  0,
  0,
  0,
  37,
  32.2,
  37,
  37,
  -1.7,
  -0,
  -4.2,
  -0,
  0,
  0,
  0,
  0,
  0,
  0,
  -0,
  0,
  0,
  31,
  31,
  41.8,
  38,
  0,
  0,
  0,
  0,
  0,
  0,
  0,
  0,
  0,
  0,
  0,
  0,
  0,
  0,
  0,
  1.4,
  0,
  0,
  43,
  43,
  43,
  0,
  0,
  0,
  0,
  3.5,
  3.5,
  4.2,
  0,
  0,
  1.7,
  -0,
  0,
  0,
  0,
  0,
  0,
  0,
  40,
  40,
  40,
  40,
  0,
  0,
  0,
  -0,
  40,
  40,
  40,
  40,
  0,
  0,
  0,
  0,
  0,
  0,
  0,
  0,
  0,
  0,
  0,
  -0,
  0,
  37,
  37,
  37,
  37,
  37,
  33.7,
  -0,
  -0,
  0,
  0,
  -0,
  0,
  0,
  0,
  0,
  0,
  0,
  0,
  0,
  0,
  0,
  0,
  0,
  0,
  0,
  0,
  0,
  2.1,
  0.4,
  0,
  0,
  0,
  0,
  0,
  0,
  0,
  0,
  0,
  0,
  0,
  0,
  0,
  30,
  30,
  -0,
  -0,
  0,
  0,
  0,
  0,
  0,
  0,
  0,
  0,
  0,
  0,
  0,
  0,
  -0,
  0,
  0,
  0,
  0,
  0,
  0,
  -0,
  0,
  0,
  0,
  0,
  0,
  0,
  0,
  0,
  0,
  0,
  0,
  0,
  0,
  0,
  0,
  0,
  0,
  0,
  0,
  0,
  -0,
  -0,
  0,
  0,
  0,
  32.6,
  41,
  0,
  0,
  0,
  0,
  0,
  0,
  0,
  35,
  35,
  35,
  35,
  0,
  0,
  0,
  0,
  0,
  0,
  0,
  857.4,
  509.6,
  -56.7,
  406.2,
  144.6,
  124.1,
  20.6,
  16,
  294.4,
  291.3,
  -27,
  259,
  59.6,
  -34.4,
  -157.7,
  83.6,
  349.8,
  0,
  632.3,
  556,
  220,
  617.4,
  170.4,
  16.5,
  224.2,
  37,
  115.4,
  107.5,
  107.4,
  270.1,
  615.7 ;

   StartLine = 638, 908, 2574, 874, 1709, 45, 1072, 1532, 1657, 1369, 1369, 
      198, 879, 1060, 1222, 1222, 1370, 146, 386, 436, 954, 990, 1773, 1816, 
      2091, 2590, 418, 807, 1157, 147, 807, 807, 166, 1462, 819, 464, 877, 
      2663, 450, 150, 986, 1263, 1902, 1246, 1300, 58, 1907, 590, 854, 1198, 
      819, 1058, 1690, 1921, 1376, 1376, 1907, 1913, 58, 1137, 1408, 2754, 
      1513, 1513, 248, 295, 775, 1273, 1905, 2685, 647, 1336, 2049, 1906, 
      1369, 241, 1506, 2116, 799, 711, 1654, 636, 2031, 2584, 592, 787, 1290, 
      1107, 1107, 234, 247, 284, 1932, 1934, 1769, 182, 2005, 2035, 264, 
      1651, 388, 407, 1954, 388, 407, 1953, 407, 379, 1698, 379, 1609, 2119, 
      1005, 1584, 1971, 2120, 1005, 1970, 1102, 1255, 1708, 2894, 2894, 2620, 
      433, 1496, 1521, 449, 650, 1246, 2602, 1125, 1685, 1928, 1108, 1108, 
      320, 637, 1537, 189, 257, 283, 395, 1000, 1239, 2896, 395, 1000, 1239, 
      1722, 2896, 181, 62, 1588, 1683, 1754, 64, 737, 251, 1772, 2144, 1893, 
      1893, 1361, 2089, 1361, 2094, 2095, 1760, 1910, 73, 73, 2652, 422, 482, 
      790, 2791, 1630, 1854, 1885, 2791, 2925, 1852, 1639, 1908, 123, 1902, 
      1519, 124, 209, 353, 124, 309, 666, 902, 1700, 523, 567, 158, 405, 607, 
      999, 2102, 1000, 1891, 158, 642, 1917, 204, 204, 1448, 679, 1806, 679, 
      1427, 1427, 141, 427, 1065, 1727, 611, 1088, 1910, 1409, 1409, 921, 
      1347, 642, 2100, 1304, 448, 2807, 1700, 1871, 2142, 523, 2686, 1026, 
      1811, 2008, 624, 826, 733, 1027, 1894, 1027, 1891, 271, 484, 521, 1285, 
      2855, 713, 983, 1102, 1102, 540, 646, 1655, 1807, 1950, 2139, 1655, 
      502, 1102, 110, 399, 580, 903, 580, 903, 2653, 400, 579, 1361, 1912, 
      1911, 964, 181, 596, 1913, 811, 1914, 78, 2123, 78, 1805, 2006, 254, 
      1749, 627, 627, 242, 1118, 852, 1965, 1966, 852, 312, 860, 1154, 1163, 
      1705, 860, 1154, 1163, 1154, 1545, 2867, 728, 728, 861, 638, 2596, 193, 
      695, 961, 1079, 1529, 1996, 1529, 678, 1140, 1742, 1819, 1819, 518, 
      1353, 384, 620, 942, 1781, 1036, 1915, 701, 1684, 1973, 485, 2019, 
      1847, 2815, 1239, 1386, 1436, 2896, 1804, 1221, 1239, 1386, 1436, 1722, 
      1804, 2816, 2814, 1490, 203, 642, 881, 899, 900, 1636, 800, 323, 1246, 
      2631, 710, 2745, 1010, 1383, 813, 1246, 179, 1144, 1457, 1518, 1878, 
      1923, 729, 2736, 1014, 1458, 776, 1014, 1602, 1118, 2677, 703, 2853, 
      1749, 534, 1719, 2117, 654, 684, 870, 912, 1455, 2065, 2655, 1446, 200, 
      1296, 319, 1018, 1010, 2109, 1426, 1937, 1426, 634, 396, 2668, 553, 
      2028, 1473, 2107, 1920, 1811, 1922, 1309, 510, 546, 2063, 187, 1796, 
      2595, 836, 1011, 1840, 836, 2923, 188, 1294, 1344, 1575, 1107, 1325, 
      1745, 1745, 1498, 369, 2681, 805, 812, 1168, 596, 2744, 2743, 806, 
      1924, 1301, 1898, 216, 217, 217, 217, 217, 2071, 2072, 1107, 1097, 
      2806, 1194, 1097, 1167, 535, 1062, 1080, 1348, 1410, 1587, 2083, 1080, 
      511, 536, 1057, 1063, 1662, 2016, 511, 363, 1076, 426, 722, 1092, 1121, 
      1220, 2873, 1751, 1782, 2048, 2105, 2899, 485, 552, 1720, 1757, 485, 
      1289, 1757, 1201, 1785, 1785, 511, 511, 1065, 2094, 1088, 1088, 676, 
      2856, 973, 1794, 552, 1142, 1689, 860, 711, 1824, 242, 458, 655, 1199, 
      1338, 1653, 212, 1286, 1123, 2680, 811, 582, 811, 1119, 2825, 505, 
      1282, 505, 505, 1283, 696, 2118, 772, 1236, 1819, 223, 223, 223, 1021, 
      1315, 1956, 2035, 844, 753, 1088, 1314, 1978, 1983, 2133, 1088, 2647, 
      1014, 1454, 990, 1928, 1927, 1929, 1572, 939, 2061, 1024, 1704, 2108, 
      1890, 1454, 379, 657, 1659, 657, 1849, 2135, 1250, 457, 1424, 457, 
      1004, 1403, 2885, 1663, 2885, 1663, 1347, 528, 1415, 1841, 665, 637, 
      997, 1930, 748, 2007, 729, 729, 2030, 1714, 873, 873, 1935, 1955, 1492, 
      2007, 2157, 1815, 653, 769, 1541, 2004, 1946, 1653, 364, 1597, 1767, 
      528, 711, 2093, 1047, 1595, 1770, 2875, 1770, 321, 971, 1530, 2103, 
      908, 1931, 594, 2864, 637, 997, 274, 1886, 1345, 752, 763, 1888, 1749, 
      943, 1771, 943, 1771, 178, 178, 1005, 1092, 1631, 2105, 1332, 2855, 
      283, 1550, 1932, 585, 1373, 2843, 1393, 2126, 2077, 2079, 1933, 643, 
      424, 1262, 1269, 1614, 1691, 1787, 2143, 2156, 508, 1691, 2614, 2625, 
      349, 745, 1788, 1947, 1958, 712, 1935, 363, 463, 181, 350, 464, 358, 
      738, 1935, 1163, 564, 564, 618, 1847, 1378, 1651, 1846, 1971, 1970, 
      595, 1372, 643, 1938, 797, 2873, 752, 1344, 453, 1022, 1143, 1498, 
      1746, 1091, 1532, 1936, 1106, 1106, 1106, 1018, 1108, 1171, 1171, 1491, 
      1491, 1347, 956, 1027, 1189, 1227, 1524, 1524, 1943, 1941, 437, 618, 
      839, 1669, 920, 920, 1719, 1952, 1719, 839, 839, 1944, 1942, 764, 1100, 
      2830, 1721, 2155, 1721, 817, 1110, 1533, 496, 761, 1397, 1945, 1840, 
      1840, 2923, 2923, 1303, 1513, 2139, 1337, 2140, 919, 1650, 663, 863, 
      900, 900, 900, 1019, 1820, 2052, 1167, 1238, 2150, 1273, 1297, 2011, 
      2026, 2027, 2010, 1991, 1992, 1066, 2896, 1066, 1722, 1831, 1831, 1222, 
      2034, 394, 452, 976, 1947, 857, 864, 1074, 1639, 1730, 1825, 1639, 463, 
      470, 807, 1076, 1317, 1663, 470, 807, 1076, 1317, 2885, 2885, 1663, 
      557, 557, 557, 1821, 1821, 660, 1537, 473, 784, 784, 1948, 580, 903, 
      1362, 2927, 903, 1362, 1400, 1411, 1410, 1644, 422, 2662, 2924, 1854, 
      514, 775, 392, 411, 2667, 1961, 1778, 2736, 1317, 1663, 605, 776, 2885, 
      1730, 1978, 1447, 1656, 2098, 2097, 2716, 515, 515, 1519, 526, 1174, 
      1232, 1442, 2935, 526, 1883, 526, 1389, 1127, 2797, 393, 408, 1390, 
      1688, 1859, 1949, 393, 408, 1097, 1167, 1688, 1688, 452, 1054, 1381, 
      1830, 1979, 2017, 733, 909, 1891, 733, 909, 1891, 448, 2668, 1172, 
      1460, 2926, 1885, 482, 2859, 2926, 2926, 2037, 807, 889, 1646, 579, 
      1031, 1381, 1889, 579, 956, 956, 1042, 1042, 2113, 950, 989, 950, 725, 
      1862, 725, 1862, 1862, 1118, 1786, 1786, 735, 2754, 675, 856, 2714, 
      2096, 2715, 802, 1001, 802, 567, 567, 1583, 2828, 1005, 587, 795, 1295, 
      1950, 1951, 495, 867, 466, 1903, 844, 1837, 908, 1100, 1878, 1952, 
      1344, 1555, 1367, 2666, 1085, 1226, 800, 990, 1234, 1770, 2129, 901, 
      1110, 1954, 1953, 595, 1435, 1738, 1435, 1908, 567, 732, 579, 1570, 
      1955, 579, 579, 1235, 1318, 1504, 2104, 1291, 648, 1170, 1246, 2011, 
      1246, 2010, 1170, 1991, 1992, 1284, 1964, 2716, 738, 1157, 789, 1294, 
      1344, 1618, 2075, 2660, 1294, 2017, 444, 2661, 580, 2775, 580, 960, 
      2779, 445, 455, 2791, 1086, 473, 1837, 839, 1424, 1539, 839, 2115, 628, 
      719, 1177, 719, 1177, 1957, 1122, 1658, 1364, 1623, 975, 1061, 2673, 
      1317, 1709, 1758, 2672, 1317, 1758, 492, 1758, 2671, 514, 1419, 1958, 
      525, 1596, 1948, 2124, 2080, 1316, 639, 782, 1085, 1226, 1464, 1515, 
      1540, 1686, 2104, 639, 1291, 1515, 1802, 1802, 687, 2716, 1218, 621, 
      2705, 2685, 697, 1302, 1707, 2033, 843, 1961, 787, 930, 1893, 1893, 
      1962, 694, 1432, 1915, 2036, 2085, 2806, 1401, 1838, 576, 975, 2727, 
      2860, 1733, 738, 807, 2885, 738, 807, 1663, 672, 1714, 847, 1335, 1443, 
      1829, 1893, 847, 1335, 2857, 692, 2146, 752, 976, 848, 1964, 792, 513, 
      620, 1438, 1230, 1364, 1809, 2062, 1081, 1452, 799, 799, 1265, 525, 
      1638, 2059, 2015, 1498, 777, 1118, 1130, 1761, 588, 1266, 1491, 588, 
      1119, 1491, 1831, 782, 1924, 784, 1558, 557, 1985, 1382, 1400, 1409, 
      1409, 2129, 680, 524, 1200, 1969, 1971, 1970, 1513, 937, 1811, 1655, 
      1960, 1267, 1519, 1007, 975, 1126, 805, 1423, 1919, 1972, 2928, 1973, 
      2754, 735, 1359, 1422, 1422, 1903, 2089, 2055, 2140, 1974, 684, 684, 
      2727, 546, 943, 1107, 895, 1875, 352, 472, 621, 671, 936, 1975, 640, 
      1837, 2033, 1837, 481, 500, 1126, 1132, 1713, 1782, 2092, 2136, 976, 
      1757, 976, 1471, 380, 1778, 1976, 803, 2742, 1985, 725, 1821, 1900, 
      725, 1821, 1862, 1185, 1831, 1761, 1823, 802, 1961, 705, 750, 988, 
      1087, 2788, 2043, 664, 766, 1375, 1384, 664, 1384, 1768, 1768, 797, 
      1026, 1812, 1890, 1010, 2750, 1752, 2906, 1135, 1563, 1563, 2147, 1201, 
      880, 1258, 2755, 1373, 1747, 2017, 2126, 911, 2775, 1089, 1328, 1362, 
      911, 960, 1823, 2728, 928, 755, 1820, 656, 1978, 1979, 2772, 1811, 929, 
      1743, 674, 1738, 1738, 1980, 1649, 1749, 1378, 1427, 1688, 1688, 1688, 
      1688, 943, 943, 1225, 1981, 749, 1418, 1544, 749, 1317, 1572, 1877, 
      999, 1550, 2840, 2910, 2900, 617, 1448, 1013, 1033, 1114, 1133, 1201, 
      1607, 1767, 1088, 1014, 1266, 1454, 1786, 1821, 1786, 1065, 1495, 1562, 
      1822, 1495, 1982, 1125, 1684, 1983, 1222, 1222, 1743, 794, 1281, 1485, 
      2054, 2130, 855, 1878, 1906, 2121, 1984, 751, 933, 1116, 1306, 1534, 
      1682, 933, 1534, 1682, 1177, 1539, 1625, 1985, 654, 1254, 1986, 651, 
      1030, 1789, 1987, 732, 2127, 2012, 1456, 2044, 2087, 2022, 1125, 1340, 
      1683, 2065, 2064, 628, 655, 1037, 1223, 1367, 1378, 1223, 1938, 1567, 
      1567, 1566, 1566, 650, 650, 650, 650, 1189, 1732, 1189, 2830, 1989, 
      1988, 798, 1989, 1988, 1692, 660, 660, 1146, 1146, 2698, 1208, 2934, 
      2697, 662, 871, 2153, 2752, 1053, 2043, 921, 1270, 1409, 1421, 1580, 
      1270, 1409, 2057, 752, 862, 804, 2753, 1049, 1049, 1049, 1049, 1893, 
      991, 984, 2855, 1118, 1130, 1184, 1482, 2004, 910, 1727, 1930, 1881, 
      1118, 1250, 1118, 1254, 1660, 1300, 1300, 681, 1412, 1923, 1207, 917, 
      947, 1481, 1696, 1696, 811, 811, 738, 998, 1139, 1296, 1640, 2128, 
      1296, 1744, 1744, 2022, 2041, 1991, 1992, 1984, 1593, 1770, 1132, 1135, 
      1225, 1489, 1599, 1960, 2059, 1346, 1417, 1376, 1993, 1994, 986, 710, 
      710, 710, 710, 1517, 1466, 1565, 1583, 1824, 1959, 2028, 1471, 2093, 
      1471, 2784, 1319, 1467, 1958, 1658, 1850, 781, 2081, 781, 1601, 1998, 
      1974, 1975, 2115, 840, 1222, 1974, 1222, 1996, 1914, 2751, 1983, 729, 
      1688, 729, 1688, 946, 1098, 1660, 1098, 1454, 1697, 1820, 853, 1697, 
      1602, 974, 1520, 1248, 1811, 1811, 1062, 1074, 856, 1526, 1881, 1964, 
      1838, 1838, 1838, 1113, 742, 742, 742, 742, 742, 742, 1403, 1667, 1214, 
      1527, 1998, 1999, 927, 927, 981, 2784, 1212, 2785, 1544, 1733, 1034, 
      1888, 1940, 1453, 1658, 1823, 2001, 2023, 1322, 994, 1603, 941, 1770, 
      2082, 772, 1036, 1377, 1943, 1945, 1941, 1658, 1819, 2830, 899, 978, 
      829, 1004, 1010, 1383, 1510, 1554, 1667, 1280, 2021, 2809, 1610, 2004, 
      2877, 880, 2825, 1786, 2755, 1282, 1786, 1324, 1324, 1324, 1891, 1891, 
      1891, 1891, 1891, 1891, 2785, 1411, 1419, 2057, 795, 1954, 1953, 1125, 
      1320, 1503, 1684, 1686, 791, 980, 1968, 2885, 1838, 1324, 1324, 850, 
      2160, 2738, 948, 1874, 1634, 2075, 963, 1113, 1103, 749, 749, 749, 
      1026, 1789, 2149, 833, 1026, 1026, 923, 1191, 1890, 1890, 2856, 1644, 
      1803, 1644, 1803, 1803, 1183, 1293, 2880, 1972, 2052, 1620, 2041, 2006, 
      1803, 789, 832, 1363, 1445, 1890, 1895, 1980, 1890, 2940, 1890, 984, 
      2751, 1050, 1110, 1463, 868, 2861, 2007, 2781, 823, 1349, 1349, 2747, 
      824, 1436, 1436, 1101, 1158, 2008, 2805, 2011, 2010, 954, 909, 1870, 
      2012, 955, 1459, 1890, 2160, 955, 2102, 1789, 2042, 949, 2806, 1192, 
      1845, 1167, 1018, 1070, 919, 2829, 2027, 1803, 1803, 2078, 963, 1968, 
      2013, 1163, 815, 826, 2939, 2746, 826, 1892, 2014, 1196, 2904, 2903, 
      1791, 1397, 1820, 1038, 1256, 1704, 2070, 938, 1039, 1280, 1934, 965, 
      1208, 851, 1780, 2044, 1418, 1544, 927, 1825, 1534, 1682, 1337, 1235, 
      1377, 2001, 1138, 1183, 1197, 1257, 1724, 1754, 2055, 1257, 1724, 1578, 
      2015, 1578, 1709, 1060, 1651, 1060, 2151, 1233, 1561, 1612, 1904, 1057, 
      2016, 969, 1069, 884, 884, 884, 884, 884, 884, 1208, 1537, 1036, 2014, 
      1757, 1757, 2143, 1448, 1170, 1170, 2021, 958, 1021, 1021, 1111, 1137, 
      1664, 1839, 2013, 1668, 2032, 2111, 2791, 2020, 1219, 2056, 1279, 2108, 
      2046, 1278, 1940, 2023, 1248, 1444, 1870, 2835, 1706, 1706, 1072, 2883, 
      1736, 1044, 1333, 920, 920, 1703, 1374, 1930, 1955, 1044, 1120, 1044, 
      1270, 1312, 1388, 1521, 2839, 2838, 1748, 2024, 927, 1350, 1018, 1823, 
      1823, 1820, 1246, 1246, 1246, 1452, 950, 1861, 2026, 2778, 1067, 1169, 
      1169, 1457, 1563, 2028, 1353, 1765, 1808, 1765, 2101, 1439, 1766, 1771, 
      1180, 1413, 1660, 1455, 1481, 2031, 1146, 2029, 1050, 1616, 2000, 2125, 
      2137, 1951, 1887, 2159, 2091, 1043, 1112, 2114, 1027, 1043, 1112, 1027, 
      1997, 2073, 1021, 2030, 1254, 1324, 1042, 2786, 1664, 1042, 1082, 1537, 
      1729, 1537, 967, 1943, 1941, 1553, 2046, 2058, 2133, 1681, 1835, 1290, 
      1473, 1356, 957, 1287, 1494, 2014, 957, 1788, 1275, 1581, 1833, 1581, 
      2016, 1623, 2033, 2807, 1430, 1842, 1044, 1044, 1340, 1267, 1229, 1067, 
      1725, 1457, 1457, 2034, 1448, 1449, 1218, 1292, 1298, 1218, 1538, 2911, 
      2912, 1762, 1891, 1571, 1653, 2080, 1151, 1510, 1874, 2803, 1874, 2804, 
      2969, 1261, 1088, 1046, 1560, 1647, 1905, 2119, 2870, 1280, 1453, 1262, 
      1797, 2789, 1383, 1090, 1383, 1511, 1840, 1114, 1798, 1688, 1688, 1434, 
      2035, 2036, 1278, 1555, 2147, 1250, 1916, 1508, 1861, 2037, 1243, 1347, 
      1419, 1347, 1830, 1581, 1314, 1619, 1619, 2018, 1367, 1922, 2845, 2847, 
      1399, 2846, 2039, 1091, 1702, 2118, 2040, 1706, 1734, 1706, 1734, 1706, 
      1706, 1145, 1300, 2041, 2042, 1541, 1552, 1104, 2043, 1134, 1977, 2044, 
      1603, 1713, 1075, 1273, 1822, 2053, 1188, 1273, 2095, 1273, 2821, 1731, 
      1900, 1272, 2897, 1862, 2822, 2823, 1485, 1313, 1760, 1817, 1085, 2795, 
      1319, 1662, 1812, 2005, 1105, 1812, 1078, 1448, 1579, 2131, 1139, 1628, 
      1100, 2830, 1415, 1877, 2067, 1415, 2068, 1453, 1607, 1637, 1453, 1362, 
      1647, 2046, 1096, 2791, 1514, 1548, 1885, 2060, 1514, 1548, 2020, 1870, 
      1949, 1870, 1123, 1932, 1505, 1549, 1950, 2120, 1437, 1211, 1351, 1611, 
      2045, 2077, 2079, 1212, 1245, 1783, 2071, 1783, 1325, 1701, 1338, 1720, 
      2926, 2926, 1840, 2923, 1787, 1787, 1849, 1491, 1311, 1660, 1661, 1679, 
      1730, 1811, 1913, 1799, 1713, 1129, 1454, 2798, 2050, 2051, 1144, 2083, 
      1782, 2154, 2915, 2052, 2951, 1364, 1990, 1996, 1252, 1696, 2084, 1696, 
      1219, 2086, 1280, 1511, 2866, 1845, 1538, 1356, 1356, 2053, 1844, 1984, 
      1279, 2054, 2069, 2150, 2066, 1175, 1588, 1909, 1111, 2055, 1162, 2864, 
      2928, 1472, 2158, 2131, 1270, 1271, 1832, 1838, 1949, 1838, 1300, 1450, 
      1300, 2858, 2056, 1864, 1203, 1826, 1848, 1379, 1745, 1379, 1745, 2057, 
      2070, 2134, 1636, 1636, 1578, 2972, 1889, 1710, 1205, 2855, 1430, 2058, 
      2053, 1779, 2154, 1263, 1263, 1263, 2902, 2907, 2059, 1725, 1543, 1653, 
      2039, 1304, 1699, 1460, 1573, 1831, 1835, 2872, 1831, 1636, 1869, 2060, 
      1210, 2813, 1615, 1824, 1453, 2132, 1593, 1358, 1975, 2100, 1441, 1521, 
      1653, 1521, 2826, 1288, 1361, 1361, 1599, 1886, 1981, 1651, 1284, 1721, 
      1658, 1619, 1619, 2820, 1240, 2065, 2067, 1530, 1901, 1717, 1444, 1603, 
      1490, 1490, 1535, 1497, 2070, 1440, 1866, 2071, 2883, 1962, 2048, 1614, 
      1430, 1912, 1911, 1993, 1914, 1843, 1787, 1378, 1378, 1297, 1571, 2047, 
      1658, 2073, 2824, 1483, 1703, 1905, 2074, 1484, 1485, 1524, 1524, 1501, 
      2112, 2152, 1646, 1522, 1829, 2865, 1585, 1624, 1428, 1300, 1300, 1483, 
      1703, 1483, 1881, 1499, 1676, 2076, 1305, 1682, 2113, 2078, 2029, 1264, 
      1473, 1280, 2019, 1374, 2080, 1557, 2868, 1613, 2081, 1247, 1501, 1513, 
      1732, 1884, 2002, 2026, 2936, 1927, 1513, 1989, 1929, 1988, 1238, 1502, 
      1722, 2896, 1722, 2896, 1870, 1251, 1251, 1235, 2141, 1235, 1433, 1747, 
      1956, 1747, 2082, 1770, 1770, 1376, 2856, 1480, 1803, 1986, 1520, 2145, 
      1936, 1449, 1708, 1554, 1667, 1342, 1471, 1471, 1486, 1566, 1555, 1723, 
      1645, 1931, 1749, 1376, 1470, 1480, 1217, 1416, 1635, 1700, 1819, 1819, 
      2084, 2086, 2085, 2009, 2087, 2096, 1856, 2088, 2090, 1574, 1903, 2089, 
      1696, 2892, 1671, 1938, 1901, 1906, 2091, 1982, 2834, 1368, 1711, 2833, 
      1449, 1425, 1521, 1521, 1709, 1709, 2092, 1967, 1796, 2896, 1722, 1774, 
      2908, 2909, 1651, 2061, 1657, 2146, 2093, 1513, 1513, 1764, 2036, 2923, 
      1874, 2851, 1405, 2850, 2095, 1548, 1548, 1615, 1963, 2025, 2038, 1918, 
      2096, 1771, 1771, 1700, 1750, 1867, 2038, 2098, 2097, 2099, 1677, 1851, 
      1987, 1449, 1580, 2085, 2928, 1869, 1994, 1579, 1976, 1956, 1716, 1897, 
      1731, 1739, 2897, 1739, 1652, 2122, 1524, 2101, 1677, 1909, 1478, 1604, 
      2015, 1957, 2021, 2110, 2103, 2926, 2926, 2105, 1839, 1897, 1847, 1898, 
      2106, 1849, 2107, 2108, 1761, 2030, 1750, 2109, 2110, 2110, 1524, 1837, 
      1916, 2111, 1827, 1521, 1696, 1627, 2138, 2159, 2928, 2002, 2112, 1870, 
      2112, 1608, 1693, 2134, 1636, 1636, 1927, 1929, 1851, 1986, 2034, 2898, 
      2142, 1838, 1859, 1654, 1529, 2114, 1575, 2012, 1563, 1813, 1924, 2106, 
      1879, 2115, 1581, 2116, 2881, 2117, 2118, 2147, 1972, 1778, 1559, 1827, 
      1865, 2051, 1653, 2039, 2106, 1668, 1839, 2109, 2111, 2923, 2000, 2121, 
      1746, 1939, 1576, 1805, 1833, 1582, 1809, 2006, 2084, 1800, 1948, 1948, 
      2113, 2101, 1821, 1821, 1880, 1871, 1653, 1599, 1705, 1609, 1645, 1933, 
      2013, 1995, 1979, 1839, 1839, 2126, 1650, 1795, 1841, 1931, 2148, 2127, 
      1819, 1763, 1825, 2129, 2130, 1829, 1829, 1882, 1876, 2130, 1749, 1828, 
      1749, 1743, 1743, 1846, 1775, 2090, 1959, 1902, 2151, 2132, 1849, 1690, 
      1730, 1920, 1921, 1838, 1667, 1667, 1667, 1667, 2131, 1928, 1951, 2054, 
      2132, 2103, 1516, 1813, 1543, 1998, 1999, 1805, 1833, 2133, 2135, 1709, 
      1709, 2042, 2895, 1718, 1850, 1850, 1758, 2152, 1758, 1758, 1758, 1758, 
      1712, 1794, 2136, 2138, 1920, 1739, 1739, 2075, 2024, 1789, 2088, 2139, 
      2142, 1982, 1772, 2143, 1836, 1848, 1952, 1813, 2145, 1774, 2148, 2149, 
      2149, 1774, 2151, 1796, 2040, 1849, 2024, 1869, 2928, 1939, 2047, 2088, 
      2155, 1925, 1926, 2153, 2154, 2086, 1847, 1847, 2156, 1973, 1897, 2117, 
      2145, 1922, 1834, 1814, 2144, 2157, 2927, 1866, 1898, 1893, 1967, 2114, 
      1976, 1933, 2063, 1995, 1853, 2001, 2032, 2127, 2107, 2116, 2135, 2092, 
      2157, 2076, 1865, 1944, 2029, 2050, 2051, 2098, 1942, 2097, 2037, 1999, 
      2025, 1912, 2060, 1911, 1993, 1994, 2934, 2934, 1874, 2067, 2082, 2003, 
      2073, 1894, 2160, 2125, 2058, 2064, 1966, 1946, 2018, 2023, 1969, 2062, 
      2068, 2124, 2056, 2128, 2148, 2122, 1593, 9, 8, 2965, 2570, 10, 11, 11, 
      11, 41, 41, 2575, 48, 52, 54, 57, 58, 58, 59, 59, 64, 67, 73, 73, 83, 
      83, 88, 2580, 2580, 101, 101, 2584, 106, 106, 108, 124, 124, 124, 125, 
      125, 129, 129, 151, 152, 152, 152, 153, 172, 176, 175, 177, 177, 178, 
      178, 181, 181, 181, 193, 2596, 194, 194, 196, 196, 196, 204, 2599, 
      2599, 2599, 216, 220, 220, 224, 227, 228, 229, 231, 2612, 2613, 258, 
      262, 2615, 2616, 278, 278, 279, 279, 2619, 286, 2618, 290, 2621, 2622, 
      291, 292, 292, 297, 2624, 2623, 310, 319, 319, 321, 334, 346, 2639, 
      2640, 347, 348, 348, 354, 2944, 2942, 2943, 2642, 2641, 2643, 2642, 
      2644, 356, 2644, 356, 362, 362, 364, 364, 366, 366, 366, 379, 378, 379, 
      379, 380, 380, 381, 381, 389, 390, 390, 390, 2650, 406, 407, 407, 407, 
      408, 2657, 417, 434, 2663, 450, 452, 452, 452, 452, 457, 457, 457, 468, 
      2664, 468, 2666, 469, 478, 2243, 480, 501, 501, 504, 504, 512, 535, 
      537, 551, 2678, 556, 557, 558, 563, 563, 565, 579, 579, 579, 579, 2977, 
      2679, 581, 2976, 584, 585, 585, 586, 586, 587, 604, 604, 610, 2967, 
      611, 611, 612, 612, 619, 619, 2685, 621, 621, 627, 627, 627, 638, 638, 
      642, 642, 2696, 2695, 661, 2699, 663, 677, 677, 684, 684, 687, 690, 
      690, 2709, 2707, 2708, 708, 711, 711, 713, 726, 727, 727, 728, 732, 
      737, 737, 2720, 2719, 2718, 2717, 2946, 740, 743, 752, 752, 761, 761, 
      769, 769, 769, 775, 775, 781, 781, 783, 2170, 784, 785, 570, 797, 797, 
      799, 799, 805, 805, 806, 806, 817, 817, 821, 821, 834, 834, 837, 838, 
      839, 839, 843, 852, 854, 854, 872, 2753, 2753, 873, 2754, 2754, 877, 
      879, 879, 2759, 2756, 882, 2757, 2758, 2760, 899, 907, 908, 909, 910, 
      920, 920, 927, 927, 937, 941, 941, 941, 942, 948, 948, 952, 953, 968, 
      975, 975, 977, 978, 991, 991, 2778, 996, 2224, 999, 999, 1007, 1007, 
      1010, 1012, 1013, 1014, 1015, 1018, 1020, 2947, 1021, 1021, 2779, 1022, 
      1026, 1026, 2781, 1029, 1041, 1042, 1042, 1042, 1043, 1043, 1047, 1065, 
      1065, 1065, 1065, 1066, 1066, 1066, 1066, 1068, 1070, 1074, 1073, 2784, 
      2785, 1075, 1076, 1076, 2787, 1084, 1084, 1095, 3000, 2791, 1096, 2791, 
      2791, 1097, 1097, 1097, 1103, 2794, 1104, 1106, 1106, 1106, 1111, 1117, 
      2950, 1118, 1118, 1118, 1119, 1119, 1139, 1139, 1139, 1141, 2801, 2968, 
      2802, 1150, 1154, 1154, 1177, 1177, 1178, 1178, 1710, 1209, 1222, 1222, 
      2817, 1225, 1225, 2819, 1235, 1235, 1270, 572, 1279, 571, 1304, 1309, 
      1311, 2970, 1321, 2830, 1322, 2830, 2829, 1322, 2831, 2831, 1323, 1323, 
      1324, 1324, 1324, 1327, 1337, 1337, 1362, 1364, 1366, 1366, 1369, 1711, 
      1374, 1378, 1378, 1378, 2837, 1387, 2837, 2836, 2841, 1392, 2842, 1404, 
      2849, 2848, 1411, 2853, 1417, 1426, 1426, 1429, 2855, 2856, 1435, 1435, 
      1446, 1448, 1448, 1452, 1451, 1453, 1453, 1454, 1454, 1457, 1457, 2862, 
      1465, 1483, 1490, 1490, 1498, 1500, 1501, 2864, 1502, 1510, 1512, 2971, 
      1513, 1513, 1520, 1520, 1523, 2185, 1525, 1536, 1537, 2229, 2238, 2866, 
      1538, 1542, 1542, 1563, 1563, 1566, 1570, 2873, 2972, 1577, 1579, 1581, 
      1581, 1593, 1594, 1600, 2245, 1601, 1602, 1603, 2878, 2879, 1617, 1622, 
      1633, 1651, 1651, 1652, 1657, 2884, 2884, 1661, 2888, 2887, 1665, 2886, 
      2893, 1672, 1674, 1678, 1684, 1685, 1687, 1687, 1696, 1696, 1696, 1697, 
      1697, 1699, 1708, 2894, 2894, 1719, 1719, 1721, 1721, 1737, 1738, 1738, 
      1739, 1739, 1743, 1743, 1743, 1744, 1744, 1749, 1749, 2910, 2905, 2908, 
      2909, 2907, 2906, 2904, 2903, 1757, 1770, 1770, 1770, 1772, 1772, 1780, 
      1784, 1785, 1785, 1786, 1787, 1787, 2916, 1801, 2918, 2917, 2920, 2919, 
      1803, 1803, 1803, 1815, 1818, 1819, 1819, 1820, 1831, 1831, 1837, 1839, 
      1843, 1847, 1847, 1849, 1849, 1849, 1860, 2952, 2979, 2953, 2926, 2926, 
      1861, 2926, 2926, 1862, 1862, 1862, 1862, 1862, 1863, 2973, 2974, 1868, 
      1869, 2928, 1869, 2928, 2928, 1870, 1870, 1870, 2931, 2930, 1872, 1890, 
      1890, 1890, 1890, 1893, 1893, 2574, 45, 80, 80, 80, 94, 94, 105, 105, 
      2586, 2586, 147, 147, 2590, 2594, 186, 2593, 2592, 187, 2595, 188, 188, 
      188, 197, 197, 197, 197, 197, 1026, 228, 228, 2610, 2609, 2608, 245, 
      252, 253, 256, 256, 256, 2611, 2611, 2611, 265, 337, 339, 340, 383, 
      2647, 2647, 394, 397, 397, 399, 2653, 400, 402, 403, 410, 2654, 2572, 
      23, 790, 2660, 444, 2661, 445, 552, 552, 552, 552, 552, 552, 2673, 
      2672, 492, 2671, 507, 517, 2675, 544, 2682, 600, 2683, 601, 616, 2700, 
      669, 2716, 737, 737, 737, 2716, 2728, 755, 756, 766, 768, 2732, 773, 
      2731, 2735, 2734, 2733, 798, 810, 823, 2747, 824, 835, 835, 905, 976, 
      976, 976, 976, 963, 970, 970, 995, 995, 995, 1002, 1006, 1006, 1035, 
      2782, 1052, 201, 2598, 1637, 152, 1122, 1122, 1127, 2797, 1129, 1129, 
      2798, 2798, 2694, 659, 1165, 1166, 1194, 1199, 1199, 2815, 1221, 2816, 
      2814, 1229, 2820, 1240, 2821, 1272, 2822, 2823, 1276, 1276, 1276, 1278, 
      1278, 2826, 1288, 1310, 1318, 1356, 1347, 1360, 2834, 1368, 2833, 2845, 
      2847, 1399, 2846, 1476, 1487, 1504, 1543, 1557, 2868, 645, 2688, 644, 
      2687, 1585, 1586, 1598, 2876, 1604, 1604, 1653, 1676, 1676, 1676, 1676, 
      1752, 2902, 2901, 2900, 1777, 1777, 2914, 2925, 1852, 1881, 1881, 1000, 
      1000, 1284, 956, 54, 2866, 1111, 1159, 1027, 102, 998, 2866, 2824, 
      2040, 296, 2934, 1146, 1566, 1840, 2923, 404, 55, 1538, 450, 11, 2663, 
      1858, 737, 737, 296, 126 ;

   EndLine = 0, 1, 2, 2, 2, 2, 3, 3, 3, 4, 5, 6, 6, 7, 7, 7, 9, 10, 2570, 
      2570, 10, 10, 2570, 10, 2570, 11, 11, 11, 11, 11, 11, 11, 12, 12, 13, 
      14, 14, 15, 15, 16, 17, 17, 18, 19, 19, 20, 20, 21, 21, 21, 22, 22, 22, 
      22, 23, 2572, 24, 24, 24, 25, 25, 26, 27, 2573, 28, 28, 28, 29, 30, 31, 
      31, 31, 31, 32, 33, 34, 34, 34, 35, 36, 36, 38, 38, 39, 39, 39, 39, 40, 
      40, 41, 41, 41, 41, 41, 41, 42, 42, 42, 43, 43, 44, 44, 44, 44, 44, 44, 
      44, 46, 46, 46, 47, 47, 48, 48, 48, 2575, 2575, 2575, 49, 49, 49, 49, 
      49, 50, 50, 50, 50, 51, 2941, 51, 52, 52, 53, 53, 54, 54, 55, 56, 56, 
      58, 58, 58, 59, 59, 59, 59, 59, 59, 59, 59, 59, 60, 61, 62, 2576, 62, 
      2576, 63, 65, 2577, 65, 66, 2578, 68, 68, 68, 69, 69, 70, 70, 2579, 71, 
      73, 73, 73, 73, 73, 73, 73, 73, 73, 73, 73, 74, 75, 76, 76, 77, 78, 78, 
      78, 78, 79, 79, 80, 80, 81, 81, 82, 82, 83, 83, 83, 84, 84, 85, 85, 85, 
      86, 86, 87, 2580, 88, 2580, 2581, 89, 90, 90, 90, 90, 91, 91, 92, 93, 
      2582, 94, 95, 96, 96, 97, 98, 2583, 99, 100, 100, 101, 101, 101, 2584, 
      101, 101, 101, 102, 102, 102, 102, 102, 2585, 103, 103, 103, 2585, 104, 
      104, 105, 2586, 106, 106, 106, 106, 106, 106, 106, 107, 107, 108, 109, 
      109, 109, 109, 109, 109, 109, 110, 110, 111, 2587, 112, 113, 113, 114, 
      115, 116, 117, 117, 117, 118, 118, 119, 119, 2588, 120, 121, 121, 122, 
      122, 122, 122, 124, 124, 124, 124, 124, 124, 124, 124, 124, 125, 125, 
      126, 126, 127, 127, 128, 128, 129, 129, 129, 129, 129, 129, 130, 130, 
      131, 131, 131, 132, 132, 133, 133, 133, 133, 134, 135, 136, 136, 136, 
      137, 137, 138, 2589, 2589, 139, 2589, 139, 139, 139, 139, 2589, 139, 
      2589, 2589, 139, 2589, 140, 141, 142, 143, 143, 144, 145, 146, 148, 
      148, 2591, 149, 149, 149, 149, 149, 150, 152, 152, 152, 152, 152, 152, 
      153, 153, 153, 153, 153, 153, 153, 154, 155, 155, 155, 155, 155, 156, 
      156, 157, 157, 157, 157, 157, 158, 159, 160, 161, 162, 163, 163, 164, 
      164, 165, 165, 165, 165, 166, 166, 167, 167, 168, 168, 169, 170, 170, 
      171, 172, 172, 172, 172, 172, 172, 173, 173, 173, 173, 173, 173, 174, 
      174, 176, 177, 177, 178, 178, 180, 181, 181, 181, 181, 181, 181, 181, 
      181, 182, 183, 184, 184, 185, 2594, 186, 2593, 2592, 190, 190, 191, 
      192, 192, 192, 192, 192, 193, 193, 2596, 193, 2596, 193, 2596, 193, 
      194, 194, 194, 194, 194, 194, 194, 195, 195, 196, 196, 196, 196, 196, 
      196, 196, 196, 196, 196, 196, 197, 197, 197, 197, 197, 197, 197, 198, 
      198, 198, 199, 2597, 200, 200, 201, 2598, 202, 203, 204, 204, 205, 205, 
      206, 207, 208, 208, 210, 212, 2599, 2599, 2599, 2599, 211, 213, 214, 
      215, 215, 215, 215, 217, 217, 217, 217, 217, 217, 218, 219, 219, 220, 
      221, 221, 222, 2600, 2601, 223, 223, 223, 225, 226, 228, 228, 228, 228, 
      228, 228, 228, 228, 229, 229, 230, 232, 233, 2603, 234, 235, 235, 236, 
      236, 236, 237, 239, 240, 241, 241, 241, 241, 241, 242, 243, 243, 243, 
      244, 244, 2610, 2609, 2608, 245, 246, 247, 247, 247, 248, 249, 249, 
      250, 251, 251, 252, 253, 254, 255, 256, 2611, 259, 260, 261, 261, 261, 
      261, 263, 263, 263, 263, 264, 265, 266, 266, 266, 267, 267, 267, 268, 
      268, 268, 268, 268, 269, 269, 269, 269, 269, 270, 271, 271, 272, 272, 
      273, 273, 274, 275, 275, 275, 276, 278, 278, 278, 278, 279, 279, 280, 
      280, 280, 280, 281, 281, 282, 283, 2617, 285, 285, 285, 285, 285, 287, 
      287, 288, 289, 291, 2622, 291, 2622, 291, 2622, 291, 291, 291, 2622, 
      292, 292, 3014, 3014, 3014, 3014, 3014, 3014, 3014, 293, 293, 294, 294, 
      295, 296, 296, 298, 299, 2626, 300, 301, 301, 302, 303, 303, 2627, 304, 
      305, 305, 2628, 306, 307, 308, 309, 310, 311, 311, 313, 313, 314, 316, 
      316, 317, 2630, 318, 2629, 319, 319, 319, 319, 320, 320, 321, 322, 322, 
      2631, 2631, 324, 2632, 325, 2633, 326, 327, 327, 327, 328, 2634, 329, 
      329, 329, 2635, 330, 331, 2636, 2637, 332, 2637, 2637, 332, 332, 2638, 
      333, 333, 335, 336, 336, 336, 337, 338, 339, 340, 341, 341, 342, 343, 
      343, 344, 344, 345, 2640, 347, 347, 2640, 348, 348, 350, 351, 351, 353, 
      355, 355, 2642, 355, 355, 2642, 2643, 2641, 2644, 2644, 356, 356, 357, 
      357, 359, 359, 360, 360, 361, 361, 362, 362, 362, 362, 362, 362, 362, 
      2962, 2962, 363, 363, 2962, 2962, 363, 2962, 2962, 363, 363, 2962, 363, 
      364, 364, 364, 2645, 365, 367, 367, 368, 368, 368, 370, 371, 371, 371, 
      371, 371, 371, 372, 373, 374, 375, 376, 376, 376, 376, 377, 377, 379, 
      379, 379, 379, 380, 381, 381, 381, 381, 381, 381, 382, 383, 384, 384, 
      2648, 385, 386, 2649, 387, 388, 390, 390, 390, 390, 390, 390, 390, 390, 
      390, 390, 390, 391, 391, 2651, 2650, 2651, 2650, 2650, 391, 2651, 2651, 
      2651, 2651, 394, 394, 394, 394, 394, 394, 395, 395, 395, 395, 395, 395, 
      396, 396, 396, 396, 396, 2652, 2652, 2652, 396, 396, 396, 397, 398, 
      398, 401, 401, 401, 401, 401, 402, 403, 404, 404, 405, 407, 407, 407, 
      408, 408, 408, 408, 408, 409, 410, 2654, 2655, 2655, 412, 412, 413, 
      413, 413, 414, 414, 414, 415, 2656, 416, 418, 419, 420, 420, 421, 421, 
      423, 424, 425, 427, 427, 428, 2658, 429, 429, 430, 431, 432, 432, 433, 
      435, 435, 435, 436, 436, 437, 437, 437, 438, 438, 2659, 439, 440, 440, 
      440, 440, 441, 442, 442, 443, 443, 443, 443, 443, 446, 447, 447, 447, 
      447, 2662, 449, 449, 449, 449, 449, 449, 449, 449, 450, 2663, 450, 451, 
      451, 452, 452, 452, 452, 452, 452, 452, 452, 452, 452, 453, 453, 453, 
      453, 453, 453, 454, 454, 455, 456, 456, 457, 457, 457, 457, 457, 458, 
      458, 458, 458, 458, 459, 460, 460, 461, 461, 462, 462, 463, 463, 463, 
      463, 463, 463, 463, 463, 463, 463, 464, 464, 465, 467, 468, 2664, 2664, 
      468, 468, 2666, 469, 2666, 2665, 469, 469, 2666, 2666, 2666, 469, 469, 
      2665, 470, 470, 471, 471, 471, 472, 472, 472, 472, 473, 473, 473, 474, 
      475, 476, 476, 476, 476, 477, 479, 479, 479, 479, 479, 480, 480, 480, 
      481, 481, 2668, 2668, 482, 2669, 2669, 2669, 483, 483, 483, 2670, 484, 
      486, 486, 486, 486, 486, 486, 486, 486, 487, 488, 489, 491, 493, 494, 
      495, 496, 496, 496, 497, 497, 497, 497, 498, 498, 499, 2674, 500, 501, 
      501, 501, 502, 503, 504, 504, 504, 504, 505, 505, 505, 505, 505, 505, 
      506, 507, 507, 509, 511, 515, 515, 516, 516, 517, 2675, 518, 519, 520, 
      520, 520, 520, 520, 521, 522, 523, 525, 525, 2676, 2676, 527, 529, 529, 
      530, 530, 530, 530, 531, 532, 533, 535, 535, 535, 535, 538, 538, 539, 
      540, 541, 542, 542, 543, 544, 545, 545, 546, 546, 547, 547, 547, 547, 
      547, 548, 549, 550, 550, 550, 551, 551, 2678, 551, 551, 2678, 551, 
      2678, 552, 552, 552, 553, 554, 554, 555, 557, 557, 557, 558, 558, 558, 
      558, 558, 558, 559, 559, 560, 560, 561, 562, 563, 563, 563, 563, 563, 
      563, 564, 564, 564, 564, 564, 564, 565, 565, 566, 567, 568, 569, 573, 
      574, 574, 574, 575, 577, 577, 578, 579, 580, 580, 580, 583, 583, 585, 
      585, 586, 586, 586, 586, 586, 586, 586, 587, 588, 588, 588, 588, 589, 
      589, 591, 592, 592, 592, 593, 595, 595, 595, 597, 598, 598, 599, 599, 
      2682, 600, 2683, 601, 602, 602, 603, 603, 604, 604, 604, 604, 605, 606, 
      606, 607, 607, 608, 608, 608, 609, 609, 611, 611, 611, 611, 611, 611, 
      611, 611, 612, 612, 612, 612, 612, 612, 613, 613, 2684, 2684, 613, 614, 
      615, 615, 616, 617, 617, 618, 619, 2685, 621, 621, 621, 622, 622, 623, 
      623, 625, 626, 627, 627, 627, 627, 627, 627, 627, 627, 628, 629, 629, 
      630, 631, 631, 632, 633, 633, 633, 634, 635, 636, 637, 638, 638, 638, 
      639, 640, 641, 641, 642, 642, 643, 643, 643, 643, 643, 643, 643, 643, 
      644, 2687, 645, 2688, 2691, 649, 2689, 2690, 650, 650, 650, 650, 650, 
      650, 651, 652, 2692, 656, 658, 2693, 2694, 659, 660, 660, 660, 660, 
      660, 2699, 663, 663, 663, 2699, 664, 664, 664, 664, 664, 664, 664, 665, 
      666, 667, 668, 668, 2700, 669, 2702, 2701, 670, 671, 672, 672, 673, 
      673, 673, 673, 673, 674, 674, 674, 675, 676, 676, 676, 677, 678, 2703, 
      680, 1763, 682, 682, 683, 684, 684, 684, 685, 685, 686, 686, 688, 688, 
      689, 690, 690, 690, 690, 691, 691, 692, 692, 2704, 693, 694, 696, 698, 
      699, 699, 700, 700, 700, 702, 702, 703, 703, 704, 706, 2706, 707, 2712, 
      709, 2710, 2711, 710, 711, 711, 711, 711, 711, 711, 711, 711, 711, 712, 
      712, 712, 712, 714, 714, 715, 715, 715, 716, 716, 2713, 717, 718, 719, 
      720, 720, 720, 721, 722, 723, 724, 725, 725, 725, 725, 727, 727, 727, 
      727, 728, 728, 728, 728, 728, 729, 730, 731, 732, 732, 732, 734, 734, 
      737, 2716, 737, 2716, 738, 738, 738, 739, 741, 2722, 2723, 2724, 2725, 
      2721, 742, 742, 2726, 744, 746, 746, 747, 747, 749, 749, 749, 749, 749, 
      751, 752, 752, 752, 753, 753, 753, 754, 756, 757, 758, 758, 759, 759, 
      760, 761, 761, 761, 761, 761, 761, 762, 762, 764, 765, 765, 767, 767, 
      767, 767, 767, 767, 767, 768, 768, 769, 769, 769, 769, 770, 770, 770, 
      770, 770, 770, 771, 2729, 2730, 2732, 773, 2731, 2735, 2734, 2733, 774, 
      775, 775, 775, 777, 778, 2737, 781, 781, 781, 781, 782, 784, 784, 784, 
      785, 785, 786, 786, 787, 2738, 570, 788, 788, 789, 789, 791, 792, 793, 
      796, 2739, 2740, 798, 798, 798, 798, 798, 798, 799, 799, 801, 2741, 
      802, 802, 802, 802, 802, 802, 804, 805, 805, 805, 805, 805, 806, 808, 
      809, 810, 811, 811, 811, 811, 811, 811, 811, 811, 811, 814, 817, 817, 
      817, 817, 817, 817, 818, 820, 821, 821, 821, 821, 822, 822, 822, 825, 
      826, 826, 826, 2748, 827, 828, 830, 830, 831, 832, 832, 832, 832, 832, 
      832, 833, 835, 836, 836, 836, 836, 836, 838, 838, 839, 841, 841, 2749, 
      842, 843, 844, 844, 845, 846, 847, 847, 847, 847, 847, 847, 848, 849, 
      849, 2750, 852, 852, 853, 854, 854, 854, 854, 855, 855, 855, 857, 858, 
      858, 859, 859, 861, 862, 862, 863, 864, 865, 865, 866, 867, 867, 869, 
      870, 872, 872, 2753, 2753, 2753, 2753, 2753, 872, 873, 873, 873, 874, 
      875, 875, 875, 876, 2754, 2754, 877, 877, 878, 878, 881, 881, 2763, 
      883, 2761, 2762, 2765, 2764, 884, 884, 885, 886, 888, 2766, 889, 890, 
      2767, 891, 892, 893, 893, 2768, 894, 894, 894, 894, 894, 895, 895, 895, 
      896, 2769, 897, 897, 898, 898, 899, 900, 904, 905, 908, 908, 909, 910, 
      911, 911, 912, 912, 912, 913, 913, 914, 2771, 915, 916, 918, 918, 920, 
      920, 920, 921, 921, 921, 921, 921, 921, 922, 924, 925, 925, 926, 927, 
      927, 928, 2773, 931, 2774, 932, 934, 934, 935, 936, 937, 937, 937, 938, 
      939, 940, 941, 941, 941, 941, 942, 943, 943, 943, 944, 945, 946, 947, 
      947, 948, 949, 950, 951, 952, 952, 952, 952, 953, 954, 954, 954, 956, 
      956, 956, 956, 956, 956, 956, 957, 957, 958, 959, 961, 962, 964, 964, 
      964, 964, 964, 965, 965, 965, 966, 966, 967, 969, 969, 969, 970, 971, 
      971, 972, 973, 974, 975, 975, 975, 975, 975, 976, 978, 979, 979, 979, 
      980, 983, 985, 986, 986, 986, 2777, 987, 988, 989, 990, 991, 2778, 992, 
      992, 993, 994, 995, 997, 997, 997, 997, 998, 999, 999, 999, 1000, 1001, 
      1002, 1003, 1004, 1004, 1004, 1004, 1004, 1004, 1004, 1005, 1006, 1007, 
      1007, 1007, 1007, 1007, 1007, 1008, 1008, 1009, 1009, 1010, 1010, 1010, 
      1010, 1011, 1011, 1013, 1013, 1014, 1014, 1015, 1016, 1017, 1018, 1021, 
      1021, 1023, 1023, 1024, 1025, 2780, 1026, 1026, 1028, 1030, 1031, 1032, 
      1033, 1035, 2782, 1036, 1037, 1040, 1043, 1043, 1043, 1043, 1045, 1046, 
      1046, 1047, 1048, 1049, 1049, 1049, 1049, 1049, 1049, 2783, 2783, 1051, 
      1052, 1054, 1054, 1055, 1056, 1058, 1059, 1059, 1060, 1061, 1063, 1065, 
      1065, 1065, 1065, 1065, 1065, 1065, 1066, 1066, 1066, 1066, 1066, 1066, 
      1066, 1066, 1067, 1069, 1071, 1074, 2785, 2785, 2785, 2784, 1075, 2784, 
      2784, 2784, 1077, 1078, 1078, 1078, 1079, 1080, 1083, 1083, 2787, 1084, 
      2787, 1084, 1084, 1088, 1088, 1088, 1088, 1089, 1091, 1093, 2790, 1094, 
      2791, 2791, 2792, 1096, 2792, 2791, 2791, 1097, 1097, 1097, 1099, 1099, 
      1101, 1101, 1101, 1101, 1102, 1104, 2794, 2794, 2794, 2794, 1104, 2795, 
      2795, 1106, 1106, 1106, 1107, 1108, 1109, 1109, 1110, 1110, 1112, 1112, 
      1113, 1113, 1115, 1119, 1120, 1122, 1123, 1123, 1123, 1124, 1124, 1125, 
      1126, 1128, 1128, 1128, 2799, 1131, 1133, 1134, 1135, 1135, 1135, 1136, 
      1137, 1139, 1139, 1139, 1140, 1140, 1140, 1140, 1141, 1141, 1142, 1146, 
      1146, 1146, 1146, 1147, 2800, 1148, 1149, 1149, 1152, 1153, 1154, 1154, 
      1154, 1155, 1156, 1156, 1159, 1160, 1161, 1162, 1162, 1163, 1163, 1164, 
      1165, 1166, 1167, 1167, 2806, 2806, 1170, 1170, 1170, 1170, 1173, 1174, 
      1175, 1177, 1177, 1178, 1178, 1178, 1178, 1179, 1180, 1180, 2808, 1181, 
      1182, 1183, 1184, 2809, 1185, 1186, 2810, 1187, 1188, 1190, 1190, 1193, 
      2812, 2811, 1196, 1196, 1197, 1198, 1199, 1199, 1199, 1202, 1203, 1204, 
      1205, 1205, 1205, 1205, 1205, 1206, 1207, 1207, 1208, 1208, 1213, 1214, 
      1215, 1215, 1216, 1218, 1222, 1222, 2817, 1223, 1223, 1223, 1223, 1223, 
      1224, 2818, 1225, 1225, 1225, 1228, 1229, 1231, 1236, 1237, 1237, 1239, 
      1239, 1241, 1242, 1243, 1244, 1246, 1248, 1249, 1250, 1250, 1251, 1252, 
      1253, 1257, 1258, 1259, 1260, 1261, 1261, 1262, 1263, 1263, 1263, 1263, 
      1265, 1268, 1269, 1270, 1270, 1273, 1273, 1274, 1276, 1277, 572, 1279, 
      1279, 1279, 1279, 1280, 1281, 1283, 1283, 1285, 1285, 1286, 1287, 1290, 
      1290, 1290, 1291, 1296, 1298, 2827, 1299, 1301, 1301, 1301, 1302, 1304, 
      2828, 1305, 571, 1306, 1306, 1307, 1308, 1309, 1309, 1310, 1310, 1311, 
      1316, 1317, 1317, 1318, 1320, 1322, 1322, 1322, 2830, 2830, 1322, 2829, 
      2829, 1322, 1322, 2830, 1322, 2830, 1323, 2831, 2831, 2831, 1323, 1323, 
      1323, 1324, 1324, 1326, 1326, 1326, 1327, 1327, 1327, 1327, 1329, 2832, 
      1330, 1331, 1331, 1331, 1331, 1333, 1333, 1334, 1337, 1338, 1338, 1339, 
      1339, 1341, 1341, 1342, 1343, 1343, 1344, 1344, 1345, 1345, 1346, 1349, 
      1349, 1349, 1350, 1350, 1350, 1350, 1350, 1350, 1352, 1354, 1355, 1356, 
      1356, 1356, 1356, 1357, 1360, 1361, 1361, 1361, 1365, 1366, 1366, 1367, 
      1369, 1369, 1371, 1372, 1373, 1373, 2835, 1373, 1375, 1376, 1378, 1378, 
      1379, 1379, 1380, 1382, 1385, 1386, 1386, 1391, 2840, 1391, 1394, 1394, 
      1395, 1395, 1396, 2844, 1398, 1400, 1400, 1401, 1402, 1403, 1403, 1403, 
      1406, 1407, 2852, 1408, 1410, 1411, 1411, 1413, 1413, 1414, 1414, 1416, 
      1418, 1419, 1419, 2854, 1420, 1422, 1426, 1426, 1426, 1427, 1427, 1428, 
      2855, 1430, 2855, 1431, 1432, 1433, 1434, 2856, 1436, 1436, 1436, 1436, 
      1438, 1439, 1442, 1447, 1448, 1448, 1449, 1449, 1449, 1453, 1453, 1453, 
      1461, 1463, 2861, 1468, 1469, 1470, 1474, 1475, 1476, 1477, 2863, 1479, 
      1482, 1483, 1484, 1486, 1487, 1487, 1488, 1488, 1490, 1493, 1495, 1496, 
      1497, 1498, 1498, 1499, 2864, 1501, 1501, 1502, 1507, 1508, 1508, 1508, 
      1513, 1513, 1513, 1513, 1520, 1520, 1520, 1524, 1524, 1525, 1525, 1527, 
      1528, 1531, 1535, 1537, 1542, 1542, 1543, 1543, 1544, 1546, 1547, 1547, 
      1548, 1549, 1551, 1555, 1556, 2869, 2870, 1562, 2871, 2871, 1564, 1564, 
      1564, 1566, 1566, 1566, 1566, 1567, 1568, 1568, 2873, 1576, 1590, 2972, 
      1577, 1578, 1581, 1581, 1582, 1583, 1586, 2874, 1591, 1594, 1598, 2876, 
      1599, 1601, 1604, 1605, 1606, 1608, 1614, 1615, 2951, 2951, 1618, 1619, 
      1619, 1622, 1624, 1625, 1626, 1626, 1629, 1632, 1635, 1636, 1639, 1641, 
      1642, 2882, 1643, 1646, 1648, 1648, 1649, 1649, 1649, 1650, 1650, 1651, 
      1651, 1653, 1654, 1657, 1657, 1658, 1659, 1661, 2884, 1661, 2884, 1663, 
      2891, 2890, 2889, 1666, 1670, 1673, 1673, 1675, 1680, 1681, 1684, 1684, 
      1686, 1687, 1687, 1689, 1689, 1692, 1694, 1697, 1697, 1700, 1706, 1706, 
      2894, 2894, 1709, 1709, 1709, 1709, 1709, 1709, 1713, 1713, 1713, 1715, 
      1716, 2895, 1718, 1723, 1724, 1726, 1726, 1728, 1735, 1738, 1740, 1741, 
      1743, 1744, 1746, 1748, 1749, 2901, 1753, 1755, 1756, 2905, 1759, 1764, 
      1771, 1776, 1776, 1777, 2914, 1779, 1787, 1789, 1790, 1791, 1791, 1792, 
      1793, 1794, 1795, 1795, 1797, 1799, 1803, 1807, 1810, 1811, 1813, 1815, 
      1815, 1815, 1821, 1821, 1828, 1829, 1831, 1832, 1837, 1839, 1839, 1839, 
      1844, 1844, 1844, 1844, 1849, 1849, 1849, 1855, 1857, 1858, 1861, 2926, 
      1861, 1861, 1861, 1861, 2926, 2926, 2926, 1864, 1867, 1869, 1869, 1869, 
      1869, 2928, 1873, 2932, 2933, 1880, 1880, 1880, 1882, 1891, 1896, 1908, 
      1910, 1917, 1926, 1936, 1945, 1957, 1962, 1990, 2003, 2009, 2074, 2072, 
      2081, 2090, 2248, 2570, 2161, 2190, 2190, 2214, 2161, 2190, 2214, 42, 
      42, 49, 49, 53, 55, 2162, 2162, 2215, 2162, 2215, 62, 68, 2191, 2216, 
      84, 84, 2581, 89, 89, 102, 102, 102, 107, 107, 109, 126, 126, 126, 126, 
      126, 130, 130, 2217, 153, 153, 2217, 2217, 173, 177, 2163, 2163, 2192, 
      2163, 2192, 182, 182, 182, 194, 194, 195, 195, 197, 197, 197, 205, 211, 
      213, 213, 217, 221, 221, 225, 2193, 2193, 2193, 232, 2614, 2614, 259, 
      263, 263, 263, 2164, 2194, 2164, 2194, 287, 287, 287, 2622, 291, 3014, 
      3014, 293, 293, 2625, 2625, 298, 311, 320, 320, 322, 335, 2165, 2195, 
      2165, 2195, 2165, 2195, 2166, 2218, 2232, 2242, 2166, 2218, 2232, 2242, 
      2166, 2218, 2232, 2242, 363, 2962, 2645, 365, 367, 367, 367, 380, 2167, 
      381, 381, 2167, 2196, 2167, 2196, 2219, 391, 391, 2219, 2219, 2220, 
      408, 408, 2220, 2220, 418, 418, 435, 451, 451, 453, 453, 453, 453, 458, 
      458, 458, 469, 469, 2666, 470, 470, 2243, 479, 2243, 502, 502, 505, 
      505, 513, 536, 538, 552, 552, 2168, 2168, 2168, 564, 564, 567, 580, 
      580, 580, 580, 2680, 2680, 582, 582, 2233, 2233, 2244, 2233, 2244, 588, 
      605, 605, 2169, 2197, 2169, 2197, 2169, 2197, 620, 620, 622, 622, 622, 
      628, 628, 628, 639, 639, 643, 643, 2698, 2697, 662, 664, 664, 678, 678, 
      685, 685, 688, 691, 691, 2712, 709, 2710, 2711, 712, 712, 714, 2198, 
      728, 2198, 2198, 733, 738, 738, 741, 2722, 2723, 2724, 2725, 2721, 745, 
      753, 753, 762, 762, 770, 770, 770, 2736, 776, 782, 782, 2170, 784, 785, 
      2170, 787, 798, 798, 800, 800, 806, 806, 807, 807, 2221, 2234, 822, 
      822, 835, 835, 2171, 2171, 840, 840, 844, 853, 855, 855, 873, 873, 873, 
      874, 878, 878, 878, 880, 2755, 2763, 883, 2761, 2762, 2765, 2764, 900, 
      2199, 2199, 2222, 911, 921, 921, 928, 928, 938, 942, 943, 943, 943, 
      949, 949, 954, 954, 969, 976, 976, 978, 2223, 992, 992, 992, 2224, 997, 
      1000, 1000, 1008, 1008, 1011, 2172, 2172, 2172, 1016, 1019, 2173, 2200, 
      2173, 2200, 2173, 2200, 1027, 1027, 1030, 1030, 2201, 2174, 2201, 1043, 
      2174, 2201, 1048, 2175, 2202, 2225, 2235, 2175, 2202, 2225, 2235, 2176, 
      2176, 2784, 2203, 2177, 2203, 1076, 2177, 2203, 1085, 1085, 1085, 2204, 
      2236, 1097, 2204, 2226, 2236, 2204, 2226, 2236, 2794, 2795, 2795, 1107, 
      1107, 1107, 1112, 2178, 2205, 2178, 2205, 1119, 2178, 2205, 1140, 1140, 
      1140, 1142, 1151, 2803, 2804, 2969, 1155, 1155, 2179, 2206, 2179, 2206, 
      1184, 1210, 1223, 1223, 1223, 1226, 1226, 1226, 1236, 1236, 1271, 1278, 
      1280, 2828, 2828, 1310, 1312, 2180, 2227, 2180, 2207, 2227, 2237, 1323, 
      2180, 2207, 2227, 2237, 1325, 1325, 1325, 1328, 1338, 1338, 2181, 1365, 
      1367, 1367, 1370, 1373, 1375, 1379, 1379, 1379, 1388, 2839, 1388, 2838, 
      2843, 2843, 1393, 2851, 1405, 2850, 1412, 1418, 1418, 1427, 1427, 2228, 
      2228, 1436, 1436, 1436, 1447, 1449, 1449, 1453, 2208, 2182, 2208, 2182, 
      2208, 1458, 1458, 1466, 1467, 1484, 1491, 1491, 1499, 2183, 2183, 1502, 
      2183, 1511, 2184, 2209, 2184, 2209, 1521, 1521, 2185, 1524, 2185, 2238, 
      2866, 1537, 1537, 2229, 2238, 1543, 1543, 1564, 1564, 1567, 1569, 1590, 
      1578, 1578, 1580, 1582, 1582, 2186, 2186, 2245, 1601, 1602, 2245, 1604, 
      1618, 1618, 1618, 1621, 1634, 1653, 1653, 1653, 1658, 1662, 1662, 1662, 
      2891, 2890, 2889, 1666, 1673, 1673, 1675, 1679, 1686, 1686, 1688, 1688, 
      2187, 2210, 1697, 2187, 2210, 1700, 1709, 1709, 1709, 1720, 1720, 2896, 
      1722, 2239, 2230, 2239, 2230, 2239, 1744, 1744, 1744, 1745, 1745, 1750, 
      1750, 1758, 1758, 1758, 1758, 1758, 1758, 1758, 1758, 1758, 1771, 1771, 
      1771, 1773, 1773, 1781, 2188, 2188, 1786, 2188, 1788, 1788, 1802, 1802, 
      1802, 1802, 1802, 1802, 1804, 1804, 1804, 1816, 2211, 1820, 2211, 2211, 
      1832, 1832, 1838, 2923, 1844, 1848, 1848, 1850, 1850, 1850, 2189, 2231, 
      2240, 2246, 2189, 2212, 2231, 2240, 2246, 2189, 2212, 2231, 2240, 2246, 
      1864, 2213, 2241, 2247, 2213, 1870, 2241, 1870, 2247, 2213, 2241, 2247, 
      1873, 2932, 2933, 1891, 1891, 1891, 1891, 1894, 1894, 2249, 2250, 2252, 
      2253, 2254, 2256, 2257, 2259, 2260, 2261, 2262, 2265, 2266, 2268, 2269, 
      2270, 2271, 2272, 2273, 2274, 2275, 2276, 2277, 2278, 2279, 2280, 2281, 
      2282, 2283, 2285, 2288, 2292, 2293, 2294, 2295, 2296, 2297, 2298, 2299, 
      2300, 2301, 2302, 2303, 2305, 2306, 2308, 2309, 2310, 2311, 2312, 2313, 
      2314, 2315, 2316, 2318, 2319, 2320, 2321, 2322, 2323, 2324, 2325, 2326, 
      2327, 2328, 2329, 2330, 2335, 2336, 2337, 2338, 2339, 2340, 2341, 2342, 
      2343, 2344, 2347, 2348, 2349, 2350, 2351, 2352, 2353, 2354, 2355, 2356, 
      2357, 2358, 2359, 2360, 2361, 2362, 2363, 2364, 2365, 2367, 2369, 2370, 
      2371, 2372, 2373, 2374, 2375, 2376, 2377, 2378, 2379, 2380, 2384, 2385, 
      2388, 2389, 2390, 2391, 2392, 2393, 2394, 2395, 2400, 2401, 2402, 2403, 
      2405, 2407, 2408, 2409, 2411, 2412, 2413, 2414, 2415, 2416, 2417, 2418, 
      2419, 2420, 2421, 2422, 2423, 2426, 2427, 2428, 2430, 2431, 2433, 2434, 
      2436, 2437, 2438, 2439, 2440, 2441, 2442, 2443, 2444, 2445, 2446, 2447, 
      2448, 2449, 2451, 2452, 2453, 2454, 2456, 2457, 2459, 2460, 2461, 2462, 
      2463, 2464, 2469, 2470, 2471, 2472, 2480, 2483, 2489, 2495, 2497, 2498, 
      2499, 2500, 2501, 2502, 2507, 2508, 2512, 2513, 2515, 2516, 2517, 2518, 
      2519, 2520, 2521, 2526, 2527, 2528, 2529, 2530, 2531, 2532, 2533, 2534, 
      2536, 2537, 2538, 2539, 2540, 2541, 2542, 2543, 2544, 2545, 2546, 2547, 
      2548, 2549, 2550, 2551, 2552, 2553, 2554, 2555, 2556, 2557, 2558, 2559, 
      2560, 2561, 2563, 2564, 2565, 2566, 2567, 2568, 2569 ;

   MinPowerFlow = -10000, -10000, -10000, -10000, -10000, -10000, -10000, 
      -10000, -10000, -10000, -10000, -10000, -10000, -10000, -10000, -10000, 
      -10000, -10000, -10000, -10000, -10000, -10000, -10000, -10000, -10000, 
      -10000, -10000, -10000, -10000, -10000, -10000, -10000, -10000, -10000, 
      -10000, -10000, -10000, -10000, -10000, -10000, -10000, -10000, -10000, 
      -10000, -10000, -10000, -10000, -10000, -10000, -10000, -10000, -10000, 
      -10000, -10000, -10000, -10000, -10000, -10000, -10000, -10000, -10000, 
      -10000, -10000, -10000, -10000, -10000, -10000, -10000, -10000, -10000, 
      -10000, -10000, -10000, -10000, -10000, -10000, -10000, -10000, -10000, 
      -10000, -10000, -10000, -10000, -10000, -10000, -10000, -10000, -10000, 
      -10000, -10000, -10000, -10000, -10000, -10000, -10000, -10000, -10000, 
      -10000, -10000, -10000, -10000, -10000, -10000, -10000, -10000, -10000, 
      -10000, -10000, -10000, -10000, -10000, -10000, -10000, -10000, -10000, 
      -10000, -10000, -10000, -10000, -10000, -10000, -10000, -10000, -10000, 
      -10000, -10000, -10000, -10000, -10000, -10000, -10000, -10000, -10000, 
      -10000, -10000, -10000, -10000, -10000, -10000, -10000, -10000, -10000, 
      -10000, -10000, -10000, -10000, -10000, -10000, -10000, -10000, -10000, 
      -10000, -10000, -10000, -10000, -10000, -10000, -10000, -10000, -10000, 
      -10000, -10000, -10000, -10000, -10000, -10000, -10000, -10000, -10000, 
      -10000, -10000, -10000, -10000, -10000, -10000, -10000, -10000, -10000, 
      -10000, -10000, -10000, -10000, -10000, -10000, -10000, -10000, -10000, 
      -10000, -10000, -10000, -10000, -10000, -10000, -10000, -10000, -10000, 
      -10000, -10000, -10000, -10000, -10000, -10000, -10000, -10000, -10000, 
      -10000, -10000, -10000, -10000, -10000, -10000, -10000, -10000, -10000, 
      -10000, -10000, -10000, -10000, -10000, -10000, -10000, -10000, -10000, 
      -10000, -10000, -10000, -10000, -10000, -10000, -10000, -10000, -10000, 
      -10000, -10000, -10000, -10000, -10000, -10000, -10000, -10000, -10000, 
      -10000, -10000, -10000, -10000, -10000, -10000, -10000, -10000, -10000, 
      -10000, -10000, -10000, -10000, -10000, -10000, -10000, -10000, -10000, 
      -10000, -10000, -10000, -10000, -10000, -10000, -10000, -10000, -10000, 
      -10000, -10000, -10000, -10000, -10000, -10000, -10000, -10000, -10000, 
      -10000, -10000, -10000, -10000, -10000, -10000, -10000, -10000, -10000, 
      -10000, -10000, -10000, -10000, -10000, -10000, -10000, -10000, -10000, 
      -10000, -10000, -10000, -10000, -10000, -10000, -10000, -10000, -10000, 
      -10000, -10000, -10000, -10000, -10000, -10000, -10000, -10000, -10000, 
      -10000, -10000, -10000, -10000, -10000, -10000, -10000, -10000, -10000, 
      -10000, -10000, -10000, -10000, -10000, -10000, -10000, -10000, -10000, 
      -10000, -10000, -10000, -10000, -10000, -10000, -10000, -10000, -10000, 
      -10000, -10000, -10000, -10000, -10000, -10000, -10000, -10000, -10000, 
      -10000, -10000, -10000, -10000, -10000, -10000, -10000, -10000, -10000, 
      -10000, -10000, -10000, -10000, -10000, -10000, -10000, -10000, -10000, 
      -10000, -10000, -10000, -10000, -10000, -10000, -10000, -10000, -10000, 
      -10000, -10000, -10000, -10000, -10000, -10000, -10000, -10000, -10000, 
      -10000, -10000, -10000, -10000, -10000, -10000, -10000, -10000, -10000, 
      -10000, -10000, -10000, -10000, -10000, -10000, -10000, -10000, -10000, 
      -10000, -10000, -10000, -10000, -10000, -10000, -10000, -10000, -10000, 
      -10000, -10000, -10000, -10000, -10000, -10000, -10000, -10000, -10000, 
      -10000, -10000, -10000, -10000, -10000, -10000, -10000, -10000, -10000, 
      -10000, -10000, -10000, -10000, -10000, -10000, -10000, -10000, -10000, 
      -10000, -10000, -10000, -10000, -10000, -10000, -10000, -10000, -10000, 
      -10000, -10000, -10000, -10000, -10000, -10000, -10000, -10000, -10000, 
      -10000, -10000, -10000, -10000, -10000, -10000, -10000, -10000, -10000, 
      -10000, -10000, -10000, -10000, -10000, -10000, -10000, -10000, -10000, 
      -10000, -10000, -10000, -10000, -10000, -10000, -10000, -10000, -10000, 
      -10000, -10000, -10000, -10000, -10000, -10000, -10000, -10000, -10000, 
      -10000, -10000, -10000, -10000, -10000, -10000, -10000, -10000, -10000, 
      -10000, -10000, -10000, -10000, -10000, -10000, -10000, -10000, -10000, 
      -10000, -10000, -10000, -10000, -10000, -10000, -10000, -10000, -10000, 
      -10000, -10000, -10000, -10000, -10000, -10000, -10000, -10000, -10000, 
      -10000, -10000, -10000, -10000, -10000, -10000, -10000, -10000, -10000, 
      -10000, -10000, -10000, -10000, -10000, -10000, -10000, -10000, -10000, 
      -10000, -10000, -10000, -10000, -10000, -10000, -10000, -10000, -10000, 
      -10000, -10000, -10000, -10000, -10000, -10000, -10000, -10000, -10000, 
      -10000, -10000, -10000, -10000, -10000, -10000, -10000, -10000, -10000, 
      -10000, -10000, -10000, -10000, -10000, -10000, -10000, -10000, -10000, 
      -10000, -10000, -10000, -10000, -10000, -10000, -10000, -10000, -10000, 
      -10000, -10000, -10000, -10000, -10000, -10000, -10000, -10000, -10000, 
      -10000, -10000, -10000, -10000, -10000, -10000, -10000, -10000, -10000, 
      -10000, -10000, -10000, -10000, -10000, -10000, -10000, -10000, -10000, 
      -10000, -10000, -10000, -10000, -10000, -10000, -10000, -10000, -10000, 
      -10000, -10000, -10000, -10000, -10000, -10000, -10000, -10000, -10000, 
      -10000, -10000, -10000, -10000, -10000, -10000, -10000, -10000, -10000, 
      -10000, -10000, -10000, -10000, -10000, -10000, -10000, -10000, -10000, 
      -10000, -10000, -10000, -10000, -10000, -10000, -10000, -10000, -10000, 
      -10000, -10000, -10000, -10000, -10000, -10000, -10000, -10000, -10000, 
      -10000, -10000, -10000, -10000, -10000, -10000, -10000, -10000, -10000, 
      -10000, -10000, -10000, -10000, -10000, -10000, -10000, -10000, -10000, 
      -10000, -10000, -10000, -10000, -10000, -10000, -10000, -10000, -10000, 
      -10000, -10000, -10000, -10000, -10000, -10000, -10000, -10000, -10000, 
      -10000, -10000, -10000, -10000, -10000, -10000, -10000, -10000, -10000, 
      -10000, -10000, -10000, -10000, -10000, -10000, -10000, -10000, -10000, 
      -10000, -10000, -10000, -10000, -10000, -10000, -10000, -10000, -10000, 
      -10000, -10000, -10000, -10000, -10000, -10000, -10000, -10000, -10000, 
      -10000, -10000, -10000, -10000, -10000, -10000, -10000, -10000, -10000, 
      -10000, -10000, -10000, -10000, -10000, -10000, -10000, -10000, -10000, 
      -10000, -10000, -10000, -10000, -10000, -10000, -10000, -10000, -10000, 
      -10000, -10000, -10000, -10000, -10000, -10000, -10000, -10000, -10000, 
      -10000, -10000, -10000, -10000, -10000, -10000, -10000, -10000, -10000, 
      -10000, -10000, -10000, -10000, -10000, -10000, -10000, -10000, -10000, 
      -10000, -10000, -10000, -10000, -10000, -10000, -10000, -10000, -10000, 
      -10000, -10000, -10000, -10000, -10000, -10000, -10000, -10000, -10000, 
      -10000, -10000, -10000, -10000, -10000, -10000, -10000, -10000, -10000, 
      -10000, -10000, -10000, -10000, -10000, -10000, -10000, -10000, -10000, 
      -10000, -10000, -10000, -10000, -10000, -10000, -10000, -10000, -10000, 
      -10000, -10000, -10000, -10000, -10000, -10000, -10000, -10000, -10000, 
      -10000, -10000, -10000, -10000, -10000, -10000, -10000, -10000, -10000, 
      -10000, -10000, -10000, -10000, -10000, -10000, -10000, -10000, -10000, 
      -10000, -10000, -10000, -10000, -10000, -10000, -10000, -10000, -10000, 
      -10000, -10000, -10000, -10000, -10000, -10000, -10000, -10000, -10000, 
      -10000, -10000, -10000, -10000, -10000, -10000, -10000, -10000, -10000, 
      -10000, -10000, -10000, -10000, -10000, -10000, -10000, -10000, -10000, 
      -10000, -10000, -10000, -10000, -10000, -10000, -10000, -10000, -10000, 
      -10000, -10000, -10000, -10000, -10000, -10000, -10000, -10000, -10000, 
      -10000, -10000, -10000, -10000, -10000, -10000, -10000, -10000, -10000, 
      -10000, -10000, -10000, -10000, -10000, -10000, -10000, -10000, -10000, 
      -10000, -10000, -10000, -10000, -10000, -10000, -10000, -10000, -10000, 
      -10000, -10000, -10000, -10000, -10000, -10000, -10000, -10000, -10000, 
      -10000, -10000, -10000, -10000, -10000, -10000, -10000, -10000, -10000, 
      -10000, -10000, -10000, -10000, -10000, -10000, -10000, -10000, -10000, 
      -10000, -10000, -10000, -10000, -10000, -10000, -10000, -10000, -10000, 
      -10000, -10000, -10000, -10000, -10000, -10000, -10000, -10000, -10000, 
      -10000, -10000, -10000, -10000, -10000, -10000, -10000, -10000, -10000, 
      -10000, -10000, -10000, -10000, -10000, -10000, -10000, -10000, -10000, 
      -10000, -10000, -10000, -10000, -10000, -10000, -10000, -10000, -10000, 
      -10000, -10000, -10000, -10000, -10000, -10000, -10000, -10000, -10000, 
      -10000, -10000, -10000, -10000, -10000, -10000, -10000, -10000, -10000, 
      -10000, -10000, -10000, -10000, -10000, -10000, -10000, -10000, -10000, 
      -10000, -10000, -10000, -10000, -10000, -10000, -10000, -10000, -10000, 
      -10000, -10000, -10000, -10000, -10000, -10000, -10000, -10000, -10000, 
      -10000, -10000, -10000, -10000, -10000, -10000, -10000, -10000, -10000, 
      -10000, -10000, -10000, -10000, -10000, -10000, -10000, -10000, -10000, 
      -10000, -10000, -10000, -10000, -10000, -10000, -10000, -10000, -10000, 
      -10000, -10000, -10000, -10000, -10000, -10000, -10000, -10000, -10000, 
      -10000, -10000, -10000, -10000, -10000, -10000, -10000, -10000, -10000, 
      -10000, -10000, -10000, -10000, -10000, -10000, -10000, -10000, -10000, 
      -10000, -10000, -10000, -10000, -10000, -10000, -10000, -10000, -10000, 
      -10000, -10000, -10000, -10000, -10000, -10000, -10000, -10000, -10000, 
      -10000, -10000, -10000, -10000, -10000, -10000, -10000, -10000, -10000, 
      -10000, -10000, -10000, -10000, -10000, -10000, -10000, -10000, -10000, 
      -10000, -10000, -10000, -10000, -10000, -10000, -10000, -10000, -10000, 
      -10000, -10000, -10000, -10000, -10000, -10000, -10000, -10000, -10000, 
      -10000, -10000, -10000, -10000, -10000, -10000, -10000, -10000, -10000, 
      -10000, -10000, -10000, -10000, -10000, -10000, -10000, -10000, -10000, 
      -10000, -10000, -10000, -10000, -10000, -10000, -10000, -10000, -10000, 
      -10000, -10000, -10000, -10000, -10000, -10000, -10000, -10000, -10000, 
      -10000, -10000, -10000, -10000, -10000, -10000, -10000, -10000, -10000, 
      -10000, -10000, -10000, -10000, -10000, -10000, -10000, -10000, -10000, 
      -10000, -10000, -10000, -10000, -10000, -10000, -10000, -10000, -10000, 
      -10000, -10000, -10000, -10000, -10000, -10000, -10000, -10000, -10000, 
      -10000, -10000, -10000, -10000, -10000, -10000, -10000, -10000, -10000, 
      -10000, -10000, -10000, -10000, -10000, -10000, -10000, -10000, -10000, 
      -10000, -10000, -10000, -10000, -10000, -10000, -10000, -10000, -10000, 
      -10000, -10000, -10000, -10000, -10000, -10000, -10000, -10000, -10000, 
      -10000, -10000, -10000, -10000, -10000, -10000, -10000, -10000, -10000, 
      -10000, -10000, -10000, -10000, -10000, -10000, -10000, -10000, -10000, 
      -10000, -10000, -10000, -10000, -10000, -10000, -10000, -10000, -10000, 
      -10000, -10000, -10000, -10000, -10000, -10000, -10000, -10000, -10000, 
      -10000, -10000, -10000, -10000, -10000, -10000, -10000, -10000, -10000, 
      -10000, -10000, -10000, -10000, -10000, -10000, -10000, -10000, -10000, 
      -10000, -10000, -10000, -10000, -10000, -10000, -10000, -10000, -10000, 
      -10000, -10000, -10000, -10000, -10000, -10000, -10000, -10000, -10000, 
      -10000, -10000, -10000, -10000, -10000, -10000, -10000, -10000, -10000, 
      -10000, -10000, -10000, -10000, -10000, -10000, -10000, -10000, -10000, 
      -10000, -10000, -10000, -10000, -10000, -10000, -10000, -10000, -10000, 
      -10000, -10000, -10000, -10000, -10000, -10000, -10000, -10000, -10000, 
      -10000, -10000, -10000, -10000, -10000, -10000, -10000, -10000, -10000, 
      -10000, -10000, -10000, -10000, -10000, -10000, -10000, -10000, -10000, 
      -10000, -10000, -10000, -10000, -10000, -10000, -10000, -10000, -10000, 
      -10000, -10000, -10000, -10000, -10000, -10000, -10000, -10000, -10000, 
      -10000, -10000, -10000, -10000, -10000, -10000, -10000, -10000, -10000, 
      -10000, -10000, -10000, -10000, -10000, -10000, -10000, -10000, -10000, 
      -10000, -10000, -10000, -10000, -10000, -10000, -10000, -10000, -10000, 
      -10000, -10000, -10000, -10000, -10000, -10000, -10000, -10000, -10000, 
      -10000, -10000, -10000, -10000, -10000, -10000, -10000, -10000, -10000, 
      -10000, -10000, -10000, -10000, -10000, -10000, -10000, -10000, -10000, 
      -10000, -10000, -10000, -10000, -10000, -10000, -10000, -10000, -10000, 
      -10000, -10000, -10000, -10000, -10000, -10000, -10000, -10000, -10000, 
      -10000, -10000, -10000, -10000, -10000, -10000, -10000, -10000, -10000, 
      -10000, -10000, -10000, -10000, -10000, -10000, -10000, -10000, -10000, 
      -10000, -10000, -10000, -10000, -10000, -10000, -10000, -10000, -10000, 
      -10000, -10000, -10000, -10000, -10000, -10000, -10000, -10000, -10000, 
      -10000, -10000, -10000, -10000, -10000, -10000, -10000, -10000, -10000, 
      -10000, -10000, -10000, -10000, -10000, -10000, -10000, -10000, -10000, 
      -10000, -10000, -10000, -10000, -10000, -10000, -10000, -10000, -10000, 
      -10000, -10000, -10000, -10000, -10000, -10000, -10000, -10000, -10000, 
      -10000, -10000, -10000, -10000, -10000, -10000, -10000, -10000, -10000, 
      -10000, -10000, -10000, -10000, -10000, -10000, -10000, -10000, -10000, 
      -10000, -10000, -10000, -10000, -10000, -10000, -10000, -10000, -10000, 
      -10000, -10000, -10000, -10000, -10000, -10000, -10000, -10000, -10000, 
      -10000, -10000, -10000, -10000, -10000, -10000, -10000, -10000, -10000, 
      -10000, -10000, -10000, -10000, -10000, -10000, -10000, -10000, -10000, 
      -10000, -10000, -10000, -10000, -10000, -10000, -10000, -10000, -10000, 
      -10000, -10000, -10000, -10000, -10000, -10000, -10000, -10000, -10000, 
      -10000, -10000, -10000, -10000, -10000, -10000, -10000, -10000, -10000, 
      -10000, -10000, -10000, -10000, -10000, -10000, -10000, -10000, -10000, 
      -10000, -10000, -10000, -10000, -10000, -10000, -10000, -10000, -10000, 
      -10000, -10000, -10000, -10000, -10000, -10000, -10000, -10000, -10000, 
      -10000, -10000, -10000, -10000, -10000, -10000, -10000, -10000, -10000, 
      -10000, -10000, -10000, -10000, -10000, -10000, -10000, -10000, -10000, 
      -10000, -10000, -10000, -10000, -10000, -10000, -10000, -10000, -10000, 
      -10000, -10000, -10000, -10000, -10000, -10000, -10000, -10000, -10000, 
      -10000, -10000, -10000, -10000, -10000, -10000, -10000, -10000, -10000, 
      -10000, -10000, -10000, -10000, -10000, -10000, -10000, -10000, -10000, 
      -10000, -10000, -10000, -10000, -10000, -10000, -10000, -10000, -10000, 
      -10000, -10000, -10000, -10000, -10000, -10000, -10000, -10000, -10000, 
      -10000, -10000, -10000, -10000, -10000, -10000, -10000, -10000, -10000, 
      -10000, -10000, -10000, -10000, -10000, -10000, -10000, -10000, -10000, 
      -10000, -10000, -10000, -10000, -10000, -10000, -10000, -10000, -10000, 
      -10000, -10000, -10000, -10000, -10000, -10000, -10000, -10000, -10000, 
      -10000, -10000, -10000, -10000, -10000, -10000, -10000, -10000, -10000, 
      -10000, -10000, -10000, -10000, -10000, -10000, -10000, -10000, -10000, 
      -10000, -10000, -10000, -10000, -10000, -10000, -10000, -10000, -10000, 
      -10000, -10000, -10000, -10000, -10000, -10000, -10000, -10000, -10000, 
      -10000, -10000, -10000, -10000, -10000, -10000, -10000, -10000, -10000, 
      -10000, -10000, -10000, -10000, -10000, -10000, -10000, -10000, -10000, 
      -10000, -10000, -10000, -10000, -10000, -10000, -10000, -10000, -10000, 
      -10000, -10000, -10000, -10000, -10000, -10000, -10000, -10000, -10000, 
      -10000, -10000, -10000, -10000, -10000, -10000, -10000, -10000, -10000, 
      -10000, -10000, -10000, -10000, -10000, -10000, -10000, -10000, -10000, 
      -10000, -10000, -10000, -10000, -10000, -10000, -10000, -10000, -10000, 
      -10000, -10000, -10000, -10000, -10000, -10000, -10000, -10000, -10000, 
      -10000, -10000, -10000, -10000, -10000, -10000, -10000, -10000, -10000, 
      -10000, -10000, -10000, -10000, -10000, -10000, -10000, -10000, -10000, 
      -10000, -10000, -10000, -10000, -10000, -10000, -10000, -10000, -10000, 
      -10000, -10000, -10000, -10000, -10000, -10000, -10000, -10000, -10000, 
      -10000, -10000, -10000, -10000, -10000, -10000, -10000, -10000, -10000, 
      -10000, -10000, -10000, -10000, -10000, -10000, -10000, -10000, -10000, 
      -10000, -10000, -10000, -10000, -10000, -10000, -10000, -10000, -10000, 
      -10000, -10000, -10000, -10000, -10000, -10000, -10000, -10000, -10000, 
      -10000, -10000, -10000, -10000, -10000, -10000, -10000, -10000, -10000, 
      -10000, -10000, -10000, -10000, -10000, -10000, -10000, -10000, -10000, 
      -10000, -10000, -10000, -10000, -10000, -10000, -10000, -10000, -10000, 
      -10000, -10000, -10000, -10000, -10000, -10000, -10000, -10000, -10000, 
      -10000, -10000, -10000, -10000, -10000, -10000, -10000, -10000, -10000, 
      -10000, -10000, -10000, -10000, -10000, -10000, -10000, -10000, -10000, 
      -10000, -10000, -10000, -10000, -10000, -10000, -10000, -10000, -10000, 
      -10000, -10000, -10000, -10000, -10000, -10000, -10000, -10000, -10000, 
      -10000, -10000, -10000, -10000, -10000, -10000, -10000, -10000, -10000, 
      -10000, -10000, -10000, -10000, -10000, -10000, -10000, -10000, -10000, 
      -10000, -10000, -10000, -10000, -10000, -10000, -10000, -10000, -10000, 
      -10000, -10000, -10000, -10000, -10000, -10000, -10000, -10000, -10000, 
      -10000, -10000, -10000, -10000, -10000, -10000, -10000, -10000, -10000, 
      -10000, -10000, -10000, -10000, -10000, -10000, -10000, -10000, -10000, 
      -10000, -10000, -10000, -10000, -10000, -10000, -10000, -10000, -10000, 
      -10000, -10000, -10000, -10000, -10000, -10000, -10000, -10000, -10000, 
      -10000, -10000, -10000, -10000, -10000, -10000, -10000, -10000, -10000, 
      -10000, -10000, -10000, -10000, -10000, -10000, -10000, -10000, -10000, 
      -10000, -10000, -10000, -10000, -10000, -10000, -10000, -10000, -10000, 
      -10000, -10000, -10000, -10000, -10000, -10000, -10000, -10000, -10000, 
      -10000, -10000, -10000, -10000, -10000, -10000, -10000, -10000, -10000, 
      -10000, -10000, -10000, -10000, -10000, -10000, -10000, -10000, -10000, 
      -10000, -10000, -10000, -10000, -10000, -10000, -10000, -10000, -10000, 
      -10000, -10000, -10000, -10000, -10000, -10000, -10000, -10000, -10000, 
      -10000, -10000, -10000, -10000, -10000, -10000, -10000, -10000, -10000, 
      -10000, -10000, -10000, -10000, -10000, -10000, -10000, -10000, -10000, 
      -10000, -10000, -10000, -10000, -10000, -10000, -10000, -10000, -10000, 
      -10000, -10000, -10000, -10000, -10000, -10000, -10000, -10000, -10000, 
      -10000, -10000, -10000, -10000, -10000, -10000, -10000, -10000, -10000, 
      -10000, -10000, -10000, -10000, -10000, -10000, -10000, -10000, -10000, 
      -10000, -10000, -10000, -10000, -10000, -10000, -10000, -10000, -10000, 
      -10000, -10000, -10000, -10000, -10000, -10000, -10000, -10000, -10000, 
      -10000, -10000, -10000, -10000, -10000, -10000, -10000, -10000, -10000, 
      -10000, -10000, -10000, -10000, -10000, -10000, -10000, -10000, -10000, 
      -10000, -10000, -10000, -10000, -10000, -10000, -10000, -10000, -10000, 
      -10000, -10000, -10000, -10000, -10000, -10000, -10000, -10000, -10000, 
      -10000, -10000, -10000, -10000, -10000, -10000, -10000, -10000, -10000, 
      -10000, -10000, -10000, -10000, -10000, -10000, -10000, -10000, -10000, 
      -10000, -10000, -10000, -10000, -10000, -10000, -10000, -10000, -10000, 
      -10000, -10000, -10000, -10000, -10000, -10000, -10000, -10000, -10000, 
      -10000, -10000, -10000, -10000, -10000, -10000, -10000, -10000, -10000, 
      -10000, -10000, -10000, -10000, -10000, -10000, -10000, -10000, -10000, 
      -10000, -10000, -10000, -10000, -10000, -10000, -10000, -10000, -10000, 
      -10000, -10000, -10000, -10000, -10000, -10000, -10000, -10000, -10000, 
      -10000, -10000, -10000, -10000, -10000, -10000, -10000, -10000, -10000, 
      -10000, -10000, -10000, -10000, -10000, -10000, -10000, -10000, -10000, 
      -10000, -10000, -10000, -10000, -10000, -10000, -10000, -10000, -10000, 
      -10000, -10000, -10000, -10000, -10000, -10000, -10000, -10000, -10000, 
      -10000, -10000, -10000, -10000, -10000, -10000, -10000, -10000, -10000, 
      -10000, -10000, -10000, -10000, -10000, -10000, -10000, -10000, -10000, 
      -10000, -10000, -10000, -10000, -10000, -10000, -10000, -10000, -10000, 
      -10000, -10000, -10000, -10000, -10000, -10000, -10000, -10000, -10000, 
      -10000, -10000, -10000, -10000, -10000, -10000, -10000, -10000, -10000, 
      -10000, -10000, -10000, -10000, -10000, -10000, -10000, -10000, -10000, 
      -10000, -10000, -10000, -10000, -10000, -10000, -10000, -10000, -10000, 
      -10000, -10000, -10000, -10000, -10000, -10000, -10000, -10000, -10000, 
      -10000, -10000, -10000, -10000, -10000, -10000, -10000, -10000, -10000, 
      -10000, -10000, -10000, -10000, -10000, -10000, -10000, -10000, -10000, 
      -10000, -10000, -10000, -10000, -10000, -10000, -10000, -10000, -10000, 
      -10000, -10000, -10000, -10000, -10000, -10000, -10000, -10000, -10000, 
      -10000, -10000, -10000, -10000, -10000, -10000, -10000, -10000, -10000, 
      -10000, -10000, -10000, -10000, -10000, -10000, -10000, -10000, -10000, 
      -10000, -10000, -10000, -10000, -10000, -10000, -10000, -10000, -10000, 
      -10000, -10000, -10000, -10000, -10000, -10000, -10000, -10000, -10000, 
      -10000, -10000, -10000, -10000, -10000, -10000, -10000, -10000, -10000, 
      -10000, -10000, -10000, -10000, -10000, -10000, -10000, -10000, -10000, 
      -10000, -10000, -10000, -10000, -10000, -10000, -10000, -10000, -10000, 
      -10000, -10000, -10000, -10000, -10000, -10000, -10000, -10000, -10000, 
      -10000, -10000, -10000, -10000, -10000, -10000, -10000, -10000, -10000, 
      -10000, -10000, -10000, -10000, -10000, -10000, -10000, -10000, -10000, 
      -10000, -10000, -10000, -10000, -10000, -10000, -10000, -10000, -10000, 
      -10000, -10000, -10000, -10000, -10000, -10000, -10000, -10000, -10000, 
      -10000, -10000, -10000, -10000, -10000, -10000, -10000, -10000, -10000, 
      -10000, -10000, -10000, -10000, -10000, -10000, -10000, -10000, -10000, 
      -10000, -10000, -10000, -10000, -10000, -10000, -10000, -10000, -10000, 
      -10000, -10000, -10000, -10000, -10000, -10000, -10000, -10000, -10000, 
      -10000, -10000, -10000, -10000, -10000, -10000, -10000, -10000, -10000, 
      -10000, -10000, -10000, -10000, -10000, -10000, -10000, -10000, -10000, 
      -10000, -10000, -10000, -10000, -10000, -10000, -10000, -10000, -10000, 
      -10000, -10000, -10000, -10000, -10000, -10000, -10000, -10000, -10000, 
      -10000, -10000, -10000, -10000, -10000, -10000, -10000, -10000, -10000, 
      -10000, -10000, -10000, -10000, -10000, -10000, -10000, -10000, -10000, 
      -10000, -10000, -10000, -10000, -10000, -10000, -10000, -10000, -10000, 
      -10000, -10000, -10000, -10000, -10000, -10000, -10000, -10000, -10000, 
      -10000, -10000, -10000, -10000, -10000, -10000, -10000, -10000, -10000, 
      -10000, -10000, -10000, -10000, -10000, -10000, -10000, -10000, -10000, 
      -10000, -10000, -10000, -10000, -10000, -10000, -10000, -10000, -10000, 
      -10000, -10000, -10000, -10000, -10000, -10000, -10000, -10000, -10000, 
      -10000, -10000, -10000, -10000, -10000, -10000, -10000, -10000, -10000, 
      -10000, -10000, -10000, -10000, -10000, -10000, -10000, -10000, -10000, 
      -10000, -10000, -10000, -10000, -10000, -10000, -10000, -10000, -10000, 
      -10000, -10000, -10000, -10000, -10000, -10000, -10000, -10000, -10000, 
      -10000, -10000, -10000, -10000, -10000, -10000, -10000, -10000, -10000, 
      -10000, -10000, -10000, -10000, -10000, -10000, -10000, -10000, -10000, 
      -10000, -10000, -10000, -10000, -10000, -10000, -10000, -10000, -10000, 
      -10000, -10000, -10000, -10000, -10000, -10000, -10000, -10000, -10000, 
      -10000, -10000, -10000, -10000, -10000, -10000, -10000, -10000, -10000, 
      -10000, -10000, -10000, -10000, -10000, -10000, -10000, -10000, -10000, 
      -10000, -10000, -10000, -10000, -10000, -10000, -10000, -10000, -10000, 
      -10000, -10000, -10000, -10000, -10000, -10000, -10000, -10000, -10000, 
      -10000, -10000, -10000, -10000, -10000, -10000, -10000, -10000, -10000, 
      -10000, -10000, -10000, -10000, -10000, -10000, -10000, -10000, -10000, 
      -10000, -10000, -10000, -10000, -10000, -10000, -10000, -10000, -10000, 
      -10000, -10000, -10000, -10000, -10000, -10000, -10000, -10000, -10000, 
      -10000, -10000, -10000, -10000, -10000, -10000, -10000, -10000, -10000, 
      -10000, -10000, -10000, -10000, -10000, -10000, -10000, -10000, -10000, 
      -10000, -10000, -10000, -10000, -10000, -10000, -10000, -10000, -10000, 
      -10000, -10000, -10000, -10000, -10000, -10000, -10000, -10000, -10000, 
      -10000, -10000, -10000, -10000, -10000, -10000, -10000, -10000, -10000, 
      -10000, -10000, -10000, -10000, -10000, -10000, -10000, -10000, -10000, 
      -10000, -10000, -10000, -10000, -10000, -10000, -10000, -10000, -10000, 
      -10000, -10000, -10000, -10000, -10000, -10000, -10000, -10000, -10000, 
      -10000, -10000, -10000, -10000, -10000, -10000, -10000, -10000, -10000, 
      -10000, -10000, -10000, -10000, -10000, -10000, -10000, -10000, -10000, 
      -10000, -10000, -10000, -10000, -10000, -10000, -10000, -10000, -10000, 
      -10000, -10000, -10000, -10000, -10000, -10000, -10000, -10000, -10000, 
      -10000, -10000, -10000, -10000, -10000, -10000, -10000, -10000, -10000, 
      -10000, -10000, -10000, -10000, -10000, -10000, -10000, -10000, -10000, 
      -10000, -10000, -10000, -10000, -10000, -10000, -10000, -10000, -10000, 
      -10000, -10000, -10000, -10000, -10000, -10000, -10000, -10000, -10000, 
      -10000, -10000, -10000, -10000, -10000, -10000, -10000, -10000, -10000, 
      -10000, -10000, -10000, -10000, -10000, -10000, -10000, -10000, -10000, 
      -10000, -10000, -10000, -10000, -10000, -10000, -10000, -10000, -10000, 
      -10000, -10000, -10000, -10000, -10000, -10000, -10000, -10000, -10000, 
      -10000, -10000, -10000, -10000, -10000, -10000, -10000, -10000, -10000, 
      -10000, -10000, -10000, -10000, -10000, -10000, -10000, -10000, -10000, 
      -10000, -10000, -10000, -10000, -10000, -10000, -10000, -10000, -10000, 
      -10000, -10000, -10000, -10000, -10000, -10000, -10000, -10000, -10000, 
      -10000, -10000, -10000, -10000, -10000, -10000, -10000, -10000, -10000, 
      -10000, -10000, -10000, -10000, -10000, -10000, -10000, -10000, -10000, 
      -10000, -10000, -10000, -10000, -10000, -10000, -10000, -10000, -10000, 
      -10000, -10000, -10000, -10000, -10000, -10000, -10000, -10000, -10000, 
      -10000, -10000, -10000, -10000, -10000, -10000, -10000, -10000, -10000, 
      -10000, -10000, -10000, -10000, -10000, -10000, -10000, -10000, -10000, 
      -10000, -10000, -10000, -10000, -10000, -10000, -10000, -10000, -10000, 
      -10000, -10000, -10000, -10000, -10000, -10000, -10000, -10000, -10000, 
      -10000, -10000, -10000, -10000, -10000, -10000, -10000, -10000, -10000, 
      -10000, -10000, -10000, -10000, -10000, -10000, -10000, -10000, -10000, 
      -10000, -10000, -10000, -10000, -10000, -10000, -10000, -10000, -10000, 
      -10000, -10000, -10000, -10000, -10000, -10000, -10000, -10000, -10000, 
      -10000, -10000, -10000, -10000, -10000, -10000, -10000, -10000, -10000, 
      -10000, -10000, -10000, -10000, -10000, -10000, -10000, -10000, -10000, 
      -10000, -10000, -10000, -10000, -10000, -10000, -10000, -10000, -10000, 
      -10000, -10000, -10000, -10000, -10000, -10000, -10000, -10000, -10000, 
      -10000, -10000, -10000, -10000, -10000, -10000, -10000, -10000, -10000, 
      -10000, -10000, -10000, -10000, -10000, -10000, -10000, -10000, -10000, 
      -10000, -10000, -10000, -10000, -10000, -10000, -10000, -10000, -10000, 
      -10000, -10000, -10000, -10000, -10000, -10000, -10000, -10000, -10000, 
      -10000, -10000, -10000, -10000, -10000, -10000, -10000, -10000, -10000, 
      -10000, -10000, -10000, -10000, -10000, -10000, -10000, -10000, -10000, 
      -10000, -10000, -10000, -10000, -10000, -10000, -10000, -10000, -10000, 
      -10000, -10000, -10000, -10000, -10000, -10000, -10000, -10000, -10000, 
      -10000, -10000, -10000, -10000, -10000, -10000, -10000, -10000, -10000, 
      -10000, -10000, -10000, -10000, -10000, -10000, -10000, -10000, -10000, 
      -10000, -10000, -10000, -10000, -10000, -10000, -10000, -10000, -10000, 
      -10000, -10000, -10000, -10000, -10000, -10000, -10000, -10000, -10000, 
      -10000, -10000, -10000, -10000, -10000, -10000, -10000, -10000, -10000, 
      -10000, -10000, -10000, -10000, -10000, -10000, -10000, -10000, -10000, 
      -10000, -10000, -10000, -10000, -10000, -10000, -10000, -10000, -10000, 
      -10000, -10000, -10000, -10000, -10000, -10000, -10000, -10000, -10000, 
      -10000, -10000, -10000, -10000, -10000, -10000, -10000, -10000, -10000, 
      -10000, -10000, -10000, -10000, -10000, -10000, -10000, -10000, -10000, 
      -10000, -10000, -10000, -10000, -10000, -10000, -10000, -10000, -10000, 
      -10000, -10000, -10000, -10000, -10000, -10000, -10000, -10000, -10000, 
      -10000, -10000, -10000, -10000, -10000, -10000, -10000, -10000, -10000, 
      -10000, -10000, -10000, -10000, -10000, -10000, -10000, -10000, -10000, 
      -10000, -10000, -10000, -10000, -10000, -10000, -10000, -10000, -10000, 
      -10000, -10000, -10000, -10000, -10000, -10000, -10000, -10000, -10000, 
      -10000, -10000, -10000, -10000, -10000, -10000, -10000, -10000, -10000, 
      -10000, -10000, -10000, -10000, -10000, -10000, -10000, -10000, -10000, 
      -10000, -10000, -10000, -10000, -10000, -10000, -10000, -10000, -10000, 
      -10000, -10000, -10000, -10000, -10000, -10000, -10000, -10000, -10000, 
      -10000, -10000, -10000, -10000, -10000, -10000, -10000, -10000, -10000, 
      -10000, -10000, -10000, -10000, -10000, -10000, -10000, -10000, -10000, 
      -10000, -10000, -10000, -10000, -10000, -10000, -10000, -10000, -10000, 
      -10000, -10000, -10000, -10000, -10000, -10000, -10000, -10000, -10000, 
      -10000, -10000, -10000, -10000, -10000, -10000, -10000, -10000, -10000, 
      -10000, -10000, -10000, -10000, -10000, -10000, -10000, -10000, -10000, 
      -10000, -10000, -10000, -10000, -10000, -10000, -10000, -10000, -10000, 
      -10000, -10000, -10000, -10000, -10000, -10000, -10000, -10000, -10000, 
      -10000, -10000, -10000, -10000, -10000, -10000, -10000, -10000, -10000, 
      -10000, -10000, -10000, -10000, -10000, -10000, -10000, -10000, -10000, 
      -10000, -10000, -10000, -10000, -10000, -10000, -10000, -10000, -10000, 
      -10000, -10000, -10000, -10000, -10000, -10000, -10000, -10000, -10000, 
      -10000, -10000, -10000, -10000, -10000, -10000, -10000, -10000, -10000, 
      -10000, -10000, -10000, -10000, -10000, -10000, -10000, -10000, -10000, 
      -10000, -10000, -10000, -10000, -10000, -10000, -10000, -10000, -10000, 
      -10000, -10000, -10000, -10000, -10000, -10000, -10000, -10000, -10000, 
      -10000, -10000, -10000, -10000, -10000, -10000, -10000, -10000, -10000, 
      -10000, -10000, -10000, -10000, -10000, -10000, -10000, -10000, -10000, 
      -10000, -10000, -10000, -10000, -10000, -10000, -10000, -10000, -10000, 
      -10000, -10000, -10000, -10000, -10000, -10000, -10000, -10000, -10000, 
      -10000, -10000, -10000, -10000, -10000, -10000, -10000, -10000, -10000, 
      -10000, -10000, -10000, -10000, -10000, -10000, -10000, -10000, -10000, 
      -10000, -10000, -10000, -10000, -10000, -10000, -10000, -10000, -10000, 
      -10000, -10000, -10000, -10000, -10000, -10000, -10000, -10000, -10000, 
      -10000, -10000, -10000, -10000, -10000, -10000, -10000, -10000, -10000, 
      -10000, -10000, -10000, -10000, -10000, -10000, -10000, -10000, -10000, 
      -10000, -10000, -10000, -10000, -10000, -10000, -10000, -10000, -10000, 
      -10000, -10000, -10000, -10000, -10000, -10000, -10000, -10000, -10000, 
      -10000, -10000, -10000, -10000, -10000, -10000, -10000 ;

   MaxPowerFlow = 10000, 10000, 10000, 10000, 10000, 10000, 10000, 10000, 
      10000, 10000, 10000, 10000, 10000, 10000, 10000, 10000, 10000, 10000, 
      10000, 10000, 10000, 10000, 10000, 10000, 10000, 10000, 10000, 10000, 
      10000, 10000, 10000, 10000, 10000, 10000, 10000, 10000, 10000, 10000, 
      10000, 10000, 10000, 10000, 10000, 10000, 10000, 10000, 10000, 10000, 
      10000, 10000, 10000, 10000, 10000, 10000, 10000, 10000, 10000, 10000, 
      10000, 10000, 10000, 10000, 10000, 10000, 10000, 10000, 10000, 10000, 
      10000, 10000, 10000, 10000, 10000, 10000, 10000, 10000, 10000, 10000, 
      10000, 10000, 10000, 10000, 10000, 10000, 10000, 10000, 10000, 10000, 
      10000, 10000, 10000, 10000, 10000, 10000, 10000, 10000, 10000, 10000, 
      10000, 10000, 10000, 10000, 10000, 10000, 10000, 10000, 10000, 10000, 
      10000, 10000, 10000, 10000, 10000, 10000, 10000, 10000, 10000, 10000, 
      10000, 10000, 10000, 10000, 10000, 10000, 10000, 10000, 10000, 10000, 
      10000, 10000, 10000, 10000, 10000, 10000, 10000, 10000, 10000, 10000, 
      10000, 10000, 10000, 10000, 10000, 10000, 10000, 10000, 10000, 10000, 
      10000, 10000, 10000, 10000, 10000, 10000, 10000, 10000, 10000, 10000, 
      10000, 10000, 10000, 10000, 10000, 10000, 10000, 10000, 10000, 10000, 
      10000, 10000, 10000, 10000, 10000, 10000, 10000, 10000, 10000, 10000, 
      10000, 10000, 10000, 10000, 10000, 10000, 10000, 10000, 10000, 10000, 
      10000, 10000, 10000, 10000, 10000, 10000, 10000, 10000, 10000, 10000, 
      10000, 10000, 10000, 10000, 10000, 10000, 10000, 10000, 10000, 10000, 
      10000, 10000, 10000, 10000, 10000, 10000, 10000, 10000, 10000, 10000, 
      10000, 10000, 10000, 10000, 10000, 10000, 10000, 10000, 10000, 10000, 
      10000, 10000, 10000, 10000, 10000, 10000, 10000, 10000, 10000, 10000, 
      10000, 10000, 10000, 10000, 10000, 10000, 10000, 10000, 10000, 10000, 
      10000, 10000, 10000, 10000, 10000, 10000, 10000, 10000, 10000, 10000, 
      10000, 10000, 10000, 10000, 10000, 10000, 10000, 10000, 10000, 10000, 
      10000, 10000, 10000, 10000, 10000, 10000, 10000, 10000, 10000, 10000, 
      10000, 10000, 10000, 10000, 10000, 10000, 10000, 10000, 10000, 10000, 
      10000, 10000, 10000, 10000, 10000, 10000, 10000, 10000, 10000, 10000, 
      10000, 10000, 10000, 10000, 10000, 10000, 10000, 10000, 10000, 10000, 
      10000, 10000, 10000, 10000, 10000, 10000, 10000, 10000, 10000, 10000, 
      10000, 10000, 10000, 10000, 10000, 10000, 10000, 10000, 10000, 10000, 
      10000, 10000, 10000, 10000, 10000, 10000, 10000, 10000, 10000, 10000, 
      10000, 10000, 10000, 10000, 10000, 10000, 10000, 10000, 10000, 10000, 
      10000, 10000, 10000, 10000, 10000, 10000, 10000, 10000, 10000, 10000, 
      10000, 10000, 10000, 10000, 10000, 10000, 10000, 10000, 10000, 10000, 
      10000, 10000, 10000, 10000, 10000, 10000, 10000, 10000, 10000, 10000, 
      10000, 10000, 10000, 10000, 10000, 10000, 10000, 10000, 10000, 10000, 
      10000, 10000, 10000, 10000, 10000, 10000, 10000, 10000, 10000, 10000, 
      10000, 10000, 10000, 10000, 10000, 10000, 10000, 10000, 10000, 10000, 
      10000, 10000, 10000, 10000, 10000, 10000, 10000, 10000, 10000, 10000, 
      10000, 10000, 10000, 10000, 10000, 10000, 10000, 10000, 10000, 10000, 
      10000, 10000, 10000, 10000, 10000, 10000, 10000, 10000, 10000, 10000, 
      10000, 10000, 10000, 10000, 10000, 10000, 10000, 10000, 10000, 10000, 
      10000, 10000, 10000, 10000, 10000, 10000, 10000, 10000, 10000, 10000, 
      10000, 10000, 10000, 10000, 10000, 10000, 10000, 10000, 10000, 10000, 
      10000, 10000, 10000, 10000, 10000, 10000, 10000, 10000, 10000, 10000, 
      10000, 10000, 10000, 10000, 10000, 10000, 10000, 10000, 10000, 10000, 
      10000, 10000, 10000, 10000, 10000, 10000, 10000, 10000, 10000, 10000, 
      10000, 10000, 10000, 10000, 10000, 10000, 10000, 10000, 10000, 10000, 
      10000, 10000, 10000, 10000, 10000, 10000, 10000, 10000, 10000, 10000, 
      10000, 10000, 10000, 10000, 10000, 10000, 10000, 10000, 10000, 10000, 
      10000, 10000, 10000, 10000, 10000, 10000, 10000, 10000, 10000, 10000, 
      10000, 10000, 10000, 10000, 10000, 10000, 10000, 10000, 10000, 10000, 
      10000, 10000, 10000, 10000, 10000, 10000, 10000, 10000, 10000, 10000, 
      10000, 10000, 10000, 10000, 10000, 10000, 10000, 10000, 10000, 10000, 
      10000, 10000, 10000, 10000, 10000, 10000, 10000, 10000, 10000, 10000, 
      10000, 10000, 10000, 10000, 10000, 10000, 10000, 10000, 10000, 10000, 
      10000, 10000, 10000, 10000, 10000, 10000, 10000, 10000, 10000, 10000, 
      10000, 10000, 10000, 10000, 10000, 10000, 10000, 10000, 10000, 10000, 
      10000, 10000, 10000, 10000, 10000, 10000, 10000, 10000, 10000, 10000, 
      10000, 10000, 10000, 10000, 10000, 10000, 10000, 10000, 10000, 10000, 
      10000, 10000, 10000, 10000, 10000, 10000, 10000, 10000, 10000, 10000, 
      10000, 10000, 10000, 10000, 10000, 10000, 10000, 10000, 10000, 10000, 
      10000, 10000, 10000, 10000, 10000, 10000, 10000, 10000, 10000, 10000, 
      10000, 10000, 10000, 10000, 10000, 10000, 10000, 10000, 10000, 10000, 
      10000, 10000, 10000, 10000, 10000, 10000, 10000, 10000, 10000, 10000, 
      10000, 10000, 10000, 10000, 10000, 10000, 10000, 10000, 10000, 10000, 
      10000, 10000, 10000, 10000, 10000, 10000, 10000, 10000, 10000, 10000, 
      10000, 10000, 10000, 10000, 10000, 10000, 10000, 10000, 10000, 10000, 
      10000, 10000, 10000, 10000, 10000, 10000, 10000, 10000, 10000, 10000, 
      10000, 10000, 10000, 10000, 10000, 10000, 10000, 10000, 10000, 10000, 
      10000, 10000, 10000, 10000, 10000, 10000, 10000, 10000, 10000, 10000, 
      10000, 10000, 10000, 10000, 10000, 10000, 10000, 10000, 10000, 10000, 
      10000, 10000, 10000, 10000, 10000, 10000, 10000, 10000, 10000, 10000, 
      10000, 10000, 10000, 10000, 10000, 10000, 10000, 10000, 10000, 10000, 
      10000, 10000, 10000, 10000, 10000, 10000, 10000, 10000, 10000, 10000, 
      10000, 10000, 10000, 10000, 10000, 10000, 10000, 10000, 10000, 10000, 
      10000, 10000, 10000, 10000, 10000, 10000, 10000, 10000, 10000, 10000, 
      10000, 10000, 10000, 10000, 10000, 10000, 10000, 10000, 10000, 10000, 
      10000, 10000, 10000, 10000, 10000, 10000, 10000, 10000, 10000, 10000, 
      10000, 10000, 10000, 10000, 10000, 10000, 10000, 10000, 10000, 10000, 
      10000, 10000, 10000, 10000, 10000, 10000, 10000, 10000, 10000, 10000, 
      10000, 10000, 10000, 10000, 10000, 10000, 10000, 10000, 10000, 10000, 
      10000, 10000, 10000, 10000, 10000, 10000, 10000, 10000, 10000, 10000, 
      10000, 10000, 10000, 10000, 10000, 10000, 10000, 10000, 10000, 10000, 
      10000, 10000, 10000, 10000, 10000, 10000, 10000, 10000, 10000, 10000, 
      10000, 10000, 10000, 10000, 10000, 10000, 10000, 10000, 10000, 10000, 
      10000, 10000, 10000, 10000, 10000, 10000, 10000, 10000, 10000, 10000, 
      10000, 10000, 10000, 10000, 10000, 10000, 10000, 10000, 10000, 10000, 
      10000, 10000, 10000, 10000, 10000, 10000, 10000, 10000, 10000, 10000, 
      10000, 10000, 10000, 10000, 10000, 10000, 10000, 10000, 10000, 10000, 
      10000, 10000, 10000, 10000, 10000, 10000, 10000, 10000, 10000, 10000, 
      10000, 10000, 10000, 10000, 10000, 10000, 10000, 10000, 10000, 10000, 
      10000, 10000, 10000, 10000, 10000, 10000, 10000, 10000, 10000, 10000, 
      10000, 10000, 10000, 10000, 10000, 10000, 10000, 10000, 10000, 10000, 
      10000, 10000, 10000, 10000, 10000, 10000, 10000, 10000, 10000, 10000, 
      10000, 10000, 10000, 10000, 10000, 10000, 10000, 10000, 10000, 10000, 
      10000, 10000, 10000, 10000, 10000, 10000, 10000, 10000, 10000, 10000, 
      10000, 10000, 10000, 10000, 10000, 10000, 10000, 10000, 10000, 10000, 
      10000, 10000, 10000, 10000, 10000, 10000, 10000, 10000, 10000, 10000, 
      10000, 10000, 10000, 10000, 10000, 10000, 10000, 10000, 10000, 10000, 
      10000, 10000, 10000, 10000, 10000, 10000, 10000, 10000, 10000, 10000, 
      10000, 10000, 10000, 10000, 10000, 10000, 10000, 10000, 10000, 10000, 
      10000, 10000, 10000, 10000, 10000, 10000, 10000, 10000, 10000, 10000, 
      10000, 10000, 10000, 10000, 10000, 10000, 10000, 10000, 10000, 10000, 
      10000, 10000, 10000, 10000, 10000, 10000, 10000, 10000, 10000, 10000, 
      10000, 10000, 10000, 10000, 10000, 10000, 10000, 10000, 10000, 10000, 
      10000, 10000, 10000, 10000, 10000, 10000, 10000, 10000, 10000, 10000, 
      10000, 10000, 10000, 10000, 10000, 10000, 10000, 10000, 10000, 10000, 
      10000, 10000, 10000, 10000, 10000, 10000, 10000, 10000, 10000, 10000, 
      10000, 10000, 10000, 10000, 10000, 10000, 10000, 10000, 10000, 10000, 
      10000, 10000, 10000, 10000, 10000, 10000, 10000, 10000, 10000, 10000, 
      10000, 10000, 10000, 10000, 10000, 10000, 10000, 10000, 10000, 10000, 
      10000, 10000, 10000, 10000, 10000, 10000, 10000, 10000, 10000, 10000, 
      10000, 10000, 10000, 10000, 10000, 10000, 10000, 10000, 10000, 10000, 
      10000, 10000, 10000, 10000, 10000, 10000, 10000, 10000, 10000, 10000, 
      10000, 10000, 10000, 10000, 10000, 10000, 10000, 10000, 10000, 10000, 
      10000, 10000, 10000, 10000, 10000, 10000, 10000, 10000, 10000, 10000, 
      10000, 10000, 10000, 10000, 10000, 10000, 10000, 10000, 10000, 10000, 
      10000, 10000, 10000, 10000, 10000, 10000, 10000, 10000, 10000, 10000, 
      10000, 10000, 10000, 10000, 10000, 10000, 10000, 10000, 10000, 10000, 
      10000, 10000, 10000, 10000, 10000, 10000, 10000, 10000, 10000, 10000, 
      10000, 10000, 10000, 10000, 10000, 10000, 10000, 10000, 10000, 10000, 
      10000, 10000, 10000, 10000, 10000, 10000, 10000, 10000, 10000, 10000, 
      10000, 10000, 10000, 10000, 10000, 10000, 10000, 10000, 10000, 10000, 
      10000, 10000, 10000, 10000, 10000, 10000, 10000, 10000, 10000, 10000, 
      10000, 10000, 10000, 10000, 10000, 10000, 10000, 10000, 10000, 10000, 
      10000, 10000, 10000, 10000, 10000, 10000, 10000, 10000, 10000, 10000, 
      10000, 10000, 10000, 10000, 10000, 10000, 10000, 10000, 10000, 10000, 
      10000, 10000, 10000, 10000, 10000, 10000, 10000, 10000, 10000, 10000, 
      10000, 10000, 10000, 10000, 10000, 10000, 10000, 10000, 10000, 10000, 
      10000, 10000, 10000, 10000, 10000, 10000, 10000, 10000, 10000, 10000, 
      10000, 10000, 10000, 10000, 10000, 10000, 10000, 10000, 10000, 10000, 
      10000, 10000, 10000, 10000, 10000, 10000, 10000, 10000, 10000, 10000, 
      10000, 10000, 10000, 10000, 10000, 10000, 10000, 10000, 10000, 10000, 
      10000, 10000, 10000, 10000, 10000, 10000, 10000, 10000, 10000, 10000, 
      10000, 10000, 10000, 10000, 10000, 10000, 10000, 10000, 10000, 10000, 
      10000, 10000, 10000, 10000, 10000, 10000, 10000, 10000, 10000, 10000, 
      10000, 10000, 10000, 10000, 10000, 10000, 10000, 10000, 10000, 10000, 
      10000, 10000, 10000, 10000, 10000, 10000, 10000, 10000, 10000, 10000, 
      10000, 10000, 10000, 10000, 10000, 10000, 10000, 10000, 10000, 10000, 
      10000, 10000, 10000, 10000, 10000, 10000, 10000, 10000, 10000, 10000, 
      10000, 10000, 10000, 10000, 10000, 10000, 10000, 10000, 10000, 10000, 
      10000, 10000, 10000, 10000, 10000, 10000, 10000, 10000, 10000, 10000, 
      10000, 10000, 10000, 10000, 10000, 10000, 10000, 10000, 10000, 10000, 
      10000, 10000, 10000, 10000, 10000, 10000, 10000, 10000, 10000, 10000, 
      10000, 10000, 10000, 10000, 10000, 10000, 10000, 10000, 10000, 10000, 
      10000, 10000, 10000, 10000, 10000, 10000, 10000, 10000, 10000, 10000, 
      10000, 10000, 10000, 10000, 10000, 10000, 10000, 10000, 10000, 10000, 
      10000, 10000, 10000, 10000, 10000, 10000, 10000, 10000, 10000, 10000, 
      10000, 10000, 10000, 10000, 10000, 10000, 10000, 10000, 10000, 10000, 
      10000, 10000, 10000, 10000, 10000, 10000, 10000, 10000, 10000, 10000, 
      10000, 10000, 10000, 10000, 10000, 10000, 10000, 10000, 10000, 10000, 
      10000, 10000, 10000, 10000, 10000, 10000, 10000, 10000, 10000, 10000, 
      10000, 10000, 10000, 10000, 10000, 10000, 10000, 10000, 10000, 10000, 
      10000, 10000, 10000, 10000, 10000, 10000, 10000, 10000, 10000, 10000, 
      10000, 10000, 10000, 10000, 10000, 10000, 10000, 10000, 10000, 10000, 
      10000, 10000, 10000, 10000, 10000, 10000, 10000, 10000, 10000, 10000, 
      10000, 10000, 10000, 10000, 10000, 10000, 10000, 10000, 10000, 10000, 
      10000, 10000, 10000, 10000, 10000, 10000, 10000, 10000, 10000, 10000, 
      10000, 10000, 10000, 10000, 10000, 10000, 10000, 10000, 10000, 10000, 
      10000, 10000, 10000, 10000, 10000, 10000, 10000, 10000, 10000, 10000, 
      10000, 10000, 10000, 10000, 10000, 10000, 10000, 10000, 10000, 10000, 
      10000, 10000, 10000, 10000, 10000, 10000, 10000, 10000, 10000, 10000, 
      10000, 10000, 10000, 10000, 10000, 10000, 10000, 10000, 10000, 10000, 
      10000, 10000, 10000, 10000, 10000, 10000, 10000, 10000, 10000, 10000, 
      10000, 10000, 10000, 10000, 10000, 10000, 10000, 10000, 10000, 10000, 
      10000, 10000, 10000, 10000, 10000, 10000, 10000, 10000, 10000, 10000, 
      10000, 10000, 10000, 10000, 10000, 10000, 10000, 10000, 10000, 10000, 
      10000, 10000, 10000, 10000, 10000, 10000, 10000, 10000, 10000, 10000, 
      10000, 10000, 10000, 10000, 10000, 10000, 10000, 10000, 10000, 10000, 
      10000, 10000, 10000, 10000, 10000, 10000, 10000, 10000, 10000, 10000, 
      10000, 10000, 10000, 10000, 10000, 10000, 10000, 10000, 10000, 10000, 
      10000, 10000, 10000, 10000, 10000, 10000, 10000, 10000, 10000, 10000, 
      10000, 10000, 10000, 10000, 10000, 10000, 10000, 10000, 10000, 10000, 
      10000, 10000, 10000, 10000, 10000, 10000, 10000, 10000, 10000, 10000, 
      10000, 10000, 10000, 10000, 10000, 10000, 10000, 10000, 10000, 10000, 
      10000, 10000, 10000, 10000, 10000, 10000, 10000, 10000, 10000, 10000, 
      10000, 10000, 10000, 10000, 10000, 10000, 10000, 10000, 10000, 10000, 
      10000, 10000, 10000, 10000, 10000, 10000, 10000, 10000, 10000, 10000, 
      10000, 10000, 10000, 10000, 10000, 10000, 10000, 10000, 10000, 10000, 
      10000, 10000, 10000, 10000, 10000, 10000, 10000, 10000, 10000, 10000, 
      10000, 10000, 10000, 10000, 10000, 10000, 10000, 10000, 10000, 10000, 
      10000, 10000, 10000, 10000, 10000, 10000, 10000, 10000, 10000, 10000, 
      10000, 10000, 10000, 10000, 10000, 10000, 10000, 10000, 10000, 10000, 
      10000, 10000, 10000, 10000, 10000, 10000, 10000, 10000, 10000, 10000, 
      10000, 10000, 10000, 10000, 10000, 10000, 10000, 10000, 10000, 10000, 
      10000, 10000, 10000, 10000, 10000, 10000, 10000, 10000, 10000, 10000, 
      10000, 10000, 10000, 10000, 10000, 10000, 10000, 10000, 10000, 10000, 
      10000, 10000, 10000, 10000, 10000, 10000, 10000, 10000, 10000, 10000, 
      10000, 10000, 10000, 10000, 10000, 10000, 10000, 10000, 10000, 10000, 
      10000, 10000, 10000, 10000, 10000, 10000, 10000, 10000, 10000, 10000, 
      10000, 10000, 10000, 10000, 10000, 10000, 10000, 10000, 10000, 10000, 
      10000, 10000, 10000, 10000, 10000, 10000, 10000, 10000, 10000, 10000, 
      10000, 10000, 10000, 10000, 10000, 10000, 10000, 10000, 10000, 10000, 
      10000, 10000, 10000, 10000, 10000, 10000, 10000, 10000, 10000, 10000, 
      10000, 10000, 10000, 10000, 10000, 10000, 10000, 10000, 10000, 10000, 
      10000, 10000, 10000, 10000, 10000, 10000, 10000, 10000, 10000, 10000, 
      10000, 10000, 10000, 10000, 10000, 10000, 10000, 10000, 10000, 10000, 
      10000, 10000, 10000, 10000, 10000, 10000, 10000, 10000, 10000, 10000, 
      10000, 10000, 10000, 10000, 10000, 10000, 10000, 10000, 10000, 10000, 
      10000, 10000, 10000, 10000, 10000, 10000, 10000, 10000, 10000, 10000, 
      10000, 10000, 10000, 10000, 10000, 10000, 10000, 10000, 10000, 10000, 
      10000, 10000, 10000, 10000, 10000, 10000, 10000, 10000, 10000, 10000, 
      10000, 10000, 10000, 10000, 10000, 10000, 10000, 10000, 10000, 10000, 
      10000, 10000, 10000, 10000, 10000, 10000, 10000, 10000, 10000, 10000, 
      10000, 10000, 10000, 10000, 10000, 10000, 10000, 10000, 10000, 10000, 
      10000, 10000, 10000, 10000, 10000, 10000, 10000, 10000, 10000, 10000, 
      10000, 10000, 10000, 10000, 10000, 10000, 10000, 10000, 10000, 10000, 
      10000, 10000, 10000, 10000, 10000, 10000, 10000, 10000, 10000, 10000, 
      10000, 10000, 10000, 10000, 10000, 10000, 10000, 10000, 10000, 10000, 
      10000, 10000, 10000, 10000, 10000, 10000, 10000, 10000, 10000, 10000, 
      10000, 10000, 10000, 10000, 10000, 10000, 10000, 10000, 10000, 10000, 
      10000, 10000, 10000, 10000, 10000, 10000, 10000, 10000, 10000, 10000, 
      10000, 10000, 10000, 10000, 10000, 10000, 10000, 10000, 10000, 10000, 
      10000, 10000, 10000, 10000, 10000, 10000, 10000, 10000, 10000, 10000, 
      10000, 10000, 10000, 10000, 10000, 10000, 10000, 10000, 10000, 10000, 
      10000, 10000, 10000, 10000, 10000, 10000, 10000, 10000, 10000, 10000, 
      10000, 10000, 10000, 10000, 10000, 10000, 10000, 10000, 10000, 10000, 
      10000, 10000, 10000, 10000, 10000, 10000, 10000, 10000, 10000, 10000, 
      10000, 10000, 10000, 10000, 10000, 10000, 10000, 10000, 10000, 10000, 
      10000, 10000, 10000, 10000, 10000, 10000, 10000, 10000, 10000, 10000, 
      10000, 10000, 10000, 10000, 10000, 10000, 10000, 10000, 10000, 10000, 
      10000, 10000, 10000, 10000, 10000, 10000, 10000, 10000, 10000, 10000, 
      10000, 10000, 10000, 10000, 10000, 10000, 10000, 10000, 10000, 10000, 
      10000, 10000, 10000, 10000, 10000, 10000, 10000, 10000, 10000, 10000, 
      10000, 10000, 10000, 10000, 10000, 10000, 10000, 10000, 10000, 10000, 
      10000, 10000, 10000, 10000, 10000, 10000, 10000, 10000, 10000, 10000, 
      10000, 10000, 10000, 10000, 10000, 10000, 10000, 10000, 10000, 10000, 
      10000, 10000, 10000, 10000, 10000, 10000, 10000, 10000, 10000, 10000, 
      10000, 10000, 10000, 10000, 10000, 10000, 10000, 10000, 10000, 10000, 
      10000, 10000, 10000, 10000, 10000, 10000, 10000, 10000, 10000, 10000, 
      10000, 10000, 10000, 10000, 10000, 10000, 10000, 10000, 10000, 10000, 
      10000, 10000, 10000, 10000, 10000, 10000, 10000, 10000, 10000, 10000, 
      10000, 10000, 10000, 10000, 10000, 10000, 10000, 10000, 10000, 10000, 
      10000, 10000, 10000, 10000, 10000, 10000, 10000, 10000, 10000, 10000, 
      10000, 10000, 10000, 10000, 10000, 10000, 10000, 10000, 10000, 10000, 
      10000, 10000, 10000, 10000, 10000, 10000, 10000, 10000, 10000, 10000, 
      10000, 10000, 10000, 10000, 10000, 10000, 10000, 10000, 10000, 10000, 
      10000, 10000, 10000, 10000, 10000, 10000, 10000, 10000, 10000, 10000, 
      10000, 10000, 10000, 10000, 10000, 10000, 10000, 10000, 10000, 10000, 
      10000, 10000, 10000, 10000, 10000, 10000, 10000, 10000, 10000, 10000, 
      10000, 10000, 10000, 10000, 10000, 10000, 10000, 10000, 10000, 10000, 
      10000, 10000, 10000, 10000, 10000, 10000, 10000, 10000, 10000, 10000, 
      10000, 10000, 10000, 10000, 10000, 10000, 10000, 10000, 10000, 10000, 
      10000, 10000, 10000, 10000, 10000, 10000, 10000, 10000, 10000, 10000, 
      10000, 10000, 10000, 10000, 10000, 10000, 10000, 10000, 10000, 10000, 
      10000, 10000, 10000, 10000, 10000, 10000, 10000, 10000, 10000, 10000, 
      10000, 10000, 10000, 10000, 10000, 10000, 10000, 10000, 10000, 10000, 
      10000, 10000, 10000, 10000, 10000, 10000, 10000, 10000, 10000, 10000, 
      10000, 10000, 10000, 10000, 10000, 10000, 10000, 10000, 10000, 10000, 
      10000, 10000, 10000, 10000, 10000, 10000, 10000, 10000, 10000, 10000, 
      10000, 10000, 10000, 10000, 10000, 10000, 10000, 10000, 10000, 10000, 
      10000, 10000, 10000, 10000, 10000, 10000, 10000, 10000, 10000, 10000, 
      10000, 10000, 10000, 10000, 10000, 10000, 10000, 10000, 10000, 10000, 
      10000, 10000, 10000, 10000, 10000, 10000, 10000, 10000, 10000, 10000, 
      10000, 10000, 10000, 10000, 10000, 10000, 10000, 10000, 10000, 10000, 
      10000, 10000, 10000, 10000, 10000, 10000, 10000, 10000, 10000, 10000, 
      10000, 10000, 10000, 10000, 10000, 10000, 10000, 10000, 10000, 10000, 
      10000, 10000, 10000, 10000, 10000, 10000, 10000, 10000, 10000, 10000, 
      10000, 10000, 10000, 10000, 10000, 10000, 10000, 10000, 10000, 10000, 
      10000, 10000, 10000, 10000, 10000, 10000, 10000, 10000, 10000, 10000, 
      10000, 10000, 10000, 10000, 10000, 10000, 10000, 10000, 10000, 10000, 
      10000, 10000, 10000, 10000, 10000, 10000, 10000, 10000, 10000, 10000, 
      10000, 10000, 10000, 10000, 10000, 10000, 10000, 10000, 10000, 10000, 
      10000, 10000, 10000, 10000, 10000, 10000, 10000, 10000, 10000, 10000, 
      10000, 10000, 10000, 10000, 10000, 10000, 10000, 10000, 10000, 10000, 
      10000, 10000, 10000, 10000, 10000, 10000, 10000, 10000, 10000, 10000, 
      10000, 10000, 10000, 10000, 10000, 10000, 10000, 10000, 10000, 10000, 
      10000, 10000, 10000, 10000, 10000, 10000, 10000, 10000, 10000, 10000, 
      10000, 10000, 10000, 10000, 10000, 10000, 10000, 10000, 10000, 10000, 
      10000, 10000, 10000, 10000, 10000, 10000, 10000, 10000, 10000, 10000, 
      10000, 10000, 10000, 10000, 10000, 10000, 10000, 10000, 10000, 10000, 
      10000, 10000, 10000, 10000, 10000, 10000, 10000, 10000, 10000, 10000, 
      10000, 10000, 10000, 10000, 10000, 10000, 10000, 10000, 10000, 10000, 
      10000, 10000, 10000, 10000, 10000, 10000, 10000, 10000, 10000, 10000, 
      10000, 10000, 10000, 10000, 10000, 10000, 10000, 10000, 10000, 10000, 
      10000, 10000, 10000, 10000, 10000, 10000, 10000, 10000, 10000, 10000, 
      10000, 10000, 10000, 10000, 10000, 10000, 10000, 10000, 10000, 10000, 
      10000, 10000, 10000, 10000, 10000, 10000, 10000, 10000, 10000, 10000, 
      10000, 10000, 10000, 10000, 10000, 10000, 10000, 10000, 10000, 10000, 
      10000, 10000, 10000, 10000, 10000, 10000, 10000, 10000, 10000, 10000, 
      10000, 10000, 10000, 10000, 10000, 10000, 10000, 10000, 10000, 10000, 
      10000, 10000, 10000, 10000, 10000, 10000, 10000, 10000, 10000, 10000, 
      10000, 10000, 10000, 10000, 10000, 10000, 10000, 10000, 10000, 10000, 
      10000, 10000, 10000, 10000, 10000, 10000, 10000, 10000, 10000, 10000, 
      10000, 10000, 10000, 10000, 10000, 10000, 10000, 10000, 10000, 10000, 
      10000, 10000, 10000, 10000, 10000, 10000, 10000, 10000, 10000, 10000, 
      10000, 10000, 10000, 10000, 10000, 10000, 10000, 10000, 10000, 10000, 
      10000, 10000, 10000, 10000, 10000, 10000, 10000, 10000, 10000, 10000, 
      10000, 10000, 10000, 10000, 10000, 10000, 10000, 10000, 10000, 10000, 
      10000, 10000, 10000, 10000, 10000, 10000, 10000, 10000, 10000, 10000, 
      10000, 10000, 10000, 10000, 10000, 10000, 10000, 10000, 10000, 10000, 
      10000, 10000, 10000, 10000, 10000, 10000, 10000, 10000, 10000, 10000, 
      10000, 10000, 10000, 10000, 10000, 10000, 10000, 10000, 10000, 10000, 
      10000, 10000, 10000, 10000, 10000, 10000, 10000, 10000, 10000, 10000, 
      10000, 10000, 10000, 10000, 10000, 10000, 10000, 10000, 10000, 10000, 
      10000, 10000, 10000, 10000, 10000, 10000, 10000, 10000, 10000, 10000, 
      10000, 10000, 10000, 10000, 10000, 10000, 10000, 10000, 10000, 10000, 
      10000, 10000, 10000, 10000, 10000, 10000, 10000, 10000, 10000, 10000, 
      10000, 10000, 10000, 10000, 10000, 10000, 10000, 10000, 10000, 10000, 
      10000, 10000, 10000, 10000, 10000, 10000, 10000, 10000, 10000, 10000, 
      10000, 10000, 10000, 10000, 10000, 10000, 10000, 10000, 10000, 10000, 
      10000, 10000, 10000, 10000, 10000, 10000, 10000, 10000, 10000, 10000, 
      10000, 10000, 10000, 10000, 10000, 10000, 10000, 10000, 10000, 10000, 
      10000, 10000, 10000, 10000, 10000, 10000, 10000, 10000, 10000, 10000, 
      10000, 10000, 10000, 10000, 10000, 10000, 10000, 10000, 10000, 10000, 
      10000, 10000, 10000, 10000, 10000, 10000, 10000, 10000, 10000, 10000, 
      10000, 10000, 10000, 10000, 10000, 10000, 10000, 10000, 10000, 10000, 
      10000, 10000, 10000, 10000, 10000, 10000, 10000, 10000, 10000, 10000, 
      10000, 10000, 10000, 10000, 10000, 10000, 10000, 10000, 10000, 10000, 
      10000, 10000, 10000, 10000, 10000, 10000, 10000, 10000, 10000, 10000, 
      10000, 10000, 10000, 10000, 10000, 10000, 10000, 10000, 10000, 10000, 
      10000, 10000, 10000, 10000, 10000, 10000, 10000, 10000, 10000, 10000, 
      10000, 10000, 10000, 10000, 10000, 10000, 10000, 10000, 10000, 10000, 
      10000, 10000, 10000, 10000, 10000, 10000, 10000, 10000, 10000, 10000, 
      10000, 10000, 10000, 10000, 10000, 10000, 10000, 10000, 10000, 10000, 
      10000, 10000, 10000, 10000, 10000, 10000, 10000, 10000, 10000, 10000, 
      10000, 10000, 10000, 10000, 10000, 10000, 10000, 10000, 10000, 10000, 
      10000, 10000, 10000, 10000, 10000, 10000, 10000, 10000, 10000, 10000, 
      10000, 10000, 10000, 10000, 10000, 10000, 10000, 10000, 10000, 10000, 
      10000, 10000, 10000, 10000, 10000, 10000, 10000, 10000, 10000, 10000, 
      10000, 10000, 10000, 10000, 10000, 10000, 10000, 10000, 10000, 10000, 
      10000, 10000, 10000, 10000, 10000, 10000, 10000, 10000, 10000, 10000, 
      10000, 10000, 10000, 10000, 10000, 10000, 10000, 10000, 10000, 10000, 
      10000, 10000, 10000, 10000, 10000, 10000, 10000, 10000, 10000, 10000, 
      10000, 10000, 10000, 10000, 10000, 10000, 10000, 10000, 10000, 10000, 
      10000, 10000, 10000, 10000, 10000, 10000, 10000, 10000, 10000, 10000, 
      10000, 10000, 10000, 10000, 10000, 10000, 10000, 10000, 10000, 10000, 
      10000, 10000, 10000, 10000, 10000, 10000, 10000, 10000, 10000, 10000, 
      10000, 10000, 10000, 10000, 10000, 10000, 10000, 10000, 10000, 10000, 
      10000, 10000, 10000, 10000, 10000, 10000, 10000, 10000, 10000, 10000, 
      10000, 10000, 10000, 10000, 10000, 10000, 10000, 10000, 10000, 10000, 
      10000, 10000, 10000, 10000, 10000, 10000, 10000, 10000, 10000, 10000, 
      10000, 10000, 10000, 10000, 10000, 10000, 10000, 10000, 10000, 10000, 
      10000, 10000, 10000, 10000, 10000, 10000, 10000, 10000, 10000, 10000, 
      10000, 10000, 10000, 10000, 10000, 10000, 10000, 10000, 10000, 10000, 
      10000, 10000, 10000, 10000, 10000, 10000, 10000, 10000, 10000, 10000, 
      10000, 10000, 10000, 10000, 10000, 10000, 10000, 10000, 10000, 10000, 
      10000, 10000, 10000, 10000, 10000, 10000, 10000, 10000, 10000, 10000, 
      10000, 10000, 10000, 10000, 10000, 10000, 10000, 10000, 10000, 10000, 
      10000, 10000, 10000, 10000, 10000, 10000, 10000, 10000, 10000, 10000, 
      10000, 10000, 10000, 10000, 10000, 10000, 10000, 10000, 10000, 10000, 
      10000, 10000, 10000, 10000, 10000, 10000, 10000, 10000, 10000, 10000, 
      10000, 10000, 10000, 10000, 10000, 10000, 10000, 10000, 10000, 10000, 
      10000, 10000, 10000, 10000, 10000, 10000, 10000, 10000, 10000, 10000, 
      10000, 10000, 10000, 10000, 10000, 10000, 10000, 10000, 10000, 10000, 
      10000, 10000, 10000, 10000, 10000, 10000, 10000, 10000, 10000, 10000, 
      10000, 10000, 10000, 10000, 10000, 10000, 10000, 10000, 10000, 10000, 
      10000, 10000, 10000, 10000, 10000, 10000, 10000, 10000, 10000, 10000, 
      10000, 10000, 10000, 10000, 10000, 10000, 10000, 10000, 10000, 10000, 
      10000, 10000, 10000, 10000, 10000, 10000, 10000, 10000, 10000, 10000, 
      10000, 10000, 10000, 10000, 10000, 10000, 10000, 10000, 10000, 10000, 
      10000, 10000, 10000, 10000, 10000, 10000, 10000, 10000, 10000, 10000, 
      10000, 10000, 10000, 10000, 10000, 10000, 10000, 10000, 10000, 10000, 
      10000, 10000, 10000, 10000, 10000, 10000, 10000, 10000, 10000, 10000, 
      10000, 10000, 10000, 10000, 10000, 10000, 10000, 10000, 10000, 10000, 
      10000, 10000, 10000, 10000, 10000, 10000, 10000, 10000, 10000, 10000, 
      10000, 10000, 10000, 10000, 10000, 10000, 10000, 10000, 10000, 10000, 
      10000, 10000, 10000, 10000, 10000, 10000, 10000, 10000, 10000, 10000, 
      10000, 10000, 10000, 10000, 10000, 10000, 10000, 10000, 10000, 10000, 
      10000, 10000, 10000, 10000, 10000, 10000, 10000, 10000, 10000, 10000, 
      10000, 10000, 10000, 10000, 10000, 10000, 10000, 10000, 10000, 10000, 
      10000, 10000, 10000, 10000, 10000, 10000, 10000, 10000, 10000, 10000, 
      10000, 10000, 10000, 10000, 10000, 10000, 10000, 10000, 10000, 10000, 
      10000, 10000, 10000, 10000, 10000, 10000, 10000, 10000, 10000, 10000, 
      10000, 10000, 10000, 10000, 10000, 10000, 10000, 10000, 10000, 10000, 
      10000, 10000, 10000, 10000, 10000, 10000, 10000, 10000, 10000, 10000, 
      10000, 10000, 10000, 10000, 10000, 10000, 10000, 10000, 10000, 10000, 
      10000, 10000, 10000, 10000, 10000, 10000, 10000, 10000, 10000, 10000, 
      10000, 10000, 10000, 10000, 10000, 10000, 10000, 10000, 10000, 10000, 
      10000, 10000, 10000, 10000, 10000, 10000, 10000, 10000, 10000, 10000, 
      10000, 10000, 10000, 10000, 10000, 10000, 10000, 10000, 10000, 10000, 
      10000, 10000, 10000, 10000, 10000, 10000, 10000, 10000, 10000, 10000, 
      10000, 10000, 10000, 10000, 10000, 10000, 10000, 10000, 10000, 10000, 
      10000, 10000, 10000, 10000, 10000, 10000, 10000, 10000 ;

   Susceptance = 0, 0, 0, 0, 0, 0, 0, 0, 0, 0, 0, 0, 0, 0, 0, 0, 0, 0, 0, 0, 
      0, 0, 0, 0, 0, 0, 0, 0, 0, 0, 0, 0, 0, 0, 0, 0, 0, 0, 0, 0, 0, 0, 0, 0, 
      0, 0, 0, 0, 0, 0, 0, 0, 0, 0, 0, 0, 0, 0, 0, 0, 0, 0, 0, 0, 0, 0, 0, 0, 
      0, 0, 0, 0, 0, 0, 0, 0, 0, 0, 0, 0, 0, 0, 0, 0, 0, 0, 0, 0, 0, 0, 0, 0, 
      0, 0, 0, 0, 0, 0, 0, 0, 0, 0, 0, 0, 0, 0, 0, 0, 0, 0, 0, 0, 0, 0, 0, 0, 
      0, 0, 0, 0, 0, 0, 0, 0, 0, 0, 0, 0, 0, 0, 0, 0, 0, 0, 0, 0, 0, 0, 0, 0, 
      0, 0, 0, 0, 0, 0, 0, 0, 0, 0, 0, 0, 0, 0, 0, 0, 0, 0, 0, 0, 0, 0, 0, 0, 
      0, 0, 0, 0, 0, 0, 0, 0, 0, 0, 0, 0, 0, 0, 0, 0, 0, 0, 0, 0, 0, 0, 0, 0, 
      0, 0, 0, 0, 0, 0, 0, 0, 0, 0, 0, 0, 0, 0, 0, 0, 0, 0, 0, 0, 0, 0, 0, 0, 
      0, 0, 0, 0, 0, 0, 0, 0, 0, 0, 0, 0, 0, 0, 0, 0, 0, 0, 0, 0, 0, 0, 0, 0, 
      0, 0, 0, 0, 0, 0, 0, 0, 0, 0, 0, 0, 0, 0, 0, 0, 0, 0, 0, 0, 0, 0, 0, 0, 
      0, 0, 0, 0, 0, 0, 0, 0, 0, 0, 0, 0, 0, 0, 0, 0, 0, 0, 0, 0, 0, 0, 0, 0, 
      0, 0, 0, 0, 0, 0, 0, 0, 0, 0, 0, 0, 0, 0, 0, 0, 0, 0, 0, 0, 0, 0, 0, 0, 
      0, 0, 0, 0, 0, 0, 0, 0, 0, 0, 0, 0, 0, 0, 0, 0, 0, 0, 0, 0, 0, 0, 0, 0, 
      0, 0, 0, 0, 0, 0, 0, 0, 0, 0, 0, 0, 0, 0, 0, 0, 0, 0, 0, 0, 0, 0, 0, 0, 
      0, 0, 0, 0, 0, 0, 0, 0, 0, 0, 0, 0, 0, 0, 0, 0, 0, 0, 0, 0, 0, 0, 0, 0, 
      0, 0, 0, 0, 0, 0, 0, 0, 0, 0, 0, 0, 0, 0, 0, 0, 0, 0, 0, 0, 0, 0, 0, 0, 
      0, 0, 0, 0, 0, 0, 0, 0, 0, 0, 0, 0, 0, 0, 0, 0, 0, 0, 0, 0, 0, 0, 0, 0, 
      0, 0, 0, 0, 0, 0, 0, 0, 0, 0, 0, 0, 0, 0, 0, 0, 0, 0, 0, 0, 0, 0, 0, 0, 
      0, 0, 0, 0, 0, 0, 0, 0, 0, 0, 0, 0, 0, 0, 0, 0, 0, 0, 0, 0, 0, 0, 0, 0, 
      0, 0, 0, 0, 0, 0, 0, 0, 0, 0, 0, 0, 0, 0, 0, 0, 0, 0, 0, 0, 0, 0, 0, 0, 
      0, 0, 0, 0, 0, 0, 0, 0, 0, 0, 0, 0, 0, 0, 0, 0, 0, 0, 0, 0, 0, 0, 0, 0, 
      0, 0, 0, 0, 0, 0, 0, 0, 0, 0, 0, 0, 0, 0, 0, 0, 0, 0, 0, 0, 0, 0, 0, 0, 
      0, 0, 0, 0, 0, 0, 0, 0, 0, 0, 0, 0, 0, 0, 0, 0, 0, 0, 0, 0, 0, 0, 0, 0, 
      0, 0, 0, 0, 0, 0, 0, 0, 0, 0, 0, 0, 0, 0, 0, 0, 0, 0, 0, 0, 0, 0, 0, 0, 
      0, 0, 0, 0, 0, 0, 0, 0, 0, 0, 0, 0, 0, 0, 0, 0, 0, 0, 0, 0, 0, 0, 0, 0, 
      0, 0, 0, 0, 0, 0, 0, 0, 0, 0, 0, 0, 0, 0, 0, 0, 0, 0, 0, 0, 0, 0, 0, 0, 
      0, 0, 0, 0, 0, 0, 0, 0, 0, 0, 0, 0, 0, 0, 0, 0, 0, 0, 0, 0, 0, 0, 0, 0, 
      0, 0, 0, 0, 0, 0, 0, 0, 0, 0, 0, 0, 0, 0, 0, 0, 0, 0, 0, 0, 0, 0, 0, 0, 
      0, 0, 0, 0, 0, 0, 0, 0, 0, 0, 0, 0, 0, 0, 0, 0, 0, 0, 0, 0, 0, 0, 0, 0, 
      0, 0, 0, 0, 0, 0, 0, 0, 0, 0, 0, 0, 0, 0, 0, 0, 0, 0, 0, 0, 0, 0, 0, 0, 
      0, 0, 0, 0, 0, 0, 0, 0, 0, 0, 0, 0, 0, 0, 0, 0, 0, 0, 0, 0, 0, 0, 0, 0, 
      0, 0, 0, 0, 0, 0, 0, 0, 0, 0, 0, 0, 0, 0, 0, 0, 0, 0, 0, 0, 0, 0, 0, 0, 
      0, 0, 0, 0, 0, 0, 0, 0, 0, 0, 0, 0, 0, 0, 0, 0, 0, 0, 0, 0, 0, 0, 0, 0, 
      0, 0, 0, 0, 0, 0, 0, 0, 0, 0, 0, 0, 0, 0, 0, 0, 0, 0, 0, 0, 0, 0, 0, 0, 
      0, 0, 0, 0, 0, 0, 0, 0, 0, 0, 0, 0, 0, 0, 0, 0, 0, 0, 0, 0, 0, 0, 0, 0, 
      0, 0, 0, 0, 0, 0, 0, 0, 0, 0, 0, 0, 0, 0, 0, 0, 0, 0, 0, 0, 0, 0, 0, 0, 
      0, 0, 0, 0, 0, 0, 0, 0, 0, 0, 0, 0, 0, 0, 0, 0, 0, 0, 0, 0, 0, 0, 0, 0, 
      0, 0, 0, 0, 0, 0, 0, 0, 0, 0, 0, 0, 0, 0, 0, 0, 0, 0, 0, 0, 0, 0, 0, 0, 
      0, 0, 0, 0, 0, 0, 0, 0, 0, 0, 0, 0, 0, 0, 0, 0, 0, 0, 0, 0, 0, 0, 0, 0, 
      0, 0, 0, 0, 0, 0, 0, 0, 0, 0, 0, 0, 0, 0, 0, 0, 0, 0, 0, 0, 0, 0, 0, 0, 
      0, 0, 0, 0, 0, 0, 0, 0, 0, 0, 0, 0, 0, 0, 0, 0, 0, 0, 0, 0, 0, 0, 0, 0, 
      0, 0, 0, 0, 0, 0, 0, 0, 0, 0, 0, 0, 0, 0, 0, 0, 0, 0, 0, 0, 0, 0, 0, 0, 
      0, 0, 0, 0, 0, 0, 0, 0, 0, 0, 0, 0, 0, 0, 0, 0, 0, 0, 0, 0, 0, 0, 0, 0, 
      0, 0, 0, 0, 0, 0, 0, 0, 0, 0, 0, 0, 0, 0, 0, 0, 0, 0, 0, 0, 0, 0, 0, 0, 
      0, 0, 0, 0, 0, 0, 0, 0, 0, 0, 0, 0, 0, 0, 0, 0, 0, 0, 0, 0, 0, 0, 0, 0, 
      0, 0, 0, 0, 0, 0, 0, 0, 0, 0, 0, 0, 0, 0, 0, 0, 0, 0, 0, 0, 0, 0, 0, 0, 
      0, 0, 0, 0, 0, 0, 0, 0, 0, 0, 0, 0, 0, 0, 0, 0, 0, 0, 0, 0, 0, 0, 0, 0, 
      0, 0, 0, 0, 0, 0, 0, 0, 0, 0, 0, 0, 0, 0, 0, 0, 0, 0, 0, 0, 0, 0, 0, 0, 
      0, 0, 0, 0, 0, 0, 0, 0, 0, 0, 0, 0, 0, 0, 0, 0, 0, 0, 0, 0, 0, 0, 0, 0, 
      0, 0, 0, 0, 0, 0, 0, 0, 0, 0, 0, 0, 0, 0, 0, 0, 0, 0, 0, 0, 0, 0, 0, 0, 
      0, 0, 0, 0, 0, 0, 0, 0, 0, 0, 0, 0, 0, 0, 0, 0, 0, 0, 0, 0, 0, 0, 0, 0, 
      0, 0, 0, 0, 0, 0, 0, 0, 0, 0, 0, 0, 0, 0, 0, 0, 0, 0, 0, 0, 0, 0, 0, 0, 
      0, 0, 0, 0, 0, 0, 0, 0, 0, 0, 0, 0, 0, 0, 0, 0, 0, 0, 0, 0, 0, 0, 0, 0, 
      0, 0, 0, 0, 0, 0, 0, 0, 0, 0, 0, 0, 0, 0, 0, 0, 0, 0, 0, 0, 0, 0, 0, 0, 
      0, 0, 0, 0, 0, 0, 0, 0, 0, 0, 0, 0, 0, 0, 0, 0, 0, 0, 0, 0, 0, 0, 0, 0, 
      0, 0, 0, 0, 0, 0, 0, 0, 0, 0, 0, 0, 0, 0, 0, 0, 0, 0, 0, 0, 0, 0, 0, 0, 
      0, 0, 0, 0, 0, 0, 0, 0, 0, 0, 0, 0, 0, 0, 0, 0, 0, 0, 0, 0, 0, 0, 0, 0, 
      0, 0, 0, 0, 0, 0, 0, 0, 0, 0, 0, 0, 0, 0, 0, 0, 0, 0, 0, 0, 0, 0, 0, 0, 
      0, 0, 0, 0, 0, 0, 0, 0, 0, 0, 0, 0, 0, 0, 0, 0, 0, 0, 0, 0, 0, 0, 0, 0, 
      0, 0, 0, 0, 0, 0, 0, 0, 0, 0, 0, 0, 0, 0, 0, 0, 0, 0, 0, 0, 0, 0, 0, 0, 
      0, 0, 0, 0, 0, 0, 0, 0, 0, 0, 0, 0, 0, 0, 0, 0, 0, 0, 0, 0, 0, 0, 0, 0, 
      0, 0, 0, 0, 0, 0, 0, 0, 0, 0, 0, 0, 0, 0, 0, 0, 0, 0, 0, 0, 0, 0, 0, 0, 
      0, 0, 0, 0, 0, 0, 0, 0, 0, 0, 0, 0, 0, 0, 0, 0, 0, 0, 0, 0, 0, 0, 0, 0, 
      0, 0, 0, 0, 0, 0, 0, 0, 0, 0, 0, 0, 0, 0, 0, 0, 0, 0, 0, 0, 0, 0, 0, 0, 
      0, 0, 0, 0, 0, 0, 0, 0, 0, 0, 0, 0, 0, 0, 0, 0, 0, 0, 0, 0, 0, 0, 0, 0, 
      0, 0, 0, 0, 0, 0, 0, 0, 0, 0, 0, 0, 0, 0, 0, 0, 0, 0, 0, 0, 0, 0, 0, 0, 
      0, 0, 0, 0, 0, 0, 0, 0, 0, 0, 0, 0, 0, 0, 0, 0, 0, 0, 0, 0, 0, 0, 0, 0, 
      0, 0, 0, 0, 0, 0, 0, 0, 0, 0, 0, 0, 0, 0, 0, 0, 0, 0, 0, 0, 0, 0, 0, 0, 
      0, 0, 0, 0, 0, 0, 0, 0, 0, 0, 0, 0, 0, 0, 0, 0, 0, 0, 0, 0, 0, 0, 0, 0, 
      0, 0, 0, 0, 0, 0, 0, 0, 0, 0, 0, 0, 0, 0, 0, 0, 0, 0, 0, 0, 0, 0, 0, 0, 
      0, 0, 0, 0, 0, 0, 0, 0, 0, 0, 0, 0, 0, 0, 0, 0, 0, 0, 0, 0, 0, 0, 0, 0, 
      0, 0, 0, 0, 0, 0, 0, 0, 0, 0, 0, 0, 0, 0, 0, 0, 0, 0, 0, 0, 0, 0, 0, 0, 
      0, 0, 0, 0, 0, 0, 0, 0, 0, 0, 0, 0, 0, 0, 0, 0, 0, 0, 0, 0, 0, 0, 0, 0, 
      0, 0, 0, 0, 0, 0, 0, 0, 0, 0, 0, 0, 0, 0, 0, 0, 0, 0, 0, 0, 0, 0, 0, 0, 
      0, 0, 0, 0, 0, 0, 0, 0, 0, 0, 0, 0, 0, 0, 0, 0, 0, 0, 0, 0, 0, 0, 0, 0, 
      0, 0, 0, 0, 0, 0, 0, 0, 0, 0, 0, 0, 0, 0, 0, 0, 0, 0, 0, 0, 0, 0, 0, 0, 
      0, 0, 0, 0, 0, 0, 0, 0, 0, 0, 0, 0, 0, 0, 0, 0, 0, 0, 0, 0, 0, 0, 0, 0, 
      0, 0, 0, 0, 0, 0, 0, 0, 0, 0, 0, 0, 0, 0, 0, 0, 0, 0, 0, 0, 0, 0, 0, 0, 
      0, 0, 0, 0, 0, 0, 0, 0, 0, 0, 0, 0, 0, 0, 0, 0, 0, 0, 0, 0, 0, 0, 0, 0, 
      0, 0, 0, 0, 0, 0, 0, 0, 0, 0, 0, 0, 0, 0, 0, 0, 0, 0, 0, 0, 0, 0, 0, 0, 
      0, 0, 0, 0, 0, 0, 0, 0, 0, 0, 0, 0, 0, 0, 0, 0, 0, 0, 0, 0, 0, 0, 0, 0, 
      0, 0, 0, 0, 0, 0, 0, 0, 0, 0, 0, 0, 0, 0, 0, 0, 0, 0, 0, 0, 0, 0, 0, 0, 
      0, 0, 0, 0, 0, 0, 0, 0, 0, 0, 0, 0, 0, 0, 0, 0, 0, 0, 0, 0, 0, 0, 0, 0, 
      0, 0, 0, 0, 0, 0, 0, 0, 0, 0, 0, 0, 0, 0, 0, 0, 0, 0, 0, 0, 0, 0, 0, 0, 
      0, 0, 0, 0, 0, 0, 0, 0, 0, 0, 0, 0, 0, 0, 0, 0, 0, 0, 0, 0, 0, 0, 0, 0, 
      0, 0, 0, 0, 0, 0, 0, 0, 0, 0, 0, 0, 0, 0, 0, 0, 0, 0, 0, 0, 0, 0, 0, 0, 
      0, 0, 0, 0, 0, 0, 0, 0, 0, 0, 0, 0, 0, 0, 0, 0, 0, 0, 0, 0, 0, 0, 0, 0, 
      0, 0, 0, 0, 0, 0, 0, 0, 0, 0, 0, 0, 0, 0, 0, 0, 0, 0, 0, 0, 0, 0, 0, 0, 
      0, 0, 0, 0, 0, 0, 0, 0, 0, 0, 0, 0, 0, 0, 0, 0, 0, 0, 0, 0, 0, 0, 0, 0, 
      0, 0, 0, 0, 0, 0, 0, 0, 0, 0, 0, 0, 0, 0, 0, 0, 0, 0, 0, 0, 0, 0, 0, 0, 
      0, 0, 0, 0, 0, 0, 0, 0, 0, 0, 0, 0, 0, 0, 0, 0, 0, 0, 0, 0, 0, 0, 0, 0, 
      0, 0, 0, 0, 0, 0, 0, 0, 0, 0, 0, 0, 0, 0, 0, 0, 0, 0, 0, 0, 0, 0, 0, 0, 
      0, 0, 0, 0, 0, 0, 0, 0, 0, 0, 0, 0, 0, 0, 0, 0, 0, 0, 0, 0, 0, 0, 0, 0, 
      0, 0, 0, 0, 0, 0, 0, 0, 0, 0, 0, 0, 0, 0, 0, 0, 0, 0, 0, 0, 0, 0, 0, 0, 
      0, 0, 0, 0, 0, 0, 0, 0, 0, 0, 0, 0, 0, 0, 0, 0, 0, 0, 0, 0, 0, 0, 0, 0, 
      0, 0, 0, 0, 0, 0, 0, 0, 0, 0, 0, 0, 0, 0, 0, 0, 0, 0, 0, 0, 0, 0, 0, 0, 
      0, 0, 0, 0, 0, 0, 0, 0, 0, 0, 0, 0, 0, 0, 0, 0, 0, 0, 0, 0, 0, 0, 0, 0, 
      0, 0, 0, 0, 0, 0, 0, 0, 0, 0, 0, 0, 0, 0, 0, 0, 0, 0, 0, 0, 0, 0, 0, 0, 
      0, 0, 0, 0, 0, 0, 0, 0, 0, 0, 0, 0, 0, 0, 0, 0, 0, 0, 0, 0, 0, 0, 0, 0, 
      0, 0, 0, 0, 0, 0, 0, 0, 0, 0, 0, 0, 0, 0, 0, 0, 0, 0, 0, 0, 0, 0, 0, 0, 
      0, 0, 0, 0, 0, 0, 0, 0, 0, 0, 0, 0, 0, 0, 0, 0, 0, 0, 0, 0, 0, 0, 0, 0, 
      0, 0, 0, 0, 0, 0, 0, 0, 0, 0, 0, 0, 0, 0, 0, 0, 0, 0, 0, 0, 0, 0, 0, 0, 
      0, 0, 0, 0, 0, 0, 0, 0, 0, 0, 0, 0, 0, 0, 0, 0, 0, 0, 0, 0, 0, 0, 0, 0, 
      0, 0, 0, 0, 0, 0, 0, 0, 0, 0, 0, 0, 0, 0, 0, 0, 0, 0, 0, 0, 0, 0, 0, 0, 
      0, 0, 0, 0, 0, 0, 0, 0, 0, 0, 0, 0, 0, 0, 0, 0, 0, 0, 0, 0, 0, 0, 0, 0, 
      0, 0, 0, 0, 0, 0, 0, 0, 0, 0, 0, 0, 0, 0, 0, 0, 0, 0, 0, 0, 0, 0, 0, 0, 
      0, 0, 0, 0, 0, 0, 0, 0, 0, 0, 0, 0, 0, 0, 0, 0, 0, 0, 0, 0, 0, 0, 0, 0, 
      0, 0, 0, 0, 0, 0, 0, 0, 0, 0, 0, 0, 0, 0, 0, 0, 0, 0, 0, 0, 0, 0, 0, 0, 
      0, 0, 0, 0, 0, 0, 0, 0, 0, 0, 0, 0, 0, 0, 0, 0, 0, 0, 0, 0, 0, 0, 0, 0, 
      0, 0, 0, 0, 0, 0, 0, 0, 0, 0, 0, 0, 0, 0, 0, 0, 0, 0, 0, 0, 0, 0, 0, 0, 
      0, 0, 0, 0, 0, 0, 0, 0, 0, 0, 0, 0, 0, 0, 0, 0, 0, 0, 0, 0, 0, 0, 0, 0, 
      0, 0, 0, 0, 0, 0, 0, 0, 0, 0, 0, 0, 0, 0, 0, 0, 0, 0, 0, 0, 0, 0, 0, 0, 
      0, 0, 0, 0, 0, 0, 0, 0, 0, 0, 0, 0, 0, 0, 0, 0, 0, 0, 0, 0, 0, 0, 0, 0, 
      0, 0, 0, 0, 0, 0, 0, 0, 0, 0, 0, 0, 0, 0, 0, 0, 0, 0, 0, 0, 0, 0, 0, 0, 
      0, 0, 0, 0, 0, 0, 0, 0, 0, 0, 0, 0, 0, 0, 0, 0, 0, 0, 0, 0, 0, 0, 0, 0, 
      0, 0, 0, 0, 0, 0, 0, 0, 0, 0, 0, 0, 0, 0, 0, 0, 0, 0, 0, 0, 0, 0, 0, 0, 
      0, 0, 0, 0, 0, 0, 0, 0, 0, 0, 0, 0, 0, 0, 0, 0, 0, 0, 0, 0, 0, 0, 0, 0, 
      0, 0, 0, 0, 0, 0, 0, 0, 0, 0, 0, 0, 0, 0, 0, 0, 0, 0, 0, 0, 0, 0, 0, 0, 
      0, 0, 0, 0, 0, 0, 0, 0, 0, 0, 0, 0, 0, 0, 0, 0, 0, 0, 0, 0, 0, 0, 0, 0, 
      0, 0, 0, 0, 0, 0, 0, 0, 0, 0, 0, 0, 0, 0, 0, 0, 0, 0, 0, 0, 0, 0, 0, 0, 
      0, 0, 0, 0, 0, 0, 0, 0, 0, 0, 0, 0, 0, 0, 0, 0, 0, 0, 0, 0, 0, 0, 0, 0, 
      0, 0, 0, 0, 0, 0, 0, 0, 0, 0, 0, 0, 0, 0, 0, 0, 0, 0, 0, 0, 0, 0, 0, 0, 
      0, 0, 0, 0, 0, 0, 0, 0, 0, 0, 0, 0, 0, 0, 0, 0, 0, 0, 0, 0, 0, 0, 0, 0, 
      0, 0, 0, 0, 0, 0, 0, 0, 0, 0, 0, 0, 0, 0, 0, 0, 0, 0, 0, 0, 0, 0, 0, 0, 
      0, 0, 0, 0, 0, 0, 0, 0, 0, 0, 0, 0, 0, 0, 0, 0, 0, 0, 0, 0, 0, 0, 0, 0, 
      0, 0, 0, 0, 0, 0, 0, 0, 0, 0, 0, 0, 0, 0, 0, 0, 0, 0, 0, 0, 0, 0, 0, 0, 
      0, 0, 0, 0, 0, 0, 0, 0, 0, 0, 0, 0, 0, 0, 0, 0, 0, 0, 0, 0, 0, 0, 0, 0, 
      0, 0, 0, 0, 0, 0, 0, 0, 0, 0, 0, 0, 0, 0, 0, 0, 0, 0, 0, 0, 0, 0, 0, 0, 
      0, 0, 0, 0, 0, 0, 0, 0, 0, 0, 0, 0, 0, 0, 0, 0, 0, 0, 0, 0, 0, 0, 0, 0, 
      0, 0, 0, 0, 0, 0, 0, 0, 0, 0, 0, 0, 0, 0, 0, 0, 0, 0, 0, 0, 0, 0, 0, 0, 
      0, 0, 0, 0, 0, 0, 0, 0, 0, 0, 0, 0, 0, 0, 0, 0, 0, 0, 0, 0, 0, 0, 0, 0, 
      0, 0, 0, 0, 0, 0, 0, 0, 0, 0, 0, 0, 0, 0, 0, 0, 0, 0, 0, 0, 0, 0, 0, 0, 
      0, 0, 0, 0, 0, 0, 0, 0, 0, 0, 0, 0, 0, 0, 0, 0, 0, 0, 0, 0, 0, 0, 0, 0, 
      0, 0, 0, 0, 0, 0, 0, 0, 0, 0, 0, 0, 0, 0, 0, 0, 0, 0, 0, 0, 0, 0, 0, 0, 
      0, 0, 0, 0, 0, 0, 0, 0, 0, 0, 0, 0, 0, 0, 0, 0, 0, 0, 0, 0, 0, 0, 0, 0, 
      0, 0, 0, 0, 0, 0, 0, 0, 0, 0, 0, 0, 0, 0, 0, 0, 0, 0, 0, 0, 0, 0, 0, 0, 
      0, 0, 0, 0, 0, 0, 0, 0, 0, 0, 0, 0, 0, 0, 0, 0, 0, 0, 0, 0, 0, 0, 0, 0, 
      0, 0, 0, 0, 0, 0, 0, 0, 0, 0, 0, 0, 0, 0, 0, 0, 0, 0, 0, 0, 0, 0, 0, 0, 
      0, 0, 0, 0, 0, 0, 0, 0, 0, 0, 0, 0, 0, 0, 0, 0, 0, 0, 0, 0, 0, 0, 0, 0, 
      0, 0, 0, 0, 0, 0, 0, 0, 0, 0, 0, 0, 0, 0, 0, 0, 0, 0, 0, 0, 0, 0, 0, 0, 
      0, 0, 0, 0, 0, 0, 0, 0, 0, 0, 0, 0, 0, 0, 0, 0, 0, 0, 0, 0, 0, 0, 0, 0, 
      0, 0, 0, 0, 0, 0, 0, 0, 0, 0, 0, 0, 0, 0, 0, 0, 0, 0, 0, 0, 0, 0, 0, 0, 
      0, 0, 0, 0, 0, 0, 0, 0, 0, 0, 0, 0, 0, 0, 0, 0, 0, 0, 0, 0, 0, 0, 0, 0, 
      0, 0, 0, 0, 0, 0, 0, 0, 0, 0, 0, 0, 0, 0, 0, 0, 0, 0, 0, 0, 0, 0, 0, 0, 
      0, 0, 0, 0, 0, 0, 0, 0, 0, 0, 0, 0, 0, 0, 0, 0, 0, 0, 0, 0, 0, 0, 0, 0, 
      0, 0, 0, 0, 0, 0, 0, 0, 0, 0, 0, 0, 0, 0, 0, 0, 0, 0, 0, 0, 0, 0, 0, 0, 
      0, 0, 0, 0, 0, 0, 0, 0, 0, 0, 0, 0, 0, 0, 0, 0, 0, 0, 0, 0, 0, 0, 0, 0, 
      0, 0, 0, 0, 0, 0, 0, 0, 0, 0, 0, 0, 0, 0, 0, 0, 0, 0, 0, 0, 0, 0, 0, 0, 
      0, 0, 0, 0, 0, 0, 0, 0, 0, 0, 0, 0, 0, 0, 0, 0, 0, 0, 0, 0, 0, 0, 0, 0, 
      0, 0, 0, 0, 0, 0, 0, 0, 0, 0, 0, 0, 0, 0, 0, 0, 0, 0, 0, 0, 0, 0, 0, 0, 
      0, 0, 0, 0, 0, 0, 0, 0, 0, 0, 0, 0, 0, 0, 0, 0, 0, 0, 0, 0, 0, 0, 0, 0, 
      0, 0, 0, 0, 0, 0, 0, 0, 0, 0, 0, 0, 0, 0, 0, 0, 0, 0, 0, 0, 0, 0, 0, 0, 
      0, 0, 0, 0, 0, 0, 0, 0, 0, 0, 0, 0, 0, 0, 0, 0, 0, 0, 0, 0, 0, 0, 0, 0, 
      0, 0, 0, 0, 0, 0, 0, 0, 0, 0, 0, 0, 0, 0, 0, 0, 0, 0, 0, 0, 0, 0, 0, 0, 
      0, 0, 0, 0, 0, 0, 0, 0, 0, 0, 0, 0, 0, 0, 0, 0, 0, 0, 0, 0, 0, 0, 0, 0, 
      0, 0, 0, 0, 0, 0, 0, 0, 0, 0, 0, 0, 0, 0, 0, 0, 0, 0, 0, 0, 0, 0, 0, 0, 
      0, 0, 0, 0, 0, 0, 0, 0, 0, 0, 0, 0 ;

  group: UnitBlock_0 {
    variables:
    	double InitialPower ;
    	double MaxPower(TimeHorizon) ;
    	double MinPower(TimeHorizon) ;
    	double StartUpCost ;
    	double LinearTerm ;
    	double MinUpTime ;
    	double MinDownTime ;
    	double InitUpDownTime ;
    	double InertiaCommitment ;

    // group attributes:
    		:type = "ThermalUnitBlock" ;
    data:

     InitialPower = 7 ;

     MaxPower = 35 ;

     MinPower = 7 ;

     StartUpCost = 0 ;

     LinearTerm = 1 ;

     MinUpTime = 1 ;

     MinDownTime = 1 ;

     InitUpDownTime = 1 ;

     InertiaCommitment = 1 ;
    } // group UnitBlock_0

  group: UnitBlock_1 {
    variables:
    	double InitialPower ;
    	double MaxPower(TimeHorizon) ;
    	double MinPower(TimeHorizon) ;
    	double StartUpCost ;
    	double LinearTerm ;
    	double MinUpTime ;
    	double MinDownTime ;
    	double InitUpDownTime ;
    	double InertiaCommitment ;

    // group attributes:
    		:type = "ThermalUnitBlock" ;
    data:

     InitialPower = 20.27 ;

     MaxPower = 36.1 ;

     MinPower = 7.22 ;

     StartUpCost = 0 ;

     LinearTerm = 1 ;

     MinUpTime = 1 ;

     MinDownTime = 1 ;

     InitUpDownTime = 1 ;

     InertiaCommitment = 1 ;
    } // group UnitBlock_1

  group: UnitBlock_2 {
    variables:
    	double InitialPower ;
    	double MaxPower(TimeHorizon) ;
    	double MinPower(TimeHorizon) ;
    	double StartUpCost ;
    	double LinearTerm ;
    	double MinUpTime ;
    	double MinDownTime ;
    	double InitUpDownTime ;
    	double InertiaCommitment ;

    // group attributes:
    		:type = "ThermalUnitBlock" ;
    data:

     InitialPower = 44 ;

     MaxPower = 46 ;

     MinPower = 9.2 ;

     StartUpCost = 0 ;

     LinearTerm = 1 ;

     MinUpTime = 1 ;

     MinDownTime = 1 ;

     InitUpDownTime = 1 ;

     InertiaCommitment = 1 ;
    } // group UnitBlock_2

  group: UnitBlock_3 {
    variables:
    	double InitialPower ;
    	double MaxPower(TimeHorizon) ;
    	double MinPower(TimeHorizon) ;
    	double StartUpCost ;
    	double LinearTerm ;
    	double MinUpTime ;
    	double MinDownTime ;
    	double InitUpDownTime ;
    	double InertiaCommitment ;

    // group attributes:
    		:type = "ThermalUnitBlock" ;
    data:

     InitialPower = 2.18 ;

     MaxPower = 4 ;

     MinPower = 0 ;

     StartUpCost = 0 ;

     LinearTerm = 1 ;

     MinUpTime = 1 ;

     MinDownTime = 1 ;

     InitUpDownTime = 1 ;

     InertiaCommitment = 1 ;
    } // group UnitBlock_3

  group: UnitBlock_4 {
    variables:
    	double InitialPower ;
    	double MaxPower(TimeHorizon) ;
    	double MinPower(TimeHorizon) ;
    	double StartUpCost ;
    	double LinearTerm ;
    	double MinUpTime ;
    	double MinDownTime ;
    	double InitUpDownTime ;
    	double InertiaCommitment ;

    // group attributes:
    		:type = "ThermalUnitBlock" ;
    data:

     InitialPower = 6 ;

     MaxPower = 7 ;

     MinPower = 1.4 ;

     StartUpCost = 0 ;

     LinearTerm = 1 ;

     MinUpTime = 1 ;

     MinDownTime = 1 ;

     InitUpDownTime = 1 ;

     InertiaCommitment = 1 ;
    } // group UnitBlock_4

  group: UnitBlock_5 {
    variables:
    	double InitialPower ;
    	double MaxPower(TimeHorizon) ;
    	double MinPower(TimeHorizon) ;
    	double StartUpCost ;
    	double LinearTerm ;
    	double MinUpTime ;
    	double MinDownTime ;
    	double InitUpDownTime ;
    	double InertiaCommitment ;

    // group attributes:
    		:type = "ThermalUnitBlock" ;
    data:

     InitialPower = -0.1 ;

     MaxPower = 2.7 ;

     MinPower = 0 ;

     StartUpCost = 0 ;

     LinearTerm = 1 ;

     MinUpTime = 1 ;

     MinDownTime = 1 ;

     InitUpDownTime = 1 ;

     InertiaCommitment = 1 ;
    } // group UnitBlock_5

  group: UnitBlock_6 {
    variables:
    	double InitialPower ;
    	double MaxPower(TimeHorizon) ;
    	double MinPower(TimeHorizon) ;
    	double StartUpCost ;
    	double LinearTerm ;
    	double MinUpTime ;
    	double MinDownTime ;
    	double InitUpDownTime ;
    	double InertiaCommitment ;

    // group attributes:
    		:type = "ThermalUnitBlock" ;
    data:

     InitialPower = 11.99 ;

     MaxPower = 13 ;

     MinPower = 2.6 ;

     StartUpCost = 0 ;

     LinearTerm = 1 ;

     MinUpTime = 1 ;

     MinDownTime = 1 ;

     InitUpDownTime = 1 ;

     InertiaCommitment = 1 ;
    } // group UnitBlock_6

  group: UnitBlock_7 {
    variables:
    	double InitialPower ;
    	double MaxPower(TimeHorizon) ;
    	double MinPower(TimeHorizon) ;
    	double StartUpCost ;
    	double LinearTerm ;
    	double MinUpTime ;
    	double MinDownTime ;
    	double InitUpDownTime ;
    	double InertiaCommitment ;

    // group attributes:
    		:type = "ThermalUnitBlock" ;
    data:

     InitialPower = 27.57 ;

     MaxPower = 50 ;

     MinPower = 10 ;

     StartUpCost = 0 ;

     LinearTerm = 1 ;

     MinUpTime = 1 ;

     MinDownTime = 1 ;

     InitUpDownTime = 1 ;

     InertiaCommitment = 1 ;
    } // group UnitBlock_7

  group: UnitBlock_8 {
    variables:
    	double InitialPower ;
    	double MaxPower(TimeHorizon) ;
    	double MinPower(TimeHorizon) ;
    	double StartUpCost ;
    	double LinearTerm ;
    	double MinUpTime ;
    	double MinDownTime ;
    	double InitUpDownTime ;
    	double InertiaCommitment ;

    // group attributes:
    		:type = "ThermalUnitBlock" ;
    data:

     InitialPower = -0.66 ;

     MaxPower = 16 ;

     MinPower = 3.2 ;

     StartUpCost = 0 ;

     LinearTerm = 1 ;

     MinUpTime = 1 ;

     MinDownTime = 1 ;

     InitUpDownTime = 1 ;

     InertiaCommitment = 1 ;
    } // group UnitBlock_8

  group: UnitBlock_9 {
    variables:
    	double InitialPower ;
    	double MaxPower(TimeHorizon) ;
    	double MinPower(TimeHorizon) ;
    	double StartUpCost ;
    	double LinearTerm ;
    	double MinUpTime ;
    	double MinDownTime ;
    	double InitUpDownTime ;
    	double InertiaCommitment ;

    // group attributes:
    		:type = "ThermalUnitBlock" ;
    data:

     InitialPower = 12.4 ;

     MaxPower = 62 ;

     MinPower = 12.4 ;

     StartUpCost = 0 ;

     LinearTerm = 1 ;

     MinUpTime = 1 ;

     MinDownTime = 1 ;

     InitUpDownTime = 1 ;

     InertiaCommitment = 1 ;
    } // group UnitBlock_9

  group: UnitBlock_10 {
    variables:
    	double InitialPower ;
    	double MaxPower(TimeHorizon) ;
    	double MinPower(TimeHorizon) ;
    	double StartUpCost ;
    	double LinearTerm ;
    	double MinUpTime ;
    	double MinDownTime ;
    	double InitUpDownTime ;
    	double InertiaCommitment ;

    // group attributes:
    		:type = "ThermalUnitBlock" ;
    data:

     InitialPower = 15.38 ;

     MaxPower = 18 ;

     MinPower = 3.6 ;

     StartUpCost = 0 ;

     LinearTerm = 1 ;

     MinUpTime = 1 ;

     MinDownTime = 1 ;

     InitUpDownTime = 1 ;

     InertiaCommitment = 1 ;
    } // group UnitBlock_10

  group: UnitBlock_11 {
    variables:
    	double InitialPower ;
    	double MaxPower(TimeHorizon) ;
    	double MinPower(TimeHorizon) ;
    	double StartUpCost ;
    	double LinearTerm ;
    	double MinUpTime ;
    	double MinDownTime ;
    	double InitUpDownTime ;
    	double InertiaCommitment ;

    // group attributes:
    		:type = "ThermalUnitBlock" ;
    data:

     InitialPower = 21 ;

     MaxPower = 22 ;

     MinPower = 4.4 ;

     StartUpCost = 0 ;

     LinearTerm = 1 ;

     MinUpTime = 1 ;

     MinDownTime = 1 ;

     InitUpDownTime = 1 ;

     InertiaCommitment = 1 ;
    } // group UnitBlock_11

  group: UnitBlock_12 {
    variables:
    	double InitialPower ;
    	double MaxPower(TimeHorizon) ;
    	double MinPower(TimeHorizon) ;
    	double StartUpCost ;
    	double LinearTerm ;
    	double MinUpTime ;
    	double MinDownTime ;
    	double InitUpDownTime ;
    	double InertiaCommitment ;

    // group attributes:
    		:type = "ThermalUnitBlock" ;
    data:

     InitialPower = 37.99 ;

     MaxPower = 40 ;

     MinPower = 1 ;

     StartUpCost = 0 ;

     LinearTerm = 1 ;

     MinUpTime = 1 ;

     MinDownTime = 1 ;

     InitUpDownTime = 1 ;

     InertiaCommitment = 1 ;
    } // group UnitBlock_12

  group: UnitBlock_13 {
    variables:
    	double InitialPower ;
    	double MaxPower(TimeHorizon) ;
    	double MinPower(TimeHorizon) ;
    	double StartUpCost ;
    	double LinearTerm ;
    	double MinUpTime ;
    	double MinDownTime ;
    	double InitUpDownTime ;
    	double InertiaCommitment ;

    // group attributes:
    		:type = "ThermalUnitBlock" ;
    data:

     InitialPower = 15.76 ;

     MaxPower = 40 ;

     MinPower = 1 ;

     StartUpCost = 0 ;

     LinearTerm = 1 ;

     MinUpTime = 1 ;

     MinDownTime = 1 ;

     InitUpDownTime = 1 ;

     InertiaCommitment = 1 ;
    } // group UnitBlock_13

  group: UnitBlock_14 {
    variables:
    	double InitialPower ;
    	double MaxPower(TimeHorizon) ;
    	double MinPower(TimeHorizon) ;
    	double StartUpCost ;
    	double LinearTerm ;
    	double MinUpTime ;
    	double MinDownTime ;
    	double InitUpDownTime ;
    	double InertiaCommitment ;

    // group attributes:
    		:type = "ThermalUnitBlock" ;
    data:

     InitialPower = 37.99 ;

     MaxPower = 40 ;

     MinPower = 1 ;

     StartUpCost = 0 ;

     LinearTerm = 1 ;

     MinUpTime = 1 ;

     MinDownTime = 1 ;

     InitUpDownTime = 1 ;

     InertiaCommitment = 1 ;
    } // group UnitBlock_14

  group: UnitBlock_15 {
    variables:
    	double InitialPower ;
    	double MaxPower(TimeHorizon) ;
    	double MinPower(TimeHorizon) ;
    	double StartUpCost ;
    	double LinearTerm ;
    	double MinUpTime ;
    	double MinDownTime ;
    	double InitUpDownTime ;
    	double InertiaCommitment ;

    // group attributes:
    		:type = "ThermalUnitBlock" ;
    data:

     InitialPower = 15.76 ;

     MaxPower = 40 ;

     MinPower = 1 ;

     StartUpCost = 0 ;

     LinearTerm = 1 ;

     MinUpTime = 1 ;

     MinDownTime = 1 ;

     InitUpDownTime = 1 ;

     InertiaCommitment = 1 ;
    } // group UnitBlock_15

  group: UnitBlock_16 {
    variables:
    	double InitialPower ;
    	double MaxPower(TimeHorizon) ;
    	double MinPower(TimeHorizon) ;
    	double StartUpCost ;
    	double LinearTerm ;
    	double MinUpTime ;
    	double MinDownTime ;
    	double InitUpDownTime ;
    	double InertiaCommitment ;

    // group attributes:
    		:type = "ThermalUnitBlock" ;
    data:

     InitialPower = 4.88 ;

     MaxPower = 12 ;

     MinPower = 2.4 ;

     StartUpCost = 0 ;

     LinearTerm = 1 ;

     MinUpTime = 1 ;

     MinDownTime = 1 ;

     InitUpDownTime = 1 ;

     InertiaCommitment = 1 ;
    } // group UnitBlock_16

  group: UnitBlock_17 {
    variables:
    	double InitialPower ;
    	double MaxPower(TimeHorizon) ;
    	double MinPower(TimeHorizon) ;
    	double StartUpCost ;
    	double LinearTerm ;
    	double MinUpTime ;
    	double MinDownTime ;
    	double InitUpDownTime ;
    	double InertiaCommitment ;

    // group attributes:
    		:type = "ThermalUnitBlock" ;
    data:

     InitialPower = 0 ;

     MaxPower = 14 ;

     MinPower = 2.8 ;

     StartUpCost = 0 ;

     LinearTerm = 1 ;

     MinUpTime = 1 ;

     MinDownTime = 1 ;

     InitUpDownTime = 1 ;

     InertiaCommitment = 1 ;
    } // group UnitBlock_17

  group: UnitBlock_18 {
    variables:
    	double InitialPower ;
    	double MaxPower(TimeHorizon) ;
    	double MinPower(TimeHorizon) ;
    	double StartUpCost ;
    	double LinearTerm ;
    	double MinUpTime ;
    	double MinDownTime ;
    	double InitUpDownTime ;
    	double InertiaCommitment ;

    // group attributes:
    		:type = "ThermalUnitBlock" ;
    data:

     InitialPower = 4.88 ;

     MaxPower = 12 ;

     MinPower = 2.4 ;

     StartUpCost = 0 ;

     LinearTerm = 1 ;

     MinUpTime = 1 ;

     MinDownTime = 1 ;

     InitUpDownTime = 1 ;

     InertiaCommitment = 1 ;
    } // group UnitBlock_18

  group: UnitBlock_19 {
    variables:
    	double InitialPower ;
    	double MaxPower(TimeHorizon) ;
    	double MinPower(TimeHorizon) ;
    	double StartUpCost ;
    	double LinearTerm ;
    	double MinUpTime ;
    	double MinDownTime ;
    	double InitUpDownTime ;
    	double InertiaCommitment ;

    // group attributes:
    		:type = "ThermalUnitBlock" ;
    data:

     InitialPower = -0.62 ;

     MaxPower = 10.33 ;

     MinPower = 2.07 ;

     StartUpCost = 0 ;

     LinearTerm = 1 ;

     MinUpTime = 1 ;

     MinDownTime = 1 ;

     InitUpDownTime = 1 ;

     InertiaCommitment = 1 ;
    } // group UnitBlock_19

  group: UnitBlock_20 {
    variables:
    	double InitialPower ;
    	double MaxPower(TimeHorizon) ;
    	double MinPower(TimeHorizon) ;
    	double StartUpCost ;
    	double LinearTerm ;
    	double MinUpTime ;
    	double MinDownTime ;
    	double InitUpDownTime ;
    	double InertiaCommitment ;

    // group attributes:
    		:type = "ThermalUnitBlock" ;
    data:

     InitialPower = -0.22 ;

     MaxPower = 10.33 ;

     MinPower = 2.07 ;

     StartUpCost = 0 ;

     LinearTerm = 1 ;

     MinUpTime = 1 ;

     MinDownTime = 1 ;

     InitUpDownTime = 1 ;

     InertiaCommitment = 1 ;
    } // group UnitBlock_20

  group: UnitBlock_21 {
    variables:
    	double InitialPower ;
    	double MaxPower(TimeHorizon) ;
    	double MinPower(TimeHorizon) ;
    	double StartUpCost ;
    	double LinearTerm ;
    	double MinUpTime ;
    	double MinDownTime ;
    	double InitUpDownTime ;
    	double InertiaCommitment ;

    // group attributes:
    		:type = "ThermalUnitBlock" ;
    data:

     InitialPower = 5 ;

     MaxPower = 50 ;

     MinPower = 5 ;

     StartUpCost = 0 ;

     LinearTerm = 1 ;

     MinUpTime = 1 ;

     MinDownTime = 1 ;

     InitUpDownTime = 1 ;

     InertiaCommitment = 1 ;
    } // group UnitBlock_21

  group: UnitBlock_22 {
    variables:
    	double InitialPower ;
    	double MaxPower(TimeHorizon) ;
    	double MinPower(TimeHorizon) ;
    	double StartUpCost ;
    	double LinearTerm ;
    	double MinUpTime ;
    	double MinDownTime ;
    	double InitUpDownTime ;
    	double InertiaCommitment ;

    // group attributes:
    		:type = "ThermalUnitBlock" ;
    data:

     InitialPower = 0.94 ;

     MaxPower = 12 ;

     MinPower = 2.4 ;

     StartUpCost = 0 ;

     LinearTerm = 1 ;

     MinUpTime = 1 ;

     MinDownTime = 1 ;

     InitUpDownTime = 1 ;

     InertiaCommitment = 1 ;
    } // group UnitBlock_22

  group: UnitBlock_23 {
    variables:
    	double InitialPower ;
    	double MaxPower(TimeHorizon) ;
    	double MinPower(TimeHorizon) ;
    	double StartUpCost ;
    	double LinearTerm ;
    	double MinUpTime ;
    	double MinDownTime ;
    	double InitUpDownTime ;
    	double InertiaCommitment ;

    // group attributes:
    		:type = "ThermalUnitBlock" ;
    data:

     InitialPower = 3.81 ;

     MaxPower = 13.8 ;

     MinPower = 2.76 ;

     StartUpCost = 0 ;

     LinearTerm = 1 ;

     MinUpTime = 1 ;

     MinDownTime = 1 ;

     InitUpDownTime = 1 ;

     InertiaCommitment = 1 ;
    } // group UnitBlock_23

  group: UnitBlock_24 {
    variables:
    	double InitialPower ;
    	double MaxPower(TimeHorizon) ;
    	double MinPower(TimeHorizon) ;
    	double StartUpCost ;
    	double LinearTerm ;
    	double MinUpTime ;
    	double MinDownTime ;
    	double InitUpDownTime ;
    	double InertiaCommitment ;

    // group attributes:
    		:type = "ThermalUnitBlock" ;
    data:

     InitialPower = -0.18 ;

     MaxPower = 1.2 ;

     MinPower = 0 ;

     StartUpCost = 0 ;

     LinearTerm = 1 ;

     MinUpTime = 1 ;

     MinDownTime = 1 ;

     InitUpDownTime = 1 ;

     InertiaCommitment = 1 ;
    } // group UnitBlock_24

  group: UnitBlock_25 {
    variables:
    	double InitialPower ;
    	double MaxPower(TimeHorizon) ;
    	double MinPower(TimeHorizon) ;
    	double StartUpCost ;
    	double LinearTerm ;
    	double MinUpTime ;
    	double MinDownTime ;
    	double InitUpDownTime ;
    	double InertiaCommitment ;

    // group attributes:
    		:type = "ThermalUnitBlock" ;
    data:

     InitialPower = 18.33 ;

     MaxPower = 24 ;

     MinPower = 4.8 ;

     StartUpCost = 0 ;

     LinearTerm = 1 ;

     MinUpTime = 1 ;

     MinDownTime = 1 ;

     InitUpDownTime = 1 ;

     InertiaCommitment = 1 ;
    } // group UnitBlock_25

  group: UnitBlock_26 {
    variables:
    	double InitialPower ;
    	double MaxPower(TimeHorizon) ;
    	double MinPower(TimeHorizon) ;
    	double StartUpCost ;
    	double LinearTerm ;
    	double MinUpTime ;
    	double MinDownTime ;
    	double InitUpDownTime ;
    	double InertiaCommitment ;

    // group attributes:
    		:type = "ThermalUnitBlock" ;
    data:

     InitialPower = 21.59 ;

     MaxPower = 27.6 ;

     MinPower = 5.52 ;

     StartUpCost = 0 ;

     LinearTerm = 1 ;

     MinUpTime = 1 ;

     MinDownTime = 1 ;

     InitUpDownTime = 1 ;

     InertiaCommitment = 1 ;
    } // group UnitBlock_26

  group: UnitBlock_27 {
    variables:
    	double InitialPower ;
    	double MaxPower(TimeHorizon) ;
    	double MinPower(TimeHorizon) ;
    	double StartUpCost ;
    	double LinearTerm ;
    	double MinUpTime ;
    	double MinDownTime ;
    	double InitUpDownTime ;
    	double InertiaCommitment ;

    // group attributes:
    		:type = "ThermalUnitBlock" ;
    data:

     InitialPower = 12.18 ;

     MaxPower = 18 ;

     MinPower = 3.6 ;

     StartUpCost = 0 ;

     LinearTerm = 1 ;

     MinUpTime = 1 ;

     MinDownTime = 1 ;

     InitUpDownTime = 1 ;

     InertiaCommitment = 1 ;
    } // group UnitBlock_27

  group: UnitBlock_28 {
    variables:
    	double InitialPower ;
    	double MaxPower(TimeHorizon) ;
    	double MinPower(TimeHorizon) ;
    	double StartUpCost ;
    	double LinearTerm ;
    	double MinUpTime ;
    	double MinDownTime ;
    	double InitUpDownTime ;
    	double InertiaCommitment ;

    // group attributes:
    		:type = "ThermalUnitBlock" ;
    data:

     InitialPower = 15.21 ;

     MaxPower = 21 ;

     MinPower = 4.2 ;

     StartUpCost = 0 ;

     LinearTerm = 1 ;

     MinUpTime = 1 ;

     MinDownTime = 1 ;

     InitUpDownTime = 1 ;

     InertiaCommitment = 1 ;
    } // group UnitBlock_28

  group: UnitBlock_29 {
    variables:
    	double InitialPower ;
    	double MaxPower(TimeHorizon) ;
    	double MinPower(TimeHorizon) ;
    	double StartUpCost ;
    	double LinearTerm ;
    	double MinUpTime ;
    	double MinDownTime ;
    	double InitUpDownTime ;
    	double InertiaCommitment ;

    // group attributes:
    		:type = "ThermalUnitBlock" ;
    data:

     InitialPower = 1.2 ;

     MaxPower = 6 ;

     MinPower = 1.2 ;

     StartUpCost = 0 ;

     LinearTerm = 1 ;

     MinUpTime = 1 ;

     MinDownTime = 1 ;

     InitUpDownTime = 1 ;

     InertiaCommitment = 1 ;
    } // group UnitBlock_29

  group: UnitBlock_30 {
    variables:
    	double InitialPower ;
    	double MaxPower(TimeHorizon) ;
    	double MinPower(TimeHorizon) ;
    	double StartUpCost ;
    	double LinearTerm ;
    	double MinUpTime ;
    	double MinDownTime ;
    	double InitUpDownTime ;
    	double InertiaCommitment ;

    // group attributes:
    		:type = "ThermalUnitBlock" ;
    data:

     InitialPower = 11.71 ;

     MaxPower = 37.5 ;

     MinPower = 7.5 ;

     StartUpCost = 0 ;

     LinearTerm = 1 ;

     MinUpTime = 1 ;

     MinDownTime = 1 ;

     InitUpDownTime = 1 ;

     InertiaCommitment = 1 ;
    } // group UnitBlock_30

  group: UnitBlock_31 {
    variables:
    	double InitialPower ;
    	double MaxPower(TimeHorizon) ;
    	double MinPower(TimeHorizon) ;
    	double StartUpCost ;
    	double LinearTerm ;
    	double MinUpTime ;
    	double MinDownTime ;
    	double InitUpDownTime ;
    	double InertiaCommitment ;

    // group attributes:
    		:type = "ThermalUnitBlock" ;
    data:

     InitialPower = 1.2 ;

     MaxPower = 6 ;

     MinPower = 1.2 ;

     StartUpCost = 0 ;

     LinearTerm = 1 ;

     MinUpTime = 1 ;

     MinDownTime = 1 ;

     InitUpDownTime = 1 ;

     InertiaCommitment = 1 ;
    } // group UnitBlock_31

  group: UnitBlock_32 {
    variables:
    	double InitialPower ;
    	double MaxPower(TimeHorizon) ;
    	double MinPower(TimeHorizon) ;
    	double StartUpCost ;
    	double LinearTerm ;
    	double MinUpTime ;
    	double MinDownTime ;
    	double InitUpDownTime ;
    	double InertiaCommitment ;

    // group attributes:
    		:type = "ThermalUnitBlock" ;
    data:

     InitialPower = 35.99 ;

     MaxPower = 37.5 ;

     MinPower = 7.5 ;

     StartUpCost = 0 ;

     LinearTerm = 1 ;

     MinUpTime = 1 ;

     MinDownTime = 1 ;

     InitUpDownTime = 1 ;

     InertiaCommitment = 1 ;
    } // group UnitBlock_32

  group: UnitBlock_33 {
    variables:
    	double InitialPower ;
    	double MaxPower(TimeHorizon) ;
    	double MinPower(TimeHorizon) ;
    	double StartUpCost ;
    	double LinearTerm ;
    	double MinUpTime ;
    	double MinDownTime ;
    	double InitUpDownTime ;
    	double InertiaCommitment ;

    // group attributes:
    		:type = "ThermalUnitBlock" ;
    data:

     InitialPower = 10.32 ;

     MaxPower = 13 ;

     MinPower = 2.6 ;

     StartUpCost = 0 ;

     LinearTerm = 1 ;

     MinUpTime = 1 ;

     MinDownTime = 1 ;

     InitUpDownTime = 1 ;

     InertiaCommitment = 1 ;
    } // group UnitBlock_33

  group: UnitBlock_34 {
    variables:
    	double InitialPower ;
    	double MaxPower(TimeHorizon) ;
    	double MinPower(TimeHorizon) ;
    	double StartUpCost ;
    	double LinearTerm ;
    	double MinUpTime ;
    	double MinDownTime ;
    	double InitUpDownTime ;
    	double InertiaCommitment ;

    // group attributes:
    		:type = "ThermalUnitBlock" ;
    data:

     InitialPower = 3.6 ;

     MaxPower = 18 ;

     MinPower = 3.6 ;

     StartUpCost = 0 ;

     LinearTerm = 1 ;

     MinUpTime = 1 ;

     MinDownTime = 1 ;

     InitUpDownTime = 1 ;

     InertiaCommitment = 1 ;
    } // group UnitBlock_34

  group: UnitBlock_35 {
    variables:
    	double InitialPower ;
    	double MaxPower(TimeHorizon) ;
    	double MinPower(TimeHorizon) ;
    	double StartUpCost ;
    	double LinearTerm ;
    	double MinUpTime ;
    	double MinDownTime ;
    	double InitUpDownTime ;
    	double InertiaCommitment ;

    // group attributes:
    		:type = "ThermalUnitBlock" ;
    data:

     InitialPower = 17 ;

     MaxPower = 18 ;

     MinPower = 3.6 ;

     StartUpCost = 0 ;

     LinearTerm = 1 ;

     MinUpTime = 1 ;

     MinDownTime = 1 ;

     InitUpDownTime = 1 ;

     InertiaCommitment = 1 ;
    } // group UnitBlock_35

  group: UnitBlock_36 {
    variables:
    	double InitialPower ;
    	double MaxPower(TimeHorizon) ;
    	double MinPower(TimeHorizon) ;
    	double StartUpCost ;
    	double LinearTerm ;
    	double MinUpTime ;
    	double MinDownTime ;
    	double InitUpDownTime ;
    	double InertiaCommitment ;

    // group attributes:
    		:type = "ThermalUnitBlock" ;
    data:

     InitialPower = 2.26 ;

     MaxPower = 4 ;

     MinPower = 0 ;

     StartUpCost = 0 ;

     LinearTerm = 1 ;

     MinUpTime = 1 ;

     MinDownTime = 1 ;

     InitUpDownTime = 1 ;

     InertiaCommitment = 1 ;
    } // group UnitBlock_36

  group: UnitBlock_37 {
    variables:
    	double InitialPower ;
    	double MaxPower(TimeHorizon) ;
    	double MinPower(TimeHorizon) ;
    	double StartUpCost ;
    	double LinearTerm ;
    	double MinUpTime ;
    	double MinDownTime ;
    	double InitUpDownTime ;
    	double InertiaCommitment ;

    // group attributes:
    		:type = "ThermalUnitBlock" ;
    data:

     InitialPower = 1.09 ;

     MaxPower = 4.6 ;

     MinPower = 0 ;

     StartUpCost = 0 ;

     LinearTerm = 1 ;

     MinUpTime = 1 ;

     MinDownTime = 1 ;

     InitUpDownTime = 1 ;

     InertiaCommitment = 1 ;
    } // group UnitBlock_37

  group: UnitBlock_38 {
    variables:
    	double InitialPower ;
    	double MaxPower(TimeHorizon) ;
    	double MinPower(TimeHorizon) ;
    	double StartUpCost ;
    	double LinearTerm ;
    	double MinUpTime ;
    	double MinDownTime ;
    	double InitUpDownTime ;
    	double InertiaCommitment ;

    // group attributes:
    		:type = "ThermalUnitBlock" ;
    data:

     InitialPower = 19.98 ;

     MaxPower = 21 ;

     MinPower = 4.2 ;

     StartUpCost = 0 ;

     LinearTerm = 1 ;

     MinUpTime = 1 ;

     MinDownTime = 1 ;

     InitUpDownTime = 1 ;

     InertiaCommitment = 1 ;
    } // group UnitBlock_38

  group: UnitBlock_39 {
    variables:
    	double InitialPower ;
    	double MaxPower(TimeHorizon) ;
    	double MinPower(TimeHorizon) ;
    	double StartUpCost ;
    	double LinearTerm ;
    	double MinUpTime ;
    	double MinDownTime ;
    	double InitUpDownTime ;
    	double InertiaCommitment ;

    // group attributes:
    		:type = "ThermalUnitBlock" ;
    data:

     InitialPower = 5.46 ;

     MaxPower = 21 ;

     MinPower = 4.2 ;

     StartUpCost = 0 ;

     LinearTerm = 1 ;

     MinUpTime = 1 ;

     MinDownTime = 1 ;

     InitUpDownTime = 1 ;

     InertiaCommitment = 1 ;
    } // group UnitBlock_39

  group: UnitBlock_40 {
    variables:
    	double InitialPower ;
    	double MaxPower(TimeHorizon) ;
    	double MinPower(TimeHorizon) ;
    	double StartUpCost ;
    	double LinearTerm ;
    	double MinUpTime ;
    	double MinDownTime ;
    	double InitUpDownTime ;
    	double InertiaCommitment ;

    // group attributes:
    		:type = "ThermalUnitBlock" ;
    data:

     InitialPower = -0.71 ;

     MaxPower = 7.2 ;

     MinPower = 1.44 ;

     StartUpCost = 0 ;

     LinearTerm = 1 ;

     MinUpTime = 1 ;

     MinDownTime = 1 ;

     InitUpDownTime = 1 ;

     InertiaCommitment = 1 ;
    } // group UnitBlock_40

  group: UnitBlock_41 {
    variables:
    	double InitialPower ;
    	double MaxPower(TimeHorizon) ;
    	double MinPower(TimeHorizon) ;
    	double StartUpCost ;
    	double LinearTerm ;
    	double MinUpTime ;
    	double MinDownTime ;
    	double InitUpDownTime ;
    	double InertiaCommitment ;

    // group attributes:
    		:type = "ThermalUnitBlock" ;
    data:

     InitialPower = 10 ;

     MaxPower = 11 ;

     MinPower = 2.2 ;

     StartUpCost = 0 ;

     LinearTerm = 1 ;

     MinUpTime = 1 ;

     MinDownTime = 1 ;

     InitUpDownTime = 1 ;

     InertiaCommitment = 1 ;
    } // group UnitBlock_41

  group: UnitBlock_42 {
    variables:
    	double InitialPower ;
    	double MaxPower(TimeHorizon) ;
    	double MinPower(TimeHorizon) ;
    	double StartUpCost ;
    	double LinearTerm ;
    	double MinUpTime ;
    	double MinDownTime ;
    	double InitUpDownTime ;
    	double InertiaCommitment ;

    // group attributes:
    		:type = "ThermalUnitBlock" ;
    data:

     InitialPower = 10 ;

     MaxPower = 11 ;

     MinPower = 2.2 ;

     StartUpCost = 0 ;

     LinearTerm = 1 ;

     MinUpTime = 1 ;

     MinDownTime = 1 ;

     InitUpDownTime = 1 ;

     InertiaCommitment = 1 ;
    } // group UnitBlock_42

  group: UnitBlock_43 {
    variables:
    	double InitialPower ;
    	double MaxPower(TimeHorizon) ;
    	double MinPower(TimeHorizon) ;
    	double StartUpCost ;
    	double LinearTerm ;
    	double MinUpTime ;
    	double MinDownTime ;
    	double InitUpDownTime ;
    	double InertiaCommitment ;

    // group attributes:
    		:type = "ThermalUnitBlock" ;
    data:

     InitialPower = 6 ;

     MaxPower = 8 ;

     MinPower = 1.6 ;

     StartUpCost = 0 ;

     LinearTerm = 1 ;

     MinUpTime = 1 ;

     MinDownTime = 1 ;

     InitUpDownTime = 1 ;

     InertiaCommitment = 1 ;
    } // group UnitBlock_43

  group: UnitBlock_44 {
    variables:
    	double InitialPower ;
    	double MaxPower(TimeHorizon) ;
    	double MinPower(TimeHorizon) ;
    	double StartUpCost ;
    	double LinearTerm ;
    	double MinUpTime ;
    	double MinDownTime ;
    	double InitUpDownTime ;
    	double InertiaCommitment ;

    // group attributes:
    		:type = "ThermalUnitBlock" ;
    data:

     InitialPower = 1.61 ;

     MaxPower = 8 ;

     MinPower = 1.6 ;

     StartUpCost = 0 ;

     LinearTerm = 1 ;

     MinUpTime = 1 ;

     MinDownTime = 1 ;

     InitUpDownTime = 1 ;

     InertiaCommitment = 1 ;
    } // group UnitBlock_44

  group: UnitBlock_45 {
    variables:
    	double InitialPower ;
    	double MaxPower(TimeHorizon) ;
    	double MinPower(TimeHorizon) ;
    	double StartUpCost ;
    	double LinearTerm ;
    	double MinUpTime ;
    	double MinDownTime ;
    	double InitUpDownTime ;
    	double InertiaCommitment ;

    // group attributes:
    		:type = "ThermalUnitBlock" ;
    data:

     InitialPower = 14.97 ;

     MaxPower = 35 ;

     MinPower = 7 ;

     StartUpCost = 0 ;

     LinearTerm = 1 ;

     MinUpTime = 1 ;

     MinDownTime = 1 ;

     InitUpDownTime = 1 ;

     InertiaCommitment = 1 ;
    } // group UnitBlock_45

  group: UnitBlock_46 {
    variables:
    	double InitialPower ;
    	double MaxPower(TimeHorizon) ;
    	double MinPower(TimeHorizon) ;
    	double StartUpCost ;
    	double LinearTerm ;
    	double MinUpTime ;
    	double MinDownTime ;
    	double InitUpDownTime ;
    	double InertiaCommitment ;

    // group attributes:
    		:type = "ThermalUnitBlock" ;
    data:

     InitialPower = 7.85 ;

     MaxPower = 35 ;

     MinPower = 7 ;

     StartUpCost = 0 ;

     LinearTerm = 1 ;

     MinUpTime = 1 ;

     MinDownTime = 1 ;

     InitUpDownTime = 1 ;

     InertiaCommitment = 1 ;
    } // group UnitBlock_46

  group: UnitBlock_47 {
    variables:
    	double InitialPower ;
    	double MaxPower(TimeHorizon) ;
    	double MinPower(TimeHorizon) ;
    	double StartUpCost ;
    	double LinearTerm ;
    	double MinUpTime ;
    	double MinDownTime ;
    	double InitUpDownTime ;
    	double InertiaCommitment ;

    // group attributes:
    		:type = "ThermalUnitBlock" ;
    data:

     InitialPower = -0.64 ;

     MaxPower = 11.5 ;

     MinPower = 2.3 ;

     StartUpCost = 0 ;

     LinearTerm = 1 ;

     MinUpTime = 1 ;

     MinDownTime = 1 ;

     InitUpDownTime = 1 ;

     InertiaCommitment = 1 ;
    } // group UnitBlock_47

  group: UnitBlock_48 {
    variables:
    	double InitialPower ;
    	double MaxPower(TimeHorizon) ;
    	double MinPower(TimeHorizon) ;
    	double StartUpCost ;
    	double LinearTerm ;
    	double MinUpTime ;
    	double MinDownTime ;
    	double InitUpDownTime ;
    	double InertiaCommitment ;

    // group attributes:
    		:type = "ThermalUnitBlock" ;
    data:

     InitialPower = 7.69 ;

     MaxPower = 8.5 ;

     MinPower = 1.7 ;

     StartUpCost = 0 ;

     LinearTerm = 1 ;

     MinUpTime = 1 ;

     MinDownTime = 1 ;

     InitUpDownTime = 1 ;

     InertiaCommitment = 1 ;
    } // group UnitBlock_48

  group: UnitBlock_49 {
    variables:
    	double InitialPower ;
    	double MaxPower(TimeHorizon) ;
    	double MinPower(TimeHorizon) ;
    	double StartUpCost ;
    	double LinearTerm ;
    	double MinUpTime ;
    	double MinDownTime ;
    	double InitUpDownTime ;
    	double InertiaCommitment ;

    // group attributes:
    		:type = "ThermalUnitBlock" ;
    data:

     InitialPower = 19 ;

     MaxPower = 20 ;

     MinPower = 4 ;

     StartUpCost = 0 ;

     LinearTerm = 1 ;

     MinUpTime = 1 ;

     MinDownTime = 1 ;

     InitUpDownTime = 1 ;

     InertiaCommitment = 1 ;
    } // group UnitBlock_49

  group: UnitBlock_50 {
    variables:
    	double InitialPower ;
    	double MaxPower(TimeHorizon) ;
    	double MinPower(TimeHorizon) ;
    	double StartUpCost ;
    	double LinearTerm ;
    	double MinUpTime ;
    	double MinDownTime ;
    	double InitUpDownTime ;
    	double InertiaCommitment ;

    // group attributes:
    		:type = "ThermalUnitBlock" ;
    data:

     InitialPower = 4.57 ;

     MaxPower = 24 ;

     MinPower = 4.8 ;

     StartUpCost = 0 ;

     LinearTerm = 1 ;

     MinUpTime = 1 ;

     MinDownTime = 1 ;

     InitUpDownTime = 1 ;

     InertiaCommitment = 1 ;
    } // group UnitBlock_50

  group: UnitBlock_51 {
    variables:
    	double InitialPower ;
    	double MaxPower(TimeHorizon) ;
    	double MinPower(TimeHorizon) ;
    	double StartUpCost ;
    	double LinearTerm ;
    	double MinUpTime ;
    	double MinDownTime ;
    	double InitUpDownTime ;
    	double InertiaCommitment ;

    // group attributes:
    		:type = "ThermalUnitBlock" ;
    data:

     InitialPower = 2.21 ;

     MaxPower = 11 ;

     MinPower = 2.2 ;

     StartUpCost = 0 ;

     LinearTerm = 1 ;

     MinUpTime = 1 ;

     MinDownTime = 1 ;

     InitUpDownTime = 1 ;

     InertiaCommitment = 1 ;
    } // group UnitBlock_51

  group: UnitBlock_52 {
    variables:
    	double InitialPower ;
    	double MaxPower(TimeHorizon) ;
    	double MinPower(TimeHorizon) ;
    	double StartUpCost ;
    	double LinearTerm ;
    	double MinUpTime ;
    	double MinDownTime ;
    	double InitUpDownTime ;
    	double InertiaCommitment ;

    // group attributes:
    		:type = "ThermalUnitBlock" ;
    data:

     InitialPower = 3.59 ;

     MaxPower = 9 ;

     MinPower = 1.8 ;

     StartUpCost = 0 ;

     LinearTerm = 1 ;

     MinUpTime = 1 ;

     MinDownTime = 1 ;

     InitUpDownTime = 1 ;

     InertiaCommitment = 1 ;
    } // group UnitBlock_52

  group: UnitBlock_53 {
    variables:
    	double InitialPower ;
    	double MaxPower(TimeHorizon) ;
    	double MinPower(TimeHorizon) ;
    	double StartUpCost ;
    	double LinearTerm ;
    	double MinUpTime ;
    	double MinDownTime ;
    	double InitUpDownTime ;
    	double InertiaCommitment ;

    // group attributes:
    		:type = "ThermalUnitBlock" ;
    data:

     InitialPower = 2.51 ;

     MaxPower = 11 ;

     MinPower = 2.2 ;

     StartUpCost = 0 ;

     LinearTerm = 1 ;

     MinUpTime = 1 ;

     MinDownTime = 1 ;

     InitUpDownTime = 1 ;

     InertiaCommitment = 1 ;
    } // group UnitBlock_53

  group: UnitBlock_54 {
    variables:
    	double InitialPower ;
    	double MaxPower(TimeHorizon) ;
    	double MinPower(TimeHorizon) ;
    	double StartUpCost ;
    	double LinearTerm ;
    	double MinUpTime ;
    	double MinDownTime ;
    	double InitUpDownTime ;
    	double InertiaCommitment ;

    // group attributes:
    		:type = "ThermalUnitBlock" ;
    data:

     InitialPower = 3.67 ;

     MaxPower = 9 ;

     MinPower = 1.8 ;

     StartUpCost = 0 ;

     LinearTerm = 1 ;

     MinUpTime = 1 ;

     MinDownTime = 1 ;

     InitUpDownTime = 1 ;

     InertiaCommitment = 1 ;
    } // group UnitBlock_54

  group: UnitBlock_55 {
    variables:
    	double InitialPower ;
    	double MaxPower(TimeHorizon) ;
    	double MinPower(TimeHorizon) ;
    	double StartUpCost ;
    	double LinearTerm ;
    	double MinUpTime ;
    	double MinDownTime ;
    	double InitUpDownTime ;
    	double InertiaCommitment ;

    // group attributes:
    		:type = "ThermalUnitBlock" ;
    data:

     InitialPower = 10.92 ;

     MaxPower = 12.4 ;

     MinPower = 2.48 ;

     StartUpCost = 0 ;

     LinearTerm = 1 ;

     MinUpTime = 1 ;

     MinDownTime = 1 ;

     InitUpDownTime = 1 ;

     InertiaCommitment = 1 ;
    } // group UnitBlock_55

  group: UnitBlock_56 {
    variables:
    	double InitialPower ;
    	double MaxPower(TimeHorizon) ;
    	double MinPower(TimeHorizon) ;
    	double StartUpCost ;
    	double LinearTerm ;
    	double MinUpTime ;
    	double MinDownTime ;
    	double InitUpDownTime ;
    	double InertiaCommitment ;

    // group attributes:
    		:type = "ThermalUnitBlock" ;
    data:

     InitialPower = 10.69 ;

     MaxPower = 25.3 ;

     MinPower = 5.06 ;

     StartUpCost = 0 ;

     LinearTerm = 1 ;

     MinUpTime = 1 ;

     MinDownTime = 1 ;

     InitUpDownTime = 1 ;

     InertiaCommitment = 1 ;
    } // group UnitBlock_56

  group: UnitBlock_57 {
    variables:
    	double InitialPower ;
    	double MaxPower(TimeHorizon) ;
    	double MinPower(TimeHorizon) ;
    	double StartUpCost ;
    	double LinearTerm ;
    	double MinUpTime ;
    	double MinDownTime ;
    	double InitUpDownTime ;
    	double InertiaCommitment ;

    // group attributes:
    		:type = "ThermalUnitBlock" ;
    data:

     InitialPower = -1.06 ;

     MaxPower = 2.3 ;

     MinPower = 0 ;

     StartUpCost = 0 ;

     LinearTerm = 1 ;

     MinUpTime = 1 ;

     MinDownTime = 1 ;

     InitUpDownTime = 1 ;

     InertiaCommitment = 1 ;
    } // group UnitBlock_57

  group: UnitBlock_58 {
    variables:
    	double InitialPower ;
    	double MaxPower(TimeHorizon) ;
    	double MinPower(TimeHorizon) ;
    	double StartUpCost ;
    	double LinearTerm ;
    	double MinUpTime ;
    	double MinDownTime ;
    	double InitUpDownTime ;
    	double InertiaCommitment ;

    // group attributes:
    		:type = "ThermalUnitBlock" ;
    data:

     InitialPower = 2 ;

     MaxPower = 3 ;

     MinPower = 0 ;

     StartUpCost = 0 ;

     LinearTerm = 1 ;

     MinUpTime = 1 ;

     MinDownTime = 1 ;

     InitUpDownTime = 1 ;

     InertiaCommitment = 1 ;
    } // group UnitBlock_58

  group: UnitBlock_59 {
    variables:
    	double InitialPower ;
    	double MaxPower(TimeHorizon) ;
    	double MinPower(TimeHorizon) ;
    	double StartUpCost ;
    	double LinearTerm ;
    	double MinUpTime ;
    	double MinDownTime ;
    	double InitUpDownTime ;
    	double InertiaCommitment ;

    // group attributes:
    		:type = "ThermalUnitBlock" ;
    data:

     InitialPower = 2.7 ;

     MaxPower = 9 ;

     MinPower = 1.8 ;

     StartUpCost = 0 ;

     LinearTerm = 1 ;

     MinUpTime = 1 ;

     MinDownTime = 1 ;

     InitUpDownTime = 1 ;

     InertiaCommitment = 1 ;
    } // group UnitBlock_59

  group: UnitBlock_60 {
    variables:
    	double InitialPower ;
    	double MaxPower(TimeHorizon) ;
    	double MinPower(TimeHorizon) ;
    	double StartUpCost ;
    	double LinearTerm ;
    	double MinUpTime ;
    	double MinDownTime ;
    	double InitUpDownTime ;
    	double InertiaCommitment ;

    // group attributes:
    		:type = "ThermalUnitBlock" ;
    data:

     InitialPower = 11.1 ;

     MaxPower = 14 ;

     MinPower = 2.8 ;

     StartUpCost = 0 ;

     LinearTerm = 1 ;

     MinUpTime = 1 ;

     MinDownTime = 1 ;

     InitUpDownTime = 1 ;

     InertiaCommitment = 1 ;
    } // group UnitBlock_60

  group: UnitBlock_61 {
    variables:
    	double InitialPower ;
    	double MaxPower(TimeHorizon) ;
    	double MinPower(TimeHorizon) ;
    	double StartUpCost ;
    	double LinearTerm ;
    	double MinUpTime ;
    	double MinDownTime ;
    	double InitUpDownTime ;
    	double InertiaCommitment ;

    // group attributes:
    		:type = "ThermalUnitBlock" ;
    data:

     InitialPower = 12.95 ;

     MaxPower = 14 ;

     MinPower = 2.8 ;

     StartUpCost = 0 ;

     LinearTerm = 1 ;

     MinUpTime = 1 ;

     MinDownTime = 1 ;

     InitUpDownTime = 1 ;

     InertiaCommitment = 1 ;
    } // group UnitBlock_61

  group: UnitBlock_62 {
    variables:
    	double InitialPower ;
    	double MaxPower(TimeHorizon) ;
    	double MinPower(TimeHorizon) ;
    	double StartUpCost ;
    	double LinearTerm ;
    	double MinUpTime ;
    	double MinDownTime ;
    	double InitUpDownTime ;
    	double InertiaCommitment ;

    // group attributes:
    		:type = "ThermalUnitBlock" ;
    data:

     InitialPower = 11.99 ;

     MaxPower = 12.8 ;

     MinPower = 2.56 ;

     StartUpCost = 0 ;

     LinearTerm = 1 ;

     MinUpTime = 1 ;

     MinDownTime = 1 ;

     InitUpDownTime = 1 ;

     InertiaCommitment = 1 ;
    } // group UnitBlock_62

  group: UnitBlock_63 {
    variables:
    	double InitialPower ;
    	double MaxPower(TimeHorizon) ;
    	double MinPower(TimeHorizon) ;
    	double StartUpCost ;
    	double LinearTerm ;
    	double MinUpTime ;
    	double MinDownTime ;
    	double InitUpDownTime ;
    	double InertiaCommitment ;

    // group attributes:
    		:type = "ThermalUnitBlock" ;
    data:

     InitialPower = 25.63 ;

     MaxPower = 39 ;

     MinPower = 7.8 ;

     StartUpCost = 0 ;

     LinearTerm = 1 ;

     MinUpTime = 1 ;

     MinDownTime = 1 ;

     InitUpDownTime = 1 ;

     InertiaCommitment = 1 ;
    } // group UnitBlock_63

  group: UnitBlock_64 {
    variables:
    	double InitialPower ;
    	double MaxPower(TimeHorizon) ;
    	double MinPower(TimeHorizon) ;
    	double StartUpCost ;
    	double LinearTerm ;
    	double MinUpTime ;
    	double MinDownTime ;
    	double InitUpDownTime ;
    	double InertiaCommitment ;

    // group attributes:
    		:type = "ThermalUnitBlock" ;
    data:

     InitialPower = 13.35 ;

     MaxPower = 30 ;

     MinPower = 6 ;

     StartUpCost = 0 ;

     LinearTerm = 1 ;

     MinUpTime = 1 ;

     MinDownTime = 1 ;

     InitUpDownTime = 1 ;

     InertiaCommitment = 1 ;
    } // group UnitBlock_64

  group: UnitBlock_65 {
    variables:
    	double InitialPower ;
    	double MaxPower(TimeHorizon) ;
    	double MinPower(TimeHorizon) ;
    	double StartUpCost ;
    	double LinearTerm ;
    	double MinUpTime ;
    	double MinDownTime ;
    	double InitUpDownTime ;
    	double InertiaCommitment ;

    // group attributes:
    		:type = "ThermalUnitBlock" ;
    data:

     InitialPower = 3.14 ;

     MaxPower = 6 ;

     MinPower = 1.2 ;

     StartUpCost = 0 ;

     LinearTerm = 1 ;

     MinUpTime = 1 ;

     MinDownTime = 1 ;

     InitUpDownTime = 1 ;

     InertiaCommitment = 1 ;
    } // group UnitBlock_65

  group: UnitBlock_66 {
    variables:
    	double InitialPower ;
    	double MaxPower(TimeHorizon) ;
    	double MinPower(TimeHorizon) ;
    	double StartUpCost ;
    	double LinearTerm ;
    	double MinUpTime ;
    	double MinDownTime ;
    	double InitUpDownTime ;
    	double InertiaCommitment ;

    // group attributes:
    		:type = "ThermalUnitBlock" ;
    data:

     InitialPower = 6.89 ;

     MaxPower = 11 ;

     MinPower = 2.2 ;

     StartUpCost = 0 ;

     LinearTerm = 1 ;

     MinUpTime = 1 ;

     MinDownTime = 1 ;

     InitUpDownTime = 1 ;

     InertiaCommitment = 1 ;
    } // group UnitBlock_66

  group: UnitBlock_67 {
    variables:
    	double InitialPower ;
    	double MaxPower(TimeHorizon) ;
    	double MinPower(TimeHorizon) ;
    	double StartUpCost ;
    	double LinearTerm ;
    	double MinUpTime ;
    	double MinDownTime ;
    	double InitUpDownTime ;
    	double InertiaCommitment ;

    // group attributes:
    		:type = "ThermalUnitBlock" ;
    data:

     InitialPower = 2.4 ;

     MaxPower = 12 ;

     MinPower = 2.4 ;

     StartUpCost = 0 ;

     LinearTerm = 1 ;

     MinUpTime = 1 ;

     MinDownTime = 1 ;

     InitUpDownTime = 1 ;

     InertiaCommitment = 1 ;
    } // group UnitBlock_67

  group: UnitBlock_68 {
    variables:
    	double InitialPower ;
    	double MaxPower(TimeHorizon) ;
    	double MinPower(TimeHorizon) ;
    	double StartUpCost ;
    	double LinearTerm ;
    	double MinUpTime ;
    	double MinDownTime ;
    	double InitUpDownTime ;
    	double InertiaCommitment ;

    // group attributes:
    		:type = "ThermalUnitBlock" ;
    data:

     InitialPower = 2.4 ;

     MaxPower = 12 ;

     MinPower = 2.4 ;

     StartUpCost = 0 ;

     LinearTerm = 1 ;

     MinUpTime = 1 ;

     MinDownTime = 1 ;

     InitUpDownTime = 1 ;

     InertiaCommitment = 1 ;
    } // group UnitBlock_68

  group: UnitBlock_69 {
    variables:
    	double InitialPower ;
    	double MaxPower(TimeHorizon) ;
    	double MinPower(TimeHorizon) ;
    	double StartUpCost ;
    	double LinearTerm ;
    	double MinUpTime ;
    	double MinDownTime ;
    	double InitUpDownTime ;
    	double InertiaCommitment ;

    // group attributes:
    		:type = "ThermalUnitBlock" ;
    data:

     InitialPower = 2.16 ;

     MaxPower = 5 ;

     MinPower = 0 ;

     StartUpCost = 0 ;

     LinearTerm = 1 ;

     MinUpTime = 1 ;

     MinDownTime = 1 ;

     InitUpDownTime = 1 ;

     InertiaCommitment = 1 ;
    } // group UnitBlock_69

  group: UnitBlock_70 {
    variables:
    	double InitialPower ;
    	double MaxPower(TimeHorizon) ;
    	double MinPower(TimeHorizon) ;
    	double StartUpCost ;
    	double LinearTerm ;
    	double MinUpTime ;
    	double MinDownTime ;
    	double InitUpDownTime ;
    	double InertiaCommitment ;

    // group attributes:
    		:type = "ThermalUnitBlock" ;
    data:

     InitialPower = -0.88 ;

     MaxPower = 17.25 ;

     MinPower = 3.45 ;

     StartUpCost = 0 ;

     LinearTerm = 1 ;

     MinUpTime = 1 ;

     MinDownTime = 1 ;

     InitUpDownTime = 1 ;

     InertiaCommitment = 1 ;
    } // group UnitBlock_70

  group: UnitBlock_71 {
    variables:
    	double InitialPower ;
    	double MaxPower(TimeHorizon) ;
    	double MinPower(TimeHorizon) ;
    	double StartUpCost ;
    	double LinearTerm ;
    	double MinUpTime ;
    	double MinDownTime ;
    	double InitUpDownTime ;
    	double InertiaCommitment ;

    // group attributes:
    		:type = "ThermalUnitBlock" ;
    data:

     InitialPower = 15.65 ;

     MaxPower = 37.8 ;

     MinPower = 7.56 ;

     StartUpCost = 0 ;

     LinearTerm = 1 ;

     MinUpTime = 1 ;

     MinDownTime = 1 ;

     InitUpDownTime = 1 ;

     InertiaCommitment = 1 ;
    } // group UnitBlock_71

  group: UnitBlock_72 {
    variables:
    	double InitialPower ;
    	double MaxPower(TimeHorizon) ;
    	double MinPower(TimeHorizon) ;
    	double StartUpCost ;
    	double LinearTerm ;
    	double MinUpTime ;
    	double MinDownTime ;
    	double InitUpDownTime ;
    	double InertiaCommitment ;

    // group attributes:
    		:type = "ThermalUnitBlock" ;
    data:

     InitialPower = 15.8 ;

     MaxPower = 37.8 ;

     MinPower = 7.56 ;

     StartUpCost = 0 ;

     LinearTerm = 1 ;

     MinUpTime = 1 ;

     MinDownTime = 1 ;

     InitUpDownTime = 1 ;

     InertiaCommitment = 1 ;
    } // group UnitBlock_72

  group: UnitBlock_73 {
    variables:
    	double InitialPower ;
    	double MaxPower(TimeHorizon) ;
    	double MinPower(TimeHorizon) ;
    	double StartUpCost ;
    	double LinearTerm ;
    	double MinUpTime ;
    	double MinDownTime ;
    	double InitUpDownTime ;
    	double InertiaCommitment ;

    // group attributes:
    		:type = "ThermalUnitBlock" ;
    data:

     InitialPower = 15.02 ;

     MaxPower = 37.8 ;

     MinPower = 7.56 ;

     StartUpCost = 0 ;

     LinearTerm = 1 ;

     MinUpTime = 1 ;

     MinDownTime = 1 ;

     InitUpDownTime = 1 ;

     InertiaCommitment = 1 ;
    } // group UnitBlock_73

  group: UnitBlock_74 {
    variables:
    	double InitialPower ;
    	double MaxPower(TimeHorizon) ;
    	double MinPower(TimeHorizon) ;
    	double StartUpCost ;
    	double LinearTerm ;
    	double MinUpTime ;
    	double MinDownTime ;
    	double InitUpDownTime ;
    	double InertiaCommitment ;

    // group attributes:
    		:type = "ThermalUnitBlock" ;
    data:

     InitialPower = 0.89 ;

     MaxPower = 6.9 ;

     MinPower = 1.38 ;

     StartUpCost = 0 ;

     LinearTerm = 1 ;

     MinUpTime = 1 ;

     MinDownTime = 1 ;

     InitUpDownTime = 1 ;

     InertiaCommitment = 1 ;
    } // group UnitBlock_74

  group: UnitBlock_75 {
    variables:
    	double InitialPower ;
    	double MaxPower(TimeHorizon) ;
    	double MinPower(TimeHorizon) ;
    	double StartUpCost ;
    	double LinearTerm ;
    	double MinUpTime ;
    	double MinDownTime ;
    	double InitUpDownTime ;
    	double InertiaCommitment ;

    // group attributes:
    		:type = "ThermalUnitBlock" ;
    data:

     InitialPower = 44.49 ;

     MaxPower = 45 ;

     MinPower = 44 ;

     StartUpCost = 0 ;

     LinearTerm = 1 ;

     MinUpTime = 1 ;

     MinDownTime = 1 ;

     InitUpDownTime = 1 ;

     InertiaCommitment = 1 ;
    } // group UnitBlock_75

  group: UnitBlock_76 {
    variables:
    	double InitialPower ;
    	double MaxPower(TimeHorizon) ;
    	double MinPower(TimeHorizon) ;
    	double StartUpCost ;
    	double LinearTerm ;
    	double MinUpTime ;
    	double MinDownTime ;
    	double InitUpDownTime ;
    	double InertiaCommitment ;

    // group attributes:
    		:type = "ThermalUnitBlock" ;
    data:

     InitialPower = 44.49 ;

     MaxPower = 45 ;

     MinPower = 44 ;

     StartUpCost = 0 ;

     LinearTerm = 1 ;

     MinUpTime = 1 ;

     MinDownTime = 1 ;

     InitUpDownTime = 1 ;

     InertiaCommitment = 1 ;
    } // group UnitBlock_76

  group: UnitBlock_77 {
    variables:
    	double InitialPower ;
    	double MaxPower(TimeHorizon) ;
    	double MinPower(TimeHorizon) ;
    	double StartUpCost ;
    	double LinearTerm ;
    	double MinUpTime ;
    	double MinDownTime ;
    	double InitUpDownTime ;
    	double InertiaCommitment ;

    // group attributes:
    		:type = "ThermalUnitBlock" ;
    data:

     InitialPower = 1.67 ;

     MaxPower = 29.9 ;

     MinPower = 5.98 ;

     StartUpCost = 0 ;

     LinearTerm = 1 ;

     MinUpTime = 1 ;

     MinDownTime = 1 ;

     InitUpDownTime = 1 ;

     InertiaCommitment = 1 ;
    } // group UnitBlock_77

  group: UnitBlock_78 {
    variables:
    	double InitialPower ;
    	double MaxPower(TimeHorizon) ;
    	double MinPower(TimeHorizon) ;
    	double StartUpCost ;
    	double LinearTerm ;
    	double MinUpTime ;
    	double MinDownTime ;
    	double InitUpDownTime ;
    	double InertiaCommitment ;

    // group attributes:
    		:type = "ThermalUnitBlock" ;
    data:

     InitialPower = 4.54 ;

     MaxPower = 13.7 ;

     MinPower = 2.74 ;

     StartUpCost = 0 ;

     LinearTerm = 1 ;

     MinUpTime = 1 ;

     MinDownTime = 1 ;

     InitUpDownTime = 1 ;

     InertiaCommitment = 1 ;
    } // group UnitBlock_78

  group: UnitBlock_79 {
    variables:
    	double InitialPower ;
    	double MaxPower(TimeHorizon) ;
    	double MinPower(TimeHorizon) ;
    	double StartUpCost ;
    	double LinearTerm ;
    	double MinUpTime ;
    	double MinDownTime ;
    	double InitUpDownTime ;
    	double InertiaCommitment ;

    // group attributes:
    		:type = "ThermalUnitBlock" ;
    data:

     InitialPower = 15.21 ;

     MaxPower = 20.8 ;

     MinPower = 4.16 ;

     StartUpCost = 0 ;

     LinearTerm = 1 ;

     MinUpTime = 1 ;

     MinDownTime = 1 ;

     InitUpDownTime = 1 ;

     InertiaCommitment = 1 ;
    } // group UnitBlock_79

  group: UnitBlock_80 {
    variables:
    	double InitialPower ;
    	double MaxPower(TimeHorizon) ;
    	double MinPower(TimeHorizon) ;
    	double StartUpCost ;
    	double LinearTerm ;
    	double MinUpTime ;
    	double MinDownTime ;
    	double InitUpDownTime ;
    	double InertiaCommitment ;

    // group attributes:
    		:type = "ThermalUnitBlock" ;
    data:

     InitialPower = 1.66 ;

     MaxPower = 8.3 ;

     MinPower = 1.66 ;

     StartUpCost = 0 ;

     LinearTerm = 1 ;

     MinUpTime = 1 ;

     MinDownTime = 1 ;

     InitUpDownTime = 1 ;

     InertiaCommitment = 1 ;
    } // group UnitBlock_80

  group: UnitBlock_81 {
    variables:
    	double InitialPower ;
    	double MaxPower(TimeHorizon) ;
    	double MinPower(TimeHorizon) ;
    	double StartUpCost ;
    	double LinearTerm ;
    	double MinUpTime ;
    	double MinDownTime ;
    	double InitUpDownTime ;
    	double InertiaCommitment ;

    // group attributes:
    		:type = "ThermalUnitBlock" ;
    data:

     InitialPower = 11.2 ;

     MaxPower = 23.7 ;

     MinPower = 4.74 ;

     StartUpCost = 0 ;

     LinearTerm = 1 ;

     MinUpTime = 1 ;

     MinDownTime = 1 ;

     InitUpDownTime = 1 ;

     InertiaCommitment = 1 ;
    } // group UnitBlock_81

  group: UnitBlock_82 {
    variables:
    	double InitialPower ;
    	double MaxPower(TimeHorizon) ;
    	double MinPower(TimeHorizon) ;
    	double StartUpCost ;
    	double LinearTerm ;
    	double MinUpTime ;
    	double MinDownTime ;
    	double InitUpDownTime ;
    	double InertiaCommitment ;

    // group attributes:
    		:type = "ThermalUnitBlock" ;
    data:

     InitialPower = 4.74 ;

     MaxPower = 23.7 ;

     MinPower = 4.74 ;

     StartUpCost = 0 ;

     LinearTerm = 1 ;

     MinUpTime = 1 ;

     MinDownTime = 1 ;

     InitUpDownTime = 1 ;

     InertiaCommitment = 1 ;
    } // group UnitBlock_82

  group: UnitBlock_83 {
    variables:
    	double InitialPower ;
    	double MaxPower(TimeHorizon) ;
    	double MinPower(TimeHorizon) ;
    	double StartUpCost ;
    	double LinearTerm ;
    	double MinUpTime ;
    	double MinDownTime ;
    	double InitUpDownTime ;
    	double InertiaCommitment ;

    // group attributes:
    		:type = "ThermalUnitBlock" ;
    data:

     InitialPower = 11.28 ;

     MaxPower = 23.7 ;

     MinPower = 4.74 ;

     StartUpCost = 0 ;

     LinearTerm = 1 ;

     MinUpTime = 1 ;

     MinDownTime = 1 ;

     InitUpDownTime = 1 ;

     InertiaCommitment = 1 ;
    } // group UnitBlock_83

  group: UnitBlock_84 {
    variables:
    	double InitialPower ;
    	double MaxPower(TimeHorizon) ;
    	double MinPower(TimeHorizon) ;
    	double StartUpCost ;
    	double LinearTerm ;
    	double MinUpTime ;
    	double MinDownTime ;
    	double InitUpDownTime ;
    	double InertiaCommitment ;

    // group attributes:
    		:type = "ThermalUnitBlock" ;
    data:

     InitialPower = 11.29 ;

     MaxPower = 23.7 ;

     MinPower = 4.74 ;

     StartUpCost = 0 ;

     LinearTerm = 1 ;

     MinUpTime = 1 ;

     MinDownTime = 1 ;

     InitUpDownTime = 1 ;

     InertiaCommitment = 1 ;
    } // group UnitBlock_84

  group: UnitBlock_85 {
    variables:
    	double InitialPower ;
    	double MaxPower(TimeHorizon) ;
    	double MinPower(TimeHorizon) ;
    	double StartUpCost ;
    	double LinearTerm ;
    	double MinUpTime ;
    	double MinDownTime ;
    	double InitUpDownTime ;
    	double InertiaCommitment ;

    // group attributes:
    		:type = "ThermalUnitBlock" ;
    data:

     InitialPower = 14.8 ;

     MaxPower = 17 ;

     MinPower = 3.4 ;

     StartUpCost = 0 ;

     LinearTerm = 1 ;

     MinUpTime = 1 ;

     MinDownTime = 1 ;

     InitUpDownTime = 1 ;

     InertiaCommitment = 1 ;
    } // group UnitBlock_85

  group: UnitBlock_86 {
    variables:
    	double InitialPower ;
    	double MaxPower(TimeHorizon) ;
    	double MinPower(TimeHorizon) ;
    	double StartUpCost ;
    	double LinearTerm ;
    	double MinUpTime ;
    	double MinDownTime ;
    	double InitUpDownTime ;
    	double InertiaCommitment ;

    // group attributes:
    		:type = "ThermalUnitBlock" ;
    data:

     InitialPower = 0 ;

     MaxPower = 7 ;

     MinPower = 1.4 ;

     StartUpCost = 0 ;

     LinearTerm = 1 ;

     MinUpTime = 1 ;

     MinDownTime = 1 ;

     InitUpDownTime = 1 ;

     InertiaCommitment = 1 ;
    } // group UnitBlock_86

  group: UnitBlock_87 {
    variables:
    	double InitialPower ;
    	double MaxPower(TimeHorizon) ;
    	double MinPower(TimeHorizon) ;
    	double StartUpCost ;
    	double LinearTerm ;
    	double MinUpTime ;
    	double MinDownTime ;
    	double InitUpDownTime ;
    	double InertiaCommitment ;

    // group attributes:
    		:type = "ThermalUnitBlock" ;
    data:

     InitialPower = 3.4 ;

     MaxPower = 17 ;

     MinPower = 3.4 ;

     StartUpCost = 0 ;

     LinearTerm = 1 ;

     MinUpTime = 1 ;

     MinDownTime = 1 ;

     InitUpDownTime = 1 ;

     InertiaCommitment = 1 ;
    } // group UnitBlock_87

  group: UnitBlock_88 {
    variables:
    	double InitialPower ;
    	double MaxPower(TimeHorizon) ;
    	double MinPower(TimeHorizon) ;
    	double StartUpCost ;
    	double LinearTerm ;
    	double MinUpTime ;
    	double MinDownTime ;
    	double InitUpDownTime ;
    	double InertiaCommitment ;

    // group attributes:
    		:type = "ThermalUnitBlock" ;
    data:

     InitialPower = 10.44 ;

     MaxPower = 24 ;

     MinPower = 4.8 ;

     StartUpCost = 0 ;

     LinearTerm = 1 ;

     MinUpTime = 1 ;

     MinDownTime = 1 ;

     InitUpDownTime = 1 ;

     InertiaCommitment = 1 ;
    } // group UnitBlock_88

  group: UnitBlock_89 {
    variables:
    	double InitialPower ;
    	double MaxPower(TimeHorizon) ;
    	double MinPower(TimeHorizon) ;
    	double StartUpCost ;
    	double LinearTerm ;
    	double MinUpTime ;
    	double MinDownTime ;
    	double InitUpDownTime ;
    	double InertiaCommitment ;

    // group attributes:
    		:type = "ThermalUnitBlock" ;
    data:

     InitialPower = 13.46 ;

     MaxPower = 24 ;

     MinPower = 4.8 ;

     StartUpCost = 0 ;

     LinearTerm = 1 ;

     MinUpTime = 1 ;

     MinDownTime = 1 ;

     InitUpDownTime = 1 ;

     InertiaCommitment = 1 ;
    } // group UnitBlock_89

  group: UnitBlock_90 {
    variables:
    	double InitialPower ;
    	double MaxPower(TimeHorizon) ;
    	double MinPower(TimeHorizon) ;
    	double StartUpCost ;
    	double LinearTerm ;
    	double MinUpTime ;
    	double MinDownTime ;
    	double InitUpDownTime ;
    	double InertiaCommitment ;

    // group attributes:
    		:type = "ThermalUnitBlock" ;
    data:

     InitialPower = 4.81 ;

     MaxPower = 24 ;

     MinPower = 4.8 ;

     StartUpCost = 0 ;

     LinearTerm = 1 ;

     MinUpTime = 1 ;

     MinDownTime = 1 ;

     InitUpDownTime = 1 ;

     InertiaCommitment = 1 ;
    } // group UnitBlock_90

  group: UnitBlock_91 {
    variables:
    	double InitialPower ;
    	double MaxPower(TimeHorizon) ;
    	double MinPower(TimeHorizon) ;
    	double StartUpCost ;
    	double LinearTerm ;
    	double MinUpTime ;
    	double MinDownTime ;
    	double InitUpDownTime ;
    	double InertiaCommitment ;

    // group attributes:
    		:type = "ThermalUnitBlock" ;
    data:

     InitialPower = 7.56 ;

     MaxPower = 24 ;

     MinPower = 4.8 ;

     StartUpCost = 0 ;

     LinearTerm = 1 ;

     MinUpTime = 1 ;

     MinDownTime = 1 ;

     InitUpDownTime = 1 ;

     InertiaCommitment = 1 ;
    } // group UnitBlock_91

  group: UnitBlock_92 {
    variables:
    	double InitialPower ;
    	double MaxPower(TimeHorizon) ;
    	double MinPower(TimeHorizon) ;
    	double StartUpCost ;
    	double LinearTerm ;
    	double MinUpTime ;
    	double MinDownTime ;
    	double InitUpDownTime ;
    	double InertiaCommitment ;

    // group attributes:
    		:type = "ThermalUnitBlock" ;
    data:

     InitialPower = 15.18 ;

     MaxPower = 18 ;

     MinPower = 3.6 ;

     StartUpCost = 0 ;

     LinearTerm = 1 ;

     MinUpTime = 1 ;

     MinDownTime = 1 ;

     InitUpDownTime = 1 ;

     InertiaCommitment = 1 ;
    } // group UnitBlock_92

  group: UnitBlock_93 {
    variables:
    	double InitialPower ;
    	double MaxPower(TimeHorizon) ;
    	double MinPower(TimeHorizon) ;
    	double StartUpCost ;
    	double LinearTerm ;
    	double MinUpTime ;
    	double MinDownTime ;
    	double InitUpDownTime ;
    	double InertiaCommitment ;

    // group attributes:
    		:type = "ThermalUnitBlock" ;
    data:

     InitialPower = 0 ;

     MaxPower = 18 ;

     MinPower = 3.6 ;

     StartUpCost = 0 ;

     LinearTerm = 1 ;

     MinUpTime = 1 ;

     MinDownTime = 1 ;

     InitUpDownTime = 1 ;

     InertiaCommitment = 1 ;
    } // group UnitBlock_93

  group: UnitBlock_94 {
    variables:
    	double InitialPower ;
    	double MaxPower(TimeHorizon) ;
    	double MinPower(TimeHorizon) ;
    	double StartUpCost ;
    	double LinearTerm ;
    	double MinUpTime ;
    	double MinDownTime ;
    	double InitUpDownTime ;
    	double InertiaCommitment ;

    // group attributes:
    		:type = "ThermalUnitBlock" ;
    data:

     InitialPower = 9.98 ;

     MaxPower = 29 ;

     MinPower = 5.8 ;

     StartUpCost = 0 ;

     LinearTerm = 1 ;

     MinUpTime = 1 ;

     MinDownTime = 1 ;

     InitUpDownTime = 1 ;

     InertiaCommitment = 1 ;
    } // group UnitBlock_94

  group: UnitBlock_95 {
    variables:
    	double InitialPower ;
    	double MaxPower(TimeHorizon) ;
    	double MinPower(TimeHorizon) ;
    	double StartUpCost ;
    	double LinearTerm ;
    	double MinUpTime ;
    	double MinDownTime ;
    	double InitUpDownTime ;
    	double InertiaCommitment ;

    // group attributes:
    		:type = "ThermalUnitBlock" ;
    data:

     InitialPower = 12.62 ;

     MaxPower = 29 ;

     MinPower = 5.8 ;

     StartUpCost = 0 ;

     LinearTerm = 1 ;

     MinUpTime = 1 ;

     MinDownTime = 1 ;

     InitUpDownTime = 1 ;

     InertiaCommitment = 1 ;
    } // group UnitBlock_95

  group: UnitBlock_96 {
    variables:
    	double InitialPower ;
    	double MaxPower(TimeHorizon) ;
    	double MinPower(TimeHorizon) ;
    	double StartUpCost ;
    	double LinearTerm ;
    	double MinUpTime ;
    	double MinDownTime ;
    	double InitUpDownTime ;
    	double InertiaCommitment ;

    // group attributes:
    		:type = "ThermalUnitBlock" ;
    data:

     InitialPower = 39.55 ;

     MaxPower = 55 ;

     MinPower = 11 ;

     StartUpCost = 0 ;

     LinearTerm = 1 ;

     MinUpTime = 1 ;

     MinDownTime = 1 ;

     InitUpDownTime = 1 ;

     InertiaCommitment = 1 ;
    } // group UnitBlock_96

  group: UnitBlock_97 {
    variables:
    	double InitialPower ;
    	double MaxPower(TimeHorizon) ;
    	double MinPower(TimeHorizon) ;
    	double StartUpCost ;
    	double LinearTerm ;
    	double MinUpTime ;
    	double MinDownTime ;
    	double InitUpDownTime ;
    	double InertiaCommitment ;

    // group attributes:
    		:type = "ThermalUnitBlock" ;
    data:

     InitialPower = -0.83 ;

     MaxPower = 10 ;

     MinPower = 2 ;

     StartUpCost = 0 ;

     LinearTerm = 1 ;

     MinUpTime = 1 ;

     MinDownTime = 1 ;

     InitUpDownTime = 1 ;

     InertiaCommitment = 1 ;
    } // group UnitBlock_97

  group: UnitBlock_98 {
    variables:
    	double InitialPower ;
    	double MaxPower(TimeHorizon) ;
    	double MinPower(TimeHorizon) ;
    	double StartUpCost ;
    	double LinearTerm ;
    	double MinUpTime ;
    	double MinDownTime ;
    	double InitUpDownTime ;
    	double InertiaCommitment ;

    // group attributes:
    		:type = "ThermalUnitBlock" ;
    data:

     InitialPower = -0.34 ;

     MaxPower = 12 ;

     MinPower = 2.4 ;

     StartUpCost = 0 ;

     LinearTerm = 1 ;

     MinUpTime = 1 ;

     MinDownTime = 1 ;

     InitUpDownTime = 1 ;

     InertiaCommitment = 1 ;
    } // group UnitBlock_98

  group: UnitBlock_99 {
    variables:
    	double InitialPower ;
    	double MaxPower(TimeHorizon) ;
    	double MinPower(TimeHorizon) ;
    	double StartUpCost ;
    	double LinearTerm ;
    	double MinUpTime ;
    	double MinDownTime ;
    	double InitUpDownTime ;
    	double InertiaCommitment ;

    // group attributes:
    		:type = "ThermalUnitBlock" ;
    data:

     InitialPower = -0.6 ;

     MaxPower = 2 ;

     MinPower = 0 ;

     StartUpCost = 0 ;

     LinearTerm = 1 ;

     MinUpTime = 1 ;

     MinDownTime = 1 ;

     InitUpDownTime = 1 ;

     InertiaCommitment = 1 ;
    } // group UnitBlock_99

  group: UnitBlock_100 {
    variables:
    	double InitialPower ;
    	double MaxPower(TimeHorizon) ;
    	double MinPower(TimeHorizon) ;
    	double StartUpCost ;
    	double LinearTerm ;
    	double MinUpTime ;
    	double MinDownTime ;
    	double InitUpDownTime ;
    	double InertiaCommitment ;

    // group attributes:
    		:type = "ThermalUnitBlock" ;
    data:

     InitialPower = 0.31 ;

     MaxPower = 2 ;

     MinPower = 0 ;

     StartUpCost = 0 ;

     LinearTerm = 1 ;

     MinUpTime = 1 ;

     MinDownTime = 1 ;

     InitUpDownTime = 1 ;

     InertiaCommitment = 1 ;
    } // group UnitBlock_100

  group: UnitBlock_101 {
    variables:
    	double InitialPower ;
    	double MaxPower(TimeHorizon) ;
    	double MinPower(TimeHorizon) ;
    	double StartUpCost ;
    	double LinearTerm ;
    	double MinUpTime ;
    	double MinDownTime ;
    	double InitUpDownTime ;
    	double InertiaCommitment ;

    // group attributes:
    		:type = "ThermalUnitBlock" ;
    data:

     InitialPower = 14.33 ;

     MaxPower = 31 ;

     MinPower = 6.2 ;

     StartUpCost = 0 ;

     LinearTerm = 1 ;

     MinUpTime = 1 ;

     MinDownTime = 1 ;

     InitUpDownTime = 1 ;

     InertiaCommitment = 1 ;
    } // group UnitBlock_101

  group: UnitBlock_102 {
    variables:
    	double InitialPower ;
    	double MaxPower(TimeHorizon) ;
    	double MinPower(TimeHorizon) ;
    	double StartUpCost ;
    	double LinearTerm ;
    	double MinUpTime ;
    	double MinDownTime ;
    	double InitUpDownTime ;
    	double InertiaCommitment ;

    // group attributes:
    		:type = "ThermalUnitBlock" ;
    data:

     InitialPower = 29 ;

     MaxPower = 31 ;

     MinPower = 6.2 ;

     StartUpCost = 0 ;

     LinearTerm = 1 ;

     MinUpTime = 1 ;

     MinDownTime = 1 ;

     InitUpDownTime = 1 ;

     InertiaCommitment = 1 ;
    } // group UnitBlock_102

  group: UnitBlock_103 {
    variables:
    	double InitialPower ;
    	double MaxPower(TimeHorizon) ;
    	double MinPower(TimeHorizon) ;
    	double StartUpCost ;
    	double LinearTerm ;
    	double MinUpTime ;
    	double MinDownTime ;
    	double InitUpDownTime ;
    	double InertiaCommitment ;

    // group attributes:
    		:type = "ThermalUnitBlock" ;
    data:

     InitialPower = 29 ;

     MaxPower = 31 ;

     MinPower = 6.2 ;

     StartUpCost = 0 ;

     LinearTerm = 1 ;

     MinUpTime = 1 ;

     MinDownTime = 1 ;

     InitUpDownTime = 1 ;

     InertiaCommitment = 1 ;
    } // group UnitBlock_103

  group: UnitBlock_104 {
    variables:
    	double InitialPower ;
    	double MaxPower(TimeHorizon) ;
    	double MinPower(TimeHorizon) ;
    	double StartUpCost ;
    	double LinearTerm ;
    	double MinUpTime ;
    	double MinDownTime ;
    	double InitUpDownTime ;
    	double InertiaCommitment ;

    // group attributes:
    		:type = "ThermalUnitBlock" ;
    data:

     InitialPower = 29 ;

     MaxPower = 31 ;

     MinPower = 6.2 ;

     StartUpCost = 0 ;

     LinearTerm = 1 ;

     MinUpTime = 1 ;

     MinDownTime = 1 ;

     InitUpDownTime = 1 ;

     InertiaCommitment = 1 ;
    } // group UnitBlock_104

  group: UnitBlock_105 {
    variables:
    	double InitialPower ;
    	double MaxPower(TimeHorizon) ;
    	double MinPower(TimeHorizon) ;
    	double StartUpCost ;
    	double LinearTerm ;
    	double MinUpTime ;
    	double MinDownTime ;
    	double InitUpDownTime ;
    	double InertiaCommitment ;

    // group attributes:
    		:type = "ThermalUnitBlock" ;
    data:

     InitialPower = 29 ;

     MaxPower = 31 ;

     MinPower = 6.2 ;

     StartUpCost = 0 ;

     LinearTerm = 1 ;

     MinUpTime = 1 ;

     MinDownTime = 1 ;

     InitUpDownTime = 1 ;

     InertiaCommitment = 1 ;
    } // group UnitBlock_105

  group: UnitBlock_106 {
    variables:
    	double InitialPower ;
    	double MaxPower(TimeHorizon) ;
    	double MinPower(TimeHorizon) ;
    	double StartUpCost ;
    	double LinearTerm ;
    	double MinUpTime ;
    	double MinDownTime ;
    	double InitUpDownTime ;
    	double InertiaCommitment ;

    // group attributes:
    		:type = "ThermalUnitBlock" ;
    data:

     InitialPower = 28.64 ;

     MaxPower = 31 ;

     MinPower = 6.2 ;

     StartUpCost = 0 ;

     LinearTerm = 1 ;

     MinUpTime = 1 ;

     MinDownTime = 1 ;

     InitUpDownTime = 1 ;

     InertiaCommitment = 1 ;
    } // group UnitBlock_106

  group: UnitBlock_107 {
    variables:
    	double InitialPower ;
    	double MaxPower(TimeHorizon) ;
    	double MinPower(TimeHorizon) ;
    	double StartUpCost ;
    	double LinearTerm ;
    	double MinUpTime ;
    	double MinDownTime ;
    	double InitUpDownTime ;
    	double InertiaCommitment ;

    // group attributes:
    		:type = "ThermalUnitBlock" ;
    data:

     InitialPower = 10.93 ;

     MaxPower = 24 ;

     MinPower = 4.8 ;

     StartUpCost = 0 ;

     LinearTerm = 1 ;

     MinUpTime = 1 ;

     MinDownTime = 1 ;

     InitUpDownTime = 1 ;

     InertiaCommitment = 1 ;
    } // group UnitBlock_107

  group: UnitBlock_108 {
    variables:
    	double InitialPower ;
    	double MaxPower(TimeHorizon) ;
    	double MinPower(TimeHorizon) ;
    	double StartUpCost ;
    	double LinearTerm ;
    	double MinUpTime ;
    	double MinDownTime ;
    	double InitUpDownTime ;
    	double InertiaCommitment ;

    // group attributes:
    		:type = "ThermalUnitBlock" ;
    data:

     InitialPower = 4.81 ;

     MaxPower = 24 ;

     MinPower = 4.8 ;

     StartUpCost = 0 ;

     LinearTerm = 1 ;

     MinUpTime = 1 ;

     MinDownTime = 1 ;

     InitUpDownTime = 1 ;

     InertiaCommitment = 1 ;
    } // group UnitBlock_108

  group: UnitBlock_109 {
    variables:
    	double InitialPower ;
    	double MaxPower(TimeHorizon) ;
    	double MinPower(TimeHorizon) ;
    	double StartUpCost ;
    	double LinearTerm ;
    	double MinUpTime ;
    	double MinDownTime ;
    	double InitUpDownTime ;
    	double InertiaCommitment ;

    // group attributes:
    		:type = "ThermalUnitBlock" ;
    data:

     InitialPower = 4.8 ;

     MaxPower = 24 ;

     MinPower = 4.8 ;

     StartUpCost = 0 ;

     LinearTerm = 1 ;

     MinUpTime = 1 ;

     MinDownTime = 1 ;

     InitUpDownTime = 1 ;

     InertiaCommitment = 1 ;
    } // group UnitBlock_109

  group: UnitBlock_110 {
    variables:
    	double InitialPower ;
    	double MaxPower(TimeHorizon) ;
    	double MinPower(TimeHorizon) ;
    	double StartUpCost ;
    	double LinearTerm ;
    	double MinUpTime ;
    	double MinDownTime ;
    	double InitUpDownTime ;
    	double InertiaCommitment ;

    // group attributes:
    		:type = "ThermalUnitBlock" ;
    data:

     InitialPower = 10.85 ;

     MaxPower = 24 ;

     MinPower = 4.8 ;

     StartUpCost = 0 ;

     LinearTerm = 1 ;

     MinUpTime = 1 ;

     MinDownTime = 1 ;

     InitUpDownTime = 1 ;

     InertiaCommitment = 1 ;
    } // group UnitBlock_110

  group: UnitBlock_111 {
    variables:
    	double InitialPower ;
    	double MaxPower(TimeHorizon) ;
    	double MinPower(TimeHorizon) ;
    	double StartUpCost ;
    	double LinearTerm ;
    	double MinUpTime ;
    	double MinDownTime ;
    	double InitUpDownTime ;
    	double InertiaCommitment ;

    // group attributes:
    		:type = "ThermalUnitBlock" ;
    data:

     InitialPower = 6.96 ;

     MaxPower = 24 ;

     MinPower = 4.8 ;

     StartUpCost = 0 ;

     LinearTerm = 1 ;

     MinUpTime = 1 ;

     MinDownTime = 1 ;

     InitUpDownTime = 1 ;

     InertiaCommitment = 1 ;
    } // group UnitBlock_111

  group: UnitBlock_112 {
    variables:
    	double InitialPower ;
    	double MaxPower(TimeHorizon) ;
    	double MinPower(TimeHorizon) ;
    	double StartUpCost ;
    	double LinearTerm ;
    	double MinUpTime ;
    	double MinDownTime ;
    	double InitUpDownTime ;
    	double InertiaCommitment ;

    // group attributes:
    		:type = "ThermalUnitBlock" ;
    data:

     InitialPower = 11.54 ;

     MaxPower = 24 ;

     MinPower = 4.8 ;

     StartUpCost = 0 ;

     LinearTerm = 1 ;

     MinUpTime = 1 ;

     MinDownTime = 1 ;

     InitUpDownTime = 1 ;

     InertiaCommitment = 1 ;
    } // group UnitBlock_112

  group: UnitBlock_113 {
    variables:
    	double InitialPower ;
    	double MaxPower(TimeHorizon) ;
    	double MinPower(TimeHorizon) ;
    	double StartUpCost ;
    	double LinearTerm ;
    	double MinUpTime ;
    	double MinDownTime ;
    	double InitUpDownTime ;
    	double InertiaCommitment ;

    // group attributes:
    		:type = "ThermalUnitBlock" ;
    data:

     InitialPower = 8.43 ;

     MaxPower = 23.5 ;

     MinPower = 4.7 ;

     StartUpCost = 0 ;

     LinearTerm = 1 ;

     MinUpTime = 1 ;

     MinDownTime = 1 ;

     InitUpDownTime = 1 ;

     InertiaCommitment = 1 ;
    } // group UnitBlock_113

  group: UnitBlock_114 {
    variables:
    	double InitialPower ;
    	double MaxPower(TimeHorizon) ;
    	double MinPower(TimeHorizon) ;
    	double StartUpCost ;
    	double LinearTerm ;
    	double MinUpTime ;
    	double MinDownTime ;
    	double InitUpDownTime ;
    	double InertiaCommitment ;

    // group attributes:
    		:type = "ThermalUnitBlock" ;
    data:

     InitialPower = 24.99 ;

     MaxPower = 27 ;

     MinPower = 5.4 ;

     StartUpCost = 0 ;

     LinearTerm = 1 ;

     MinUpTime = 1 ;

     MinDownTime = 1 ;

     InitUpDownTime = 1 ;

     InertiaCommitment = 1 ;
    } // group UnitBlock_114

  group: UnitBlock_115 {
    variables:
    	double InitialPower ;
    	double MaxPower(TimeHorizon) ;
    	double MinPower(TimeHorizon) ;
    	double StartUpCost ;
    	double LinearTerm ;
    	double MinUpTime ;
    	double MinDownTime ;
    	double InitUpDownTime ;
    	double InertiaCommitment ;

    // group attributes:
    		:type = "ThermalUnitBlock" ;
    data:

     InitialPower = 7.94 ;

     MaxPower = 27 ;

     MinPower = 5.4 ;

     StartUpCost = 0 ;

     LinearTerm = 1 ;

     MinUpTime = 1 ;

     MinDownTime = 1 ;

     InitUpDownTime = 1 ;

     InertiaCommitment = 1 ;
    } // group UnitBlock_115

  group: UnitBlock_116 {
    variables:
    	double InitialPower ;
    	double MaxPower(TimeHorizon) ;
    	double MinPower(TimeHorizon) ;
    	double StartUpCost ;
    	double LinearTerm ;
    	double MinUpTime ;
    	double MinDownTime ;
    	double InitUpDownTime ;
    	double InertiaCommitment ;

    // group attributes:
    		:type = "ThermalUnitBlock" ;
    data:

     InitialPower = 30 ;

     MaxPower = 32 ;

     MinPower = 6.4 ;

     StartUpCost = 0 ;

     LinearTerm = 1 ;

     MinUpTime = 1 ;

     MinDownTime = 1 ;

     InitUpDownTime = 1 ;

     InertiaCommitment = 1 ;
    } // group UnitBlock_116

  group: UnitBlock_117 {
    variables:
    	double InitialPower ;
    	double MaxPower(TimeHorizon) ;
    	double MinPower(TimeHorizon) ;
    	double StartUpCost ;
    	double LinearTerm ;
    	double MinUpTime ;
    	double MinDownTime ;
    	double InitUpDownTime ;
    	double InertiaCommitment ;

    // group attributes:
    		:type = "ThermalUnitBlock" ;
    data:

     InitialPower = 9.19 ;

     MaxPower = 20.02 ;

     MinPower = 4 ;

     StartUpCost = 0 ;

     LinearTerm = 1 ;

     MinUpTime = 1 ;

     MinDownTime = 1 ;

     InitUpDownTime = 1 ;

     InertiaCommitment = 1 ;
    } // group UnitBlock_117

  group: UnitBlock_118 {
    variables:
    	double InitialPower ;
    	double MaxPower(TimeHorizon) ;
    	double MinPower(TimeHorizon) ;
    	double StartUpCost ;
    	double LinearTerm ;
    	double MinUpTime ;
    	double MinDownTime ;
    	double InitUpDownTime ;
    	double InertiaCommitment ;

    // group attributes:
    		:type = "ThermalUnitBlock" ;
    data:

     InitialPower = 8.94 ;

     MaxPower = 20.35 ;

     MinPower = 4.07 ;

     StartUpCost = 0 ;

     LinearTerm = 1 ;

     MinUpTime = 1 ;

     MinDownTime = 1 ;

     InitUpDownTime = 1 ;

     InertiaCommitment = 1 ;
    } // group UnitBlock_118

  group: UnitBlock_119 {
    variables:
    	double InitialPower ;
    	double MaxPower(TimeHorizon) ;
    	double MinPower(TimeHorizon) ;
    	double StartUpCost ;
    	double LinearTerm ;
    	double MinUpTime ;
    	double MinDownTime ;
    	double InitUpDownTime ;
    	double InertiaCommitment ;

    // group attributes:
    		:type = "ThermalUnitBlock" ;
    data:

     InitialPower = 9 ;

     MaxPower = 45 ;

     MinPower = 9 ;

     StartUpCost = 0 ;

     LinearTerm = 1 ;

     MinUpTime = 1 ;

     MinDownTime = 1 ;

     InitUpDownTime = 1 ;

     InertiaCommitment = 1 ;
    } // group UnitBlock_119

  group: UnitBlock_120 {
    variables:
    	double InitialPower ;
    	double MaxPower(TimeHorizon) ;
    	double MinPower(TimeHorizon) ;
    	double StartUpCost ;
    	double LinearTerm ;
    	double MinUpTime ;
    	double MinDownTime ;
    	double InitUpDownTime ;
    	double InertiaCommitment ;

    // group attributes:
    		:type = "ThermalUnitBlock" ;
    data:

     InitialPower = 37.36 ;

     MaxPower = 45 ;

     MinPower = 9 ;

     StartUpCost = 0 ;

     LinearTerm = 1 ;

     MinUpTime = 1 ;

     MinDownTime = 1 ;

     InitUpDownTime = 1 ;

     InertiaCommitment = 1 ;
    } // group UnitBlock_120

  group: UnitBlock_121 {
    variables:
    	double InitialPower ;
    	double MaxPower(TimeHorizon) ;
    	double MinPower(TimeHorizon) ;
    	double StartUpCost ;
    	double LinearTerm ;
    	double MinUpTime ;
    	double MinDownTime ;
    	double InitUpDownTime ;
    	double InertiaCommitment ;

    // group attributes:
    		:type = "ThermalUnitBlock" ;
    data:

     InitialPower = 1.57 ;

     MaxPower = 1.74 ;

     MinPower = 0 ;

     StartUpCost = 0 ;

     LinearTerm = 1 ;

     MinUpTime = 1 ;

     MinDownTime = 1 ;

     InitUpDownTime = 1 ;

     InertiaCommitment = 1 ;
    } // group UnitBlock_121

  group: UnitBlock_122 {
    variables:
    	double InitialPower ;
    	double MaxPower(TimeHorizon) ;
    	double MinPower(TimeHorizon) ;
    	double StartUpCost ;
    	double LinearTerm ;
    	double MinUpTime ;
    	double MinDownTime ;
    	double InitUpDownTime ;
    	double InertiaCommitment ;

    // group attributes:
    		:type = "ThermalUnitBlock" ;
    data:

     InitialPower = 17.53 ;

     MaxPower = 20 ;

     MinPower = 4 ;

     StartUpCost = 0 ;

     LinearTerm = 1 ;

     MinUpTime = 1 ;

     MinDownTime = 1 ;

     InitUpDownTime = 1 ;

     InertiaCommitment = 1 ;
    } // group UnitBlock_122

  group: UnitBlock_123 {
    variables:
    	double InitialPower ;
    	double MaxPower(TimeHorizon) ;
    	double MinPower(TimeHorizon) ;
    	double StartUpCost ;
    	double LinearTerm ;
    	double MinUpTime ;
    	double MinDownTime ;
    	double InitUpDownTime ;
    	double InertiaCommitment ;

    // group attributes:
    		:type = "ThermalUnitBlock" ;
    data:

     InitialPower = 44.01 ;

     MaxPower = 239 ;

     MinPower = 44 ;

     StartUpCost = 0 ;

     LinearTerm = 1 ;

     MinUpTime = 1 ;

     MinDownTime = 1 ;

     InitUpDownTime = 1 ;

     InertiaCommitment = 1 ;
    } // group UnitBlock_123

  group: UnitBlock_124 {
    variables:
    	double InitialPower ;
    	double MaxPower(TimeHorizon) ;
    	double MinPower(TimeHorizon) ;
    	double StartUpCost ;
    	double LinearTerm ;
    	double MinUpTime ;
    	double MinDownTime ;
    	double InitUpDownTime ;
    	double InertiaCommitment ;

    // group attributes:
    		:type = "ThermalUnitBlock" ;
    data:

     InitialPower = 0 ;

     MaxPower = 169 ;

     MinPower = 82 ;

     StartUpCost = 0 ;

     LinearTerm = 1 ;

     MinUpTime = 1 ;

     MinDownTime = 1 ;

     InitUpDownTime = 1 ;

     InertiaCommitment = 1 ;
    } // group UnitBlock_124

  group: UnitBlock_125 {
    variables:
    	double InitialPower ;
    	double MaxPower(TimeHorizon) ;
    	double MinPower(TimeHorizon) ;
    	double StartUpCost ;
    	double LinearTerm ;
    	double MinUpTime ;
    	double MinDownTime ;
    	double InitUpDownTime ;
    	double InertiaCommitment ;

    // group attributes:
    		:type = "ThermalUnitBlock" ;
    data:

     InitialPower = 0 ;

     MaxPower = 169 ;

     MinPower = 82 ;

     StartUpCost = 0 ;

     LinearTerm = 1 ;

     MinUpTime = 1 ;

     MinDownTime = 1 ;

     InitUpDownTime = 1 ;

     InertiaCommitment = 1 ;
    } // group UnitBlock_125

  group: UnitBlock_126 {
    variables:
    	double InitialPower ;
    	double MaxPower(TimeHorizon) ;
    	double MinPower(TimeHorizon) ;
    	double StartUpCost ;
    	double LinearTerm ;
    	double MinUpTime ;
    	double MinDownTime ;
    	double InitUpDownTime ;
    	double InertiaCommitment ;

    // group attributes:
    		:type = "ThermalUnitBlock" ;
    data:

     InitialPower = 44.01 ;

     MaxPower = 239 ;

     MinPower = 44 ;

     StartUpCost = 0 ;

     LinearTerm = 1 ;

     MinUpTime = 1 ;

     MinDownTime = 1 ;

     InitUpDownTime = 1 ;

     InertiaCommitment = 1 ;
    } // group UnitBlock_126

  group: UnitBlock_127 {
    variables:
    	double InitialPower ;
    	double MaxPower(TimeHorizon) ;
    	double MinPower(TimeHorizon) ;
    	double StartUpCost ;
    	double LinearTerm ;
    	double MinUpTime ;
    	double MinDownTime ;
    	double InitUpDownTime ;
    	double InertiaCommitment ;

    // group attributes:
    		:type = "ThermalUnitBlock" ;
    data:

     InitialPower = 47.8 ;

     MaxPower = 239 ;

     MinPower = 47.8 ;

     StartUpCost = 0 ;

     LinearTerm = 1 ;

     MinUpTime = 1 ;

     MinDownTime = 1 ;

     InitUpDownTime = 1 ;

     InertiaCommitment = 1 ;
    } // group UnitBlock_127

  group: UnitBlock_128 {
    variables:
    	double InitialPower ;
    	double MaxPower(TimeHorizon) ;
    	double MinPower(TimeHorizon) ;
    	double StartUpCost ;
    	double LinearTerm ;
    	double MinUpTime ;
    	double MinDownTime ;
    	double InitUpDownTime ;
    	double InertiaCommitment ;

    // group attributes:
    		:type = "ThermalUnitBlock" ;
    data:

     InitialPower = 7.18 ;

     MaxPower = 12 ;

     MinPower = 2.4 ;

     StartUpCost = 0 ;

     LinearTerm = 1 ;

     MinUpTime = 1 ;

     MinDownTime = 1 ;

     InitUpDownTime = 1 ;

     InertiaCommitment = 1 ;
    } // group UnitBlock_128

  group: UnitBlock_129 {
    variables:
    	double InitialPower ;
    	double MaxPower(TimeHorizon) ;
    	double MinPower(TimeHorizon) ;
    	double StartUpCost ;
    	double LinearTerm ;
    	double MinUpTime ;
    	double MinDownTime ;
    	double InitUpDownTime ;
    	double InertiaCommitment ;

    // group attributes:
    		:type = "ThermalUnitBlock" ;
    data:

     InitialPower = 3.68 ;

     MaxPower = 4 ;

     MinPower = 0 ;

     StartUpCost = 0 ;

     LinearTerm = 1 ;

     MinUpTime = 1 ;

     MinDownTime = 1 ;

     InitUpDownTime = 1 ;

     InertiaCommitment = 1 ;
    } // group UnitBlock_129

  group: UnitBlock_130 {
    variables:
    	double InitialPower ;
    	double MaxPower(TimeHorizon) ;
    	double MinPower(TimeHorizon) ;
    	double StartUpCost ;
    	double LinearTerm ;
    	double MinUpTime ;
    	double MinDownTime ;
    	double InitUpDownTime ;
    	double InertiaCommitment ;

    // group attributes:
    		:type = "ThermalUnitBlock" ;
    data:

     InitialPower = 36.15 ;

     MaxPower = 54 ;

     MinPower = 10.8 ;

     StartUpCost = 0 ;

     LinearTerm = 1 ;

     MinUpTime = 1 ;

     MinDownTime = 1 ;

     InitUpDownTime = 1 ;

     InertiaCommitment = 1 ;
    } // group UnitBlock_130

  group: UnitBlock_131 {
    variables:
    	double InitialPower ;
    	double MaxPower(TimeHorizon) ;
    	double MinPower(TimeHorizon) ;
    	double StartUpCost ;
    	double LinearTerm ;
    	double MinUpTime ;
    	double MinDownTime ;
    	double InitUpDownTime ;
    	double InertiaCommitment ;

    // group attributes:
    		:type = "ThermalUnitBlock" ;
    data:

     InitialPower = 4.82 ;

     MaxPower = 7 ;

     MinPower = 1.4 ;

     StartUpCost = 0 ;

     LinearTerm = 1 ;

     MinUpTime = 1 ;

     MinDownTime = 1 ;

     InitUpDownTime = 1 ;

     InertiaCommitment = 1 ;
    } // group UnitBlock_131

  group: UnitBlock_132 {
    variables:
    	double InitialPower ;
    	double MaxPower(TimeHorizon) ;
    	double MinPower(TimeHorizon) ;
    	double StartUpCost ;
    	double LinearTerm ;
    	double MinUpTime ;
    	double MinDownTime ;
    	double InitUpDownTime ;
    	double InertiaCommitment ;

    // group attributes:
    		:type = "ThermalUnitBlock" ;
    data:

     InitialPower = 0 ;

     MaxPower = 21 ;

     MinPower = 4.2 ;

     StartUpCost = 0 ;

     LinearTerm = 1 ;

     MinUpTime = 1 ;

     MinDownTime = 1 ;

     InitUpDownTime = 1 ;

     InertiaCommitment = 1 ;
    } // group UnitBlock_132

  group: UnitBlock_133 {
    variables:
    	double InitialPower ;
    	double MaxPower(TimeHorizon) ;
    	double MinPower(TimeHorizon) ;
    	double StartUpCost ;
    	double LinearTerm ;
    	double MinUpTime ;
    	double MinDownTime ;
    	double InitUpDownTime ;
    	double InertiaCommitment ;

    // group attributes:
    		:type = "ThermalUnitBlock" ;
    data:

     InitialPower = 0 ;

     MaxPower = 2 ;

     MinPower = 0 ;

     StartUpCost = 0 ;

     LinearTerm = 1 ;

     MinUpTime = 1 ;

     MinDownTime = 1 ;

     InitUpDownTime = 1 ;

     InertiaCommitment = 1 ;
    } // group UnitBlock_133

  group: UnitBlock_134 {
    variables:
    	double InitialPower ;
    	double MaxPower(TimeHorizon) ;
    	double MinPower(TimeHorizon) ;
    	double StartUpCost ;
    	double LinearTerm ;
    	double MinUpTime ;
    	double MinDownTime ;
    	double InitUpDownTime ;
    	double InertiaCommitment ;

    // group attributes:
    		:type = "ThermalUnitBlock" ;
    data:

     InitialPower = 1.6 ;

     MaxPower = 8 ;

     MinPower = 1.6 ;

     StartUpCost = 0 ;

     LinearTerm = 1 ;

     MinUpTime = 1 ;

     MinDownTime = 1 ;

     InitUpDownTime = 1 ;

     InertiaCommitment = 1 ;
    } // group UnitBlock_134

  group: UnitBlock_135 {
    variables:
    	double InitialPower ;
    	double MaxPower(TimeHorizon) ;
    	double MinPower(TimeHorizon) ;
    	double StartUpCost ;
    	double LinearTerm ;
    	double MinUpTime ;
    	double MinDownTime ;
    	double InitUpDownTime ;
    	double InertiaCommitment ;

    // group attributes:
    		:type = "ThermalUnitBlock" ;
    data:

     InitialPower = 1.6 ;

     MaxPower = 8 ;

     MinPower = 1.6 ;

     StartUpCost = 0 ;

     LinearTerm = 1 ;

     MinUpTime = 1 ;

     MinDownTime = 1 ;

     InitUpDownTime = 1 ;

     InertiaCommitment = 1 ;
    } // group UnitBlock_135

  group: UnitBlock_136 {
    variables:
    	double InitialPower ;
    	double MaxPower(TimeHorizon) ;
    	double MinPower(TimeHorizon) ;
    	double StartUpCost ;
    	double LinearTerm ;
    	double MinUpTime ;
    	double MinDownTime ;
    	double InitUpDownTime ;
    	double InertiaCommitment ;

    // group attributes:
    		:type = "ThermalUnitBlock" ;
    data:

     InitialPower = 7.99 ;

     MaxPower = 8.9 ;

     MinPower = 1.78 ;

     StartUpCost = 0 ;

     LinearTerm = 1 ;

     MinUpTime = 1 ;

     MinDownTime = 1 ;

     InitUpDownTime = 1 ;

     InertiaCommitment = 1 ;
    } // group UnitBlock_136

  group: UnitBlock_137 {
    variables:
    	double InitialPower ;
    	double MaxPower(TimeHorizon) ;
    	double MinPower(TimeHorizon) ;
    	double StartUpCost ;
    	double LinearTerm ;
    	double MinUpTime ;
    	double MinDownTime ;
    	double InitUpDownTime ;
    	double InertiaCommitment ;

    // group attributes:
    		:type = "ThermalUnitBlock" ;
    data:

     InitialPower = 0.19 ;

     MaxPower = 22 ;

     MinPower = 4.4 ;

     StartUpCost = 0 ;

     LinearTerm = 1 ;

     MinUpTime = 1 ;

     MinDownTime = 1 ;

     InitUpDownTime = 1 ;

     InertiaCommitment = 1 ;
    } // group UnitBlock_137

  group: UnitBlock_138 {
    variables:
    	double InitialPower ;
    	double MaxPower(TimeHorizon) ;
    	double MinPower(TimeHorizon) ;
    	double StartUpCost ;
    	double LinearTerm ;
    	double MinUpTime ;
    	double MinDownTime ;
    	double InitUpDownTime ;
    	double InertiaCommitment ;

    // group attributes:
    		:type = "ThermalUnitBlock" ;
    data:

     InitialPower = 11 ;

     MaxPower = 12 ;

     MinPower = 2.4 ;

     StartUpCost = 0 ;

     LinearTerm = 1 ;

     MinUpTime = 1 ;

     MinDownTime = 1 ;

     InitUpDownTime = 1 ;

     InertiaCommitment = 1 ;
    } // group UnitBlock_138

  group: UnitBlock_139 {
    variables:
    	double InitialPower ;
    	double MaxPower(TimeHorizon) ;
    	double MinPower(TimeHorizon) ;
    	double StartUpCost ;
    	double LinearTerm ;
    	double MinUpTime ;
    	double MinDownTime ;
    	double InitUpDownTime ;
    	double InertiaCommitment ;

    // group attributes:
    		:type = "ThermalUnitBlock" ;
    data:

     InitialPower = 14.99 ;

     MaxPower = 16 ;

     MinPower = 3.2 ;

     StartUpCost = 0 ;

     LinearTerm = 1 ;

     MinUpTime = 1 ;

     MinDownTime = 1 ;

     InitUpDownTime = 1 ;

     InertiaCommitment = 1 ;
    } // group UnitBlock_139

  group: UnitBlock_140 {
    variables:
    	double InitialPower ;
    	double MaxPower(TimeHorizon) ;
    	double MinPower(TimeHorizon) ;
    	double StartUpCost ;
    	double LinearTerm ;
    	double MinUpTime ;
    	double MinDownTime ;
    	double InitUpDownTime ;
    	double InertiaCommitment ;

    // group attributes:
    		:type = "ThermalUnitBlock" ;
    data:

     InitialPower = 15.99 ;

     MaxPower = 16.8 ;

     MinPower = 3.36 ;

     StartUpCost = 0 ;

     LinearTerm = 1 ;

     MinUpTime = 1 ;

     MinDownTime = 1 ;

     InitUpDownTime = 1 ;

     InertiaCommitment = 1 ;
    } // group UnitBlock_140

  group: UnitBlock_141 {
    variables:
    	double InitialPower ;
    	double MaxPower(TimeHorizon) ;
    	double MinPower(TimeHorizon) ;
    	double StartUpCost ;
    	double LinearTerm ;
    	double MinUpTime ;
    	double MinDownTime ;
    	double InitUpDownTime ;
    	double InertiaCommitment ;

    // group attributes:
    		:type = "ThermalUnitBlock" ;
    data:

     InitialPower = 5.58 ;

     MaxPower = 6.7 ;

     MinPower = 1.34 ;

     StartUpCost = 0 ;

     LinearTerm = 1 ;

     MinUpTime = 1 ;

     MinDownTime = 1 ;

     InitUpDownTime = 1 ;

     InertiaCommitment = 1 ;
    } // group UnitBlock_141

  group: UnitBlock_142 {
    variables:
    	double InitialPower ;
    	double MaxPower(TimeHorizon) ;
    	double MinPower(TimeHorizon) ;
    	double StartUpCost ;
    	double LinearTerm ;
    	double MinUpTime ;
    	double MinDownTime ;
    	double InitUpDownTime ;
    	double InertiaCommitment ;

    // group attributes:
    		:type = "ThermalUnitBlock" ;
    data:

     InitialPower = 1.26 ;

     MaxPower = 5.6 ;

     MinPower = 1.12 ;

     StartUpCost = 0 ;

     LinearTerm = 1 ;

     MinUpTime = 1 ;

     MinDownTime = 1 ;

     InitUpDownTime = 1 ;

     InertiaCommitment = 1 ;
    } // group UnitBlock_142

  group: UnitBlock_143 {
    variables:
    	double InitialPower ;
    	double MaxPower(TimeHorizon) ;
    	double MinPower(TimeHorizon) ;
    	double StartUpCost ;
    	double LinearTerm ;
    	double MinUpTime ;
    	double MinDownTime ;
    	double InitUpDownTime ;
    	double InertiaCommitment ;

    // group attributes:
    		:type = "ThermalUnitBlock" ;
    data:

     InitialPower = 9 ;

     MaxPower = 10 ;

     MinPower = 2 ;

     StartUpCost = 0 ;

     LinearTerm = 1 ;

     MinUpTime = 1 ;

     MinDownTime = 1 ;

     InitUpDownTime = 1 ;

     InertiaCommitment = 1 ;
    } // group UnitBlock_143

  group: UnitBlock_144 {
    variables:
    	double InitialPower ;
    	double MaxPower(TimeHorizon) ;
    	double MinPower(TimeHorizon) ;
    	double StartUpCost ;
    	double LinearTerm ;
    	double MinUpTime ;
    	double MinDownTime ;
    	double InitUpDownTime ;
    	double InertiaCommitment ;

    // group attributes:
    		:type = "ThermalUnitBlock" ;
    data:

     InitialPower = 9 ;

     MaxPower = 10 ;

     MinPower = 2 ;

     StartUpCost = 0 ;

     LinearTerm = 1 ;

     MinUpTime = 1 ;

     MinDownTime = 1 ;

     InitUpDownTime = 1 ;

     InertiaCommitment = 1 ;
    } // group UnitBlock_144

  group: UnitBlock_145 {
    variables:
    	double InitialPower ;
    	double MaxPower(TimeHorizon) ;
    	double MinPower(TimeHorizon) ;
    	double StartUpCost ;
    	double LinearTerm ;
    	double MinUpTime ;
    	double MinDownTime ;
    	double InitUpDownTime ;
    	double InertiaCommitment ;

    // group attributes:
    		:type = "ThermalUnitBlock" ;
    data:

     InitialPower = 22 ;

     MaxPower = 23.4 ;

     MinPower = 4.68 ;

     StartUpCost = 0 ;

     LinearTerm = 1 ;

     MinUpTime = 1 ;

     MinDownTime = 1 ;

     InitUpDownTime = 1 ;

     InertiaCommitment = 1 ;
    } // group UnitBlock_145

  group: UnitBlock_146 {
    variables:
    	double InitialPower ;
    	double MaxPower(TimeHorizon) ;
    	double MinPower(TimeHorizon) ;
    	double StartUpCost ;
    	double LinearTerm ;
    	double MinUpTime ;
    	double MinDownTime ;
    	double InitUpDownTime ;
    	double InertiaCommitment ;

    // group attributes:
    		:type = "ThermalUnitBlock" ;
    data:

     InitialPower = 5.2 ;

     MaxPower = 26 ;

     MinPower = 5.2 ;

     StartUpCost = 0 ;

     LinearTerm = 1 ;

     MinUpTime = 1 ;

     MinDownTime = 1 ;

     InitUpDownTime = 1 ;

     InertiaCommitment = 1 ;
    } // group UnitBlock_146

  group: UnitBlock_147 {
    variables:
    	double InitialPower ;
    	double MaxPower(TimeHorizon) ;
    	double MinPower(TimeHorizon) ;
    	double StartUpCost ;
    	double LinearTerm ;
    	double MinUpTime ;
    	double MinDownTime ;
    	double InitUpDownTime ;
    	double InertiaCommitment ;

    // group attributes:
    		:type = "ThermalUnitBlock" ;
    data:

     InitialPower = 5.2 ;

     MaxPower = 26 ;

     MinPower = 5.2 ;

     StartUpCost = 0 ;

     LinearTerm = 1 ;

     MinUpTime = 1 ;

     MinDownTime = 1 ;

     InitUpDownTime = 1 ;

     InertiaCommitment = 1 ;
    } // group UnitBlock_147

  group: UnitBlock_148 {
    variables:
    	double InitialPower ;
    	double MaxPower(TimeHorizon) ;
    	double MinPower(TimeHorizon) ;
    	double StartUpCost ;
    	double LinearTerm ;
    	double MinUpTime ;
    	double MinDownTime ;
    	double InitUpDownTime ;
    	double InertiaCommitment ;

    // group attributes:
    		:type = "ThermalUnitBlock" ;
    data:

     InitialPower = 0.95 ;

     MaxPower = 2.5 ;

     MinPower = 0 ;

     StartUpCost = 0 ;

     LinearTerm = 1 ;

     MinUpTime = 1 ;

     MinDownTime = 1 ;

     InitUpDownTime = 1 ;

     InertiaCommitment = 1 ;
    } // group UnitBlock_148

  group: UnitBlock_149 {
    variables:
    	double InitialPower ;
    	double MaxPower(TimeHorizon) ;
    	double MinPower(TimeHorizon) ;
    	double StartUpCost ;
    	double LinearTerm ;
    	double MinUpTime ;
    	double MinDownTime ;
    	double InitUpDownTime ;
    	double InertiaCommitment ;

    // group attributes:
    		:type = "ThermalUnitBlock" ;
    data:

     InitialPower = 4.85 ;

     MaxPower = 11 ;

     MinPower = 2.2 ;

     StartUpCost = 0 ;

     LinearTerm = 1 ;

     MinUpTime = 1 ;

     MinDownTime = 1 ;

     InitUpDownTime = 1 ;

     InertiaCommitment = 1 ;
    } // group UnitBlock_149

  group: UnitBlock_150 {
    variables:
    	double InitialPower ;
    	double MaxPower(TimeHorizon) ;
    	double MinPower(TimeHorizon) ;
    	double StartUpCost ;
    	double LinearTerm ;
    	double MinUpTime ;
    	double MinDownTime ;
    	double InitUpDownTime ;
    	double InertiaCommitment ;

    // group attributes:
    		:type = "ThermalUnitBlock" ;
    data:

     InitialPower = 6 ;

     MaxPower = 30 ;

     MinPower = 6 ;

     StartUpCost = 0 ;

     LinearTerm = 1 ;

     MinUpTime = 1 ;

     MinDownTime = 1 ;

     InitUpDownTime = 1 ;

     InertiaCommitment = 1 ;
    } // group UnitBlock_150

  group: UnitBlock_151 {
    variables:
    	double InitialPower ;
    	double MaxPower(TimeHorizon) ;
    	double MinPower(TimeHorizon) ;
    	double StartUpCost ;
    	double LinearTerm ;
    	double MinUpTime ;
    	double MinDownTime ;
    	double InitUpDownTime ;
    	double InertiaCommitment ;

    // group attributes:
    		:type = "ThermalUnitBlock" ;
    data:

     InitialPower = 21.64 ;

     MaxPower = 30 ;

     MinPower = 6 ;

     StartUpCost = 0 ;

     LinearTerm = 1 ;

     MinUpTime = 1 ;

     MinDownTime = 1 ;

     InitUpDownTime = 1 ;

     InertiaCommitment = 1 ;
    } // group UnitBlock_151

  group: UnitBlock_152 {
    variables:
    	double InitialPower ;
    	double MaxPower(TimeHorizon) ;
    	double MinPower(TimeHorizon) ;
    	double StartUpCost ;
    	double LinearTerm ;
    	double MinUpTime ;
    	double MinDownTime ;
    	double InitUpDownTime ;
    	double InertiaCommitment ;

    // group attributes:
    		:type = "ThermalUnitBlock" ;
    data:

     InitialPower = 0 ;

     MaxPower = 43 ;

     MinPower = 8.6 ;

     StartUpCost = 0 ;

     LinearTerm = 1 ;

     MinUpTime = 1 ;

     MinDownTime = 1 ;

     InitUpDownTime = 1 ;

     InertiaCommitment = 1 ;
    } // group UnitBlock_152

  group: UnitBlock_153 {
    variables:
    	double InitialPower ;
    	double MaxPower(TimeHorizon) ;
    	double MinPower(TimeHorizon) ;
    	double StartUpCost ;
    	double LinearTerm ;
    	double MinUpTime ;
    	double MinDownTime ;
    	double InitUpDownTime ;
    	double InertiaCommitment ;

    // group attributes:
    		:type = "ThermalUnitBlock" ;
    data:

     InitialPower = 0 ;

     MaxPower = 38 ;

     MinPower = 7.6 ;

     StartUpCost = 0 ;

     LinearTerm = 1 ;

     MinUpTime = 1 ;

     MinDownTime = 1 ;

     InitUpDownTime = 1 ;

     InertiaCommitment = 1 ;
    } // group UnitBlock_153

  group: UnitBlock_154 {
    variables:
    	double InitialPower ;
    	double MaxPower(TimeHorizon) ;
    	double MinPower(TimeHorizon) ;
    	double StartUpCost ;
    	double LinearTerm ;
    	double MinUpTime ;
    	double MinDownTime ;
    	double InitUpDownTime ;
    	double InertiaCommitment ;

    // group attributes:
    		:type = "ThermalUnitBlock" ;
    data:

     InitialPower = 15.21 ;

     MaxPower = 23.1 ;

     MinPower = 4.62 ;

     StartUpCost = 0 ;

     LinearTerm = 1 ;

     MinUpTime = 1 ;

     MinDownTime = 1 ;

     InitUpDownTime = 1 ;

     InertiaCommitment = 1 ;
    } // group UnitBlock_154

  group: UnitBlock_155 {
    variables:
    	double InitialPower ;
    	double MaxPower(TimeHorizon) ;
    	double MinPower(TimeHorizon) ;
    	double StartUpCost ;
    	double LinearTerm ;
    	double MinUpTime ;
    	double MinDownTime ;
    	double InitUpDownTime ;
    	double InertiaCommitment ;

    // group attributes:
    		:type = "ThermalUnitBlock" ;
    data:

     InitialPower = 15.21 ;

     MaxPower = 23.1 ;

     MinPower = 4.62 ;

     StartUpCost = 0 ;

     LinearTerm = 1 ;

     MinUpTime = 1 ;

     MinDownTime = 1 ;

     InitUpDownTime = 1 ;

     InertiaCommitment = 1 ;
    } // group UnitBlock_155

  group: UnitBlock_156 {
    variables:
    	double InitialPower ;
    	double MaxPower(TimeHorizon) ;
    	double MinPower(TimeHorizon) ;
    	double StartUpCost ;
    	double LinearTerm ;
    	double MinUpTime ;
    	double MinDownTime ;
    	double InitUpDownTime ;
    	double InertiaCommitment ;

    // group attributes:
    		:type = "ThermalUnitBlock" ;
    data:

     InitialPower = 3.6 ;

     MaxPower = 18 ;

     MinPower = 3.6 ;

     StartUpCost = 0 ;

     LinearTerm = 1 ;

     MinUpTime = 1 ;

     MinDownTime = 1 ;

     InitUpDownTime = 1 ;

     InertiaCommitment = 1 ;
    } // group UnitBlock_156

  group: UnitBlock_157 {
    variables:
    	double InitialPower ;
    	double MaxPower(TimeHorizon) ;
    	double MinPower(TimeHorizon) ;
    	double StartUpCost ;
    	double LinearTerm ;
    	double MinUpTime ;
    	double MinDownTime ;
    	double InitUpDownTime ;
    	double InertiaCommitment ;

    // group attributes:
    		:type = "ThermalUnitBlock" ;
    data:

     InitialPower = 5.82 ;

     MaxPower = 10.2 ;

     MinPower = 2.04 ;

     StartUpCost = 0 ;

     LinearTerm = 1 ;

     MinUpTime = 1 ;

     MinDownTime = 1 ;

     InitUpDownTime = 1 ;

     InertiaCommitment = 1 ;
    } // group UnitBlock_157

  group: UnitBlock_158 {
    variables:
    	double InitialPower ;
    	double MaxPower(TimeHorizon) ;
    	double MinPower(TimeHorizon) ;
    	double StartUpCost ;
    	double LinearTerm ;
    	double MinUpTime ;
    	double MinDownTime ;
    	double InitUpDownTime ;
    	double InertiaCommitment ;

    // group attributes:
    		:type = "ThermalUnitBlock" ;
    data:

     InitialPower = 2.63 ;

     MaxPower = 26 ;

     MinPower = 5.2 ;

     StartUpCost = 0 ;

     LinearTerm = 1 ;

     MinUpTime = 1 ;

     MinDownTime = 1 ;

     InitUpDownTime = 1 ;

     InertiaCommitment = 1 ;
    } // group UnitBlock_158

  group: UnitBlock_159 {
    variables:
    	double InitialPower ;
    	double MaxPower(TimeHorizon) ;
    	double MinPower(TimeHorizon) ;
    	double StartUpCost ;
    	double LinearTerm ;
    	double MinUpTime ;
    	double MinDownTime ;
    	double InitUpDownTime ;
    	double InertiaCommitment ;

    // group attributes:
    		:type = "ThermalUnitBlock" ;
    data:

     InitialPower = 10.99 ;

     MaxPower = 11.5 ;

     MinPower = 2.3 ;

     StartUpCost = 0 ;

     LinearTerm = 1 ;

     MinUpTime = 1 ;

     MinDownTime = 1 ;

     InitUpDownTime = 1 ;

     InertiaCommitment = 1 ;
    } // group UnitBlock_159

  group: UnitBlock_160 {
    variables:
    	double InitialPower ;
    	double MaxPower(TimeHorizon) ;
    	double MinPower(TimeHorizon) ;
    	double StartUpCost ;
    	double LinearTerm ;
    	double MinUpTime ;
    	double MinDownTime ;
    	double InitUpDownTime ;
    	double InertiaCommitment ;

    // group attributes:
    		:type = "ThermalUnitBlock" ;
    data:

     InitialPower = 2.3 ;

     MaxPower = 11.5 ;

     MinPower = 2.3 ;

     StartUpCost = 0 ;

     LinearTerm = 1 ;

     MinUpTime = 1 ;

     MinDownTime = 1 ;

     InitUpDownTime = 1 ;

     InertiaCommitment = 1 ;
    } // group UnitBlock_160

  group: UnitBlock_161 {
    variables:
    	double InitialPower ;
    	double MaxPower(TimeHorizon) ;
    	double MinPower(TimeHorizon) ;
    	double StartUpCost ;
    	double LinearTerm ;
    	double MinUpTime ;
    	double MinDownTime ;
    	double InitUpDownTime ;
    	double InertiaCommitment ;

    // group attributes:
    		:type = "ThermalUnitBlock" ;
    data:

     InitialPower = 11.99 ;

     MaxPower = 13 ;

     MinPower = 2.6 ;

     StartUpCost = 0 ;

     LinearTerm = 1 ;

     MinUpTime = 1 ;

     MinDownTime = 1 ;

     InitUpDownTime = 1 ;

     InertiaCommitment = 1 ;
    } // group UnitBlock_161

  group: UnitBlock_162 {
    variables:
    	double InitialPower ;
    	double MaxPower(TimeHorizon) ;
    	double MinPower(TimeHorizon) ;
    	double StartUpCost ;
    	double LinearTerm ;
    	double MinUpTime ;
    	double MinDownTime ;
    	double InitUpDownTime ;
    	double InertiaCommitment ;

    // group attributes:
    		:type = "ThermalUnitBlock" ;
    data:

     InitialPower = 10.99 ;

     MaxPower = 12 ;

     MinPower = 2.4 ;

     StartUpCost = 0 ;

     LinearTerm = 1 ;

     MinUpTime = 1 ;

     MinDownTime = 1 ;

     InitUpDownTime = 1 ;

     InertiaCommitment = 1 ;
    } // group UnitBlock_162

  group: UnitBlock_163 {
    variables:
    	double InitialPower ;
    	double MaxPower(TimeHorizon) ;
    	double MinPower(TimeHorizon) ;
    	double StartUpCost ;
    	double LinearTerm ;
    	double MinUpTime ;
    	double MinDownTime ;
    	double InitUpDownTime ;
    	double InertiaCommitment ;

    // group attributes:
    		:type = "ThermalUnitBlock" ;
    data:

     InitialPower = 21.23 ;

     MaxPower = 40 ;

     MinPower = 8 ;

     StartUpCost = 0 ;

     LinearTerm = 1 ;

     MinUpTime = 1 ;

     MinDownTime = 1 ;

     InitUpDownTime = 1 ;

     InertiaCommitment = 1 ;
    } // group UnitBlock_163

  group: UnitBlock_164 {
    variables:
    	double InitialPower ;
    	double MaxPower(TimeHorizon) ;
    	double MinPower(TimeHorizon) ;
    	double StartUpCost ;
    	double LinearTerm ;
    	double MinUpTime ;
    	double MinDownTime ;
    	double InitUpDownTime ;
    	double InertiaCommitment ;

    // group attributes:
    		:type = "ThermalUnitBlock" ;
    data:

     InitialPower = 23.65 ;

     MaxPower = 40 ;

     MinPower = 8 ;

     StartUpCost = 0 ;

     LinearTerm = 1 ;

     MinUpTime = 1 ;

     MinDownTime = 1 ;

     InitUpDownTime = 1 ;

     InertiaCommitment = 1 ;
    } // group UnitBlock_164

  group: UnitBlock_165 {
    variables:
    	double InitialPower ;
    	double MaxPower(TimeHorizon) ;
    	double MinPower(TimeHorizon) ;
    	double StartUpCost ;
    	double LinearTerm ;
    	double MinUpTime ;
    	double MinDownTime ;
    	double InitUpDownTime ;
    	double InertiaCommitment ;

    // group attributes:
    		:type = "ThermalUnitBlock" ;
    data:

     InitialPower = 23.63 ;

     MaxPower = 40 ;

     MinPower = 8 ;

     StartUpCost = 0 ;

     LinearTerm = 1 ;

     MinUpTime = 1 ;

     MinDownTime = 1 ;

     InitUpDownTime = 1 ;

     InertiaCommitment = 1 ;
    } // group UnitBlock_165

  group: UnitBlock_166 {
    variables:
    	double InitialPower ;
    	double MaxPower(TimeHorizon) ;
    	double MinPower(TimeHorizon) ;
    	double StartUpCost ;
    	double LinearTerm ;
    	double MinUpTime ;
    	double MinDownTime ;
    	double InitUpDownTime ;
    	double InertiaCommitment ;

    // group attributes:
    		:type = "ThermalUnitBlock" ;
    data:

     InitialPower = 2.4 ;

     MaxPower = 12 ;

     MinPower = 2.4 ;

     StartUpCost = 0 ;

     LinearTerm = 1 ;

     MinUpTime = 1 ;

     MinDownTime = 1 ;

     InitUpDownTime = 1 ;

     InertiaCommitment = 1 ;
    } // group UnitBlock_166

  group: UnitBlock_167 {
    variables:
    	double InitialPower ;
    	double MaxPower(TimeHorizon) ;
    	double MinPower(TimeHorizon) ;
    	double StartUpCost ;
    	double LinearTerm ;
    	double MinUpTime ;
    	double MinDownTime ;
    	double InitUpDownTime ;
    	double InertiaCommitment ;

    // group attributes:
    		:type = "ThermalUnitBlock" ;
    data:

     InitialPower = 2.4 ;

     MaxPower = 12 ;

     MinPower = 2.4 ;

     StartUpCost = 0 ;

     LinearTerm = 1 ;

     MinUpTime = 1 ;

     MinDownTime = 1 ;

     InitUpDownTime = 1 ;

     InertiaCommitment = 1 ;
    } // group UnitBlock_167

  group: UnitBlock_168 {
    variables:
    	double InitialPower ;
    	double MaxPower(TimeHorizon) ;
    	double MinPower(TimeHorizon) ;
    	double StartUpCost ;
    	double LinearTerm ;
    	double MinUpTime ;
    	double MinDownTime ;
    	double InitUpDownTime ;
    	double InertiaCommitment ;

    // group attributes:
    		:type = "ThermalUnitBlock" ;
    data:

     InitialPower = 4.35 ;

     MaxPower = 8 ;

     MinPower = 1.6 ;

     StartUpCost = 0 ;

     LinearTerm = 1 ;

     MinUpTime = 1 ;

     MinDownTime = 1 ;

     InitUpDownTime = 1 ;

     InertiaCommitment = 1 ;
    } // group UnitBlock_168

  group: UnitBlock_169 {
    variables:
    	double InitialPower ;
    	double MaxPower(TimeHorizon) ;
    	double MinPower(TimeHorizon) ;
    	double StartUpCost ;
    	double LinearTerm ;
    	double MinUpTime ;
    	double MinDownTime ;
    	double InitUpDownTime ;
    	double InertiaCommitment ;

    // group attributes:
    		:type = "ThermalUnitBlock" ;
    data:

     InitialPower = 8.8 ;

     MaxPower = 15 ;

     MinPower = 3 ;

     StartUpCost = 0 ;

     LinearTerm = 1 ;

     MinUpTime = 1 ;

     MinDownTime = 1 ;

     InitUpDownTime = 1 ;

     InertiaCommitment = 1 ;
    } // group UnitBlock_169

  group: UnitBlock_170 {
    variables:
    	double InitialPower ;
    	double MaxPower(TimeHorizon) ;
    	double MinPower(TimeHorizon) ;
    	double StartUpCost ;
    	double LinearTerm ;
    	double MinUpTime ;
    	double MinDownTime ;
    	double InitUpDownTime ;
    	double InertiaCommitment ;

    // group attributes:
    		:type = "ThermalUnitBlock" ;
    data:

     InitialPower = 9.73 ;

     MaxPower = 19 ;

     MinPower = 3.8 ;

     StartUpCost = 0 ;

     LinearTerm = 1 ;

     MinUpTime = 1 ;

     MinDownTime = 1 ;

     InitUpDownTime = 1 ;

     InertiaCommitment = 1 ;
    } // group UnitBlock_170

  group: UnitBlock_171 {
    variables:
    	double InitialPower ;
    	double MaxPower(TimeHorizon) ;
    	double MinPower(TimeHorizon) ;
    	double StartUpCost ;
    	double LinearTerm ;
    	double MinUpTime ;
    	double MinDownTime ;
    	double InitUpDownTime ;
    	double InertiaCommitment ;

    // group attributes:
    		:type = "ThermalUnitBlock" ;
    data:

     InitialPower = 9.99 ;

     MaxPower = 10.6 ;

     MinPower = 2.12 ;

     StartUpCost = 0 ;

     LinearTerm = 1 ;

     MinUpTime = 1 ;

     MinDownTime = 1 ;

     InitUpDownTime = 1 ;

     InertiaCommitment = 1 ;
    } // group UnitBlock_171

  group: UnitBlock_172 {
    variables:
    	double InitialPower ;
    	double MaxPower(TimeHorizon) ;
    	double MinPower(TimeHorizon) ;
    	double StartUpCost ;
    	double LinearTerm ;
    	double MinUpTime ;
    	double MinDownTime ;
    	double InitUpDownTime ;
    	double InertiaCommitment ;

    // group attributes:
    		:type = "ThermalUnitBlock" ;
    data:

     InitialPower = 20 ;

     MaxPower = 21.4 ;

     MinPower = 4.28 ;

     StartUpCost = 0 ;

     LinearTerm = 1 ;

     MinUpTime = 1 ;

     MinDownTime = 1 ;

     InitUpDownTime = 1 ;

     InertiaCommitment = 1 ;
    } // group UnitBlock_172

  group: UnitBlock_173 {
    variables:
    	double InitialPower ;
    	double MaxPower(TimeHorizon) ;
    	double MinPower(TimeHorizon) ;
    	double StartUpCost ;
    	double LinearTerm ;
    	double MinUpTime ;
    	double MinDownTime ;
    	double InitUpDownTime ;
    	double InertiaCommitment ;

    // group attributes:
    		:type = "ThermalUnitBlock" ;
    data:

     InitialPower = 0 ;

     MaxPower = 39 ;

     MinPower = 7.8 ;

     StartUpCost = 0 ;

     LinearTerm = 1 ;

     MinUpTime = 1 ;

     MinDownTime = 1 ;

     InitUpDownTime = 1 ;

     InertiaCommitment = 1 ;
    } // group UnitBlock_173

  group: UnitBlock_174 {
    variables:
    	double InitialPower ;
    	double MaxPower(TimeHorizon) ;
    	double MinPower(TimeHorizon) ;
    	double StartUpCost ;
    	double LinearTerm ;
    	double MinUpTime ;
    	double MinDownTime ;
    	double InitUpDownTime ;
    	double InertiaCommitment ;

    // group attributes:
    		:type = "ThermalUnitBlock" ;
    data:

     InitialPower = 16.21 ;

     MaxPower = 87 ;

     MinPower = 17.4 ;

     StartUpCost = 0 ;

     LinearTerm = 1 ;

     MinUpTime = 1 ;

     MinDownTime = 1 ;

     InitUpDownTime = 1 ;

     InertiaCommitment = 1 ;
    } // group UnitBlock_174

  group: UnitBlock_175 {
    variables:
    	double InitialPower ;
    	double MaxPower(TimeHorizon) ;
    	double MinPower(TimeHorizon) ;
    	double StartUpCost ;
    	double LinearTerm ;
    	double MinUpTime ;
    	double MinDownTime ;
    	double InitUpDownTime ;
    	double InertiaCommitment ;

    // group attributes:
    		:type = "ThermalUnitBlock" ;
    data:

     InitialPower = 15 ;

     MaxPower = 75 ;

     MinPower = 15 ;

     StartUpCost = 0 ;

     LinearTerm = 1 ;

     MinUpTime = 1 ;

     MinDownTime = 1 ;

     InitUpDownTime = 1 ;

     InertiaCommitment = 1 ;
    } // group UnitBlock_175

  group: UnitBlock_176 {
    variables:
    	double InitialPower ;
    	double MaxPower(TimeHorizon) ;
    	double MinPower(TimeHorizon) ;
    	double StartUpCost ;
    	double LinearTerm ;
    	double MinUpTime ;
    	double MinDownTime ;
    	double InitUpDownTime ;
    	double InertiaCommitment ;

    // group attributes:
    		:type = "ThermalUnitBlock" ;
    data:

     InitialPower = 15 ;

     MaxPower = 75 ;

     MinPower = 15 ;

     StartUpCost = 0 ;

     LinearTerm = 1 ;

     MinUpTime = 1 ;

     MinDownTime = 1 ;

     InitUpDownTime = 1 ;

     InertiaCommitment = 1 ;
    } // group UnitBlock_176

  group: UnitBlock_177 {
    variables:
    	double InitialPower ;
    	double MaxPower(TimeHorizon) ;
    	double MinPower(TimeHorizon) ;
    	double StartUpCost ;
    	double LinearTerm ;
    	double MinUpTime ;
    	double MinDownTime ;
    	double InitUpDownTime ;
    	double InertiaCommitment ;

    // group attributes:
    		:type = "ThermalUnitBlock" ;
    data:

     InitialPower = 15 ;

     MaxPower = 75 ;

     MinPower = 15 ;

     StartUpCost = 0 ;

     LinearTerm = 1 ;

     MinUpTime = 1 ;

     MinDownTime = 1 ;

     InitUpDownTime = 1 ;

     InertiaCommitment = 1 ;
    } // group UnitBlock_177

  group: UnitBlock_178 {
    variables:
    	double InitialPower ;
    	double MaxPower(TimeHorizon) ;
    	double MinPower(TimeHorizon) ;
    	double StartUpCost ;
    	double LinearTerm ;
    	double MinUpTime ;
    	double MinDownTime ;
    	double InitUpDownTime ;
    	double InertiaCommitment ;

    // group attributes:
    		:type = "ThermalUnitBlock" ;
    data:

     InitialPower = 15 ;

     MaxPower = 75 ;

     MinPower = 15 ;

     StartUpCost = 0 ;

     LinearTerm = 1 ;

     MinUpTime = 1 ;

     MinDownTime = 1 ;

     InitUpDownTime = 1 ;

     InertiaCommitment = 1 ;
    } // group UnitBlock_178

  group: UnitBlock_179 {
    variables:
    	double InitialPower ;
    	double MaxPower(TimeHorizon) ;
    	double MinPower(TimeHorizon) ;
    	double StartUpCost ;
    	double LinearTerm ;
    	double MinUpTime ;
    	double MinDownTime ;
    	double InitUpDownTime ;
    	double InertiaCommitment ;

    // group attributes:
    		:type = "ThermalUnitBlock" ;
    data:

     InitialPower = -0.68 ;

     MaxPower = 41.4 ;

     MinPower = 8.28 ;

     StartUpCost = 0 ;

     LinearTerm = 1 ;

     MinUpTime = 1 ;

     MinDownTime = 1 ;

     InitUpDownTime = 1 ;

     InertiaCommitment = 1 ;
    } // group UnitBlock_179

  group: UnitBlock_180 {
    variables:
    	double InitialPower ;
    	double MaxPower(TimeHorizon) ;
    	double MinPower(TimeHorizon) ;
    	double StartUpCost ;
    	double LinearTerm ;
    	double MinUpTime ;
    	double MinDownTime ;
    	double InitUpDownTime ;
    	double InertiaCommitment ;

    // group attributes:
    		:type = "ThermalUnitBlock" ;
    data:

     InitialPower = 6.07 ;

     MaxPower = 6.68 ;

     MinPower = 1.34 ;

     StartUpCost = 0 ;

     LinearTerm = 1 ;

     MinUpTime = 1 ;

     MinDownTime = 1 ;

     InitUpDownTime = 1 ;

     InertiaCommitment = 1 ;
    } // group UnitBlock_180

  group: UnitBlock_181 {
    variables:
    	double InitialPower ;
    	double MaxPower(TimeHorizon) ;
    	double MinPower(TimeHorizon) ;
    	double StartUpCost ;
    	double LinearTerm ;
    	double MinUpTime ;
    	double MinDownTime ;
    	double InitUpDownTime ;
    	double InertiaCommitment ;

    // group attributes:
    		:type = "ThermalUnitBlock" ;
    data:

     InitialPower = 3 ;

     MaxPower = 15 ;

     MinPower = 3 ;

     StartUpCost = 0 ;

     LinearTerm = 1 ;

     MinUpTime = 1 ;

     MinDownTime = 1 ;

     InitUpDownTime = 1 ;

     InertiaCommitment = 1 ;
    } // group UnitBlock_181

  group: UnitBlock_182 {
    variables:
    	double InitialPower ;
    	double MaxPower(TimeHorizon) ;
    	double MinPower(TimeHorizon) ;
    	double StartUpCost ;
    	double LinearTerm ;
    	double MinUpTime ;
    	double MinDownTime ;
    	double InitUpDownTime ;
    	double InertiaCommitment ;

    // group attributes:
    		:type = "ThermalUnitBlock" ;
    data:

     InitialPower = 3.01 ;

     MaxPower = 15 ;

     MinPower = 3 ;

     StartUpCost = 0 ;

     LinearTerm = 1 ;

     MinUpTime = 1 ;

     MinDownTime = 1 ;

     InitUpDownTime = 1 ;

     InertiaCommitment = 1 ;
    } // group UnitBlock_182

  group: UnitBlock_183 {
    variables:
    	double InitialPower ;
    	double MaxPower(TimeHorizon) ;
    	double MinPower(TimeHorizon) ;
    	double StartUpCost ;
    	double LinearTerm ;
    	double MinUpTime ;
    	double MinDownTime ;
    	double InitUpDownTime ;
    	double InertiaCommitment ;

    // group attributes:
    		:type = "ThermalUnitBlock" ;
    data:

     InitialPower = 0.48 ;

     MaxPower = 1 ;

     MinPower = 0 ;

     StartUpCost = 0 ;

     LinearTerm = 1 ;

     MinUpTime = 1 ;

     MinDownTime = 1 ;

     InitUpDownTime = 1 ;

     InertiaCommitment = 1 ;
    } // group UnitBlock_183

  group: UnitBlock_184 {
    variables:
    	double InitialPower ;
    	double MaxPower(TimeHorizon) ;
    	double MinPower(TimeHorizon) ;
    	double StartUpCost ;
    	double LinearTerm ;
    	double MinUpTime ;
    	double MinDownTime ;
    	double InitUpDownTime ;
    	double InertiaCommitment ;

    // group attributes:
    		:type = "ThermalUnitBlock" ;
    data:

     InitialPower = 0.48 ;

     MaxPower = 1 ;

     MinPower = 0 ;

     StartUpCost = 0 ;

     LinearTerm = 1 ;

     MinUpTime = 1 ;

     MinDownTime = 1 ;

     InitUpDownTime = 1 ;

     InertiaCommitment = 1 ;
    } // group UnitBlock_184

  group: UnitBlock_185 {
    variables:
    	double InitialPower ;
    	double MaxPower(TimeHorizon) ;
    	double MinPower(TimeHorizon) ;
    	double StartUpCost ;
    	double LinearTerm ;
    	double MinUpTime ;
    	double MinDownTime ;
    	double InitUpDownTime ;
    	double InertiaCommitment ;

    // group attributes:
    		:type = "ThermalUnitBlock" ;
    data:

     InitialPower = 0.48 ;

     MaxPower = 1 ;

     MinPower = 0 ;

     StartUpCost = 0 ;

     LinearTerm = 1 ;

     MinUpTime = 1 ;

     MinDownTime = 1 ;

     InitUpDownTime = 1 ;

     InertiaCommitment = 1 ;
    } // group UnitBlock_185

  group: UnitBlock_186 {
    variables:
    	double InitialPower ;
    	double MaxPower(TimeHorizon) ;
    	double MinPower(TimeHorizon) ;
    	double StartUpCost ;
    	double LinearTerm ;
    	double MinUpTime ;
    	double MinDownTime ;
    	double InitUpDownTime ;
    	double InertiaCommitment ;

    // group attributes:
    		:type = "ThermalUnitBlock" ;
    data:

     InitialPower = 1.02 ;

     MaxPower = 1.7 ;

     MinPower = 0 ;

     StartUpCost = 0 ;

     LinearTerm = 1 ;

     MinUpTime = 1 ;

     MinDownTime = 1 ;

     InitUpDownTime = 1 ;

     InertiaCommitment = 1 ;
    } // group UnitBlock_186

  group: UnitBlock_187 {
    variables:
    	double InitialPower ;
    	double MaxPower(TimeHorizon) ;
    	double MinPower(TimeHorizon) ;
    	double StartUpCost ;
    	double LinearTerm ;
    	double MinUpTime ;
    	double MinDownTime ;
    	double InitUpDownTime ;
    	double InertiaCommitment ;

    // group attributes:
    		:type = "ThermalUnitBlock" ;
    data:

     InitialPower = 17.23 ;

     MaxPower = 22.6 ;

     MinPower = 4.52 ;

     StartUpCost = 0 ;

     LinearTerm = 1 ;

     MinUpTime = 1 ;

     MinDownTime = 1 ;

     InitUpDownTime = 1 ;

     InertiaCommitment = 1 ;
    } // group UnitBlock_187

  group: UnitBlock_188 {
    variables:
    	double InitialPower ;
    	double MaxPower(TimeHorizon) ;
    	double MinPower(TimeHorizon) ;
    	double StartUpCost ;
    	double LinearTerm ;
    	double MinUpTime ;
    	double MinDownTime ;
    	double InitUpDownTime ;
    	double InertiaCommitment ;

    // group attributes:
    		:type = "ThermalUnitBlock" ;
    data:

     InitialPower = 13.99 ;

     MaxPower = 15 ;

     MinPower = 3 ;

     StartUpCost = 0 ;

     LinearTerm = 1 ;

     MinUpTime = 1 ;

     MinDownTime = 1 ;

     InitUpDownTime = 1 ;

     InertiaCommitment = 1 ;
    } // group UnitBlock_188

  group: UnitBlock_189 {
    variables:
    	double InitialPower ;
    	double MaxPower(TimeHorizon) ;
    	double MinPower(TimeHorizon) ;
    	double StartUpCost ;
    	double LinearTerm ;
    	double MinUpTime ;
    	double MinDownTime ;
    	double InitUpDownTime ;
    	double InertiaCommitment ;

    // group attributes:
    		:type = "ThermalUnitBlock" ;
    data:

     InitialPower = 5 ;

     MaxPower = 50 ;

     MinPower = 5 ;

     StartUpCost = 0 ;

     LinearTerm = 1 ;

     MinUpTime = 1 ;

     MinDownTime = 1 ;

     InitUpDownTime = 1 ;

     InertiaCommitment = 1 ;
    } // group UnitBlock_189

  group: UnitBlock_190 {
    variables:
    	double InitialPower ;
    	double MaxPower(TimeHorizon) ;
    	double MinPower(TimeHorizon) ;
    	double StartUpCost ;
    	double LinearTerm ;
    	double MinUpTime ;
    	double MinDownTime ;
    	double InitUpDownTime ;
    	double InertiaCommitment ;

    // group attributes:
    		:type = "ThermalUnitBlock" ;
    data:

     InitialPower = 2.43 ;

     MaxPower = 23.5 ;

     MinPower = 4.7 ;

     StartUpCost = 0 ;

     LinearTerm = 1 ;

     MinUpTime = 1 ;

     MinDownTime = 1 ;

     InitUpDownTime = 1 ;

     InertiaCommitment = 1 ;
    } // group UnitBlock_190

  group: UnitBlock_191 {
    variables:
    	double InitialPower ;
    	double MaxPower(TimeHorizon) ;
    	double MinPower(TimeHorizon) ;
    	double StartUpCost ;
    	double LinearTerm ;
    	double MinUpTime ;
    	double MinDownTime ;
    	double InitUpDownTime ;
    	double InertiaCommitment ;

    // group attributes:
    		:type = "ThermalUnitBlock" ;
    data:

     InitialPower = -5.91 ;

     MaxPower = 0 ;

     MinPower = -7 ;

     StartUpCost = 0 ;

     LinearTerm = 1 ;

     MinUpTime = 1 ;

     MinDownTime = 1 ;

     InitUpDownTime = 1 ;

     InertiaCommitment = 1 ;
    } // group UnitBlock_191

  group: UnitBlock_192 {
    variables:
    	double InitialPower ;
    	double MaxPower(TimeHorizon) ;
    	double MinPower(TimeHorizon) ;
    	double StartUpCost ;
    	double LinearTerm ;
    	double MinUpTime ;
    	double MinDownTime ;
    	double InitUpDownTime ;
    	double InertiaCommitment ;

    // group attributes:
    		:type = "ThermalUnitBlock" ;
    data:

     InitialPower = -5.91 ;

     MaxPower = 0 ;

     MinPower = -7 ;

     StartUpCost = 0 ;

     LinearTerm = 1 ;

     MinUpTime = 1 ;

     MinDownTime = 1 ;

     InitUpDownTime = 1 ;

     InertiaCommitment = 1 ;
    } // group UnitBlock_192

  group: UnitBlock_193 {
    variables:
    	double InitialPower ;
    	double MaxPower(TimeHorizon) ;
    	double MinPower(TimeHorizon) ;
    	double StartUpCost ;
    	double LinearTerm ;
    	double MinUpTime ;
    	double MinDownTime ;
    	double InitUpDownTime ;
    	double InertiaCommitment ;

    // group attributes:
    		:type = "ThermalUnitBlock" ;
    data:

     InitialPower = -1.27 ;

     MaxPower = 21 ;

     MinPower = 4.2 ;

     StartUpCost = 0 ;

     LinearTerm = 1 ;

     MinUpTime = 1 ;

     MinDownTime = 1 ;

     InitUpDownTime = 1 ;

     InertiaCommitment = 1 ;
    } // group UnitBlock_193

  group: UnitBlock_194 {
    variables:
    	double InitialPower ;
    	double MaxPower(TimeHorizon) ;
    	double MinPower(TimeHorizon) ;
    	double StartUpCost ;
    	double LinearTerm ;
    	double MinUpTime ;
    	double MinDownTime ;
    	double InitUpDownTime ;
    	double InertiaCommitment ;

    // group attributes:
    		:type = "ThermalUnitBlock" ;
    data:

     InitialPower = 8.99 ;

     MaxPower = 9.6 ;

     MinPower = 1.92 ;

     StartUpCost = 0 ;

     LinearTerm = 1 ;

     MinUpTime = 1 ;

     MinDownTime = 1 ;

     InitUpDownTime = 1 ;

     InertiaCommitment = 1 ;
    } // group UnitBlock_194

  group: UnitBlock_195 {
    variables:
    	double InitialPower ;
    	double MaxPower(TimeHorizon) ;
    	double MinPower(TimeHorizon) ;
    	double StartUpCost ;
    	double LinearTerm ;
    	double MinUpTime ;
    	double MinDownTime ;
    	double InitUpDownTime ;
    	double InertiaCommitment ;

    // group attributes:
    		:type = "ThermalUnitBlock" ;
    data:

     InitialPower = 24 ;

     MaxPower = 25 ;

     MinPower = 5 ;

     StartUpCost = 0 ;

     LinearTerm = 1 ;

     MinUpTime = 1 ;

     MinDownTime = 1 ;

     InitUpDownTime = 1 ;

     InertiaCommitment = 1 ;
    } // group UnitBlock_195

  group: UnitBlock_196 {
    variables:
    	double InitialPower ;
    	double MaxPower(TimeHorizon) ;
    	double MinPower(TimeHorizon) ;
    	double StartUpCost ;
    	double LinearTerm ;
    	double MinUpTime ;
    	double MinDownTime ;
    	double InitUpDownTime ;
    	double InertiaCommitment ;

    // group attributes:
    		:type = "ThermalUnitBlock" ;
    data:

     InitialPower = 8.4 ;

     MaxPower = 42 ;

     MinPower = 8.4 ;

     StartUpCost = 0 ;

     LinearTerm = 1 ;

     MinUpTime = 1 ;

     MinDownTime = 1 ;

     InitUpDownTime = 1 ;

     InertiaCommitment = 1 ;
    } // group UnitBlock_196

  group: UnitBlock_197 {
    variables:
    	double InitialPower ;
    	double MaxPower(TimeHorizon) ;
    	double MinPower(TimeHorizon) ;
    	double StartUpCost ;
    	double LinearTerm ;
    	double MinUpTime ;
    	double MinDownTime ;
    	double InitUpDownTime ;
    	double InertiaCommitment ;

    // group attributes:
    		:type = "ThermalUnitBlock" ;
    data:

     InitialPower = 8.4 ;

     MaxPower = 42 ;

     MinPower = 8.4 ;

     StartUpCost = 0 ;

     LinearTerm = 1 ;

     MinUpTime = 1 ;

     MinDownTime = 1 ;

     InitUpDownTime = 1 ;

     InertiaCommitment = 1 ;
    } // group UnitBlock_197

  group: UnitBlock_198 {
    variables:
    	double InitialPower ;
    	double MaxPower(TimeHorizon) ;
    	double MinPower(TimeHorizon) ;
    	double StartUpCost ;
    	double LinearTerm ;
    	double MinUpTime ;
    	double MinDownTime ;
    	double InitUpDownTime ;
    	double InertiaCommitment ;

    // group attributes:
    		:type = "ThermalUnitBlock" ;
    data:

     InitialPower = 2.2 ;

     MaxPower = 11 ;

     MinPower = 2.2 ;

     StartUpCost = 0 ;

     LinearTerm = 1 ;

     MinUpTime = 1 ;

     MinDownTime = 1 ;

     InitUpDownTime = 1 ;

     InertiaCommitment = 1 ;
    } // group UnitBlock_198

  group: UnitBlock_199 {
    variables:
    	double InitialPower ;
    	double MaxPower(TimeHorizon) ;
    	double MinPower(TimeHorizon) ;
    	double StartUpCost ;
    	double LinearTerm ;
    	double MinUpTime ;
    	double MinDownTime ;
    	double InitUpDownTime ;
    	double InertiaCommitment ;

    // group attributes:
    		:type = "ThermalUnitBlock" ;
    data:

     InitialPower = 2.2 ;

     MaxPower = 11 ;

     MinPower = 2.2 ;

     StartUpCost = 0 ;

     LinearTerm = 1 ;

     MinUpTime = 1 ;

     MinDownTime = 1 ;

     InitUpDownTime = 1 ;

     InertiaCommitment = 1 ;
    } // group UnitBlock_199

  group: UnitBlock_200 {
    variables:
    	double InitialPower ;
    	double MaxPower(TimeHorizon) ;
    	double MinPower(TimeHorizon) ;
    	double StartUpCost ;
    	double LinearTerm ;
    	double MinUpTime ;
    	double MinDownTime ;
    	double InitUpDownTime ;
    	double InertiaCommitment ;

    // group attributes:
    		:type = "ThermalUnitBlock" ;
    data:

     InitialPower = 11.12 ;

     MaxPower = 12 ;

     MinPower = 2.4 ;

     StartUpCost = 0 ;

     LinearTerm = 1 ;

     MinUpTime = 1 ;

     MinDownTime = 1 ;

     InitUpDownTime = 1 ;

     InertiaCommitment = 1 ;
    } // group UnitBlock_200

  group: UnitBlock_201 {
    variables:
    	double InitialPower ;
    	double MaxPower(TimeHorizon) ;
    	double MinPower(TimeHorizon) ;
    	double StartUpCost ;
    	double LinearTerm ;
    	double MinUpTime ;
    	double MinDownTime ;
    	double InitUpDownTime ;
    	double InertiaCommitment ;

    // group attributes:
    		:type = "ThermalUnitBlock" ;
    data:

     InitialPower = 10 ;

     MaxPower = 50 ;

     MinPower = 10 ;

     StartUpCost = 0 ;

     LinearTerm = 1 ;

     MinUpTime = 1 ;

     MinDownTime = 1 ;

     InitUpDownTime = 1 ;

     InertiaCommitment = 1 ;
    } // group UnitBlock_201

  group: UnitBlock_202 {
    variables:
    	double InitialPower ;
    	double MaxPower(TimeHorizon) ;
    	double MinPower(TimeHorizon) ;
    	double StartUpCost ;
    	double LinearTerm ;
    	double MinUpTime ;
    	double MinDownTime ;
    	double InitUpDownTime ;
    	double InertiaCommitment ;

    // group attributes:
    		:type = "ThermalUnitBlock" ;
    data:

     InitialPower = 8 ;

     MaxPower = 40 ;

     MinPower = 8 ;

     StartUpCost = 0 ;

     LinearTerm = 1 ;

     MinUpTime = 1 ;

     MinDownTime = 1 ;

     InitUpDownTime = 1 ;

     InertiaCommitment = 1 ;
    } // group UnitBlock_202

  group: UnitBlock_203 {
    variables:
    	double InitialPower ;
    	double MaxPower(TimeHorizon) ;
    	double MinPower(TimeHorizon) ;
    	double StartUpCost ;
    	double LinearTerm ;
    	double MinUpTime ;
    	double MinDownTime ;
    	double InitUpDownTime ;
    	double InertiaCommitment ;

    // group attributes:
    		:type = "ThermalUnitBlock" ;
    data:

     InitialPower = 10.14 ;

     MaxPower = 13.8 ;

     MinPower = 2.76 ;

     StartUpCost = 0 ;

     LinearTerm = 1 ;

     MinUpTime = 1 ;

     MinDownTime = 1 ;

     InitUpDownTime = 1 ;

     InertiaCommitment = 1 ;
    } // group UnitBlock_203

  group: UnitBlock_204 {
    variables:
    	double InitialPower ;
    	double MaxPower(TimeHorizon) ;
    	double MinPower(TimeHorizon) ;
    	double StartUpCost ;
    	double LinearTerm ;
    	double MinUpTime ;
    	double MinDownTime ;
    	double InitUpDownTime ;
    	double InertiaCommitment ;

    // group attributes:
    		:type = "ThermalUnitBlock" ;
    data:

     InitialPower = 11.15 ;

     MaxPower = 15 ;

     MinPower = 3 ;

     StartUpCost = 0 ;

     LinearTerm = 1 ;

     MinUpTime = 1 ;

     MinDownTime = 1 ;

     InitUpDownTime = 1 ;

     InertiaCommitment = 1 ;
    } // group UnitBlock_204

  group: UnitBlock_205 {
    variables:
    	double InitialPower ;
    	double MaxPower(TimeHorizon) ;
    	double MinPower(TimeHorizon) ;
    	double StartUpCost ;
    	double LinearTerm ;
    	double MinUpTime ;
    	double MinDownTime ;
    	double InitUpDownTime ;
    	double InertiaCommitment ;

    // group attributes:
    		:type = "ThermalUnitBlock" ;
    data:

     InitialPower = 24.32 ;

     MaxPower = 39 ;

     MinPower = 7.8 ;

     StartUpCost = 0 ;

     LinearTerm = 1 ;

     MinUpTime = 1 ;

     MinDownTime = 1 ;

     InitUpDownTime = 1 ;

     InertiaCommitment = 1 ;
    } // group UnitBlock_205

  group: UnitBlock_206 {
    variables:
    	double InitialPower ;
    	double MaxPower(TimeHorizon) ;
    	double MinPower(TimeHorizon) ;
    	double StartUpCost ;
    	double LinearTerm ;
    	double MinUpTime ;
    	double MinDownTime ;
    	double InitUpDownTime ;
    	double InertiaCommitment ;

    // group attributes:
    		:type = "ThermalUnitBlock" ;
    data:

     InitialPower = 25.99 ;

     MaxPower = 55.4 ;

     MinPower = 11.08 ;

     StartUpCost = 0 ;

     LinearTerm = 1 ;

     MinUpTime = 1 ;

     MinDownTime = 1 ;

     InitUpDownTime = 1 ;

     InertiaCommitment = 1 ;
    } // group UnitBlock_206

  group: UnitBlock_207 {
    variables:
    	double InitialPower ;
    	double MaxPower(TimeHorizon) ;
    	double MinPower(TimeHorizon) ;
    	double StartUpCost ;
    	double LinearTerm ;
    	double MinUpTime ;
    	double MinDownTime ;
    	double InitUpDownTime ;
    	double InertiaCommitment ;

    // group attributes:
    		:type = "ThermalUnitBlock" ;
    data:

     InitialPower = -0.41 ;

     MaxPower = 40.8 ;

     MinPower = 8.16 ;

     StartUpCost = 0 ;

     LinearTerm = 1 ;

     MinUpTime = 1 ;

     MinDownTime = 1 ;

     InitUpDownTime = 1 ;

     InertiaCommitment = 1 ;
    } // group UnitBlock_207

  group: UnitBlock_208 {
    variables:
    	double InitialPower ;
    	double MaxPower(TimeHorizon) ;
    	double MinPower(TimeHorizon) ;
    	double StartUpCost ;
    	double LinearTerm ;
    	double MinUpTime ;
    	double MinDownTime ;
    	double InitUpDownTime ;
    	double InertiaCommitment ;

    // group attributes:
    		:type = "ThermalUnitBlock" ;
    data:

     InitialPower = 14.64 ;

     MaxPower = 28.9 ;

     MinPower = 5.78 ;

     StartUpCost = 0 ;

     LinearTerm = 1 ;

     MinUpTime = 1 ;

     MinDownTime = 1 ;

     InitUpDownTime = 1 ;

     InertiaCommitment = 1 ;
    } // group UnitBlock_208

  group: UnitBlock_209 {
    variables:
    	double InitialPower ;
    	double MaxPower(TimeHorizon) ;
    	double MinPower(TimeHorizon) ;
    	double StartUpCost ;
    	double LinearTerm ;
    	double MinUpTime ;
    	double MinDownTime ;
    	double InitUpDownTime ;
    	double InertiaCommitment ;

    // group attributes:
    		:type = "ThermalUnitBlock" ;
    data:

     InitialPower = 0.88 ;

     MaxPower = 2 ;

     MinPower = 0 ;

     StartUpCost = 0 ;

     LinearTerm = 1 ;

     MinUpTime = 1 ;

     MinDownTime = 1 ;

     InitUpDownTime = 1 ;

     InertiaCommitment = 1 ;
    } // group UnitBlock_209

  group: UnitBlock_210 {
    variables:
    	double InitialPower ;
    	double MaxPower(TimeHorizon) ;
    	double MinPower(TimeHorizon) ;
    	double StartUpCost ;
    	double LinearTerm ;
    	double MinUpTime ;
    	double MinDownTime ;
    	double InitUpDownTime ;
    	double InertiaCommitment ;

    // group attributes:
    		:type = "ThermalUnitBlock" ;
    data:

     InitialPower = 2.84 ;

     MaxPower = 5 ;

     MinPower = 0 ;

     StartUpCost = 0 ;

     LinearTerm = 1 ;

     MinUpTime = 1 ;

     MinDownTime = 1 ;

     InitUpDownTime = 1 ;

     InertiaCommitment = 1 ;
    } // group UnitBlock_210

  group: UnitBlock_211 {
    variables:
    	double InitialPower ;
    	double MaxPower(TimeHorizon) ;
    	double MinPower(TimeHorizon) ;
    	double StartUpCost ;
    	double LinearTerm ;
    	double MinUpTime ;
    	double MinDownTime ;
    	double InitUpDownTime ;
    	double InertiaCommitment ;

    // group attributes:
    		:type = "ThermalUnitBlock" ;
    data:

     InitialPower = 0.88 ;

     MaxPower = 2 ;

     MinPower = 0 ;

     StartUpCost = 0 ;

     LinearTerm = 1 ;

     MinUpTime = 1 ;

     MinDownTime = 1 ;

     InitUpDownTime = 1 ;

     InertiaCommitment = 1 ;
    } // group UnitBlock_211

  group: UnitBlock_212 {
    variables:
    	double InitialPower ;
    	double MaxPower(TimeHorizon) ;
    	double MinPower(TimeHorizon) ;
    	double StartUpCost ;
    	double LinearTerm ;
    	double MinUpTime ;
    	double MinDownTime ;
    	double InitUpDownTime ;
    	double InertiaCommitment ;

    // group attributes:
    		:type = "ThermalUnitBlock" ;
    data:

     InitialPower = 3.46 ;

     MaxPower = 5 ;

     MinPower = 0 ;

     StartUpCost = 0 ;

     LinearTerm = 1 ;

     MinUpTime = 1 ;

     MinDownTime = 1 ;

     InitUpDownTime = 1 ;

     InertiaCommitment = 1 ;
    } // group UnitBlock_212

  group: UnitBlock_213 {
    variables:
    	double InitialPower ;
    	double MaxPower(TimeHorizon) ;
    	double MinPower(TimeHorizon) ;
    	double StartUpCost ;
    	double LinearTerm ;
    	double MinUpTime ;
    	double MinDownTime ;
    	double InitUpDownTime ;
    	double InertiaCommitment ;

    // group attributes:
    		:type = "ThermalUnitBlock" ;
    data:

     InitialPower = 34 ;

     MaxPower = 170 ;

     MinPower = 34 ;

     StartUpCost = 0 ;

     LinearTerm = 1 ;

     MinUpTime = 1 ;

     MinDownTime = 1 ;

     InitUpDownTime = 1 ;

     InertiaCommitment = 1 ;
    } // group UnitBlock_213

  group: UnitBlock_214 {
    variables:
    	double InitialPower ;
    	double MaxPower(TimeHorizon) ;
    	double MinPower(TimeHorizon) ;
    	double StartUpCost ;
    	double LinearTerm ;
    	double MinUpTime ;
    	double MinDownTime ;
    	double InitUpDownTime ;
    	double InertiaCommitment ;

    // group attributes:
    		:type = "ThermalUnitBlock" ;
    data:

     InitialPower = 34 ;

     MaxPower = 170 ;

     MinPower = 34 ;

     StartUpCost = 0 ;

     LinearTerm = 1 ;

     MinUpTime = 1 ;

     MinDownTime = 1 ;

     InitUpDownTime = 1 ;

     InertiaCommitment = 1 ;
    } // group UnitBlock_214

  group: UnitBlock_215 {
    variables:
    	double InitialPower ;
    	double MaxPower(TimeHorizon) ;
    	double MinPower(TimeHorizon) ;
    	double StartUpCost ;
    	double LinearTerm ;
    	double MinUpTime ;
    	double MinDownTime ;
    	double InitUpDownTime ;
    	double InertiaCommitment ;

    // group attributes:
    		:type = "ThermalUnitBlock" ;
    data:

     InitialPower = 30 ;

     MaxPower = 150 ;

     MinPower = 30 ;

     StartUpCost = 0 ;

     LinearTerm = 1 ;

     MinUpTime = 1 ;

     MinDownTime = 1 ;

     InitUpDownTime = 1 ;

     InertiaCommitment = 1 ;
    } // group UnitBlock_215

  group: UnitBlock_216 {
    variables:
    	double InitialPower ;
    	double MaxPower(TimeHorizon) ;
    	double MinPower(TimeHorizon) ;
    	double StartUpCost ;
    	double LinearTerm ;
    	double MinUpTime ;
    	double MinDownTime ;
    	double InitUpDownTime ;
    	double InertiaCommitment ;

    // group attributes:
    		:type = "ThermalUnitBlock" ;
    data:

     InitialPower = 34 ;

     MaxPower = 170 ;

     MinPower = 34 ;

     StartUpCost = 0 ;

     LinearTerm = 1 ;

     MinUpTime = 1 ;

     MinDownTime = 1 ;

     InitUpDownTime = 1 ;

     InertiaCommitment = 1 ;
    } // group UnitBlock_216

  group: UnitBlock_217 {
    variables:
    	double InitialPower ;
    	double MaxPower(TimeHorizon) ;
    	double MinPower(TimeHorizon) ;
    	double StartUpCost ;
    	double LinearTerm ;
    	double MinUpTime ;
    	double MinDownTime ;
    	double InitUpDownTime ;
    	double InertiaCommitment ;

    // group attributes:
    		:type = "ThermalUnitBlock" ;
    data:

     InitialPower = 30 ;

     MaxPower = 150 ;

     MinPower = 30 ;

     StartUpCost = 0 ;

     LinearTerm = 1 ;

     MinUpTime = 1 ;

     MinDownTime = 1 ;

     InitUpDownTime = 1 ;

     InertiaCommitment = 1 ;
    } // group UnitBlock_217

  group: UnitBlock_218 {
    variables:
    	double InitialPower ;
    	double MaxPower(TimeHorizon) ;
    	double MinPower(TimeHorizon) ;
    	double StartUpCost ;
    	double LinearTerm ;
    	double MinUpTime ;
    	double MinDownTime ;
    	double InitUpDownTime ;
    	double InertiaCommitment ;

    // group attributes:
    		:type = "ThermalUnitBlock" ;
    data:

     InitialPower = 0 ;

     MaxPower = 150 ;

     MinPower = 30 ;

     StartUpCost = 0 ;

     LinearTerm = 1 ;

     MinUpTime = 1 ;

     MinDownTime = 1 ;

     InitUpDownTime = 1 ;

     InertiaCommitment = 1 ;
    } // group UnitBlock_218

  group: UnitBlock_219 {
    variables:
    	double InitialPower ;
    	double MaxPower(TimeHorizon) ;
    	double MinPower(TimeHorizon) ;
    	double StartUpCost ;
    	double LinearTerm ;
    	double MinUpTime ;
    	double MinDownTime ;
    	double InitUpDownTime ;
    	double InertiaCommitment ;

    // group attributes:
    		:type = "ThermalUnitBlock" ;
    data:

     InitialPower = 34 ;

     MaxPower = 170 ;

     MinPower = 34 ;

     StartUpCost = 0 ;

     LinearTerm = 1 ;

     MinUpTime = 1 ;

     MinDownTime = 1 ;

     InitUpDownTime = 1 ;

     InertiaCommitment = 1 ;
    } // group UnitBlock_219

  group: UnitBlock_220 {
    variables:
    	double InitialPower ;
    	double MaxPower(TimeHorizon) ;
    	double MinPower(TimeHorizon) ;
    	double StartUpCost ;
    	double LinearTerm ;
    	double MinUpTime ;
    	double MinDownTime ;
    	double InitUpDownTime ;
    	double InertiaCommitment ;

    // group attributes:
    		:type = "ThermalUnitBlock" ;
    data:

     InitialPower = 34 ;

     MaxPower = 170 ;

     MinPower = 34 ;

     StartUpCost = 0 ;

     LinearTerm = 1 ;

     MinUpTime = 1 ;

     MinDownTime = 1 ;

     InitUpDownTime = 1 ;

     InertiaCommitment = 1 ;
    } // group UnitBlock_220

  group: UnitBlock_221 {
    variables:
    	double InitialPower ;
    	double MaxPower(TimeHorizon) ;
    	double MinPower(TimeHorizon) ;
    	double StartUpCost ;
    	double LinearTerm ;
    	double MinUpTime ;
    	double MinDownTime ;
    	double InitUpDownTime ;
    	double InertiaCommitment ;

    // group attributes:
    		:type = "ThermalUnitBlock" ;
    data:

     InitialPower = 34 ;

     MaxPower = 170 ;

     MinPower = 34 ;

     StartUpCost = 0 ;

     LinearTerm = 1 ;

     MinUpTime = 1 ;

     MinDownTime = 1 ;

     InitUpDownTime = 1 ;

     InertiaCommitment = 1 ;
    } // group UnitBlock_221

  group: UnitBlock_222 {
    variables:
    	double InitialPower ;
    	double MaxPower(TimeHorizon) ;
    	double MinPower(TimeHorizon) ;
    	double StartUpCost ;
    	double LinearTerm ;
    	double MinUpTime ;
    	double MinDownTime ;
    	double InitUpDownTime ;
    	double InertiaCommitment ;

    // group attributes:
    		:type = "ThermalUnitBlock" ;
    data:

     InitialPower = 34 ;

     MaxPower = 170 ;

     MinPower = 34 ;

     StartUpCost = 0 ;

     LinearTerm = 1 ;

     MinUpTime = 1 ;

     MinDownTime = 1 ;

     InitUpDownTime = 1 ;

     InertiaCommitment = 1 ;
    } // group UnitBlock_222

  group: UnitBlock_223 {
    variables:
    	double InitialPower ;
    	double MaxPower(TimeHorizon) ;
    	double MinPower(TimeHorizon) ;
    	double StartUpCost ;
    	double LinearTerm ;
    	double MinUpTime ;
    	double MinDownTime ;
    	double InitUpDownTime ;
    	double InertiaCommitment ;

    // group attributes:
    		:type = "ThermalUnitBlock" ;
    data:

     InitialPower = 34 ;

     MaxPower = 170 ;

     MinPower = 34 ;

     StartUpCost = 0 ;

     LinearTerm = 1 ;

     MinUpTime = 1 ;

     MinDownTime = 1 ;

     InitUpDownTime = 1 ;

     InertiaCommitment = 1 ;
    } // group UnitBlock_223

  group: UnitBlock_224 {
    variables:
    	double InitialPower ;
    	double MaxPower(TimeHorizon) ;
    	double MinPower(TimeHorizon) ;
    	double StartUpCost ;
    	double LinearTerm ;
    	double MinUpTime ;
    	double MinDownTime ;
    	double InitUpDownTime ;
    	double InertiaCommitment ;

    // group attributes:
    		:type = "ThermalUnitBlock" ;
    data:

     InitialPower = 0 ;

     MaxPower = 150 ;

     MinPower = 30 ;

     StartUpCost = 0 ;

     LinearTerm = 1 ;

     MinUpTime = 1 ;

     MinDownTime = 1 ;

     InitUpDownTime = 1 ;

     InertiaCommitment = 1 ;
    } // group UnitBlock_224

  group: UnitBlock_225 {
    variables:
    	double InitialPower ;
    	double MaxPower(TimeHorizon) ;
    	double MinPower(TimeHorizon) ;
    	double StartUpCost ;
    	double LinearTerm ;
    	double MinUpTime ;
    	double MinDownTime ;
    	double InitUpDownTime ;
    	double InertiaCommitment ;

    // group attributes:
    		:type = "ThermalUnitBlock" ;
    data:

     InitialPower = 14.99 ;

     MaxPower = 16 ;

     MinPower = 3.2 ;

     StartUpCost = 0 ;

     LinearTerm = 1 ;

     MinUpTime = 1 ;

     MinDownTime = 1 ;

     InitUpDownTime = 1 ;

     InertiaCommitment = 1 ;
    } // group UnitBlock_225

  group: UnitBlock_226 {
    variables:
    	double InitialPower ;
    	double MaxPower(TimeHorizon) ;
    	double MinPower(TimeHorizon) ;
    	double StartUpCost ;
    	double LinearTerm ;
    	double MinUpTime ;
    	double MinDownTime ;
    	double InitUpDownTime ;
    	double InertiaCommitment ;

    // group attributes:
    		:type = "ThermalUnitBlock" ;
    data:

     InitialPower = 3.8 ;

     MaxPower = 19 ;

     MinPower = 3.8 ;

     StartUpCost = 0 ;

     LinearTerm = 1 ;

     MinUpTime = 1 ;

     MinDownTime = 1 ;

     InitUpDownTime = 1 ;

     InertiaCommitment = 1 ;
    } // group UnitBlock_226

  group: UnitBlock_227 {
    variables:
    	double InitialPower ;
    	double MaxPower(TimeHorizon) ;
    	double MinPower(TimeHorizon) ;
    	double StartUpCost ;
    	double LinearTerm ;
    	double MinUpTime ;
    	double MinDownTime ;
    	double InitUpDownTime ;
    	double InertiaCommitment ;

    // group attributes:
    		:type = "ThermalUnitBlock" ;
    data:

     InitialPower = 4.07 ;

     MaxPower = 13 ;

     MinPower = 2.6 ;

     StartUpCost = 0 ;

     LinearTerm = 1 ;

     MinUpTime = 1 ;

     MinDownTime = 1 ;

     InitUpDownTime = 1 ;

     InertiaCommitment = 1 ;
    } // group UnitBlock_227

  group: UnitBlock_228 {
    variables:
    	double InitialPower ;
    	double MaxPower(TimeHorizon) ;
    	double MinPower(TimeHorizon) ;
    	double StartUpCost ;
    	double LinearTerm ;
    	double MinUpTime ;
    	double MinDownTime ;
    	double InitUpDownTime ;
    	double InertiaCommitment ;

    // group attributes:
    		:type = "ThermalUnitBlock" ;
    data:

     InitialPower = 4.07 ;

     MaxPower = 13 ;

     MinPower = 2.6 ;

     StartUpCost = 0 ;

     LinearTerm = 1 ;

     MinUpTime = 1 ;

     MinDownTime = 1 ;

     InitUpDownTime = 1 ;

     InertiaCommitment = 1 ;
    } // group UnitBlock_228

  group: UnitBlock_229 {
    variables:
    	double InitialPower ;
    	double MaxPower(TimeHorizon) ;
    	double MinPower(TimeHorizon) ;
    	double StartUpCost ;
    	double LinearTerm ;
    	double MinUpTime ;
    	double MinDownTime ;
    	double InitUpDownTime ;
    	double InertiaCommitment ;

    // group attributes:
    		:type = "ThermalUnitBlock" ;
    data:

     InitialPower = 4.07 ;

     MaxPower = 13 ;

     MinPower = 2.6 ;

     StartUpCost = 0 ;

     LinearTerm = 1 ;

     MinUpTime = 1 ;

     MinDownTime = 1 ;

     InitUpDownTime = 1 ;

     InertiaCommitment = 1 ;
    } // group UnitBlock_229

  group: UnitBlock_230 {
    variables:
    	double InitialPower ;
    	double MaxPower(TimeHorizon) ;
    	double MinPower(TimeHorizon) ;
    	double StartUpCost ;
    	double LinearTerm ;
    	double MinUpTime ;
    	double MinDownTime ;
    	double InitUpDownTime ;
    	double InertiaCommitment ;

    // group attributes:
    		:type = "ThermalUnitBlock" ;
    data:

     InitialPower = 4.07 ;

     MaxPower = 13 ;

     MinPower = 2.6 ;

     StartUpCost = 0 ;

     LinearTerm = 1 ;

     MinUpTime = 1 ;

     MinDownTime = 1 ;

     InitUpDownTime = 1 ;

     InertiaCommitment = 1 ;
    } // group UnitBlock_230

  group: UnitBlock_231 {
    variables:
    	double InitialPower ;
    	double MaxPower(TimeHorizon) ;
    	double MinPower(TimeHorizon) ;
    	double StartUpCost ;
    	double LinearTerm ;
    	double MinUpTime ;
    	double MinDownTime ;
    	double InitUpDownTime ;
    	double InertiaCommitment ;

    // group attributes:
    		:type = "ThermalUnitBlock" ;
    data:

     InitialPower = 18.31 ;

     MaxPower = 35.1 ;

     MinPower = 7.02 ;

     StartUpCost = 0 ;

     LinearTerm = 1 ;

     MinUpTime = 1 ;

     MinDownTime = 1 ;

     InitUpDownTime = 1 ;

     InertiaCommitment = 1 ;
    } // group UnitBlock_231

  group: UnitBlock_232 {
    variables:
    	double InitialPower ;
    	double MaxPower(TimeHorizon) ;
    	double MinPower(TimeHorizon) ;
    	double StartUpCost ;
    	double LinearTerm ;
    	double MinUpTime ;
    	double MinDownTime ;
    	double InitUpDownTime ;
    	double InertiaCommitment ;

    // group attributes:
    		:type = "ThermalUnitBlock" ;
    data:

     InitialPower = 15.39 ;

     MaxPower = 35.1 ;

     MinPower = 7.02 ;

     StartUpCost = 0 ;

     LinearTerm = 1 ;

     MinUpTime = 1 ;

     MinDownTime = 1 ;

     InitUpDownTime = 1 ;

     InertiaCommitment = 1 ;
    } // group UnitBlock_232

  group: UnitBlock_233 {
    variables:
    	double InitialPower ;
    	double MaxPower(TimeHorizon) ;
    	double MinPower(TimeHorizon) ;
    	double StartUpCost ;
    	double LinearTerm ;
    	double MinUpTime ;
    	double MinDownTime ;
    	double InitUpDownTime ;
    	double InertiaCommitment ;

    // group attributes:
    		:type = "ThermalUnitBlock" ;
    data:

     InitialPower = 17.53 ;

     MaxPower = 35.1 ;

     MinPower = 7.02 ;

     StartUpCost = 0 ;

     LinearTerm = 1 ;

     MinUpTime = 1 ;

     MinDownTime = 1 ;

     InitUpDownTime = 1 ;

     InertiaCommitment = 1 ;
    } // group UnitBlock_233

  group: UnitBlock_234 {
    variables:
    	double InitialPower ;
    	double MaxPower(TimeHorizon) ;
    	double MinPower(TimeHorizon) ;
    	double StartUpCost ;
    	double LinearTerm ;
    	double MinUpTime ;
    	double MinDownTime ;
    	double InitUpDownTime ;
    	double InertiaCommitment ;

    // group attributes:
    		:type = "ThermalUnitBlock" ;
    data:

     InitialPower = 4.8 ;

     MaxPower = 24 ;

     MinPower = 4.8 ;

     StartUpCost = 0 ;

     LinearTerm = 1 ;

     MinUpTime = 1 ;

     MinDownTime = 1 ;

     InitUpDownTime = 1 ;

     InertiaCommitment = 1 ;
    } // group UnitBlock_234

  group: UnitBlock_235 {
    variables:
    	double InitialPower ;
    	double MaxPower(TimeHorizon) ;
    	double MinPower(TimeHorizon) ;
    	double StartUpCost ;
    	double LinearTerm ;
    	double MinUpTime ;
    	double MinDownTime ;
    	double InitUpDownTime ;
    	double InertiaCommitment ;

    // group attributes:
    		:type = "ThermalUnitBlock" ;
    data:

     InitialPower = 4.8 ;

     MaxPower = 24 ;

     MinPower = 4.8 ;

     StartUpCost = 0 ;

     LinearTerm = 1 ;

     MinUpTime = 1 ;

     MinDownTime = 1 ;

     InitUpDownTime = 1 ;

     InertiaCommitment = 1 ;
    } // group UnitBlock_235

  group: UnitBlock_236 {
    variables:
    	double InitialPower ;
    	double MaxPower(TimeHorizon) ;
    	double MinPower(TimeHorizon) ;
    	double StartUpCost ;
    	double LinearTerm ;
    	double MinUpTime ;
    	double MinDownTime ;
    	double InitUpDownTime ;
    	double InertiaCommitment ;

    // group attributes:
    		:type = "ThermalUnitBlock" ;
    data:

     InitialPower = 4.48 ;

     MaxPower = 20 ;

     MinPower = 4 ;

     StartUpCost = 0 ;

     LinearTerm = 1 ;

     MinUpTime = 1 ;

     MinDownTime = 1 ;

     InitUpDownTime = 1 ;

     InertiaCommitment = 1 ;
    } // group UnitBlock_236

  group: UnitBlock_237 {
    variables:
    	double InitialPower ;
    	double MaxPower(TimeHorizon) ;
    	double MinPower(TimeHorizon) ;
    	double StartUpCost ;
    	double LinearTerm ;
    	double MinUpTime ;
    	double MinDownTime ;
    	double InitUpDownTime ;
    	double InertiaCommitment ;

    // group attributes:
    		:type = "ThermalUnitBlock" ;
    data:

     InitialPower = 4.8 ;

     MaxPower = 24 ;

     MinPower = 4.8 ;

     StartUpCost = 0 ;

     LinearTerm = 1 ;

     MinUpTime = 1 ;

     MinDownTime = 1 ;

     InitUpDownTime = 1 ;

     InertiaCommitment = 1 ;
    } // group UnitBlock_237

  group: UnitBlock_238 {
    variables:
    	double InitialPower ;
    	double MaxPower(TimeHorizon) ;
    	double MinPower(TimeHorizon) ;
    	double StartUpCost ;
    	double LinearTerm ;
    	double MinUpTime ;
    	double MinDownTime ;
    	double InitUpDownTime ;
    	double InertiaCommitment ;

    // group attributes:
    		:type = "ThermalUnitBlock" ;
    data:

     InitialPower = 4.8 ;

     MaxPower = 24 ;

     MinPower = 4.8 ;

     StartUpCost = 0 ;

     LinearTerm = 1 ;

     MinUpTime = 1 ;

     MinDownTime = 1 ;

     InitUpDownTime = 1 ;

     InertiaCommitment = 1 ;
    } // group UnitBlock_238

  group: UnitBlock_239 {
    variables:
    	double InitialPower ;
    	double MaxPower(TimeHorizon) ;
    	double MinPower(TimeHorizon) ;
    	double StartUpCost ;
    	double LinearTerm ;
    	double MinUpTime ;
    	double MinDownTime ;
    	double InitUpDownTime ;
    	double InertiaCommitment ;

    // group attributes:
    		:type = "ThermalUnitBlock" ;
    data:

     InitialPower = 4.81 ;

     MaxPower = 24 ;

     MinPower = 4.8 ;

     StartUpCost = 0 ;

     LinearTerm = 1 ;

     MinUpTime = 1 ;

     MinDownTime = 1 ;

     InitUpDownTime = 1 ;

     InertiaCommitment = 1 ;
    } // group UnitBlock_239

  group: UnitBlock_240 {
    variables:
    	double InitialPower ;
    	double MaxPower(TimeHorizon) ;
    	double MinPower(TimeHorizon) ;
    	double StartUpCost ;
    	double LinearTerm ;
    	double MinUpTime ;
    	double MinDownTime ;
    	double InitUpDownTime ;
    	double InertiaCommitment ;

    // group attributes:
    		:type = "ThermalUnitBlock" ;
    data:

     InitialPower = 23.9 ;

     MaxPower = 52 ;

     MinPower = 10.4 ;

     StartUpCost = 0 ;

     LinearTerm = 1 ;

     MinUpTime = 1 ;

     MinDownTime = 1 ;

     InitUpDownTime = 1 ;

     InertiaCommitment = 1 ;
    } // group UnitBlock_240

  group: UnitBlock_241 {
    variables:
    	double InitialPower ;
    	double MaxPower(TimeHorizon) ;
    	double MinPower(TimeHorizon) ;
    	double StartUpCost ;
    	double LinearTerm ;
    	double MinUpTime ;
    	double MinDownTime ;
    	double InitUpDownTime ;
    	double InertiaCommitment ;

    // group attributes:
    		:type = "ThermalUnitBlock" ;
    data:

     InitialPower = 1.21 ;

     MaxPower = 3 ;

     MinPower = 0 ;

     StartUpCost = 0 ;

     LinearTerm = 1 ;

     MinUpTime = 1 ;

     MinDownTime = 1 ;

     InitUpDownTime = 1 ;

     InertiaCommitment = 1 ;
    } // group UnitBlock_241

  group: UnitBlock_242 {
    variables:
    	double InitialPower ;
    	double MaxPower(TimeHorizon) ;
    	double MinPower(TimeHorizon) ;
    	double StartUpCost ;
    	double LinearTerm ;
    	double MinUpTime ;
    	double MinDownTime ;
    	double InitUpDownTime ;
    	double InertiaCommitment ;

    // group attributes:
    		:type = "ThermalUnitBlock" ;
    data:

     InitialPower = 7.6 ;

     MaxPower = 38 ;

     MinPower = 7.6 ;

     StartUpCost = 0 ;

     LinearTerm = 1 ;

     MinUpTime = 1 ;

     MinDownTime = 1 ;

     InitUpDownTime = 1 ;

     InertiaCommitment = 1 ;
    } // group UnitBlock_242

  group: UnitBlock_243 {
    variables:
    	double InitialPower ;
    	double MaxPower(TimeHorizon) ;
    	double MinPower(TimeHorizon) ;
    	double StartUpCost ;
    	double LinearTerm ;
    	double MinUpTime ;
    	double MinDownTime ;
    	double InitUpDownTime ;
    	double InertiaCommitment ;

    // group attributes:
    		:type = "ThermalUnitBlock" ;
    data:

     InitialPower = 16.5 ;

     MaxPower = 38 ;

     MinPower = 7.6 ;

     StartUpCost = 0 ;

     LinearTerm = 1 ;

     MinUpTime = 1 ;

     MinDownTime = 1 ;

     InitUpDownTime = 1 ;

     InertiaCommitment = 1 ;
    } // group UnitBlock_243

  group: UnitBlock_244 {
    variables:
    	double InitialPower ;
    	double MaxPower(TimeHorizon) ;
    	double MinPower(TimeHorizon) ;
    	double StartUpCost ;
    	double LinearTerm ;
    	double MinUpTime ;
    	double MinDownTime ;
    	double InitUpDownTime ;
    	double InertiaCommitment ;

    // group attributes:
    		:type = "ThermalUnitBlock" ;
    data:

     InitialPower = 16.55 ;

     MaxPower = 38 ;

     MinPower = 7.6 ;

     StartUpCost = 0 ;

     LinearTerm = 1 ;

     MinUpTime = 1 ;

     MinDownTime = 1 ;

     InitUpDownTime = 1 ;

     InertiaCommitment = 1 ;
    } // group UnitBlock_244

  group: UnitBlock_245 {
    variables:
    	double InitialPower ;
    	double MaxPower(TimeHorizon) ;
    	double MinPower(TimeHorizon) ;
    	double StartUpCost ;
    	double LinearTerm ;
    	double MinUpTime ;
    	double MinDownTime ;
    	double InitUpDownTime ;
    	double InertiaCommitment ;

    // group attributes:
    		:type = "ThermalUnitBlock" ;
    data:

     InitialPower = 16.39 ;

     MaxPower = 38 ;

     MinPower = 7.6 ;

     StartUpCost = 0 ;

     LinearTerm = 1 ;

     MinUpTime = 1 ;

     MinDownTime = 1 ;

     InitUpDownTime = 1 ;

     InertiaCommitment = 1 ;
    } // group UnitBlock_245

  group: UnitBlock_246 {
    variables:
    	double InitialPower ;
    	double MaxPower(TimeHorizon) ;
    	double MinPower(TimeHorizon) ;
    	double StartUpCost ;
    	double LinearTerm ;
    	double MinUpTime ;
    	double MinDownTime ;
    	double InitUpDownTime ;
    	double InertiaCommitment ;

    // group attributes:
    		:type = "ThermalUnitBlock" ;
    data:

     InitialPower = 24.99 ;

     MaxPower = 27 ;

     MinPower = 5.4 ;

     StartUpCost = 0 ;

     LinearTerm = 1 ;

     MinUpTime = 1 ;

     MinDownTime = 1 ;

     InitUpDownTime = 1 ;

     InertiaCommitment = 1 ;
    } // group UnitBlock_246

  group: UnitBlock_247 {
    variables:
    	double InitialPower ;
    	double MaxPower(TimeHorizon) ;
    	double MinPower(TimeHorizon) ;
    	double StartUpCost ;
    	double LinearTerm ;
    	double MinUpTime ;
    	double MinDownTime ;
    	double InitUpDownTime ;
    	double InertiaCommitment ;

    // group attributes:
    		:type = "ThermalUnitBlock" ;
    data:

     InitialPower = 11.99 ;

     MaxPower = 13 ;

     MinPower = 2.6 ;

     StartUpCost = 0 ;

     LinearTerm = 1 ;

     MinUpTime = 1 ;

     MinDownTime = 1 ;

     InitUpDownTime = 1 ;

     InertiaCommitment = 1 ;
    } // group UnitBlock_247

  group: UnitBlock_248 {
    variables:
    	double InitialPower ;
    	double MaxPower(TimeHorizon) ;
    	double MinPower(TimeHorizon) ;
    	double StartUpCost ;
    	double LinearTerm ;
    	double MinUpTime ;
    	double MinDownTime ;
    	double InitUpDownTime ;
    	double InertiaCommitment ;

    // group attributes:
    		:type = "ThermalUnitBlock" ;
    data:

     InitialPower = 12 ;

     MaxPower = 12.8 ;

     MinPower = 2.56 ;

     StartUpCost = 0 ;

     LinearTerm = 1 ;

     MinUpTime = 1 ;

     MinDownTime = 1 ;

     InitUpDownTime = 1 ;

     InertiaCommitment = 1 ;
    } // group UnitBlock_248

  group: UnitBlock_249 {
    variables:
    	double InitialPower ;
    	double MaxPower(TimeHorizon) ;
    	double MinPower(TimeHorizon) ;
    	double StartUpCost ;
    	double LinearTerm ;
    	double MinUpTime ;
    	double MinDownTime ;
    	double InitUpDownTime ;
    	double InertiaCommitment ;

    // group attributes:
    		:type = "ThermalUnitBlock" ;
    data:

     InitialPower = 3.58 ;

     MaxPower = 17.9 ;

     MinPower = 3.58 ;

     StartUpCost = 0 ;

     LinearTerm = 1 ;

     MinUpTime = 1 ;

     MinDownTime = 1 ;

     InitUpDownTime = 1 ;

     InertiaCommitment = 1 ;
    } // group UnitBlock_249

  group: UnitBlock_250 {
    variables:
    	double InitialPower ;
    	double MaxPower(TimeHorizon) ;
    	double MinPower(TimeHorizon) ;
    	double StartUpCost ;
    	double LinearTerm ;
    	double MinUpTime ;
    	double MinDownTime ;
    	double InitUpDownTime ;
    	double InertiaCommitment ;

    // group attributes:
    		:type = "ThermalUnitBlock" ;
    data:

     InitialPower = 17 ;

     MaxPower = 17.9 ;

     MinPower = 3.58 ;

     StartUpCost = 0 ;

     LinearTerm = 1 ;

     MinUpTime = 1 ;

     MinDownTime = 1 ;

     InitUpDownTime = 1 ;

     InertiaCommitment = 1 ;
    } // group UnitBlock_250

  group: UnitBlock_251 {
    variables:
    	double InitialPower ;
    	double MaxPower(TimeHorizon) ;
    	double MinPower(TimeHorizon) ;
    	double StartUpCost ;
    	double LinearTerm ;
    	double MinUpTime ;
    	double MinDownTime ;
    	double InitUpDownTime ;
    	double InertiaCommitment ;

    // group attributes:
    		:type = "ThermalUnitBlock" ;
    data:

     InitialPower = 5.4 ;

     MaxPower = 27 ;

     MinPower = 5.4 ;

     StartUpCost = 0 ;

     LinearTerm = 1 ;

     MinUpTime = 1 ;

     MinDownTime = 1 ;

     InitUpDownTime = 1 ;

     InertiaCommitment = 1 ;
    } // group UnitBlock_251

  group: UnitBlock_252 {
    variables:
    	double InitialPower ;
    	double MaxPower(TimeHorizon) ;
    	double MinPower(TimeHorizon) ;
    	double StartUpCost ;
    	double LinearTerm ;
    	double MinUpTime ;
    	double MinDownTime ;
    	double InitUpDownTime ;
    	double InertiaCommitment ;

    // group attributes:
    		:type = "ThermalUnitBlock" ;
    data:

     InitialPower = 5.4 ;

     MaxPower = 27 ;

     MinPower = 5.4 ;

     StartUpCost = 0 ;

     LinearTerm = 1 ;

     MinUpTime = 1 ;

     MinDownTime = 1 ;

     InitUpDownTime = 1 ;

     InertiaCommitment = 1 ;
    } // group UnitBlock_252

  group: UnitBlock_253 {
    variables:
    	double InitialPower ;
    	double MaxPower(TimeHorizon) ;
    	double MinPower(TimeHorizon) ;
    	double StartUpCost ;
    	double LinearTerm ;
    	double MinUpTime ;
    	double MinDownTime ;
    	double InitUpDownTime ;
    	double InertiaCommitment ;

    // group attributes:
    		:type = "ThermalUnitBlock" ;
    data:

     InitialPower = 28 ;

     MaxPower = 30 ;

     MinPower = 6 ;

     StartUpCost = 0 ;

     LinearTerm = 1 ;

     MinUpTime = 1 ;

     MinDownTime = 1 ;

     InitUpDownTime = 1 ;

     InertiaCommitment = 1 ;
    } // group UnitBlock_253

  group: UnitBlock_254 {
    variables:
    	double InitialPower ;
    	double MaxPower(TimeHorizon) ;
    	double MinPower(TimeHorizon) ;
    	double StartUpCost ;
    	double LinearTerm ;
    	double MinUpTime ;
    	double MinDownTime ;
    	double InitUpDownTime ;
    	double InertiaCommitment ;

    // group attributes:
    		:type = "ThermalUnitBlock" ;
    data:

     InitialPower = 58.28 ;

     MaxPower = 78 ;

     MinPower = 15.6 ;

     StartUpCost = 0 ;

     LinearTerm = 1 ;

     MinUpTime = 1 ;

     MinDownTime = 1 ;

     InitUpDownTime = 1 ;

     InertiaCommitment = 1 ;
    } // group UnitBlock_254

  group: UnitBlock_255 {
    variables:
    	double InitialPower ;
    	double MaxPower(TimeHorizon) ;
    	double MinPower(TimeHorizon) ;
    	double StartUpCost ;
    	double LinearTerm ;
    	double MinUpTime ;
    	double MinDownTime ;
    	double InitUpDownTime ;
    	double InertiaCommitment ;

    // group attributes:
    		:type = "ThermalUnitBlock" ;
    data:

     InitialPower = 106.33 ;

     MaxPower = 130 ;

     MinPower = 26 ;

     StartUpCost = 0 ;

     LinearTerm = 1 ;

     MinUpTime = 1 ;

     MinDownTime = 1 ;

     InitUpDownTime = 1 ;

     InertiaCommitment = 1 ;
    } // group UnitBlock_255

  group: UnitBlock_256 {
    variables:
    	double InitialPower ;
    	double MaxPower(TimeHorizon) ;
    	double MinPower(TimeHorizon) ;
    	double StartUpCost ;
    	double LinearTerm ;
    	double MinUpTime ;
    	double MinDownTime ;
    	double InitUpDownTime ;
    	double InertiaCommitment ;

    // group attributes:
    		:type = "ThermalUnitBlock" ;
    data:

     InitialPower = 2.15 ;

     MaxPower = 4 ;

     MinPower = 0 ;

     StartUpCost = 0 ;

     LinearTerm = 1 ;

     MinUpTime = 1 ;

     MinDownTime = 1 ;

     InitUpDownTime = 1 ;

     InertiaCommitment = 1 ;
    } // group UnitBlock_256

  group: UnitBlock_257 {
    variables:
    	double InitialPower ;
    	double MaxPower(TimeHorizon) ;
    	double MinPower(TimeHorizon) ;
    	double StartUpCost ;
    	double LinearTerm ;
    	double MinUpTime ;
    	double MinDownTime ;
    	double InitUpDownTime ;
    	double InertiaCommitment ;

    // group attributes:
    		:type = "ThermalUnitBlock" ;
    data:

     InitialPower = 4.99 ;

     MaxPower = 5.7 ;

     MinPower = 1.14 ;

     StartUpCost = 0 ;

     LinearTerm = 1 ;

     MinUpTime = 1 ;

     MinDownTime = 1 ;

     InitUpDownTime = 1 ;

     InertiaCommitment = 1 ;
    } // group UnitBlock_257

  group: UnitBlock_258 {
    variables:
    	double InitialPower ;
    	double MaxPower(TimeHorizon) ;
    	double MinPower(TimeHorizon) ;
    	double StartUpCost ;
    	double LinearTerm ;
    	double MinUpTime ;
    	double MinDownTime ;
    	double InitUpDownTime ;
    	double InertiaCommitment ;

    // group attributes:
    		:type = "ThermalUnitBlock" ;
    data:

     InitialPower = 1.7 ;

     MaxPower = 8.5 ;

     MinPower = 1.7 ;

     StartUpCost = 0 ;

     LinearTerm = 1 ;

     MinUpTime = 1 ;

     MinDownTime = 1 ;

     InitUpDownTime = 1 ;

     InertiaCommitment = 1 ;
    } // group UnitBlock_258

  group: UnitBlock_259 {
    variables:
    	double InitialPower ;
    	double MaxPower(TimeHorizon) ;
    	double MinPower(TimeHorizon) ;
    	double StartUpCost ;
    	double LinearTerm ;
    	double MinUpTime ;
    	double MinDownTime ;
    	double InitUpDownTime ;
    	double InertiaCommitment ;

    // group attributes:
    		:type = "ThermalUnitBlock" ;
    data:

     InitialPower = 0.45 ;

     MaxPower = 4 ;

     MinPower = 0 ;

     StartUpCost = 0 ;

     LinearTerm = 1 ;

     MinUpTime = 1 ;

     MinDownTime = 1 ;

     InitUpDownTime = 1 ;

     InertiaCommitment = 1 ;
    } // group UnitBlock_259

  group: UnitBlock_260 {
    variables:
    	double InitialPower ;
    	double MaxPower(TimeHorizon) ;
    	double MinPower(TimeHorizon) ;
    	double StartUpCost ;
    	double LinearTerm ;
    	double MinUpTime ;
    	double MinDownTime ;
    	double InitUpDownTime ;
    	double InertiaCommitment ;

    // group attributes:
    		:type = "ThermalUnitBlock" ;
    data:

     InitialPower = 0 ;

     MaxPower = 15 ;

     MinPower = 3 ;

     StartUpCost = 0 ;

     LinearTerm = 1 ;

     MinUpTime = 1 ;

     MinDownTime = 1 ;

     InitUpDownTime = 1 ;

     InertiaCommitment = 1 ;
    } // group UnitBlock_260

  group: UnitBlock_261 {
    variables:
    	double InitialPower ;
    	double MaxPower(TimeHorizon) ;
    	double MinPower(TimeHorizon) ;
    	double StartUpCost ;
    	double LinearTerm ;
    	double MinUpTime ;
    	double MinDownTime ;
    	double InitUpDownTime ;
    	double InertiaCommitment ;

    // group attributes:
    		:type = "ThermalUnitBlock" ;
    data:

     InitialPower = 0 ;

     MaxPower = 5 ;

     MinPower = 0 ;

     StartUpCost = 0 ;

     LinearTerm = 1 ;

     MinUpTime = 1 ;

     MinDownTime = 1 ;

     InitUpDownTime = 1 ;

     InertiaCommitment = 1 ;
    } // group UnitBlock_261

  group: UnitBlock_262 {
    variables:
    	double InitialPower ;
    	double MaxPower(TimeHorizon) ;
    	double MinPower(TimeHorizon) ;
    	double StartUpCost ;
    	double LinearTerm ;
    	double MinUpTime ;
    	double MinDownTime ;
    	double InitUpDownTime ;
    	double InertiaCommitment ;

    // group attributes:
    		:type = "ThermalUnitBlock" ;
    data:

     InitialPower = 3.09 ;

     MaxPower = 5 ;

     MinPower = 0 ;

     StartUpCost = 0 ;

     LinearTerm = 1 ;

     MinUpTime = 1 ;

     MinDownTime = 1 ;

     InitUpDownTime = 1 ;

     InertiaCommitment = 1 ;
    } // group UnitBlock_262

  group: UnitBlock_263 {
    variables:
    	double InitialPower ;
    	double MaxPower(TimeHorizon) ;
    	double MinPower(TimeHorizon) ;
    	double StartUpCost ;
    	double LinearTerm ;
    	double MinUpTime ;
    	double MinDownTime ;
    	double InitUpDownTime ;
    	double InertiaCommitment ;

    // group attributes:
    		:type = "ThermalUnitBlock" ;
    data:

     InitialPower = 12 ;

     MaxPower = 13 ;

     MinPower = 2.6 ;

     StartUpCost = 0 ;

     LinearTerm = 1 ;

     MinUpTime = 1 ;

     MinDownTime = 1 ;

     InitUpDownTime = 1 ;

     InertiaCommitment = 1 ;
    } // group UnitBlock_263

  group: UnitBlock_264 {
    variables:
    	double InitialPower ;
    	double MaxPower(TimeHorizon) ;
    	double MinPower(TimeHorizon) ;
    	double StartUpCost ;
    	double LinearTerm ;
    	double MinUpTime ;
    	double MinDownTime ;
    	double InitUpDownTime ;
    	double InertiaCommitment ;

    // group attributes:
    		:type = "ThermalUnitBlock" ;
    data:

     InitialPower = 2.5 ;

     MaxPower = 24 ;

     MinPower = 2.5 ;

     StartUpCost = 0 ;

     LinearTerm = 1 ;

     MinUpTime = 1 ;

     MinDownTime = 1 ;

     InitUpDownTime = 1 ;

     InertiaCommitment = 1 ;
    } // group UnitBlock_264

  group: UnitBlock_265 {
    variables:
    	double InitialPower ;
    	double MaxPower(TimeHorizon) ;
    	double MinPower(TimeHorizon) ;
    	double StartUpCost ;
    	double LinearTerm ;
    	double MinUpTime ;
    	double MinDownTime ;
    	double InitUpDownTime ;
    	double InertiaCommitment ;

    // group attributes:
    		:type = "ThermalUnitBlock" ;
    data:

     InitialPower = 22.45 ;

     MaxPower = 24 ;

     MinPower = 2.5 ;

     StartUpCost = 0 ;

     LinearTerm = 1 ;

     MinUpTime = 1 ;

     MinDownTime = 1 ;

     InitUpDownTime = 1 ;

     InertiaCommitment = 1 ;
    } // group UnitBlock_265

  group: UnitBlock_266 {
    variables:
    	double InitialPower ;
    	double MaxPower(TimeHorizon) ;
    	double MinPower(TimeHorizon) ;
    	double StartUpCost ;
    	double LinearTerm ;
    	double MinUpTime ;
    	double MinDownTime ;
    	double InitUpDownTime ;
    	double InertiaCommitment ;

    // group attributes:
    		:type = "ThermalUnitBlock" ;
    data:

     InitialPower = 8.29 ;

     MaxPower = 13 ;

     MinPower = 2.6 ;

     StartUpCost = 0 ;

     LinearTerm = 1 ;

     MinUpTime = 1 ;

     MinDownTime = 1 ;

     InitUpDownTime = 1 ;

     InertiaCommitment = 1 ;
    } // group UnitBlock_266

  group: UnitBlock_267 {
    variables:
    	double InitialPower ;
    	double MaxPower(TimeHorizon) ;
    	double MinPower(TimeHorizon) ;
    	double StartUpCost ;
    	double LinearTerm ;
    	double MinUpTime ;
    	double MinDownTime ;
    	double InitUpDownTime ;
    	double InertiaCommitment ;

    // group attributes:
    		:type = "ThermalUnitBlock" ;
    data:

     InitialPower = 11.99 ;

     MaxPower = 13 ;

     MinPower = 2.6 ;

     StartUpCost = 0 ;

     LinearTerm = 1 ;

     MinUpTime = 1 ;

     MinDownTime = 1 ;

     InitUpDownTime = 1 ;

     InertiaCommitment = 1 ;
    } // group UnitBlock_267

  group: UnitBlock_268 {
    variables:
    	double InitialPower ;
    	double MaxPower(TimeHorizon) ;
    	double MinPower(TimeHorizon) ;
    	double StartUpCost ;
    	double LinearTerm ;
    	double MinUpTime ;
    	double MinDownTime ;
    	double InitUpDownTime ;
    	double InertiaCommitment ;

    // group attributes:
    		:type = "ThermalUnitBlock" ;
    data:

     InitialPower = 21.7 ;

     MaxPower = 26.6 ;

     MinPower = 5.32 ;

     StartUpCost = 0 ;

     LinearTerm = 1 ;

     MinUpTime = 1 ;

     MinDownTime = 1 ;

     InitUpDownTime = 1 ;

     InertiaCommitment = 1 ;
    } // group UnitBlock_268

  group: UnitBlock_269 {
    variables:
    	double InitialPower ;
    	double MaxPower(TimeHorizon) ;
    	double MinPower(TimeHorizon) ;
    	double StartUpCost ;
    	double LinearTerm ;
    	double MinUpTime ;
    	double MinDownTime ;
    	double InitUpDownTime ;
    	double InertiaCommitment ;

    // group attributes:
    		:type = "ThermalUnitBlock" ;
    data:

     InitialPower = 0.65 ;

     MaxPower = 4.6 ;

     MinPower = 0 ;

     StartUpCost = 0 ;

     LinearTerm = 1 ;

     MinUpTime = 1 ;

     MinDownTime = 1 ;

     InitUpDownTime = 1 ;

     InertiaCommitment = 1 ;
    } // group UnitBlock_269

  group: UnitBlock_270 {
    variables:
    	double InitialPower ;
    	double MaxPower(TimeHorizon) ;
    	double MinPower(TimeHorizon) ;
    	double StartUpCost ;
    	double LinearTerm ;
    	double MinUpTime ;
    	double MinDownTime ;
    	double InitUpDownTime ;
    	double InertiaCommitment ;

    // group attributes:
    		:type = "ThermalUnitBlock" ;
    data:

     InitialPower = 25.99 ;

     MaxPower = 28 ;

     MinPower = 5.6 ;

     StartUpCost = 0 ;

     LinearTerm = 1 ;

     MinUpTime = 1 ;

     MinDownTime = 1 ;

     InitUpDownTime = 1 ;

     InertiaCommitment = 1 ;
    } // group UnitBlock_270

  group: UnitBlock_271 {
    variables:
    	double InitialPower ;
    	double MaxPower(TimeHorizon) ;
    	double MinPower(TimeHorizon) ;
    	double StartUpCost ;
    	double LinearTerm ;
    	double MinUpTime ;
    	double MinDownTime ;
    	double InitUpDownTime ;
    	double InertiaCommitment ;

    // group attributes:
    		:type = "ThermalUnitBlock" ;
    data:

     InitialPower = 26 ;

     MaxPower = 28 ;

     MinPower = 5.6 ;

     StartUpCost = 0 ;

     LinearTerm = 1 ;

     MinUpTime = 1 ;

     MinDownTime = 1 ;

     InitUpDownTime = 1 ;

     InertiaCommitment = 1 ;
    } // group UnitBlock_271

  group: UnitBlock_272 {
    variables:
    	double InitialPower ;
    	double MaxPower(TimeHorizon) ;
    	double MinPower(TimeHorizon) ;
    	double StartUpCost ;
    	double LinearTerm ;
    	double MinUpTime ;
    	double MinDownTime ;
    	double InitUpDownTime ;
    	double InertiaCommitment ;

    // group attributes:
    		:type = "ThermalUnitBlock" ;
    data:

     InitialPower = 26 ;

     MaxPower = 28 ;

     MinPower = 5.6 ;

     StartUpCost = 0 ;

     LinearTerm = 1 ;

     MinUpTime = 1 ;

     MinDownTime = 1 ;

     InitUpDownTime = 1 ;

     InertiaCommitment = 1 ;
    } // group UnitBlock_272

  group: UnitBlock_273 {
    variables:
    	double InitialPower ;
    	double MaxPower(TimeHorizon) ;
    	double MinPower(TimeHorizon) ;
    	double StartUpCost ;
    	double LinearTerm ;
    	double MinUpTime ;
    	double MinDownTime ;
    	double InitUpDownTime ;
    	double InertiaCommitment ;

    // group attributes:
    		:type = "ThermalUnitBlock" ;
    data:

     InitialPower = 1 ;

     MaxPower = 32 ;

     MinPower = 1 ;

     StartUpCost = 0 ;

     LinearTerm = 1 ;

     MinUpTime = 1 ;

     MinDownTime = 1 ;

     InitUpDownTime = 1 ;

     InertiaCommitment = 1 ;
    } // group UnitBlock_273

  group: UnitBlock_274 {
    variables:
    	double InitialPower ;
    	double MaxPower(TimeHorizon) ;
    	double MinPower(TimeHorizon) ;
    	double StartUpCost ;
    	double LinearTerm ;
    	double MinUpTime ;
    	double MinDownTime ;
    	double InitUpDownTime ;
    	double InertiaCommitment ;

    // group attributes:
    		:type = "ThermalUnitBlock" ;
    data:

     InitialPower = 28.05 ;

     MaxPower = 32 ;

     MinPower = 1 ;

     StartUpCost = 0 ;

     LinearTerm = 1 ;

     MinUpTime = 1 ;

     MinDownTime = 1 ;

     InitUpDownTime = 1 ;

     InertiaCommitment = 1 ;
    } // group UnitBlock_274

  group: UnitBlock_275 {
    variables:
    	double InitialPower ;
    	double MaxPower(TimeHorizon) ;
    	double MinPower(TimeHorizon) ;
    	double StartUpCost ;
    	double LinearTerm ;
    	double MinUpTime ;
    	double MinDownTime ;
    	double InitUpDownTime ;
    	double InertiaCommitment ;

    // group attributes:
    		:type = "ThermalUnitBlock" ;
    data:

     InitialPower = 26.87 ;

     MaxPower = 32 ;

     MinPower = 1 ;

     StartUpCost = 0 ;

     LinearTerm = 1 ;

     MinUpTime = 1 ;

     MinDownTime = 1 ;

     InitUpDownTime = 1 ;

     InertiaCommitment = 1 ;
    } // group UnitBlock_275

  group: UnitBlock_276 {
    variables:
    	double InitialPower ;
    	double MaxPower(TimeHorizon) ;
    	double MinPower(TimeHorizon) ;
    	double StartUpCost ;
    	double LinearTerm ;
    	double MinUpTime ;
    	double MinDownTime ;
    	double InitUpDownTime ;
    	double InertiaCommitment ;

    // group attributes:
    		:type = "ThermalUnitBlock" ;
    data:

     InitialPower = 1.02 ;

     MaxPower = 32 ;

     MinPower = 1 ;

     StartUpCost = 0 ;

     LinearTerm = 1 ;

     MinUpTime = 1 ;

     MinDownTime = 1 ;

     InitUpDownTime = 1 ;

     InertiaCommitment = 1 ;
    } // group UnitBlock_276

  group: UnitBlock_277 {
    variables:
    	double InitialPower ;
    	double MaxPower(TimeHorizon) ;
    	double MinPower(TimeHorizon) ;
    	double StartUpCost ;
    	double LinearTerm ;
    	double MinUpTime ;
    	double MinDownTime ;
    	double InitUpDownTime ;
    	double InertiaCommitment ;

    // group attributes:
    		:type = "ThermalUnitBlock" ;
    data:

     InitialPower = 29.49 ;

     MaxPower = 32 ;

     MinPower = 1 ;

     StartUpCost = 0 ;

     LinearTerm = 1 ;

     MinUpTime = 1 ;

     MinDownTime = 1 ;

     InitUpDownTime = 1 ;

     InertiaCommitment = 1 ;
    } // group UnitBlock_277

  group: UnitBlock_278 {
    variables:
    	double InitialPower ;
    	double MaxPower(TimeHorizon) ;
    	double MinPower(TimeHorizon) ;
    	double StartUpCost ;
    	double LinearTerm ;
    	double MinUpTime ;
    	double MinDownTime ;
    	double InitUpDownTime ;
    	double InertiaCommitment ;

    // group attributes:
    		:type = "ThermalUnitBlock" ;
    data:

     InitialPower = 1.04 ;

     MaxPower = 32 ;

     MinPower = 1 ;

     StartUpCost = 0 ;

     LinearTerm = 1 ;

     MinUpTime = 1 ;

     MinDownTime = 1 ;

     InitUpDownTime = 1 ;

     InertiaCommitment = 1 ;
    } // group UnitBlock_278

  group: UnitBlock_279 {
    variables:
    	double InitialPower ;
    	double MaxPower(TimeHorizon) ;
    	double MinPower(TimeHorizon) ;
    	double StartUpCost ;
    	double LinearTerm ;
    	double MinUpTime ;
    	double MinDownTime ;
    	double InitUpDownTime ;
    	double InertiaCommitment ;

    // group attributes:
    		:type = "ThermalUnitBlock" ;
    data:

     InitialPower = 0.07 ;

     MaxPower = 11.69 ;

     MinPower = 2.34 ;

     StartUpCost = 0 ;

     LinearTerm = 1 ;

     MinUpTime = 1 ;

     MinDownTime = 1 ;

     InitUpDownTime = 1 ;

     InertiaCommitment = 1 ;
    } // group UnitBlock_279

  group: UnitBlock_280 {
    variables:
    	double InitialPower ;
    	double MaxPower(TimeHorizon) ;
    	double MinPower(TimeHorizon) ;
    	double StartUpCost ;
    	double LinearTerm ;
    	double MinUpTime ;
    	double MinDownTime ;
    	double InitUpDownTime ;
    	double InertiaCommitment ;

    // group attributes:
    		:type = "ThermalUnitBlock" ;
    data:

     InitialPower = 12.24 ;

     MaxPower = 27 ;

     MinPower = 5.4 ;

     StartUpCost = 0 ;

     LinearTerm = 1 ;

     MinUpTime = 1 ;

     MinDownTime = 1 ;

     InitUpDownTime = 1 ;

     InertiaCommitment = 1 ;
    } // group UnitBlock_280

  group: UnitBlock_281 {
    variables:
    	double InitialPower ;
    	double MaxPower(TimeHorizon) ;
    	double MinPower(TimeHorizon) ;
    	double StartUpCost ;
    	double LinearTerm ;
    	double MinUpTime ;
    	double MinDownTime ;
    	double InitUpDownTime ;
    	double InertiaCommitment ;

    // group attributes:
    		:type = "ThermalUnitBlock" ;
    data:

     InitialPower = 1.4 ;

     MaxPower = 7 ;

     MinPower = 1.4 ;

     StartUpCost = 0 ;

     LinearTerm = 1 ;

     MinUpTime = 1 ;

     MinDownTime = 1 ;

     InitUpDownTime = 1 ;

     InertiaCommitment = 1 ;
    } // group UnitBlock_281

  group: UnitBlock_282 {
    variables:
    	double InitialPower ;
    	double MaxPower(TimeHorizon) ;
    	double MinPower(TimeHorizon) ;
    	double StartUpCost ;
    	double LinearTerm ;
    	double MinUpTime ;
    	double MinDownTime ;
    	double InitUpDownTime ;
    	double InertiaCommitment ;

    // group attributes:
    		:type = "ThermalUnitBlock" ;
    data:

     InitialPower = -0.41 ;

     MaxPower = 6 ;

     MinPower = 1.2 ;

     StartUpCost = 0 ;

     LinearTerm = 1 ;

     MinUpTime = 1 ;

     MinDownTime = 1 ;

     InitUpDownTime = 1 ;

     InertiaCommitment = 1 ;
    } // group UnitBlock_282

  group: UnitBlock_283 {
    variables:
    	double InitialPower ;
    	double MaxPower(TimeHorizon) ;
    	double MinPower(TimeHorizon) ;
    	double StartUpCost ;
    	double LinearTerm ;
    	double MinUpTime ;
    	double MinDownTime ;
    	double InitUpDownTime ;
    	double InertiaCommitment ;

    // group attributes:
    		:type = "ThermalUnitBlock" ;
    data:

     InitialPower = 21.66 ;

     MaxPower = 29 ;

     MinPower = 5.8 ;

     StartUpCost = 0 ;

     LinearTerm = 1 ;

     MinUpTime = 1 ;

     MinDownTime = 1 ;

     InitUpDownTime = 1 ;

     InertiaCommitment = 1 ;
    } // group UnitBlock_283

  group: UnitBlock_284 {
    variables:
    	double InitialPower ;
    	double MaxPower(TimeHorizon) ;
    	double MinPower(TimeHorizon) ;
    	double StartUpCost ;
    	double LinearTerm ;
    	double MinUpTime ;
    	double MinDownTime ;
    	double InitUpDownTime ;
    	double InertiaCommitment ;

    // group attributes:
    		:type = "ThermalUnitBlock" ;
    data:

     InitialPower = 21.66 ;

     MaxPower = 29 ;

     MinPower = 5.8 ;

     StartUpCost = 0 ;

     LinearTerm = 1 ;

     MinUpTime = 1 ;

     MinDownTime = 1 ;

     InitUpDownTime = 1 ;

     InertiaCommitment = 1 ;
    } // group UnitBlock_284

  group: UnitBlock_285 {
    variables:
    	double InitialPower ;
    	double MaxPower(TimeHorizon) ;
    	double MinPower(TimeHorizon) ;
    	double StartUpCost ;
    	double LinearTerm ;
    	double MinUpTime ;
    	double MinDownTime ;
    	double InitUpDownTime ;
    	double InertiaCommitment ;

    // group attributes:
    		:type = "ThermalUnitBlock" ;
    data:

     InitialPower = 1.5 ;

     MaxPower = 7.5 ;

     MinPower = 1.5 ;

     StartUpCost = 0 ;

     LinearTerm = 1 ;

     MinUpTime = 1 ;

     MinDownTime = 1 ;

     InitUpDownTime = 1 ;

     InertiaCommitment = 1 ;
    } // group UnitBlock_285

  group: UnitBlock_286 {
    variables:
    	double InitialPower ;
    	double MaxPower(TimeHorizon) ;
    	double MinPower(TimeHorizon) ;
    	double StartUpCost ;
    	double LinearTerm ;
    	double MinUpTime ;
    	double MinDownTime ;
    	double InitUpDownTime ;
    	double InertiaCommitment ;

    // group attributes:
    		:type = "ThermalUnitBlock" ;
    data:

     InitialPower = 1.5 ;

     MaxPower = 7.5 ;

     MinPower = 1.5 ;

     StartUpCost = 0 ;

     LinearTerm = 1 ;

     MinUpTime = 1 ;

     MinDownTime = 1 ;

     InitUpDownTime = 1 ;

     InertiaCommitment = 1 ;
    } // group UnitBlock_286

  group: UnitBlock_287 {
    variables:
    	double InitialPower ;
    	double MaxPower(TimeHorizon) ;
    	double MinPower(TimeHorizon) ;
    	double StartUpCost ;
    	double LinearTerm ;
    	double MinUpTime ;
    	double MinDownTime ;
    	double InitUpDownTime ;
    	double InertiaCommitment ;

    // group attributes:
    		:type = "ThermalUnitBlock" ;
    data:

     InitialPower = 7 ;

     MaxPower = 7.5 ;

     MinPower = 1.5 ;

     StartUpCost = 0 ;

     LinearTerm = 1 ;

     MinUpTime = 1 ;

     MinDownTime = 1 ;

     InitUpDownTime = 1 ;

     InertiaCommitment = 1 ;
    } // group UnitBlock_287

  group: UnitBlock_288 {
    variables:
    	double InitialPower ;
    	double MaxPower(TimeHorizon) ;
    	double MinPower(TimeHorizon) ;
    	double StartUpCost ;
    	double LinearTerm ;
    	double MinUpTime ;
    	double MinDownTime ;
    	double InitUpDownTime ;
    	double InertiaCommitment ;

    // group attributes:
    		:type = "ThermalUnitBlock" ;
    data:

     InitialPower = 1.5 ;

     MaxPower = 7.5 ;

     MinPower = 1.5 ;

     StartUpCost = 0 ;

     LinearTerm = 1 ;

     MinUpTime = 1 ;

     MinDownTime = 1 ;

     InitUpDownTime = 1 ;

     InertiaCommitment = 1 ;
    } // group UnitBlock_288

  group: UnitBlock_289 {
    variables:
    	double InitialPower ;
    	double MaxPower(TimeHorizon) ;
    	double MinPower(TimeHorizon) ;
    	double StartUpCost ;
    	double LinearTerm ;
    	double MinUpTime ;
    	double MinDownTime ;
    	double InitUpDownTime ;
    	double InertiaCommitment ;

    // group attributes:
    		:type = "ThermalUnitBlock" ;
    data:

     InitialPower = 2.47 ;

     MaxPower = 7.5 ;

     MinPower = 1.5 ;

     StartUpCost = 0 ;

     LinearTerm = 1 ;

     MinUpTime = 1 ;

     MinDownTime = 1 ;

     InitUpDownTime = 1 ;

     InertiaCommitment = 1 ;
    } // group UnitBlock_289

  group: UnitBlock_290 {
    variables:
    	double InitialPower ;
    	double MaxPower(TimeHorizon) ;
    	double MinPower(TimeHorizon) ;
    	double StartUpCost ;
    	double LinearTerm ;
    	double MinUpTime ;
    	double MinDownTime ;
    	double InitUpDownTime ;
    	double InertiaCommitment ;

    // group attributes:
    		:type = "ThermalUnitBlock" ;
    data:

     InitialPower = 1.57 ;

     MaxPower = 2.6 ;

     MinPower = 0 ;

     StartUpCost = 0 ;

     LinearTerm = 1 ;

     MinUpTime = 1 ;

     MinDownTime = 1 ;

     InitUpDownTime = 1 ;

     InertiaCommitment = 1 ;
    } // group UnitBlock_290

  group: UnitBlock_291 {
    variables:
    	double InitialPower ;
    	double MaxPower(TimeHorizon) ;
    	double MinPower(TimeHorizon) ;
    	double StartUpCost ;
    	double LinearTerm ;
    	double MinUpTime ;
    	double MinDownTime ;
    	double InitUpDownTime ;
    	double InertiaCommitment ;

    // group attributes:
    		:type = "ThermalUnitBlock" ;
    data:

     InitialPower = 9 ;

     MaxPower = 9.8 ;

     MinPower = 1.96 ;

     StartUpCost = 0 ;

     LinearTerm = 1 ;

     MinUpTime = 1 ;

     MinDownTime = 1 ;

     InitUpDownTime = 1 ;

     InertiaCommitment = 1 ;
    } // group UnitBlock_291

  group: UnitBlock_292 {
    variables:
    	double InitialPower ;
    	double MaxPower(TimeHorizon) ;
    	double MinPower(TimeHorizon) ;
    	double StartUpCost ;
    	double LinearTerm ;
    	double MinUpTime ;
    	double MinDownTime ;
    	double InitUpDownTime ;
    	double InertiaCommitment ;

    // group attributes:
    		:type = "ThermalUnitBlock" ;
    data:

     InitialPower = 8.93 ;

     MaxPower = 11.7 ;

     MinPower = 2.34 ;

     StartUpCost = 0 ;

     LinearTerm = 1 ;

     MinUpTime = 1 ;

     MinDownTime = 1 ;

     InitUpDownTime = 1 ;

     InertiaCommitment = 1 ;
    } // group UnitBlock_292

  group: UnitBlock_293 {
    variables:
    	double InitialPower ;
    	double MaxPower(TimeHorizon) ;
    	double MinPower(TimeHorizon) ;
    	double StartUpCost ;
    	double LinearTerm ;
    	double MinUpTime ;
    	double MinDownTime ;
    	double InitUpDownTime ;
    	double InertiaCommitment ;

    // group attributes:
    		:type = "ThermalUnitBlock" ;
    data:

     InitialPower = 4 ;

     MaxPower = 8 ;

     MinPower = 1.6 ;

     StartUpCost = 0 ;

     LinearTerm = 1 ;

     MinUpTime = 1 ;

     MinDownTime = 1 ;

     InitUpDownTime = 1 ;

     InertiaCommitment = 1 ;
    } // group UnitBlock_293

  group: UnitBlock_294 {
    variables:
    	double InitialPower ;
    	double MaxPower(TimeHorizon) ;
    	double MinPower(TimeHorizon) ;
    	double StartUpCost ;
    	double LinearTerm ;
    	double MinUpTime ;
    	double MinDownTime ;
    	double InitUpDownTime ;
    	double InertiaCommitment ;

    // group attributes:
    		:type = "ThermalUnitBlock" ;
    data:

     InitialPower = 4 ;

     MaxPower = 8 ;

     MinPower = 1.6 ;

     StartUpCost = 0 ;

     LinearTerm = 1 ;

     MinUpTime = 1 ;

     MinDownTime = 1 ;

     InitUpDownTime = 1 ;

     InertiaCommitment = 1 ;
    } // group UnitBlock_294

  group: UnitBlock_295 {
    variables:
    	double InitialPower ;
    	double MaxPower(TimeHorizon) ;
    	double MinPower(TimeHorizon) ;
    	double StartUpCost ;
    	double LinearTerm ;
    	double MinUpTime ;
    	double MinDownTime ;
    	double InitUpDownTime ;
    	double InertiaCommitment ;

    // group attributes:
    		:type = "ThermalUnitBlock" ;
    data:

     InitialPower = 4.49 ;

     MaxPower = 7.3 ;

     MinPower = 1.46 ;

     StartUpCost = 0 ;

     LinearTerm = 1 ;

     MinUpTime = 1 ;

     MinDownTime = 1 ;

     InitUpDownTime = 1 ;

     InertiaCommitment = 1 ;
    } // group UnitBlock_295

  group: UnitBlock_296 {
    variables:
    	double InitialPower ;
    	double MaxPower(TimeHorizon) ;
    	double MinPower(TimeHorizon) ;
    	double StartUpCost ;
    	double LinearTerm ;
    	double MinUpTime ;
    	double MinDownTime ;
    	double InitUpDownTime ;
    	double InertiaCommitment ;

    // group attributes:
    		:type = "ThermalUnitBlock" ;
    data:

     InitialPower = 0 ;

     MaxPower = 37 ;

     MinPower = 7.4 ;

     StartUpCost = 0 ;

     LinearTerm = 1 ;

     MinUpTime = 1 ;

     MinDownTime = 1 ;

     InitUpDownTime = 1 ;

     InertiaCommitment = 1 ;
    } // group UnitBlock_296

  group: UnitBlock_297 {
    variables:
    	double InitialPower ;
    	double MaxPower(TimeHorizon) ;
    	double MinPower(TimeHorizon) ;
    	double StartUpCost ;
    	double LinearTerm ;
    	double MinUpTime ;
    	double MinDownTime ;
    	double InitUpDownTime ;
    	double InertiaCommitment ;

    // group attributes:
    		:type = "ThermalUnitBlock" ;
    data:

     InitialPower = 0 ;

     MaxPower = 37 ;

     MinPower = 7.4 ;

     StartUpCost = 0 ;

     LinearTerm = 1 ;

     MinUpTime = 1 ;

     MinDownTime = 1 ;

     InitUpDownTime = 1 ;

     InertiaCommitment = 1 ;
    } // group UnitBlock_297

  group: UnitBlock_298 {
    variables:
    	double InitialPower ;
    	double MaxPower(TimeHorizon) ;
    	double MinPower(TimeHorizon) ;
    	double StartUpCost ;
    	double LinearTerm ;
    	double MinUpTime ;
    	double MinDownTime ;
    	double InitUpDownTime ;
    	double InertiaCommitment ;

    // group attributes:
    		:type = "ThermalUnitBlock" ;
    data:

     InitialPower = 27.4 ;

     MaxPower = 37 ;

     MinPower = 7.4 ;

     StartUpCost = 0 ;

     LinearTerm = 1 ;

     MinUpTime = 1 ;

     MinDownTime = 1 ;

     InitUpDownTime = 1 ;

     InertiaCommitment = 1 ;
    } // group UnitBlock_298

  group: UnitBlock_299 {
    variables:
    	double InitialPower ;
    	double MaxPower(TimeHorizon) ;
    	double MinPower(TimeHorizon) ;
    	double StartUpCost ;
    	double LinearTerm ;
    	double MinUpTime ;
    	double MinDownTime ;
    	double InitUpDownTime ;
    	double InertiaCommitment ;

    // group attributes:
    		:type = "ThermalUnitBlock" ;
    data:

     InitialPower = 23.51 ;

     MaxPower = 37 ;

     MinPower = 7.4 ;

     StartUpCost = 0 ;

     LinearTerm = 1 ;

     MinUpTime = 1 ;

     MinDownTime = 1 ;

     InitUpDownTime = 1 ;

     InertiaCommitment = 1 ;
    } // group UnitBlock_299

  group: UnitBlock_300 {
    variables:
    	double InitialPower ;
    	double MaxPower(TimeHorizon) ;
    	double MinPower(TimeHorizon) ;
    	double StartUpCost ;
    	double LinearTerm ;
    	double MinUpTime ;
    	double MinDownTime ;
    	double InitUpDownTime ;
    	double InertiaCommitment ;

    // group attributes:
    		:type = "ThermalUnitBlock" ;
    data:

     InitialPower = 0 ;

     MaxPower = 37 ;

     MinPower = 7.4 ;

     StartUpCost = 0 ;

     LinearTerm = 1 ;

     MinUpTime = 1 ;

     MinDownTime = 1 ;

     InitUpDownTime = 1 ;

     InertiaCommitment = 1 ;
    } // group UnitBlock_300

  group: UnitBlock_301 {
    variables:
    	double InitialPower ;
    	double MaxPower(TimeHorizon) ;
    	double MinPower(TimeHorizon) ;
    	double StartUpCost ;
    	double LinearTerm ;
    	double MinUpTime ;
    	double MinDownTime ;
    	double InitUpDownTime ;
    	double InertiaCommitment ;

    // group attributes:
    		:type = "ThermalUnitBlock" ;
    data:

     InitialPower = 0 ;

     MaxPower = 37 ;

     MinPower = 7.4 ;

     StartUpCost = 0 ;

     LinearTerm = 1 ;

     MinUpTime = 1 ;

     MinDownTime = 1 ;

     InitUpDownTime = 1 ;

     InertiaCommitment = 1 ;
    } // group UnitBlock_301

  group: UnitBlock_302 {
    variables:
    	double InitialPower ;
    	double MaxPower(TimeHorizon) ;
    	double MinPower(TimeHorizon) ;
    	double StartUpCost ;
    	double LinearTerm ;
    	double MinUpTime ;
    	double MinDownTime ;
    	double InitUpDownTime ;
    	double InertiaCommitment ;

    // group attributes:
    		:type = "ThermalUnitBlock" ;
    data:

     InitialPower = 9.1 ;

     MaxPower = 10.2 ;

     MinPower = 2.04 ;

     StartUpCost = 0 ;

     LinearTerm = 1 ;

     MinUpTime = 1 ;

     MinDownTime = 1 ;

     InitUpDownTime = 1 ;

     InertiaCommitment = 1 ;
    } // group UnitBlock_302

  group: UnitBlock_303 {
    variables:
    	double InitialPower ;
    	double MaxPower(TimeHorizon) ;
    	double MinPower(TimeHorizon) ;
    	double StartUpCost ;
    	double LinearTerm ;
    	double MinUpTime ;
    	double MinDownTime ;
    	double InitUpDownTime ;
    	double InertiaCommitment ;

    // group attributes:
    		:type = "ThermalUnitBlock" ;
    data:

     InitialPower = 18 ;

     MaxPower = 18 ;

     MinPower = 3.6 ;

     StartUpCost = 0 ;

     LinearTerm = 1 ;

     MinUpTime = 1 ;

     MinDownTime = 1 ;

     InitUpDownTime = 1 ;

     InertiaCommitment = 1 ;
    } // group UnitBlock_303

  group: UnitBlock_304 {
    variables:
    	double InitialPower ;
    	double MaxPower(TimeHorizon) ;
    	double MinPower(TimeHorizon) ;
    	double StartUpCost ;
    	double LinearTerm ;
    	double MinUpTime ;
    	double MinDownTime ;
    	double InitUpDownTime ;
    	double InertiaCommitment ;

    // group attributes:
    		:type = "ThermalUnitBlock" ;
    data:

     InitialPower = 2.51 ;

     MaxPower = 9 ;

     MinPower = 1.8 ;

     StartUpCost = 0 ;

     LinearTerm = 1 ;

     MinUpTime = 1 ;

     MinDownTime = 1 ;

     InitUpDownTime = 1 ;

     InertiaCommitment = 1 ;
    } // group UnitBlock_304

  group: UnitBlock_305 {
    variables:
    	double InitialPower ;
    	double MaxPower(TimeHorizon) ;
    	double MinPower(TimeHorizon) ;
    	double StartUpCost ;
    	double LinearTerm ;
    	double MinUpTime ;
    	double MinDownTime ;
    	double InitUpDownTime ;
    	double InertiaCommitment ;

    // group attributes:
    		:type = "ThermalUnitBlock" ;
    data:

     InitialPower = 6 ;

     MaxPower = 22.9 ;

     MinPower = 6 ;

     StartUpCost = 0 ;

     LinearTerm = 1 ;

     MinUpTime = 1 ;

     MinDownTime = 1 ;

     InitUpDownTime = 1 ;

     InertiaCommitment = 1 ;
    } // group UnitBlock_305

  group: UnitBlock_306 {
    variables:
    	double InitialPower ;
    	double MaxPower(TimeHorizon) ;
    	double MinPower(TimeHorizon) ;
    	double StartUpCost ;
    	double LinearTerm ;
    	double MinUpTime ;
    	double MinDownTime ;
    	double InitUpDownTime ;
    	double InertiaCommitment ;

    // group attributes:
    		:type = "ThermalUnitBlock" ;
    data:

     InitialPower = 6.01 ;

     MaxPower = 26.5 ;

     MinPower = 6 ;

     StartUpCost = 0 ;

     LinearTerm = 1 ;

     MinUpTime = 1 ;

     MinDownTime = 1 ;

     InitUpDownTime = 1 ;

     InertiaCommitment = 1 ;
    } // group UnitBlock_306

  group: UnitBlock_307 {
    variables:
    	double InitialPower ;
    	double MaxPower(TimeHorizon) ;
    	double MinPower(TimeHorizon) ;
    	double StartUpCost ;
    	double LinearTerm ;
    	double MinUpTime ;
    	double MinDownTime ;
    	double InitUpDownTime ;
    	double InertiaCommitment ;

    // group attributes:
    		:type = "ThermalUnitBlock" ;
    data:

     InitialPower = 24.01 ;

     MaxPower = 26.5 ;

     MinPower = 6 ;

     StartUpCost = 0 ;

     LinearTerm = 1 ;

     MinUpTime = 1 ;

     MinDownTime = 1 ;

     InitUpDownTime = 1 ;

     InertiaCommitment = 1 ;
    } // group UnitBlock_307

  group: UnitBlock_308 {
    variables:
    	double InitialPower ;
    	double MaxPower(TimeHorizon) ;
    	double MinPower(TimeHorizon) ;
    	double StartUpCost ;
    	double LinearTerm ;
    	double MinUpTime ;
    	double MinDownTime ;
    	double InitUpDownTime ;
    	double InertiaCommitment ;

    // group attributes:
    		:type = "ThermalUnitBlock" ;
    data:

     InitialPower = 10 ;

     MaxPower = 10.8 ;

     MinPower = 2.16 ;

     StartUpCost = 0 ;

     LinearTerm = 1 ;

     MinUpTime = 1 ;

     MinDownTime = 1 ;

     InitUpDownTime = 1 ;

     InertiaCommitment = 1 ;
    } // group UnitBlock_308

  group: UnitBlock_309 {
    variables:
    	double InitialPower ;
    	double MaxPower(TimeHorizon) ;
    	double MinPower(TimeHorizon) ;
    	double StartUpCost ;
    	double LinearTerm ;
    	double MinUpTime ;
    	double MinDownTime ;
    	double InitUpDownTime ;
    	double InertiaCommitment ;

    // group attributes:
    		:type = "ThermalUnitBlock" ;
    data:

     InitialPower = 6 ;

     MaxPower = 6.4 ;

     MinPower = 1.28 ;

     StartUpCost = 0 ;

     LinearTerm = 1 ;

     MinUpTime = 1 ;

     MinDownTime = 1 ;

     InitUpDownTime = 1 ;

     InertiaCommitment = 1 ;
    } // group UnitBlock_309

  group: UnitBlock_310 {
    variables:
    	double InitialPower ;
    	double MaxPower(TimeHorizon) ;
    	double MinPower(TimeHorizon) ;
    	double StartUpCost ;
    	double LinearTerm ;
    	double MinUpTime ;
    	double MinDownTime ;
    	double InitUpDownTime ;
    	double InertiaCommitment ;

    // group attributes:
    		:type = "ThermalUnitBlock" ;
    data:

     InitialPower = 13 ;

     MaxPower = 13.8 ;

     MinPower = 2.76 ;

     StartUpCost = 0 ;

     LinearTerm = 1 ;

     MinUpTime = 1 ;

     MinDownTime = 1 ;

     InitUpDownTime = 1 ;

     InertiaCommitment = 1 ;
    } // group UnitBlock_310

  group: UnitBlock_311 {
    variables:
    	double InitialPower ;
    	double MaxPower(TimeHorizon) ;
    	double MinPower(TimeHorizon) ;
    	double StartUpCost ;
    	double LinearTerm ;
    	double MinUpTime ;
    	double MinDownTime ;
    	double InitUpDownTime ;
    	double InertiaCommitment ;

    // group attributes:
    		:type = "ThermalUnitBlock" ;
    data:

     InitialPower = 44 ;

     MaxPower = 46 ;

     MinPower = 9.2 ;

     StartUpCost = 0 ;

     LinearTerm = 1 ;

     MinUpTime = 1 ;

     MinDownTime = 1 ;

     InitUpDownTime = 1 ;

     InertiaCommitment = 1 ;
    } // group UnitBlock_311

  group: UnitBlock_312 {
    variables:
    	double InitialPower ;
    	double MaxPower(TimeHorizon) ;
    	double MinPower(TimeHorizon) ;
    	double StartUpCost ;
    	double LinearTerm ;
    	double MinUpTime ;
    	double MinDownTime ;
    	double InitUpDownTime ;
    	double InertiaCommitment ;

    // group attributes:
    		:type = "ThermalUnitBlock" ;
    data:

     InitialPower = 20.7 ;

     MaxPower = 30 ;

     MinPower = 6 ;

     StartUpCost = 0 ;

     LinearTerm = 1 ;

     MinUpTime = 1 ;

     MinDownTime = 1 ;

     InitUpDownTime = 1 ;

     InertiaCommitment = 1 ;
    } // group UnitBlock_312

  group: UnitBlock_313 {
    variables:
    	double InitialPower ;
    	double MaxPower(TimeHorizon) ;
    	double MinPower(TimeHorizon) ;
    	double StartUpCost ;
    	double LinearTerm ;
    	double MinUpTime ;
    	double MinDownTime ;
    	double InitUpDownTime ;
    	double InertiaCommitment ;

    // group attributes:
    		:type = "ThermalUnitBlock" ;
    data:

     InitialPower = 30.29 ;

     MaxPower = 44 ;

     MinPower = 8.8 ;

     StartUpCost = 0 ;

     LinearTerm = 1 ;

     MinUpTime = 1 ;

     MinDownTime = 1 ;

     InitUpDownTime = 1 ;

     InertiaCommitment = 1 ;
    } // group UnitBlock_313

  group: UnitBlock_314 {
    variables:
    	double InitialPower ;
    	double MaxPower(TimeHorizon) ;
    	double MinPower(TimeHorizon) ;
    	double StartUpCost ;
    	double LinearTerm ;
    	double MinUpTime ;
    	double MinDownTime ;
    	double InitUpDownTime ;
    	double InertiaCommitment ;

    // group attributes:
    		:type = "ThermalUnitBlock" ;
    data:

     InitialPower = -8 ;

     MaxPower = 0 ;

     MinPower = -8 ;

     StartUpCost = 0 ;

     LinearTerm = 1 ;

     MinUpTime = 1 ;

     MinDownTime = 1 ;

     InitUpDownTime = 1 ;

     InertiaCommitment = 1 ;
    } // group UnitBlock_314

  group: UnitBlock_315 {
    variables:
    	double InitialPower ;
    	double MaxPower(TimeHorizon) ;
    	double MinPower(TimeHorizon) ;
    	double StartUpCost ;
    	double LinearTerm ;
    	double MinUpTime ;
    	double MinDownTime ;
    	double InitUpDownTime ;
    	double InertiaCommitment ;

    // group attributes:
    		:type = "ThermalUnitBlock" ;
    data:

     InitialPower = 10.6 ;

     MaxPower = 53 ;

     MinPower = 10.6 ;

     StartUpCost = 0 ;

     LinearTerm = 1 ;

     MinUpTime = 1 ;

     MinDownTime = 1 ;

     InitUpDownTime = 1 ;

     InertiaCommitment = 1 ;
    } // group UnitBlock_315

  group: UnitBlock_316 {
    variables:
    	double InitialPower ;
    	double MaxPower(TimeHorizon) ;
    	double MinPower(TimeHorizon) ;
    	double StartUpCost ;
    	double LinearTerm ;
    	double MinUpTime ;
    	double MinDownTime ;
    	double InitUpDownTime ;
    	double InertiaCommitment ;

    // group attributes:
    		:type = "ThermalUnitBlock" ;
    data:

     InitialPower = 0.84 ;

     MaxPower = 10 ;

     MinPower = 2 ;

     StartUpCost = 0 ;

     LinearTerm = 1 ;

     MinUpTime = 1 ;

     MinDownTime = 1 ;

     InitUpDownTime = 1 ;

     InertiaCommitment = 1 ;
    } // group UnitBlock_316

  group: UnitBlock_317 {
    variables:
    	double InitialPower ;
    	double MaxPower(TimeHorizon) ;
    	double MinPower(TimeHorizon) ;
    	double StartUpCost ;
    	double LinearTerm ;
    	double MinUpTime ;
    	double MinDownTime ;
    	double InitUpDownTime ;
    	double InertiaCommitment ;

    // group attributes:
    		:type = "ThermalUnitBlock" ;
    data:

     InitialPower = 0.6 ;

     MaxPower = 10 ;

     MinPower = 2 ;

     StartUpCost = 0 ;

     LinearTerm = 1 ;

     MinUpTime = 1 ;

     MinDownTime = 1 ;

     InitUpDownTime = 1 ;

     InertiaCommitment = 1 ;
    } // group UnitBlock_317

  group: UnitBlock_318 {
    variables:
    	double InitialPower ;
    	double MaxPower(TimeHorizon) ;
    	double MinPower(TimeHorizon) ;
    	double StartUpCost ;
    	double LinearTerm ;
    	double MinUpTime ;
    	double MinDownTime ;
    	double InitUpDownTime ;
    	double InertiaCommitment ;

    // group attributes:
    		:type = "ThermalUnitBlock" ;
    data:

     InitialPower = 1.21 ;

     MaxPower = 10 ;

     MinPower = 2 ;

     StartUpCost = 0 ;

     LinearTerm = 1 ;

     MinUpTime = 1 ;

     MinDownTime = 1 ;

     InitUpDownTime = 1 ;

     InertiaCommitment = 1 ;
    } // group UnitBlock_318

  group: UnitBlock_319 {
    variables:
    	double InitialPower ;
    	double MaxPower(TimeHorizon) ;
    	double MinPower(TimeHorizon) ;
    	double StartUpCost ;
    	double LinearTerm ;
    	double MinUpTime ;
    	double MinDownTime ;
    	double InitUpDownTime ;
    	double InertiaCommitment ;

    // group attributes:
    		:type = "ThermalUnitBlock" ;
    data:

     InitialPower = 1.86 ;

     MaxPower = 8 ;

     MinPower = 1.6 ;

     StartUpCost = 0 ;

     LinearTerm = 1 ;

     MinUpTime = 1 ;

     MinDownTime = 1 ;

     InitUpDownTime = 1 ;

     InertiaCommitment = 1 ;
    } // group UnitBlock_319

  group: UnitBlock_320 {
    variables:
    	double InitialPower ;
    	double MaxPower(TimeHorizon) ;
    	double MinPower(TimeHorizon) ;
    	double StartUpCost ;
    	double LinearTerm ;
    	double MinUpTime ;
    	double MinDownTime ;
    	double InitUpDownTime ;
    	double InertiaCommitment ;

    // group attributes:
    		:type = "ThermalUnitBlock" ;
    data:

     InitialPower = 0 ;

     MaxPower = 1.06 ;

     MinPower = 0 ;

     StartUpCost = 0 ;

     LinearTerm = 1 ;

     MinUpTime = 1 ;

     MinDownTime = 1 ;

     InitUpDownTime = 1 ;

     InertiaCommitment = 1 ;
    } // group UnitBlock_320

  group: UnitBlock_321 {
    variables:
    	double InitialPower ;
    	double MaxPower(TimeHorizon) ;
    	double MinPower(TimeHorizon) ;
    	double StartUpCost ;
    	double LinearTerm ;
    	double MinUpTime ;
    	double MinDownTime ;
    	double InitUpDownTime ;
    	double InertiaCommitment ;

    // group attributes:
    		:type = "ThermalUnitBlock" ;
    data:

     InitialPower = 7 ;

     MaxPower = 8 ;

     MinPower = 1.6 ;

     StartUpCost = 0 ;

     LinearTerm = 1 ;

     MinUpTime = 1 ;

     MinDownTime = 1 ;

     InitUpDownTime = 1 ;

     InertiaCommitment = 1 ;
    } // group UnitBlock_321

  group: UnitBlock_322 {
    variables:
    	double InitialPower ;
    	double MaxPower(TimeHorizon) ;
    	double MinPower(TimeHorizon) ;
    	double StartUpCost ;
    	double LinearTerm ;
    	double MinUpTime ;
    	double MinDownTime ;
    	double InitUpDownTime ;
    	double InertiaCommitment ;

    // group attributes:
    		:type = "ThermalUnitBlock" ;
    data:

     InitialPower = 6.2 ;

     MaxPower = 31 ;

     MinPower = 6.2 ;

     StartUpCost = 0 ;

     LinearTerm = 1 ;

     MinUpTime = 1 ;

     MinDownTime = 1 ;

     InitUpDownTime = 1 ;

     InertiaCommitment = 1 ;
    } // group UnitBlock_322

  group: UnitBlock_323 {
    variables:
    	double InitialPower ;
    	double MaxPower(TimeHorizon) ;
    	double MinPower(TimeHorizon) ;
    	double StartUpCost ;
    	double LinearTerm ;
    	double MinUpTime ;
    	double MinDownTime ;
    	double InitUpDownTime ;
    	double InertiaCommitment ;

    // group attributes:
    		:type = "ThermalUnitBlock" ;
    data:

     InitialPower = 11.6 ;

     MaxPower = 58 ;

     MinPower = 11.6 ;

     StartUpCost = 0 ;

     LinearTerm = 1 ;

     MinUpTime = 1 ;

     MinDownTime = 1 ;

     InitUpDownTime = 1 ;

     InertiaCommitment = 1 ;
    } // group UnitBlock_323

  group: UnitBlock_324 {
    variables:
    	double InitialPower ;
    	double MaxPower(TimeHorizon) ;
    	double MinPower(TimeHorizon) ;
    	double StartUpCost ;
    	double LinearTerm ;
    	double MinUpTime ;
    	double MinDownTime ;
    	double InitUpDownTime ;
    	double InertiaCommitment ;

    // group attributes:
    		:type = "ThermalUnitBlock" ;
    data:

     InitialPower = 1.22 ;

     MaxPower = 6.1 ;

     MinPower = 1.22 ;

     StartUpCost = 0 ;

     LinearTerm = 1 ;

     MinUpTime = 1 ;

     MinDownTime = 1 ;

     InitUpDownTime = 1 ;

     InertiaCommitment = 1 ;
    } // group UnitBlock_324

  group: UnitBlock_325 {
    variables:
    	double InitialPower ;
    	double MaxPower(TimeHorizon) ;
    	double MinPower(TimeHorizon) ;
    	double StartUpCost ;
    	double LinearTerm ;
    	double MinUpTime ;
    	double MinDownTime ;
    	double InitUpDownTime ;
    	double InertiaCommitment ;

    // group attributes:
    		:type = "ThermalUnitBlock" ;
    data:

     InitialPower = 5 ;

     MaxPower = 25 ;

     MinPower = 5 ;

     StartUpCost = 0 ;

     LinearTerm = 1 ;

     MinUpTime = 1 ;

     MinDownTime = 1 ;

     InitUpDownTime = 1 ;

     InertiaCommitment = 1 ;
    } // group UnitBlock_325

  group: UnitBlock_326 {
    variables:
    	double InitialPower ;
    	double MaxPower(TimeHorizon) ;
    	double MinPower(TimeHorizon) ;
    	double StartUpCost ;
    	double LinearTerm ;
    	double MinUpTime ;
    	double MinDownTime ;
    	double InitUpDownTime ;
    	double InertiaCommitment ;

    // group attributes:
    		:type = "ThermalUnitBlock" ;
    data:

     InitialPower = 0 ;

     MaxPower = 25 ;

     MinPower = 5 ;

     StartUpCost = 0 ;

     LinearTerm = 1 ;

     MinUpTime = 1 ;

     MinDownTime = 1 ;

     InitUpDownTime = 1 ;

     InertiaCommitment = 1 ;
    } // group UnitBlock_326

  group: UnitBlock_327 {
    variables:
    	double InitialPower ;
    	double MaxPower(TimeHorizon) ;
    	double MinPower(TimeHorizon) ;
    	double StartUpCost ;
    	double LinearTerm ;
    	double MinUpTime ;
    	double MinDownTime ;
    	double InitUpDownTime ;
    	double InertiaCommitment ;

    // group attributes:
    		:type = "ThermalUnitBlock" ;
    data:

     InitialPower = -0.43 ;

     MaxPower = 3 ;

     MinPower = 0 ;

     StartUpCost = 0 ;

     LinearTerm = 1 ;

     MinUpTime = 1 ;

     MinDownTime = 1 ;

     InitUpDownTime = 1 ;

     InertiaCommitment = 1 ;
    } // group UnitBlock_327

  group: UnitBlock_328 {
    variables:
    	double InitialPower ;
    	double MaxPower(TimeHorizon) ;
    	double MinPower(TimeHorizon) ;
    	double StartUpCost ;
    	double LinearTerm ;
    	double MinUpTime ;
    	double MinDownTime ;
    	double InitUpDownTime ;
    	double InertiaCommitment ;

    // group attributes:
    		:type = "ThermalUnitBlock" ;
    data:

     InitialPower = 9 ;

     MaxPower = 10 ;

     MinPower = 2 ;

     StartUpCost = 0 ;

     LinearTerm = 1 ;

     MinUpTime = 1 ;

     MinDownTime = 1 ;

     InitUpDownTime = 1 ;

     InertiaCommitment = 1 ;
    } // group UnitBlock_328

  group: UnitBlock_329 {
    variables:
    	double InitialPower ;
    	double MaxPower(TimeHorizon) ;
    	double MinPower(TimeHorizon) ;
    	double StartUpCost ;
    	double LinearTerm ;
    	double MinUpTime ;
    	double MinDownTime ;
    	double InitUpDownTime ;
    	double InertiaCommitment ;

    // group attributes:
    		:type = "ThermalUnitBlock" ;
    data:

     InitialPower = 0 ;

     MaxPower = 7 ;

     MinPower = 1.4 ;

     StartUpCost = 0 ;

     LinearTerm = 1 ;

     MinUpTime = 1 ;

     MinDownTime = 1 ;

     InitUpDownTime = 1 ;

     InertiaCommitment = 1 ;
    } // group UnitBlock_329

  group: UnitBlock_330 {
    variables:
    	double InitialPower ;
    	double MaxPower(TimeHorizon) ;
    	double MinPower(TimeHorizon) ;
    	double StartUpCost ;
    	double LinearTerm ;
    	double MinUpTime ;
    	double MinDownTime ;
    	double InitUpDownTime ;
    	double InertiaCommitment ;

    // group attributes:
    		:type = "ThermalUnitBlock" ;
    data:

     InitialPower = 0 ;

     MaxPower = 5 ;

     MinPower = 0 ;

     StartUpCost = 0 ;

     LinearTerm = 1 ;

     MinUpTime = 1 ;

     MinDownTime = 1 ;

     InitUpDownTime = 1 ;

     InertiaCommitment = 1 ;
    } // group UnitBlock_330

  group: UnitBlock_331 {
    variables:
    	double InitialPower ;
    	double MaxPower(TimeHorizon) ;
    	double MinPower(TimeHorizon) ;
    	double StartUpCost ;
    	double LinearTerm ;
    	double MinUpTime ;
    	double MinDownTime ;
    	double InitUpDownTime ;
    	double InertiaCommitment ;

    // group attributes:
    		:type = "ThermalUnitBlock" ;
    data:

     InitialPower = 1.97 ;

     MaxPower = 4 ;

     MinPower = 0 ;

     StartUpCost = 0 ;

     LinearTerm = 1 ;

     MinUpTime = 1 ;

     MinDownTime = 1 ;

     InitUpDownTime = 1 ;

     InertiaCommitment = 1 ;
    } // group UnitBlock_331

  group: UnitBlock_332 {
    variables:
    	double InitialPower ;
    	double MaxPower(TimeHorizon) ;
    	double MinPower(TimeHorizon) ;
    	double StartUpCost ;
    	double LinearTerm ;
    	double MinUpTime ;
    	double MinDownTime ;
    	double InitUpDownTime ;
    	double InertiaCommitment ;

    // group attributes:
    		:type = "ThermalUnitBlock" ;
    data:

     InitialPower = 9.7 ;

     MaxPower = 18 ;

     MinPower = 3.6 ;

     StartUpCost = 0 ;

     LinearTerm = 1 ;

     MinUpTime = 1 ;

     MinDownTime = 1 ;

     InitUpDownTime = 1 ;

     InertiaCommitment = 1 ;
    } // group UnitBlock_332

  group: UnitBlock_333 {
    variables:
    	double InitialPower ;
    	double MaxPower(TimeHorizon) ;
    	double MinPower(TimeHorizon) ;
    	double StartUpCost ;
    	double LinearTerm ;
    	double MinUpTime ;
    	double MinDownTime ;
    	double InitUpDownTime ;
    	double InertiaCommitment ;

    // group attributes:
    		:type = "ThermalUnitBlock" ;
    data:

     InitialPower = 4.01 ;

     MaxPower = 10 ;

     MinPower = 2 ;

     StartUpCost = 0 ;

     LinearTerm = 1 ;

     MinUpTime = 1 ;

     MinDownTime = 1 ;

     InitUpDownTime = 1 ;

     InertiaCommitment = 1 ;
    } // group UnitBlock_333

  group: UnitBlock_334 {
    variables:
    	double InitialPower ;
    	double MaxPower(TimeHorizon) ;
    	double MinPower(TimeHorizon) ;
    	double StartUpCost ;
    	double LinearTerm ;
    	double MinUpTime ;
    	double MinDownTime ;
    	double InitUpDownTime ;
    	double InertiaCommitment ;

    // group attributes:
    		:type = "ThermalUnitBlock" ;
    data:

     InitialPower = -2.99 ;

     MaxPower = 8.6 ;

     MinPower = 1.72 ;

     StartUpCost = 0 ;

     LinearTerm = 1 ;

     MinUpTime = 1 ;

     MinDownTime = 1 ;

     InitUpDownTime = 1 ;

     InertiaCommitment = 1 ;
    } // group UnitBlock_334

  group: UnitBlock_335 {
    variables:
    	double InitialPower ;
    	double MaxPower(TimeHorizon) ;
    	double MinPower(TimeHorizon) ;
    	double StartUpCost ;
    	double LinearTerm ;
    	double MinUpTime ;
    	double MinDownTime ;
    	double InitUpDownTime ;
    	double InertiaCommitment ;

    // group attributes:
    		:type = "ThermalUnitBlock" ;
    data:

     InitialPower = 1.52 ;

     MaxPower = 10.5 ;

     MinPower = 2.1 ;

     StartUpCost = 0 ;

     LinearTerm = 1 ;

     MinUpTime = 1 ;

     MinDownTime = 1 ;

     InitUpDownTime = 1 ;

     InertiaCommitment = 1 ;
    } // group UnitBlock_335

  group: UnitBlock_336 {
    variables:
    	double InitialPower ;
    	double MaxPower(TimeHorizon) ;
    	double MinPower(TimeHorizon) ;
    	double StartUpCost ;
    	double LinearTerm ;
    	double MinUpTime ;
    	double MinDownTime ;
    	double InitUpDownTime ;
    	double InertiaCommitment ;

    // group attributes:
    		:type = "ThermalUnitBlock" ;
    data:

     InitialPower = 5.99 ;

     MaxPower = 7 ;

     MinPower = 1.4 ;

     StartUpCost = 0 ;

     LinearTerm = 1 ;

     MinUpTime = 1 ;

     MinDownTime = 1 ;

     InitUpDownTime = 1 ;

     InertiaCommitment = 1 ;
    } // group UnitBlock_336

  group: UnitBlock_337 {
    variables:
    	double InitialPower ;
    	double MaxPower(TimeHorizon) ;
    	double MinPower(TimeHorizon) ;
    	double StartUpCost ;
    	double LinearTerm ;
    	double MinUpTime ;
    	double MinDownTime ;
    	double InitUpDownTime ;
    	double InertiaCommitment ;

    // group attributes:
    		:type = "ThermalUnitBlock" ;
    data:

     InitialPower = 8.72 ;

     MaxPower = 13 ;

     MinPower = 2.6 ;

     StartUpCost = 0 ;

     LinearTerm = 1 ;

     MinUpTime = 1 ;

     MinDownTime = 1 ;

     InitUpDownTime = 1 ;

     InertiaCommitment = 1 ;
    } // group UnitBlock_337

  group: UnitBlock_338 {
    variables:
    	double InitialPower ;
    	double MaxPower(TimeHorizon) ;
    	double MinPower(TimeHorizon) ;
    	double StartUpCost ;
    	double LinearTerm ;
    	double MinUpTime ;
    	double MinDownTime ;
    	double InitUpDownTime ;
    	double InertiaCommitment ;

    // group attributes:
    		:type = "ThermalUnitBlock" ;
    data:

     InitialPower = 200 ;

     MaxPower = 670 ;

     MinPower = 200 ;

     StartUpCost = 0 ;

     LinearTerm = 1 ;

     MinUpTime = 1 ;

     MinDownTime = 1 ;

     InitUpDownTime = 1 ;

     InertiaCommitment = 1 ;
    } // group UnitBlock_338

  group: UnitBlock_339 {
    variables:
    	double InitialPower ;
    	double MaxPower(TimeHorizon) ;
    	double MinPower(TimeHorizon) ;
    	double StartUpCost ;
    	double LinearTerm ;
    	double MinUpTime ;
    	double MinDownTime ;
    	double InitUpDownTime ;
    	double InertiaCommitment ;

    // group attributes:
    		:type = "ThermalUnitBlock" ;
    data:

     InitialPower = 140 ;

     MaxPower = 700 ;

     MinPower = 140 ;

     StartUpCost = 0 ;

     LinearTerm = 1 ;

     MinUpTime = 1 ;

     MinDownTime = 1 ;

     InitUpDownTime = 1 ;

     InertiaCommitment = 1 ;
    } // group UnitBlock_339

  group: UnitBlock_340 {
    variables:
    	double InitialPower ;
    	double MaxPower(TimeHorizon) ;
    	double MinPower(TimeHorizon) ;
    	double StartUpCost ;
    	double LinearTerm ;
    	double MinUpTime ;
    	double MinDownTime ;
    	double InitUpDownTime ;
    	double InertiaCommitment ;

    // group attributes:
    		:type = "ThermalUnitBlock" ;
    data:

     InitialPower = 11.59 ;

     MaxPower = 23 ;

     MinPower = 4.6 ;

     StartUpCost = 0 ;

     LinearTerm = 1 ;

     MinUpTime = 1 ;

     MinDownTime = 1 ;

     InitUpDownTime = 1 ;

     InertiaCommitment = 1 ;
    } // group UnitBlock_340

  group: UnitBlock_341 {
    variables:
    	double InitialPower ;
    	double MaxPower(TimeHorizon) ;
    	double MinPower(TimeHorizon) ;
    	double StartUpCost ;
    	double LinearTerm ;
    	double MinUpTime ;
    	double MinDownTime ;
    	double InitUpDownTime ;
    	double InertiaCommitment ;

    // group attributes:
    		:type = "ThermalUnitBlock" ;
    data:

     InitialPower = 4.6 ;

     MaxPower = 23 ;

     MinPower = 4.6 ;

     StartUpCost = 0 ;

     LinearTerm = 1 ;

     MinUpTime = 1 ;

     MinDownTime = 1 ;

     InitUpDownTime = 1 ;

     InertiaCommitment = 1 ;
    } // group UnitBlock_341

  group: UnitBlock_342 {
    variables:
    	double InitialPower ;
    	double MaxPower(TimeHorizon) ;
    	double MinPower(TimeHorizon) ;
    	double StartUpCost ;
    	double LinearTerm ;
    	double MinUpTime ;
    	double MinDownTime ;
    	double InitUpDownTime ;
    	double InertiaCommitment ;

    // group attributes:
    		:type = "ThermalUnitBlock" ;
    data:

     InitialPower = 24.43 ;

     MaxPower = 27 ;

     MinPower = 5.4 ;

     StartUpCost = 0 ;

     LinearTerm = 1 ;

     MinUpTime = 1 ;

     MinDownTime = 1 ;

     InitUpDownTime = 1 ;

     InertiaCommitment = 1 ;
    } // group UnitBlock_342

  group: UnitBlock_343 {
    variables:
    	double InitialPower ;
    	double MaxPower(TimeHorizon) ;
    	double MinPower(TimeHorizon) ;
    	double StartUpCost ;
    	double LinearTerm ;
    	double MinUpTime ;
    	double MinDownTime ;
    	double InitUpDownTime ;
    	double InertiaCommitment ;

    // group attributes:
    		:type = "ThermalUnitBlock" ;
    data:

     InitialPower = 82 ;

     MaxPower = 86 ;

     MinPower = 17.2 ;

     StartUpCost = 0 ;

     LinearTerm = 1 ;

     MinUpTime = 1 ;

     MinDownTime = 1 ;

     InitUpDownTime = 1 ;

     InertiaCommitment = 1 ;
    } // group UnitBlock_343

  group: UnitBlock_344 {
    variables:
    	double InitialPower ;
    	double MaxPower(TimeHorizon) ;
    	double MinPower(TimeHorizon) ;
    	double StartUpCost ;
    	double LinearTerm ;
    	double MinUpTime ;
    	double MinDownTime ;
    	double InitUpDownTime ;
    	double InertiaCommitment ;

    // group attributes:
    		:type = "ThermalUnitBlock" ;
    data:

     InitialPower = 9.8 ;

     MaxPower = 49 ;

     MinPower = 9.8 ;

     StartUpCost = 0 ;

     LinearTerm = 1 ;

     MinUpTime = 1 ;

     MinDownTime = 1 ;

     InitUpDownTime = 1 ;

     InertiaCommitment = 1 ;
    } // group UnitBlock_344

  group: UnitBlock_345 {
    variables:
    	double InitialPower ;
    	double MaxPower(TimeHorizon) ;
    	double MinPower(TimeHorizon) ;
    	double StartUpCost ;
    	double LinearTerm ;
    	double MinUpTime ;
    	double MinDownTime ;
    	double InitUpDownTime ;
    	double InertiaCommitment ;

    // group attributes:
    		:type = "ThermalUnitBlock" ;
    data:

     InitialPower = 27.94 ;

     MaxPower = 32 ;

     MinPower = 6.4 ;

     StartUpCost = 0 ;

     LinearTerm = 1 ;

     MinUpTime = 1 ;

     MinDownTime = 1 ;

     InitUpDownTime = 1 ;

     InertiaCommitment = 1 ;
    } // group UnitBlock_345

  group: UnitBlock_346 {
    variables:
    	double InitialPower ;
    	double MaxPower(TimeHorizon) ;
    	double MinPower(TimeHorizon) ;
    	double StartUpCost ;
    	double LinearTerm ;
    	double MinUpTime ;
    	double MinDownTime ;
    	double InitUpDownTime ;
    	double InertiaCommitment ;

    // group attributes:
    		:type = "ThermalUnitBlock" ;
    data:

     InitialPower = 28.44 ;

     MaxPower = 32 ;

     MinPower = 6.4 ;

     StartUpCost = 0 ;

     LinearTerm = 1 ;

     MinUpTime = 1 ;

     MinDownTime = 1 ;

     InitUpDownTime = 1 ;

     InertiaCommitment = 1 ;
    } // group UnitBlock_346

  group: UnitBlock_347 {
    variables:
    	double InitialPower ;
    	double MaxPower(TimeHorizon) ;
    	double MinPower(TimeHorizon) ;
    	double StartUpCost ;
    	double LinearTerm ;
    	double MinUpTime ;
    	double MinDownTime ;
    	double InitUpDownTime ;
    	double InertiaCommitment ;

    // group attributes:
    		:type = "ThermalUnitBlock" ;
    data:

     InitialPower = 27.77 ;

     MaxPower = 32 ;

     MinPower = 6.4 ;

     StartUpCost = 0 ;

     LinearTerm = 1 ;

     MinUpTime = 1 ;

     MinDownTime = 1 ;

     InitUpDownTime = 1 ;

     InertiaCommitment = 1 ;
    } // group UnitBlock_347

  group: UnitBlock_348 {
    variables:
    	double InitialPower ;
    	double MaxPower(TimeHorizon) ;
    	double MinPower(TimeHorizon) ;
    	double StartUpCost ;
    	double LinearTerm ;
    	double MinUpTime ;
    	double MinDownTime ;
    	double InitUpDownTime ;
    	double InertiaCommitment ;

    // group attributes:
    		:type = "ThermalUnitBlock" ;
    data:

     InitialPower = 27.53 ;

     MaxPower = 32 ;

     MinPower = 6.4 ;

     StartUpCost = 0 ;

     LinearTerm = 1 ;

     MinUpTime = 1 ;

     MinDownTime = 1 ;

     InitUpDownTime = 1 ;

     InertiaCommitment = 1 ;
    } // group UnitBlock_348

  group: UnitBlock_349 {
    variables:
    	double InitialPower ;
    	double MaxPower(TimeHorizon) ;
    	double MinPower(TimeHorizon) ;
    	double StartUpCost ;
    	double LinearTerm ;
    	double MinUpTime ;
    	double MinDownTime ;
    	double InitUpDownTime ;
    	double InertiaCommitment ;

    // group attributes:
    		:type = "ThermalUnitBlock" ;
    data:

     InitialPower = 22.15 ;

     MaxPower = 92 ;

     MinPower = 18.4 ;

     StartUpCost = 0 ;

     LinearTerm = 1 ;

     MinUpTime = 1 ;

     MinDownTime = 1 ;

     InitUpDownTime = 1 ;

     InertiaCommitment = 1 ;
    } // group UnitBlock_349

  group: UnitBlock_350 {
    variables:
    	double InitialPower ;
    	double MaxPower(TimeHorizon) ;
    	double MinPower(TimeHorizon) ;
    	double StartUpCost ;
    	double LinearTerm ;
    	double MinUpTime ;
    	double MinDownTime ;
    	double InitUpDownTime ;
    	double InertiaCommitment ;

    // group attributes:
    		:type = "ThermalUnitBlock" ;
    data:

     InitialPower = 35.54 ;

     MaxPower = 92 ;

     MinPower = 18.4 ;

     StartUpCost = 0 ;

     LinearTerm = 1 ;

     MinUpTime = 1 ;

     MinDownTime = 1 ;

     InitUpDownTime = 1 ;

     InertiaCommitment = 1 ;
    } // group UnitBlock_350

  group: UnitBlock_351 {
    variables:
    	double InitialPower ;
    	double MaxPower(TimeHorizon) ;
    	double MinPower(TimeHorizon) ;
    	double StartUpCost ;
    	double LinearTerm ;
    	double MinUpTime ;
    	double MinDownTime ;
    	double InitUpDownTime ;
    	double InertiaCommitment ;

    // group attributes:
    		:type = "ThermalUnitBlock" ;
    data:

     InitialPower = 60.68 ;

     MaxPower = 92 ;

     MinPower = 18.4 ;

     StartUpCost = 0 ;

     LinearTerm = 1 ;

     MinUpTime = 1 ;

     MinDownTime = 1 ;

     InitUpDownTime = 1 ;

     InertiaCommitment = 1 ;
    } // group UnitBlock_351

  group: UnitBlock_352 {
    variables:
    	double InitialPower ;
    	double MaxPower(TimeHorizon) ;
    	double MinPower(TimeHorizon) ;
    	double StartUpCost ;
    	double LinearTerm ;
    	double MinUpTime ;
    	double MinDownTime ;
    	double InitUpDownTime ;
    	double InertiaCommitment ;

    // group attributes:
    		:type = "ThermalUnitBlock" ;
    data:

     InitialPower = 899.99 ;

     MaxPower = 935.5 ;

     MinPower = 245.5 ;

     StartUpCost = 0 ;

     LinearTerm = 1 ;

     MinUpTime = 1 ;

     MinDownTime = 1 ;

     InitUpDownTime = 1 ;

     InertiaCommitment = 1 ;
    } // group UnitBlock_352

  group: UnitBlock_353 {
    variables:
    	double InitialPower ;
    	double MaxPower(TimeHorizon) ;
    	double MinPower(TimeHorizon) ;
    	double StartUpCost ;
    	double LinearTerm ;
    	double MinUpTime ;
    	double MinDownTime ;
    	double InitUpDownTime ;
    	double InertiaCommitment ;

    // group attributes:
    		:type = "ThermalUnitBlock" ;
    data:

     InitialPower = 514.14 ;

     MaxPower = 976.47 ;

     MinPower = 286.47 ;

     StartUpCost = 0 ;

     LinearTerm = 1 ;

     MinUpTime = 1 ;

     MinDownTime = 1 ;

     InitUpDownTime = 1 ;

     InertiaCommitment = 1 ;
    } // group UnitBlock_353

  group: UnitBlock_354 {
    variables:
    	double InitialPower ;
    	double MaxPower(TimeHorizon) ;
    	double MinPower(TimeHorizon) ;
    	double StartUpCost ;
    	double LinearTerm ;
    	double MinUpTime ;
    	double MinDownTime ;
    	double InitUpDownTime ;
    	double InertiaCommitment ;

    // group attributes:
    		:type = "ThermalUnitBlock" ;
    data:

     InitialPower = 935.99 ;

     MaxPower = 972.51 ;

     MinPower = 252.51 ;

     StartUpCost = 0 ;

     LinearTerm = 1 ;

     MinUpTime = 1 ;

     MinDownTime = 1 ;

     InitUpDownTime = 1 ;

     InertiaCommitment = 1 ;
    } // group UnitBlock_354

  group: UnitBlock_355 {
    variables:
    	double InitialPower ;
    	double MaxPower(TimeHorizon) ;
    	double MinPower(TimeHorizon) ;
    	double StartUpCost ;
    	double LinearTerm ;
    	double MinUpTime ;
    	double MinDownTime ;
    	double InitUpDownTime ;
    	double InertiaCommitment ;

    // group attributes:
    		:type = "ThermalUnitBlock" ;
    data:

     InitialPower = 573.77 ;

     MaxPower = 910 ;

     MinPower = 220 ;

     StartUpCost = 0 ;

     LinearTerm = 1 ;

     MinUpTime = 1 ;

     MinDownTime = 1 ;

     InitUpDownTime = 1 ;

     InertiaCommitment = 1 ;
    } // group UnitBlock_355

  group: UnitBlock_356 {
    variables:
    	double InitialPower ;
    	double MaxPower(TimeHorizon) ;
    	double MinPower(TimeHorizon) ;
    	double StartUpCost ;
    	double LinearTerm ;
    	double MinUpTime ;
    	double MinDownTime ;
    	double InitUpDownTime ;
    	double InertiaCommitment ;

    // group attributes:
    		:type = "ThermalUnitBlock" ;
    data:

     InitialPower = 0 ;

     MaxPower = 252 ;

     MinPower = 156 ;

     StartUpCost = 0 ;

     LinearTerm = 1 ;

     MinUpTime = 1 ;

     MinDownTime = 1 ;

     InitUpDownTime = 1 ;

     InertiaCommitment = 1 ;
    } // group UnitBlock_356

  group: UnitBlock_357 {
    variables:
    	double InitialPower ;
    	double MaxPower(TimeHorizon) ;
    	double MinPower(TimeHorizon) ;
    	double StartUpCost ;
    	double LinearTerm ;
    	double MinUpTime ;
    	double MinDownTime ;
    	double InitUpDownTime ;
    	double InertiaCommitment ;

    // group attributes:
    		:type = "ThermalUnitBlock" ;
    data:

     InitialPower = 140 ;

     MaxPower = 236 ;

     MinPower = 140 ;

     StartUpCost = 0 ;

     LinearTerm = 1 ;

     MinUpTime = 1 ;

     MinDownTime = 1 ;

     InitUpDownTime = 1 ;

     InertiaCommitment = 1 ;
    } // group UnitBlock_357

  group: UnitBlock_358 {
    variables:
    	double InitialPower ;
    	double MaxPower(TimeHorizon) ;
    	double MinPower(TimeHorizon) ;
    	double StartUpCost ;
    	double LinearTerm ;
    	double MinUpTime ;
    	double MinDownTime ;
    	double InitUpDownTime ;
    	double InertiaCommitment ;

    // group attributes:
    		:type = "ThermalUnitBlock" ;
    data:

     InitialPower = 154 ;

     MaxPower = 250 ;

     MinPower = 154 ;

     StartUpCost = 0 ;

     LinearTerm = 1 ;

     MinUpTime = 1 ;

     MinDownTime = 1 ;

     InitUpDownTime = 1 ;

     InertiaCommitment = 1 ;
    } // group UnitBlock_358

  group: UnitBlock_359 {
    variables:
    	double InitialPower ;
    	double MaxPower(TimeHorizon) ;
    	double MinPower(TimeHorizon) ;
    	double StartUpCost ;
    	double LinearTerm ;
    	double MinUpTime ;
    	double MinDownTime ;
    	double InitUpDownTime ;
    	double InertiaCommitment ;

    // group attributes:
    		:type = "ThermalUnitBlock" ;
    data:

     InitialPower = 112 ;

     MaxPower = 295 ;

     MinPower = 112 ;

     StartUpCost = 0 ;

     LinearTerm = 1 ;

     MinUpTime = 1 ;

     MinDownTime = 1 ;

     InitUpDownTime = 1 ;

     InertiaCommitment = 1 ;
    } // group UnitBlock_359

  group: UnitBlock_360 {
    variables:
    	double InitialPower ;
    	double MaxPower(TimeHorizon) ;
    	double MinPower(TimeHorizon) ;
    	double StartUpCost ;
    	double LinearTerm ;
    	double MinUpTime ;
    	double MinDownTime ;
    	double InitUpDownTime ;
    	double InertiaCommitment ;

    // group attributes:
    		:type = "ThermalUnitBlock" ;
    data:

     InitialPower = 89 ;

     MaxPower = 155 ;

     MinPower = 89 ;

     StartUpCost = 0 ;

     LinearTerm = 1 ;

     MinUpTime = 1 ;

     MinDownTime = 1 ;

     InitUpDownTime = 1 ;

     InertiaCommitment = 1 ;
    } // group UnitBlock_360

  group: UnitBlock_361 {
    variables:
    	double InitialPower ;
    	double MaxPower(TimeHorizon) ;
    	double MinPower(TimeHorizon) ;
    	double StartUpCost ;
    	double LinearTerm ;
    	double MinUpTime ;
    	double MinDownTime ;
    	double InitUpDownTime ;
    	double InertiaCommitment ;

    // group attributes:
    		:type = "ThermalUnitBlock" ;
    data:

     InitialPower = 48.56 ;

     MaxPower = 58 ;

     MinPower = 11.6 ;

     StartUpCost = 0 ;

     LinearTerm = 1 ;

     MinUpTime = 1 ;

     MinDownTime = 1 ;

     InitUpDownTime = 1 ;

     InertiaCommitment = 1 ;
    } // group UnitBlock_361

  group: UnitBlock_362 {
    variables:
    	double InitialPower ;
    	double MaxPower(TimeHorizon) ;
    	double MinPower(TimeHorizon) ;
    	double StartUpCost ;
    	double LinearTerm ;
    	double MinUpTime ;
    	double MinDownTime ;
    	double InitUpDownTime ;
    	double InertiaCommitment ;

    // group attributes:
    		:type = "ThermalUnitBlock" ;
    data:

     InitialPower = 47.6 ;

     MaxPower = 58 ;

     MinPower = 11.6 ;

     StartUpCost = 0 ;

     LinearTerm = 1 ;

     MinUpTime = 1 ;

     MinDownTime = 1 ;

     InitUpDownTime = 1 ;

     InertiaCommitment = 1 ;
    } // group UnitBlock_362

  group: UnitBlock_363 {
    variables:
    	double InitialPower ;
    	double MaxPower(TimeHorizon) ;
    	double MinPower(TimeHorizon) ;
    	double StartUpCost ;
    	double LinearTerm ;
    	double MinUpTime ;
    	double MinDownTime ;
    	double InitUpDownTime ;
    	double InertiaCommitment ;

    // group attributes:
    		:type = "ThermalUnitBlock" ;
    data:

     InitialPower = 47.6 ;

     MaxPower = 58 ;

     MinPower = 11.6 ;

     StartUpCost = 0 ;

     LinearTerm = 1 ;

     MinUpTime = 1 ;

     MinDownTime = 1 ;

     InitUpDownTime = 1 ;

     InertiaCommitment = 1 ;
    } // group UnitBlock_363

  group: UnitBlock_364 {
    variables:
    	double InitialPower ;
    	double MaxPower(TimeHorizon) ;
    	double MinPower(TimeHorizon) ;
    	double StartUpCost ;
    	double LinearTerm ;
    	double MinUpTime ;
    	double MinDownTime ;
    	double InitUpDownTime ;
    	double InertiaCommitment ;

    // group attributes:
    		:type = "ThermalUnitBlock" ;
    data:

     InitialPower = 47.6 ;

     MaxPower = 58 ;

     MinPower = 11.6 ;

     StartUpCost = 0 ;

     LinearTerm = 1 ;

     MinUpTime = 1 ;

     MinDownTime = 1 ;

     InitUpDownTime = 1 ;

     InertiaCommitment = 1 ;
    } // group UnitBlock_364

  group: UnitBlock_365 {
    variables:
    	double InitialPower ;
    	double MaxPower(TimeHorizon) ;
    	double MinPower(TimeHorizon) ;
    	double StartUpCost ;
    	double LinearTerm ;
    	double MinUpTime ;
    	double MinDownTime ;
    	double InitUpDownTime ;
    	double InertiaCommitment ;

    // group attributes:
    		:type = "ThermalUnitBlock" ;
    data:

     InitialPower = 47.6 ;

     MaxPower = 58 ;

     MinPower = 11.6 ;

     StartUpCost = 0 ;

     LinearTerm = 1 ;

     MinUpTime = 1 ;

     MinDownTime = 1 ;

     InitUpDownTime = 1 ;

     InertiaCommitment = 1 ;
    } // group UnitBlock_365

  group: UnitBlock_366 {
    variables:
    	double InitialPower ;
    	double MaxPower(TimeHorizon) ;
    	double MinPower(TimeHorizon) ;
    	double StartUpCost ;
    	double LinearTerm ;
    	double MinUpTime ;
    	double MinDownTime ;
    	double InitUpDownTime ;
    	double InertiaCommitment ;

    // group attributes:
    		:type = "ThermalUnitBlock" ;
    data:

     InitialPower = 120 ;

     MaxPower = 250 ;

     MinPower = 120 ;

     StartUpCost = 0 ;

     LinearTerm = 1 ;

     MinUpTime = 1 ;

     MinDownTime = 1 ;

     InitUpDownTime = 1 ;

     InertiaCommitment = 1 ;
    } // group UnitBlock_366

  group: UnitBlock_367 {
    variables:
    	double InitialPower ;
    	double MaxPower(TimeHorizon) ;
    	double MinPower(TimeHorizon) ;
    	double StartUpCost ;
    	double LinearTerm ;
    	double MinUpTime ;
    	double MinDownTime ;
    	double InitUpDownTime ;
    	double InertiaCommitment ;

    // group attributes:
    		:type = "ThermalUnitBlock" ;
    data:

     InitialPower = 27.8 ;

     MaxPower = 139 ;

     MinPower = 27.8 ;

     StartUpCost = 0 ;

     LinearTerm = 1 ;

     MinUpTime = 1 ;

     MinDownTime = 1 ;

     InitUpDownTime = 1 ;

     InertiaCommitment = 1 ;
    } // group UnitBlock_367

  group: UnitBlock_368 {
    variables:
    	double InitialPower ;
    	double MaxPower(TimeHorizon) ;
    	double MinPower(TimeHorizon) ;
    	double StartUpCost ;
    	double LinearTerm ;
    	double MinUpTime ;
    	double MinDownTime ;
    	double InitUpDownTime ;
    	double InertiaCommitment ;

    // group attributes:
    		:type = "ThermalUnitBlock" ;
    data:

     InitialPower = 9.8 ;

     MaxPower = 49 ;

     MinPower = 9.8 ;

     StartUpCost = 0 ;

     LinearTerm = 1 ;

     MinUpTime = 1 ;

     MinDownTime = 1 ;

     InitUpDownTime = 1 ;

     InertiaCommitment = 1 ;
    } // group UnitBlock_368

  group: UnitBlock_369 {
    variables:
    	double InitialPower ;
    	double MaxPower(TimeHorizon) ;
    	double MinPower(TimeHorizon) ;
    	double StartUpCost ;
    	double LinearTerm ;
    	double MinUpTime ;
    	double MinDownTime ;
    	double InitUpDownTime ;
    	double InertiaCommitment ;

    // group attributes:
    		:type = "ThermalUnitBlock" ;
    data:

     InitialPower = 906.82 ;

     MaxPower = 942.4 ;

     MinPower = 272.4 ;

     StartUpCost = 0 ;

     LinearTerm = 1 ;

     MinUpTime = 1 ;

     MinDownTime = 1 ;

     InitUpDownTime = 1 ;

     InertiaCommitment = 1 ;
    } // group UnitBlock_369

  group: UnitBlock_370 {
    variables:
    	double InitialPower ;
    	double MaxPower(TimeHorizon) ;
    	double MinPower(TimeHorizon) ;
    	double StartUpCost ;
    	double LinearTerm ;
    	double MinUpTime ;
    	double MinDownTime ;
    	double InitUpDownTime ;
    	double InertiaCommitment ;

    // group attributes:
    		:type = "ThermalUnitBlock" ;
    data:

     InitialPower = 872 ;

     MaxPower = 906 ;

     MinPower = 236 ;

     StartUpCost = 0 ;

     LinearTerm = 1 ;

     MinUpTime = 1 ;

     MinDownTime = 1 ;

     InitUpDownTime = 1 ;

     InertiaCommitment = 1 ;
    } // group UnitBlock_370

  group: UnitBlock_371 {
    variables:
    	double InitialPower ;
    	double MaxPower(TimeHorizon) ;
    	double MinPower(TimeHorizon) ;
    	double StartUpCost ;
    	double LinearTerm ;
    	double MinUpTime ;
    	double MinDownTime ;
    	double InitUpDownTime ;
    	double InertiaCommitment ;

    // group attributes:
    		:type = "ThermalUnitBlock" ;
    data:

     InitialPower = 0 ;

     MaxPower = 930.39 ;

     MinPower = 280.39 ;

     StartUpCost = 0 ;

     LinearTerm = 1 ;

     MinUpTime = 1 ;

     MinDownTime = 1 ;

     InitUpDownTime = 1 ;

     InertiaCommitment = 1 ;
    } // group UnitBlock_371

  group: UnitBlock_372 {
    variables:
    	double InitialPower ;
    	double MaxPower(TimeHorizon) ;
    	double MinPower(TimeHorizon) ;
    	double StartUpCost ;
    	double LinearTerm ;
    	double MinUpTime ;
    	double MinDownTime ;
    	double InitUpDownTime ;
    	double InertiaCommitment ;

    // group attributes:
    		:type = "ThermalUnitBlock" ;
    data:

     InitialPower = 885.99 ;

     MaxPower = 920.98 ;

     MinPower = 270.98 ;

     StartUpCost = 0 ;

     LinearTerm = 1 ;

     MinUpTime = 1 ;

     MinDownTime = 1 ;

     InitUpDownTime = 1 ;

     InertiaCommitment = 1 ;
    } // group UnitBlock_372

  group: UnitBlock_373 {
    variables:
    	double InitialPower ;
    	double MaxPower(TimeHorizon) ;
    	double MinPower(TimeHorizon) ;
    	double StartUpCost ;
    	double LinearTerm ;
    	double MinUpTime ;
    	double MinDownTime ;
    	double InitUpDownTime ;
    	double InertiaCommitment ;

    // group attributes:
    		:type = "ThermalUnitBlock" ;
    data:

     InitialPower = 1244.51 ;

     MaxPower = 1308 ;

     MinPower = 318 ;

     StartUpCost = 0 ;

     LinearTerm = 1 ;

     MinUpTime = 1 ;

     MinDownTime = 1 ;

     InitUpDownTime = 1 ;

     InertiaCommitment = 1 ;
    } // group UnitBlock_373

  group: UnitBlock_374 {
    variables:
    	double InitialPower ;
    	double MaxPower(TimeHorizon) ;
    	double MinPower(TimeHorizon) ;
    	double StartUpCost ;
    	double LinearTerm ;
    	double MinUpTime ;
    	double MinDownTime ;
    	double InitUpDownTime ;
    	double InertiaCommitment ;

    // group attributes:
    		:type = "ThermalUnitBlock" ;
    data:

     InitialPower = 337.85 ;

     MaxPower = 1308 ;

     MinPower = 318 ;

     StartUpCost = 0 ;

     LinearTerm = 1 ;

     MinUpTime = 1 ;

     MinDownTime = 1 ;

     InitUpDownTime = 1 ;

     InertiaCommitment = 1 ;
    } // group UnitBlock_374

  group: UnitBlock_375 {
    variables:
    	double InitialPower ;
    	double MaxPower(TimeHorizon) ;
    	double MinPower(TimeHorizon) ;
    	double StartUpCost ;
    	double LinearTerm ;
    	double MinUpTime ;
    	double MinDownTime ;
    	double InitUpDownTime ;
    	double InertiaCommitment ;

    // group attributes:
    		:type = "ThermalUnitBlock" ;
    data:

     InitialPower = 33 ;

     MaxPower = 35 ;

     MinPower = 7 ;

     StartUpCost = 0 ;

     LinearTerm = 1 ;

     MinUpTime = 1 ;

     MinDownTime = 1 ;

     InitUpDownTime = 1 ;

     InertiaCommitment = 1 ;
    } // group UnitBlock_375

  group: UnitBlock_376 {
    variables:
    	double InitialPower ;
    	double MaxPower(TimeHorizon) ;
    	double MinPower(TimeHorizon) ;
    	double StartUpCost ;
    	double LinearTerm ;
    	double MinUpTime ;
    	double MinDownTime ;
    	double InitUpDownTime ;
    	double InertiaCommitment ;

    // group attributes:
    		:type = "ThermalUnitBlock" ;
    data:

     InitialPower = 33 ;

     MaxPower = 35 ;

     MinPower = 7 ;

     StartUpCost = 0 ;

     LinearTerm = 1 ;

     MinUpTime = 1 ;

     MinDownTime = 1 ;

     InitUpDownTime = 1 ;

     InertiaCommitment = 1 ;
    } // group UnitBlock_376

  group: UnitBlock_377 {
    variables:
    	double InitialPower ;
    	double MaxPower(TimeHorizon) ;
    	double MinPower(TimeHorizon) ;
    	double StartUpCost ;
    	double LinearTerm ;
    	double MinUpTime ;
    	double MinDownTime ;
    	double InitUpDownTime ;
    	double InertiaCommitment ;

    // group attributes:
    		:type = "ThermalUnitBlock" ;
    data:

     InitialPower = 33 ;

     MaxPower = 35 ;

     MinPower = 7 ;

     StartUpCost = 0 ;

     LinearTerm = 1 ;

     MinUpTime = 1 ;

     MinDownTime = 1 ;

     InitUpDownTime = 1 ;

     InertiaCommitment = 1 ;
    } // group UnitBlock_377

  group: UnitBlock_378 {
    variables:
    	double InitialPower ;
    	double MaxPower(TimeHorizon) ;
    	double MinPower(TimeHorizon) ;
    	double StartUpCost ;
    	double LinearTerm ;
    	double MinUpTime ;
    	double MinDownTime ;
    	double InitUpDownTime ;
    	double InertiaCommitment ;

    // group attributes:
    		:type = "ThermalUnitBlock" ;
    data:

     InitialPower = 33 ;

     MaxPower = 35 ;

     MinPower = 7 ;

     StartUpCost = 0 ;

     LinearTerm = 1 ;

     MinUpTime = 1 ;

     MinDownTime = 1 ;

     InitUpDownTime = 1 ;

     InertiaCommitment = 1 ;
    } // group UnitBlock_378

  group: UnitBlock_379 {
    variables:
    	double InitialPower ;
    	double MaxPower(TimeHorizon) ;
    	double MinPower(TimeHorizon) ;
    	double StartUpCost ;
    	double LinearTerm ;
    	double MinUpTime ;
    	double MinDownTime ;
    	double InitUpDownTime ;
    	double InertiaCommitment ;

    // group attributes:
    		:type = "ThermalUnitBlock" ;
    data:

     InitialPower = 33 ;

     MaxPower = 35 ;

     MinPower = 7 ;

     StartUpCost = 0 ;

     LinearTerm = 1 ;

     MinUpTime = 1 ;

     MinDownTime = 1 ;

     InitUpDownTime = 1 ;

     InertiaCommitment = 1 ;
    } // group UnitBlock_379

  group: UnitBlock_380 {
    variables:
    	double InitialPower ;
    	double MaxPower(TimeHorizon) ;
    	double MinPower(TimeHorizon) ;
    	double StartUpCost ;
    	double LinearTerm ;
    	double MinUpTime ;
    	double MinDownTime ;
    	double InitUpDownTime ;
    	double InertiaCommitment ;

    // group attributes:
    		:type = "ThermalUnitBlock" ;
    data:

     InitialPower = 33 ;

     MaxPower = 35 ;

     MinPower = 7 ;

     StartUpCost = 0 ;

     LinearTerm = 1 ;

     MinUpTime = 1 ;

     MinDownTime = 1 ;

     InitUpDownTime = 1 ;

     InertiaCommitment = 1 ;
    } // group UnitBlock_380

  group: UnitBlock_381 {
    variables:
    	double InitialPower ;
    	double MaxPower(TimeHorizon) ;
    	double MinPower(TimeHorizon) ;
    	double StartUpCost ;
    	double LinearTerm ;
    	double MinUpTime ;
    	double MinDownTime ;
    	double InitUpDownTime ;
    	double InertiaCommitment ;

    // group attributes:
    		:type = "ThermalUnitBlock" ;
    data:

     InitialPower = 19 ;

     MaxPower = 20 ;

     MinPower = 4 ;

     StartUpCost = 0 ;

     LinearTerm = 1 ;

     MinUpTime = 1 ;

     MinDownTime = 1 ;

     InitUpDownTime = 1 ;

     InertiaCommitment = 1 ;
    } // group UnitBlock_381

  group: UnitBlock_382 {
    variables:
    	double InitialPower ;
    	double MaxPower(TimeHorizon) ;
    	double MinPower(TimeHorizon) ;
    	double StartUpCost ;
    	double LinearTerm ;
    	double MinUpTime ;
    	double MinDownTime ;
    	double InitUpDownTime ;
    	double InertiaCommitment ;

    // group attributes:
    		:type = "ThermalUnitBlock" ;
    data:

     InitialPower = 576.16 ;

     MaxPower = 1330 ;

     MinPower = 337 ;

     StartUpCost = 0 ;

     LinearTerm = 1 ;

     MinUpTime = 1 ;

     MinDownTime = 1 ;

     InitUpDownTime = 1 ;

     InertiaCommitment = 1 ;
    } // group UnitBlock_382

  group: UnitBlock_383 {
    variables:
    	double InitialPower ;
    	double MaxPower(TimeHorizon) ;
    	double MinPower(TimeHorizon) ;
    	double StartUpCost ;
    	double LinearTerm ;
    	double MinUpTime ;
    	double MinDownTime ;
    	double InitUpDownTime ;
    	double InertiaCommitment ;

    // group attributes:
    		:type = "ThermalUnitBlock" ;
    data:

     InitialPower = 520.33 ;

     MaxPower = 1360 ;

     MinPower = 367 ;

     StartUpCost = 0 ;

     LinearTerm = 1 ;

     MinUpTime = 1 ;

     MinDownTime = 1 ;

     InitUpDownTime = 1 ;

     InertiaCommitment = 1 ;
    } // group UnitBlock_383

  group: UnitBlock_384 {
    variables:
    	double InitialPower ;
    	double MaxPower(TimeHorizon) ;
    	double MinPower(TimeHorizon) ;
    	double StartUpCost ;
    	double LinearTerm ;
    	double MinUpTime ;
    	double MinDownTime ;
    	double InitUpDownTime ;
    	double InertiaCommitment ;

    // group attributes:
    		:type = "ThermalUnitBlock" ;
    data:

     InitialPower = 584.17 ;

     MaxPower = 1360 ;

     MinPower = 367 ;

     StartUpCost = 0 ;

     LinearTerm = 1 ;

     MinUpTime = 1 ;

     MinDownTime = 1 ;

     InitUpDownTime = 1 ;

     InertiaCommitment = 1 ;
    } // group UnitBlock_384

  group: UnitBlock_385 {
    variables:
    	double InitialPower ;
    	double MaxPower(TimeHorizon) ;
    	double MinPower(TimeHorizon) ;
    	double StartUpCost ;
    	double LinearTerm ;
    	double MinUpTime ;
    	double MinDownTime ;
    	double InitUpDownTime ;
    	double InertiaCommitment ;

    // group attributes:
    		:type = "ThermalUnitBlock" ;
    data:

     InitialPower = 18 ;

     MaxPower = 90 ;

     MinPower = 18 ;

     StartUpCost = 0 ;

     LinearTerm = 1 ;

     MinUpTime = 1 ;

     MinDownTime = 1 ;

     InitUpDownTime = 1 ;

     InertiaCommitment = 1 ;
    } // group UnitBlock_385

  group: UnitBlock_386 {
    variables:
    	double InitialPower ;
    	double MaxPower(TimeHorizon) ;
    	double MinPower(TimeHorizon) ;
    	double StartUpCost ;
    	double LinearTerm ;
    	double MinUpTime ;
    	double MinDownTime ;
    	double InitUpDownTime ;
    	double InertiaCommitment ;

    // group attributes:
    		:type = "ThermalUnitBlock" ;
    data:

     InitialPower = 0 ;

     MaxPower = 95 ;

     MinPower = 19 ;

     StartUpCost = 0 ;

     LinearTerm = 1 ;

     MinUpTime = 1 ;

     MinDownTime = 1 ;

     InitUpDownTime = 1 ;

     InertiaCommitment = 1 ;
    } // group UnitBlock_386

  group: UnitBlock_387 {
    variables:
    	double InitialPower ;
    	double MaxPower(TimeHorizon) ;
    	double MinPower(TimeHorizon) ;
    	double StartUpCost ;
    	double LinearTerm ;
    	double MinUpTime ;
    	double MinDownTime ;
    	double InitUpDownTime ;
    	double InertiaCommitment ;

    // group attributes:
    		:type = "ThermalUnitBlock" ;
    data:

     InitialPower = 0 ;

     MaxPower = 102 ;

     MinPower = 20.4 ;

     StartUpCost = 0 ;

     LinearTerm = 1 ;

     MinUpTime = 1 ;

     MinDownTime = 1 ;

     InitUpDownTime = 1 ;

     InertiaCommitment = 1 ;
    } // group UnitBlock_387

  group: UnitBlock_388 {
    variables:
    	double InitialPower ;
    	double MaxPower(TimeHorizon) ;
    	double MinPower(TimeHorizon) ;
    	double StartUpCost ;
    	double LinearTerm ;
    	double MinUpTime ;
    	double MinDownTime ;
    	double InitUpDownTime ;
    	double InertiaCommitment ;

    // group attributes:
    		:type = "ThermalUnitBlock" ;
    data:

     InitialPower = 1.44 ;

     MaxPower = 1.5 ;

     MinPower = 1.4 ;

     StartUpCost = 0 ;

     LinearTerm = 1 ;

     MinUpTime = 1 ;

     MinDownTime = 1 ;

     InitUpDownTime = 1 ;

     InertiaCommitment = 1 ;
    } // group UnitBlock_388

  group: UnitBlock_389 {
    variables:
    	double InitialPower ;
    	double MaxPower(TimeHorizon) ;
    	double MinPower(TimeHorizon) ;
    	double StartUpCost ;
    	double LinearTerm ;
    	double MinUpTime ;
    	double MinDownTime ;
    	double InitUpDownTime ;
    	double InertiaCommitment ;

    // group attributes:
    		:type = "ThermalUnitBlock" ;
    data:

     InitialPower = 48 ;

     MaxPower = 240 ;

     MinPower = 48 ;

     StartUpCost = 0 ;

     LinearTerm = 1 ;

     MinUpTime = 1 ;

     MinDownTime = 1 ;

     InitUpDownTime = 1 ;

     InertiaCommitment = 1 ;
    } // group UnitBlock_389

  group: UnitBlock_390 {
    variables:
    	double InitialPower ;
    	double MaxPower(TimeHorizon) ;
    	double MinPower(TimeHorizon) ;
    	double StartUpCost ;
    	double LinearTerm ;
    	double MinUpTime ;
    	double MinDownTime ;
    	double InitUpDownTime ;
    	double InertiaCommitment ;

    // group attributes:
    		:type = "ThermalUnitBlock" ;
    data:

     InitialPower = 48 ;

     MaxPower = 240 ;

     MinPower = 48 ;

     StartUpCost = 0 ;

     LinearTerm = 1 ;

     MinUpTime = 1 ;

     MinDownTime = 1 ;

     InitUpDownTime = 1 ;

     InertiaCommitment = 1 ;
    } // group UnitBlock_390

  group: UnitBlock_391 {
    variables:
    	double InitialPower ;
    	double MaxPower(TimeHorizon) ;
    	double MinPower(TimeHorizon) ;
    	double StartUpCost ;
    	double LinearTerm ;
    	double MinUpTime ;
    	double MinDownTime ;
    	double InitUpDownTime ;
    	double InertiaCommitment ;

    // group attributes:
    		:type = "ThermalUnitBlock" ;
    data:

     InitialPower = 905.99 ;

     MaxPower = 942.09 ;

     MinPower = 232.09 ;

     StartUpCost = 0 ;

     LinearTerm = 1 ;

     MinUpTime = 1 ;

     MinDownTime = 1 ;

     InitUpDownTime = 1 ;

     InertiaCommitment = 1 ;
    } // group UnitBlock_391

  group: UnitBlock_392 {
    variables:
    	double InitialPower ;
    	double MaxPower(TimeHorizon) ;
    	double MinPower(TimeHorizon) ;
    	double StartUpCost ;
    	double LinearTerm ;
    	double MinUpTime ;
    	double MinDownTime ;
    	double InitUpDownTime ;
    	double InertiaCommitment ;

    // group attributes:
    		:type = "ThermalUnitBlock" ;
    data:

     InitialPower = 912.99 ;

     MaxPower = 949.12 ;

     MinPower = 239.12 ;

     StartUpCost = 0 ;

     LinearTerm = 1 ;

     MinUpTime = 1 ;

     MinDownTime = 1 ;

     InitUpDownTime = 1 ;

     InertiaCommitment = 1 ;
    } // group UnitBlock_392

  group: UnitBlock_393 {
    variables:
    	double InitialPower ;
    	double MaxPower(TimeHorizon) ;
    	double MinPower(TimeHorizon) ;
    	double StartUpCost ;
    	double LinearTerm ;
    	double MinUpTime ;
    	double MinDownTime ;
    	double InitUpDownTime ;
    	double InertiaCommitment ;

    // group attributes:
    		:type = "ThermalUnitBlock" ;
    data:

     InitialPower = 906.99 ;

     MaxPower = 943.12 ;

     MinPower = 233.12 ;

     StartUpCost = 0 ;

     LinearTerm = 1 ;

     MinUpTime = 1 ;

     MinDownTime = 1 ;

     InitUpDownTime = 1 ;

     InertiaCommitment = 1 ;
    } // group UnitBlock_393

  group: UnitBlock_394 {
    variables:
    	double InitialPower ;
    	double MaxPower(TimeHorizon) ;
    	double MinPower(TimeHorizon) ;
    	double StartUpCost ;
    	double LinearTerm ;
    	double MinUpTime ;
    	double MinDownTime ;
    	double InitUpDownTime ;
    	double InertiaCommitment ;

    // group attributes:
    		:type = "ThermalUnitBlock" ;
    data:

     InitialPower = 1026.78 ;

     MaxPower = 1503 ;

     MinPower = 403 ;

     StartUpCost = 0 ;

     LinearTerm = 1 ;

     MinUpTime = 1 ;

     MinDownTime = 1 ;

     InitUpDownTime = 1 ;

     InertiaCommitment = 1 ;
    } // group UnitBlock_394

  group: UnitBlock_395 {
    variables:
    	double InitialPower ;
    	double MaxPower(TimeHorizon) ;
    	double MinPower(TimeHorizon) ;
    	double StartUpCost ;
    	double LinearTerm ;
    	double MinUpTime ;
    	double MinDownTime ;
    	double InitUpDownTime ;
    	double InertiaCommitment ;

    // group attributes:
    		:type = "ThermalUnitBlock" ;
    data:

     InitialPower = 962.81 ;

     MaxPower = 1503 ;

     MinPower = 403 ;

     StartUpCost = 0 ;

     LinearTerm = 1 ;

     MinUpTime = 1 ;

     MinDownTime = 1 ;

     InitUpDownTime = 1 ;

     InertiaCommitment = 1 ;
    } // group UnitBlock_395

  group: UnitBlock_396 {
    variables:
    	double InitialPower ;
    	double MaxPower(TimeHorizon) ;
    	double MinPower(TimeHorizon) ;
    	double StartUpCost ;
    	double LinearTerm ;
    	double MinUpTime ;
    	double MinDownTime ;
    	double InitUpDownTime ;
    	double InertiaCommitment ;

    // group attributes:
    		:type = "ThermalUnitBlock" ;
    data:

     InitialPower = 405.17 ;

     MaxPower = 1498 ;

     MinPower = 398 ;

     StartUpCost = 0 ;

     LinearTerm = 1 ;

     MinUpTime = 1 ;

     MinDownTime = 1 ;

     InitUpDownTime = 1 ;

     InertiaCommitment = 1 ;
    } // group UnitBlock_396

  group: UnitBlock_397 {
    variables:
    	double InitialPower ;
    	double MaxPower(TimeHorizon) ;
    	double MinPower(TimeHorizon) ;
    	double StartUpCost ;
    	double LinearTerm ;
    	double MinUpTime ;
    	double MinDownTime ;
    	double InitUpDownTime ;
    	double InertiaCommitment ;

    // group attributes:
    		:type = "ThermalUnitBlock" ;
    data:

     InitialPower = 1441.99 ;

     MaxPower = 1498 ;

     MinPower = 398 ;

     StartUpCost = 0 ;

     LinearTerm = 1 ;

     MinUpTime = 1 ;

     MinDownTime = 1 ;

     InitUpDownTime = 1 ;

     InertiaCommitment = 1 ;
    } // group UnitBlock_397

  group: UnitBlock_398 {
    variables:
    	double InitialPower ;
    	double MaxPower(TimeHorizon) ;
    	double MinPower(TimeHorizon) ;
    	double StartUpCost ;
    	double LinearTerm ;
    	double MinUpTime ;
    	double MinDownTime ;
    	double InitUpDownTime ;
    	double InertiaCommitment ;

    // group attributes:
    		:type = "ThermalUnitBlock" ;
    data:

     InitialPower = 81.76 ;

     MaxPower = 125 ;

     MinPower = 8.5 ;

     StartUpCost = 0 ;

     LinearTerm = 1 ;

     MinUpTime = 1 ;

     MinDownTime = 1 ;

     InitUpDownTime = 1 ;

     InertiaCommitment = 1 ;
    } // group UnitBlock_398

  group: UnitBlock_399 {
    variables:
    	double InitialPower ;
    	double MaxPower(TimeHorizon) ;
    	double MinPower(TimeHorizon) ;
    	double StartUpCost ;
    	double LinearTerm ;
    	double MinUpTime ;
    	double MinDownTime ;
    	double InitUpDownTime ;
    	double InertiaCommitment ;

    // group attributes:
    		:type = "ThermalUnitBlock" ;
    data:

     InitialPower = 88.01 ;

     MaxPower = 125 ;

     MinPower = 8.5 ;

     StartUpCost = 0 ;

     LinearTerm = 1 ;

     MinUpTime = 1 ;

     MinDownTime = 1 ;

     InitUpDownTime = 1 ;

     InertiaCommitment = 1 ;
    } // group UnitBlock_399

  group: UnitBlock_400 {
    variables:
    	double InitialPower ;
    	double MaxPower(TimeHorizon) ;
    	double MinPower(TimeHorizon) ;
    	double StartUpCost ;
    	double LinearTerm ;
    	double MinUpTime ;
    	double MinDownTime ;
    	double InitUpDownTime ;
    	double InertiaCommitment ;

    // group attributes:
    		:type = "ThermalUnitBlock" ;
    data:

     InitialPower = 137.7 ;

     MaxPower = 148.2 ;

     MinPower = 4.2 ;

     StartUpCost = 0 ;

     LinearTerm = 1 ;

     MinUpTime = 1 ;

     MinDownTime = 1 ;

     InitUpDownTime = 1 ;

     InertiaCommitment = 1 ;
    } // group UnitBlock_400

  group: UnitBlock_401 {
    variables:
    	double InitialPower ;
    	double MaxPower(TimeHorizon) ;
    	double MinPower(TimeHorizon) ;
    	double StartUpCost ;
    	double LinearTerm ;
    	double MinUpTime ;
    	double MinDownTime ;
    	double InitUpDownTime ;
    	double InertiaCommitment ;

    // group attributes:
    		:type = "ThermalUnitBlock" ;
    data:

     InitialPower = 180 ;

     MaxPower = 685 ;

     MinPower = 180 ;

     StartUpCost = 0 ;

     LinearTerm = 1 ;

     MinUpTime = 1 ;

     MinDownTime = 1 ;

     InitUpDownTime = 1 ;

     InertiaCommitment = 1 ;
    } // group UnitBlock_401

  group: UnitBlock_402 {
    variables:
    	double InitialPower ;
    	double MaxPower(TimeHorizon) ;
    	double MinPower(TimeHorizon) ;
    	double StartUpCost ;
    	double LinearTerm ;
    	double MinUpTime ;
    	double MinDownTime ;
    	double InitUpDownTime ;
    	double InertiaCommitment ;

    // group attributes:
    		:type = "ThermalUnitBlock" ;
    data:

     InitialPower = 571.65 ;

     MaxPower = 610 ;

     MinPower = 310 ;

     StartUpCost = 0 ;

     LinearTerm = 1 ;

     MinUpTime = 1 ;

     MinDownTime = 1 ;

     InitUpDownTime = 1 ;

     InertiaCommitment = 1 ;
    } // group UnitBlock_402

  group: UnitBlock_403 {
    variables:
    	double InitialPower ;
    	double MaxPower(TimeHorizon) ;
    	double MinPower(TimeHorizon) ;
    	double StartUpCost ;
    	double LinearTerm ;
    	double MinUpTime ;
    	double MinDownTime ;
    	double InitUpDownTime ;
    	double InertiaCommitment ;

    // group attributes:
    		:type = "ThermalUnitBlock" ;
    data:

     InitialPower = 310.01 ;

     MaxPower = 610 ;

     MinPower = 310 ;

     StartUpCost = 0 ;

     LinearTerm = 1 ;

     MinUpTime = 1 ;

     MinDownTime = 1 ;

     InitUpDownTime = 1 ;

     InertiaCommitment = 1 ;
    } // group UnitBlock_403

  group: UnitBlock_404 {
    variables:
    	double InitialPower ;
    	double MaxPower(TimeHorizon) ;
    	double MinPower(TimeHorizon) ;
    	double StartUpCost ;
    	double LinearTerm ;
    	double MinUpTime ;
    	double MinDownTime ;
    	double InitUpDownTime ;
    	double InertiaCommitment ;

    // group attributes:
    		:type = "ThermalUnitBlock" ;
    data:

     InitialPower = 205 ;

     MaxPower = 700 ;

     MinPower = 205 ;

     StartUpCost = 0 ;

     LinearTerm = 1 ;

     MinUpTime = 1 ;

     MinDownTime = 1 ;

     InitUpDownTime = 1 ;

     InertiaCommitment = 1 ;
    } // group UnitBlock_404

  group: UnitBlock_405 {
    variables:
    	double InitialPower ;
    	double MaxPower(TimeHorizon) ;
    	double MinPower(TimeHorizon) ;
    	double StartUpCost ;
    	double LinearTerm ;
    	double MinUpTime ;
    	double MinDownTime ;
    	double InitUpDownTime ;
    	double InertiaCommitment ;

    // group attributes:
    		:type = "ThermalUnitBlock" ;
    data:

     InitialPower = 35.87 ;

     MaxPower = 50 ;

     MinPower = 10 ;

     StartUpCost = 0 ;

     LinearTerm = 1 ;

     MinUpTime = 1 ;

     MinDownTime = 1 ;

     InitUpDownTime = 1 ;

     InertiaCommitment = 1 ;
    } // group UnitBlock_405

  group: UnitBlock_406 {
    variables:
    	double InitialPower ;
    	double MaxPower(TimeHorizon) ;
    	double MinPower(TimeHorizon) ;
    	double StartUpCost ;
    	double LinearTerm ;
    	double MinUpTime ;
    	double MinDownTime ;
    	double InitUpDownTime ;
    	double InertiaCommitment ;

    // group attributes:
    		:type = "ThermalUnitBlock" ;
    data:

     InitialPower = 37.18 ;

     MaxPower = 50 ;

     MinPower = 10 ;

     StartUpCost = 0 ;

     LinearTerm = 1 ;

     MinUpTime = 1 ;

     MinDownTime = 1 ;

     InitUpDownTime = 1 ;

     InertiaCommitment = 1 ;
    } // group UnitBlock_406

  group: UnitBlock_407 {
    variables:
    	double InitialPower ;
    	double MaxPower(TimeHorizon) ;
    	double MinPower(TimeHorizon) ;
    	double StartUpCost ;
    	double LinearTerm ;
    	double MinUpTime ;
    	double MinDownTime ;
    	double InitUpDownTime ;
    	double InertiaCommitment ;

    // group attributes:
    		:type = "ThermalUnitBlock" ;
    data:

     InitialPower = 38.2 ;

     MaxPower = 50 ;

     MinPower = 10 ;

     StartUpCost = 0 ;

     LinearTerm = 1 ;

     MinUpTime = 1 ;

     MinDownTime = 1 ;

     InitUpDownTime = 1 ;

     InertiaCommitment = 1 ;
    } // group UnitBlock_407

  group: UnitBlock_408 {
    variables:
    	double InitialPower ;
    	double MaxPower(TimeHorizon) ;
    	double MinPower(TimeHorizon) ;
    	double StartUpCost ;
    	double LinearTerm ;
    	double MinUpTime ;
    	double MinDownTime ;
    	double InitUpDownTime ;
    	double InertiaCommitment ;

    // group attributes:
    		:type = "ThermalUnitBlock" ;
    data:

     InitialPower = 34.54 ;

     MaxPower = 50 ;

     MinPower = 10 ;

     StartUpCost = 0 ;

     LinearTerm = 1 ;

     MinUpTime = 1 ;

     MinDownTime = 1 ;

     InitUpDownTime = 1 ;

     InertiaCommitment = 1 ;
    } // group UnitBlock_408

  group: UnitBlock_409 {
    variables:
    	double InitialPower ;
    	double MaxPower(TimeHorizon) ;
    	double MinPower(TimeHorizon) ;
    	double StartUpCost ;
    	double LinearTerm ;
    	double MinUpTime ;
    	double MinDownTime ;
    	double InitUpDownTime ;
    	double InertiaCommitment ;

    // group attributes:
    		:type = "ThermalUnitBlock" ;
    data:

     InitialPower = 32.14 ;

     MaxPower = 50 ;

     MinPower = 10 ;

     StartUpCost = 0 ;

     LinearTerm = 1 ;

     MinUpTime = 1 ;

     MinDownTime = 1 ;

     InitUpDownTime = 1 ;

     InertiaCommitment = 1 ;
    } // group UnitBlock_409

  group: UnitBlock_410 {
    variables:
    	double InitialPower ;
    	double MaxPower(TimeHorizon) ;
    	double MinPower(TimeHorizon) ;
    	double StartUpCost ;
    	double LinearTerm ;
    	double MinUpTime ;
    	double MinDownTime ;
    	double InitUpDownTime ;
    	double InertiaCommitment ;

    // group attributes:
    		:type = "ThermalUnitBlock" ;
    data:

     InitialPower = 36.77 ;

     MaxPower = 50 ;

     MinPower = 10 ;

     StartUpCost = 0 ;

     LinearTerm = 1 ;

     MinUpTime = 1 ;

     MinDownTime = 1 ;

     InitUpDownTime = 1 ;

     InertiaCommitment = 1 ;
    } // group UnitBlock_410

  group: UnitBlock_411 {
    variables:
    	double InitialPower ;
    	double MaxPower(TimeHorizon) ;
    	double MinPower(TimeHorizon) ;
    	double StartUpCost ;
    	double LinearTerm ;
    	double MinUpTime ;
    	double MinDownTime ;
    	double InitUpDownTime ;
    	double InertiaCommitment ;

    // group attributes:
    		:type = "ThermalUnitBlock" ;
    data:

     InitialPower = 0 ;

     MaxPower = 1000 ;

     MinPower = 280 ;

     StartUpCost = 0 ;

     LinearTerm = 1 ;

     MinUpTime = 1 ;

     MinDownTime = 1 ;

     InitUpDownTime = 1 ;

     InertiaCommitment = 1 ;
    } // group UnitBlock_411

  group: UnitBlock_412 {
    variables:
    	double InitialPower ;
    	double MaxPower(TimeHorizon) ;
    	double MinPower(TimeHorizon) ;
    	double StartUpCost ;
    	double LinearTerm ;
    	double MinUpTime ;
    	double MinDownTime ;
    	double InitUpDownTime ;
    	double InertiaCommitment ;

    // group attributes:
    		:type = "ThermalUnitBlock" ;
    data:

     InitialPower = 0 ;

     MaxPower = 1000 ;

     MinPower = 280 ;

     StartUpCost = 0 ;

     LinearTerm = 1 ;

     MinUpTime = 1 ;

     MinDownTime = 1 ;

     InitUpDownTime = 1 ;

     InertiaCommitment = 1 ;
    } // group UnitBlock_412

  group: UnitBlock_413 {
    variables:
    	double InitialPower ;
    	double MaxPower(TimeHorizon) ;
    	double MinPower(TimeHorizon) ;
    	double StartUpCost ;
    	double LinearTerm ;
    	double MinUpTime ;
    	double MinDownTime ;
    	double InitUpDownTime ;
    	double InertiaCommitment ;

    // group attributes:
    		:type = "ThermalUnitBlock" ;
    data:

     InitialPower = 0 ;

     MaxPower = 1000 ;

     MinPower = 280 ;

     StartUpCost = 0 ;

     LinearTerm = 1 ;

     MinUpTime = 1 ;

     MinDownTime = 1 ;

     InitUpDownTime = 1 ;

     InertiaCommitment = 1 ;
    } // group UnitBlock_413

  group: UnitBlock_414 {
    variables:
    	double InitialPower ;
    	double MaxPower(TimeHorizon) ;
    	double MinPower(TimeHorizon) ;
    	double StartUpCost ;
    	double LinearTerm ;
    	double MinUpTime ;
    	double MinDownTime ;
    	double InitUpDownTime ;
    	double InertiaCommitment ;

    // group attributes:
    		:type = "ThermalUnitBlock" ;
    data:

     InitialPower = 0 ;

     MaxPower = 930 ;

     MinPower = 280 ;

     StartUpCost = 0 ;

     LinearTerm = 1 ;

     MinUpTime = 1 ;

     MinDownTime = 1 ;

     InitUpDownTime = 1 ;

     InertiaCommitment = 1 ;
    } // group UnitBlock_414

  group: UnitBlock_415 {
    variables:
    	double InitialPower ;
    	double MaxPower(TimeHorizon) ;
    	double MinPower(TimeHorizon) ;
    	double StartUpCost ;
    	double LinearTerm ;
    	double MinUpTime ;
    	double MinDownTime ;
    	double InitUpDownTime ;
    	double InertiaCommitment ;

    // group attributes:
    		:type = "ThermalUnitBlock" ;
    data:

     InitialPower = 30.94 ;

     MaxPower = 57 ;

     MinPower = 11.4 ;

     StartUpCost = 0 ;

     LinearTerm = 1 ;

     MinUpTime = 1 ;

     MinDownTime = 1 ;

     InitUpDownTime = 1 ;

     InertiaCommitment = 1 ;
    } // group UnitBlock_415

  group: UnitBlock_416 {
    variables:
    	double InitialPower ;
    	double MaxPower(TimeHorizon) ;
    	double MinPower(TimeHorizon) ;
    	double StartUpCost ;
    	double LinearTerm ;
    	double MinUpTime ;
    	double MinDownTime ;
    	double InitUpDownTime ;
    	double InertiaCommitment ;

    // group attributes:
    		:type = "ThermalUnitBlock" ;
    data:

     InitialPower = 239.01 ;

     MaxPower = 451 ;

     MinPower = 239 ;

     StartUpCost = 0 ;

     LinearTerm = 1 ;

     MinUpTime = 1 ;

     MinDownTime = 1 ;

     InitUpDownTime = 1 ;

     InertiaCommitment = 1 ;
    } // group UnitBlock_416

  group: UnitBlock_417 {
    variables:
    	double InitialPower ;
    	double MaxPower(TimeHorizon) ;
    	double MinPower(TimeHorizon) ;
    	double StartUpCost ;
    	double LinearTerm ;
    	double MinUpTime ;
    	double MinDownTime ;
    	double InitUpDownTime ;
    	double InertiaCommitment ;

    // group attributes:
    		:type = "ThermalUnitBlock" ;
    data:

     InitialPower = 21 ;

     MaxPower = 63 ;

     MinPower = 21 ;

     StartUpCost = 0 ;

     LinearTerm = 1 ;

     MinUpTime = 1 ;

     MinDownTime = 1 ;

     InitUpDownTime = 1 ;

     InertiaCommitment = 1 ;
    } // group UnitBlock_417

  group: UnitBlock_418 {
    variables:
    	double InitialPower ;
    	double MaxPower(TimeHorizon) ;
    	double MinPower(TimeHorizon) ;
    	double StartUpCost ;
    	double LinearTerm ;
    	double MinUpTime ;
    	double MinDownTime ;
    	double InitUpDownTime ;
    	double InertiaCommitment ;

    // group attributes:
    		:type = "ThermalUnitBlock" ;
    data:

     InitialPower = 240 ;

     MaxPower = 425 ;

     MinPower = 240 ;

     StartUpCost = 0 ;

     LinearTerm = 1 ;

     MinUpTime = 1 ;

     MinDownTime = 1 ;

     InitUpDownTime = 1 ;

     InertiaCommitment = 1 ;
    } // group UnitBlock_418

  group: UnitBlock_419 {
    variables:
    	double InitialPower ;
    	double MaxPower(TimeHorizon) ;
    	double MinPower(TimeHorizon) ;
    	double StartUpCost ;
    	double LinearTerm ;
    	double MinUpTime ;
    	double MinDownTime ;
    	double InitUpDownTime ;
    	double InertiaCommitment ;

    // group attributes:
    		:type = "ThermalUnitBlock" ;
    data:

     InitialPower = 864.14 ;

     MaxPower = 920.06 ;

     MinPower = 230.06 ;

     StartUpCost = 0 ;

     LinearTerm = 1 ;

     MinUpTime = 1 ;

     MinDownTime = 1 ;

     InitUpDownTime = 1 ;

     InertiaCommitment = 1 ;
    } // group UnitBlock_419

  group: UnitBlock_420 {
    variables:
    	double InitialPower ;
    	double MaxPower(TimeHorizon) ;
    	double MinPower(TimeHorizon) ;
    	double StartUpCost ;
    	double LinearTerm ;
    	double MinUpTime ;
    	double MinDownTime ;
    	double InitUpDownTime ;
    	double InertiaCommitment ;

    // group attributes:
    		:type = "ThermalUnitBlock" ;
    data:

     InitialPower = 864.14 ;

     MaxPower = 920.07 ;

     MinPower = 230.07 ;

     StartUpCost = 0 ;

     LinearTerm = 1 ;

     MinUpTime = 1 ;

     MinDownTime = 1 ;

     InitUpDownTime = 1 ;

     InertiaCommitment = 1 ;
    } // group UnitBlock_420

  group: UnitBlock_421 {
    variables:
    	double InitialPower ;
    	double MaxPower(TimeHorizon) ;
    	double MinPower(TimeHorizon) ;
    	double StartUpCost ;
    	double LinearTerm ;
    	double MinUpTime ;
    	double MinDownTime ;
    	double InitUpDownTime ;
    	double InertiaCommitment ;

    // group attributes:
    		:type = "ThermalUnitBlock" ;
    data:

     InitialPower = 864.15 ;

     MaxPower = 920.04 ;

     MinPower = 230.04 ;

     StartUpCost = 0 ;

     LinearTerm = 1 ;

     MinUpTime = 1 ;

     MinDownTime = 1 ;

     InitUpDownTime = 1 ;

     InertiaCommitment = 1 ;
    } // group UnitBlock_421

  group: UnitBlock_422 {
    variables:
    	double InitialPower ;
    	double MaxPower(TimeHorizon) ;
    	double MinPower(TimeHorizon) ;
    	double StartUpCost ;
    	double LinearTerm ;
    	double MinUpTime ;
    	double MinDownTime ;
    	double InitUpDownTime ;
    	double InertiaCommitment ;

    // group attributes:
    		:type = "ThermalUnitBlock" ;
    data:

     InitialPower = 237.08 ;

     MaxPower = 927.07 ;

     MinPower = 237.07 ;

     StartUpCost = 0 ;

     LinearTerm = 1 ;

     MinUpTime = 1 ;

     MinDownTime = 1 ;

     InitUpDownTime = 1 ;

     InertiaCommitment = 1 ;
    } // group UnitBlock_422

  group: UnitBlock_423 {
    variables:
    	double InitialPower ;
    	double MaxPower(TimeHorizon) ;
    	double MinPower(TimeHorizon) ;
    	double StartUpCost ;
    	double LinearTerm ;
    	double MinUpTime ;
    	double MinDownTime ;
    	double InitUpDownTime ;
    	double InertiaCommitment ;

    // group attributes:
    		:type = "ThermalUnitBlock" ;
    data:

     InitialPower = 29.99 ;

     MaxPower = 32 ;

     MinPower = 6.4 ;

     StartUpCost = 0 ;

     LinearTerm = 1 ;

     MinUpTime = 1 ;

     MinDownTime = 1 ;

     InitUpDownTime = 1 ;

     InertiaCommitment = 1 ;
    } // group UnitBlock_423

  group: UnitBlock_424 {
    variables:
    	double InitialPower ;
    	double MaxPower(TimeHorizon) ;
    	double MinPower(TimeHorizon) ;
    	double StartUpCost ;
    	double LinearTerm ;
    	double MinUpTime ;
    	double MinDownTime ;
    	double InitUpDownTime ;
    	double InertiaCommitment ;

    // group attributes:
    		:type = "ThermalUnitBlock" ;
    data:

     InitialPower = 860.42 ;

     MaxPower = 1380 ;

     MinPower = 340 ;

     StartUpCost = 0 ;

     LinearTerm = 1 ;

     MinUpTime = 1 ;

     MinDownTime = 1 ;

     InitUpDownTime = 1 ;

     InertiaCommitment = 1 ;
    } // group UnitBlock_424

  group: UnitBlock_425 {
    variables:
    	double InitialPower ;
    	double MaxPower(TimeHorizon) ;
    	double MinPower(TimeHorizon) ;
    	double StartUpCost ;
    	double LinearTerm ;
    	double MinUpTime ;
    	double MinDownTime ;
    	double InitUpDownTime ;
    	double InertiaCommitment ;

    // group attributes:
    		:type = "ThermalUnitBlock" ;
    data:

     InitialPower = 841.33 ;

     MaxPower = 1380 ;

     MinPower = 340 ;

     StartUpCost = 0 ;

     LinearTerm = 1 ;

     MinUpTime = 1 ;

     MinDownTime = 1 ;

     InitUpDownTime = 1 ;

     InertiaCommitment = 1 ;
    } // group UnitBlock_425

  group: UnitBlock_426 {
    variables:
    	double InitialPower ;
    	double MaxPower(TimeHorizon) ;
    	double MinPower(TimeHorizon) ;
    	double StartUpCost ;
    	double LinearTerm ;
    	double MinUpTime ;
    	double MinDownTime ;
    	double InitUpDownTime ;
    	double InertiaCommitment ;

    // group attributes:
    		:type = "ThermalUnitBlock" ;
    data:

     InitialPower = 13 ;

     MaxPower = 65 ;

     MinPower = 13 ;

     StartUpCost = 0 ;

     LinearTerm = 1 ;

     MinUpTime = 1 ;

     MinDownTime = 1 ;

     InitUpDownTime = 1 ;

     InertiaCommitment = 1 ;
    } // group UnitBlock_426

  group: UnitBlock_427 {
    variables:
    	double InitialPower ;
    	double MaxPower(TimeHorizon) ;
    	double MinPower(TimeHorizon) ;
    	double StartUpCost ;
    	double LinearTerm ;
    	double MinUpTime ;
    	double MinDownTime ;
    	double InitUpDownTime ;
    	double InertiaCommitment ;

    // group attributes:
    		:type = "ThermalUnitBlock" ;
    data:

     InitialPower = 14 ;

     MaxPower = 70 ;

     MinPower = 14 ;

     StartUpCost = 0 ;

     LinearTerm = 1 ;

     MinUpTime = 1 ;

     MinDownTime = 1 ;

     InitUpDownTime = 1 ;

     InertiaCommitment = 1 ;
    } // group UnitBlock_427

  group: UnitBlock_428 {
    variables:
    	double InitialPower ;
    	double MaxPower(TimeHorizon) ;
    	double MinPower(TimeHorizon) ;
    	double StartUpCost ;
    	double LinearTerm ;
    	double MinUpTime ;
    	double MinDownTime ;
    	double InitUpDownTime ;
    	double InertiaCommitment ;

    // group attributes:
    		:type = "ThermalUnitBlock" ;
    data:

     InitialPower = 13 ;

     MaxPower = 65 ;

     MinPower = 13 ;

     StartUpCost = 0 ;

     LinearTerm = 1 ;

     MinUpTime = 1 ;

     MinDownTime = 1 ;

     InitUpDownTime = 1 ;

     InertiaCommitment = 1 ;
    } // group UnitBlock_428

  group: UnitBlock_429 {
    variables:
    	double InitialPower ;
    	double MaxPower(TimeHorizon) ;
    	double MinPower(TimeHorizon) ;
    	double StartUpCost ;
    	double LinearTerm ;
    	double MinUpTime ;
    	double MinDownTime ;
    	double InitUpDownTime ;
    	double InertiaCommitment ;

    // group attributes:
    		:type = "ThermalUnitBlock" ;
    data:

     InitialPower = 13 ;

     MaxPower = 65 ;

     MinPower = 13 ;

     StartUpCost = 0 ;

     LinearTerm = 1 ;

     MinUpTime = 1 ;

     MinDownTime = 1 ;

     InitUpDownTime = 1 ;

     InertiaCommitment = 1 ;
    } // group UnitBlock_429

  group: UnitBlock_430 {
    variables:
    	double InitialPower ;
    	double MaxPower(TimeHorizon) ;
    	double MinPower(TimeHorizon) ;
    	double StartUpCost ;
    	double LinearTerm ;
    	double MinUpTime ;
    	double MinDownTime ;
    	double InitUpDownTime ;
    	double InertiaCommitment ;

    // group attributes:
    		:type = "ThermalUnitBlock" ;
    data:

     InitialPower = 36.92 ;

     MaxPower = 70 ;

     MinPower = 14 ;

     StartUpCost = 0 ;

     LinearTerm = 1 ;

     MinUpTime = 1 ;

     MinDownTime = 1 ;

     InitUpDownTime = 1 ;

     InertiaCommitment = 1 ;
    } // group UnitBlock_430

  group: UnitBlock_431 {
    variables:
    	double InitialPower ;
    	double MaxPower(TimeHorizon) ;
    	double MinPower(TimeHorizon) ;
    	double StartUpCost ;
    	double LinearTerm ;
    	double MinUpTime ;
    	double MinDownTime ;
    	double InitUpDownTime ;
    	double InertiaCommitment ;

    // group attributes:
    		:type = "ThermalUnitBlock" ;
    data:

     InitialPower = 1258.99 ;

     MaxPower = 1308 ;

     MinPower = 288 ;

     StartUpCost = 0 ;

     LinearTerm = 1 ;

     MinUpTime = 1 ;

     MinDownTime = 1 ;

     InitUpDownTime = 1 ;

     InertiaCommitment = 1 ;
    } // group UnitBlock_431

  group: UnitBlock_432 {
    variables:
    	double InitialPower ;
    	double MaxPower(TimeHorizon) ;
    	double MinPower(TimeHorizon) ;
    	double StartUpCost ;
    	double LinearTerm ;
    	double MinUpTime ;
    	double MinDownTime ;
    	double InitUpDownTime ;
    	double InertiaCommitment ;

    // group attributes:
    		:type = "ThermalUnitBlock" ;
    data:

     InitialPower = 1258.99 ;

     MaxPower = 1308 ;

     MinPower = 288 ;

     StartUpCost = 0 ;

     LinearTerm = 1 ;

     MinUpTime = 1 ;

     MinDownTime = 1 ;

     InitUpDownTime = 1 ;

     InertiaCommitment = 1 ;
    } // group UnitBlock_432

  group: UnitBlock_433 {
    variables:
    	double InitialPower ;
    	double MaxPower(TimeHorizon) ;
    	double MinPower(TimeHorizon) ;
    	double StartUpCost ;
    	double LinearTerm ;
    	double MinUpTime ;
    	double MinDownTime ;
    	double InitUpDownTime ;
    	double InertiaCommitment ;

    // group attributes:
    		:type = "ThermalUnitBlock" ;
    data:

     InitialPower = 13.17 ;

     MaxPower = 22 ;

     MinPower = 4.4 ;

     StartUpCost = 0 ;

     LinearTerm = 1 ;

     MinUpTime = 1 ;

     MinDownTime = 1 ;

     InitUpDownTime = 1 ;

     InertiaCommitment = 1 ;
    } // group UnitBlock_433

  group: UnitBlock_434 {
    variables:
    	double InitialPower ;
    	double MaxPower(TimeHorizon) ;
    	double MinPower(TimeHorizon) ;
    	double StartUpCost ;
    	double LinearTerm ;
    	double MinUpTime ;
    	double MinDownTime ;
    	double InitUpDownTime ;
    	double InertiaCommitment ;

    // group attributes:
    		:type = "ThermalUnitBlock" ;
    data:

     InitialPower = 171 ;

     MaxPower = 451 ;

     MinPower = 82 ;

     StartUpCost = 0 ;

     LinearTerm = 1 ;

     MinUpTime = 1 ;

     MinDownTime = 1 ;

     InitUpDownTime = 1 ;

     InertiaCommitment = 1 ;
    } // group UnitBlock_434

  group: UnitBlock_435 {
    variables:
    	double InitialPower ;
    	double MaxPower(TimeHorizon) ;
    	double MinPower(TimeHorizon) ;
    	double StartUpCost ;
    	double LinearTerm ;
    	double MinUpTime ;
    	double MinDownTime ;
    	double InitUpDownTime ;
    	double InertiaCommitment ;

    // group attributes:
    		:type = "ThermalUnitBlock" ;
    data:

     InitialPower = 7.2 ;

     MaxPower = 36 ;

     MinPower = 7.2 ;

     StartUpCost = 0 ;

     LinearTerm = 1 ;

     MinUpTime = 1 ;

     MinDownTime = 1 ;

     InitUpDownTime = 1 ;

     InertiaCommitment = 1 ;
    } // group UnitBlock_435

  group: UnitBlock_436 {
    variables:
    	double InitialPower ;
    	double MaxPower(TimeHorizon) ;
    	double MinPower(TimeHorizon) ;
    	double StartUpCost ;
    	double LinearTerm ;
    	double MinUpTime ;
    	double MinDownTime ;
    	double InitUpDownTime ;
    	double InertiaCommitment ;

    // group attributes:
    		:type = "ThermalUnitBlock" ;
    data:

     InitialPower = 677.16 ;

     MaxPower = 947 ;

     MinPower = 237 ;

     StartUpCost = 0 ;

     LinearTerm = 1 ;

     MinUpTime = 1 ;

     MinDownTime = 1 ;

     InitUpDownTime = 1 ;

     InertiaCommitment = 1 ;
    } // group UnitBlock_436

  group: UnitBlock_437 {
    variables:
    	double InitialPower ;
    	double MaxPower(TimeHorizon) ;
    	double MinPower(TimeHorizon) ;
    	double StartUpCost ;
    	double LinearTerm ;
    	double MinUpTime ;
    	double MinDownTime ;
    	double InitUpDownTime ;
    	double InertiaCommitment ;

    // group attributes:
    		:type = "ThermalUnitBlock" ;
    data:

     InitialPower = 681.81 ;

     MaxPower = 947 ;

     MinPower = 267 ;

     StartUpCost = 0 ;

     LinearTerm = 1 ;

     MinUpTime = 1 ;

     MinDownTime = 1 ;

     InitUpDownTime = 1 ;

     InertiaCommitment = 1 ;
    } // group UnitBlock_437

  group: UnitBlock_438 {
    variables:
    	double InitialPower ;
    	double MaxPower(TimeHorizon) ;
    	double MinPower(TimeHorizon) ;
    	double StartUpCost ;
    	double LinearTerm ;
    	double MinUpTime ;
    	double MinDownTime ;
    	double InitUpDownTime ;
    	double InertiaCommitment ;

    // group attributes:
    		:type = "ThermalUnitBlock" ;
    data:

     InitialPower = 677.22 ;

     MaxPower = 947 ;

     MinPower = 237 ;

     StartUpCost = 0 ;

     LinearTerm = 1 ;

     MinUpTime = 1 ;

     MinDownTime = 1 ;

     InitUpDownTime = 1 ;

     InertiaCommitment = 1 ;
    } // group UnitBlock_438

  group: UnitBlock_439 {
    variables:
    	double InitialPower ;
    	double MaxPower(TimeHorizon) ;
    	double MinPower(TimeHorizon) ;
    	double StartUpCost ;
    	double LinearTerm ;
    	double MinUpTime ;
    	double MinDownTime ;
    	double InitUpDownTime ;
    	double InertiaCommitment ;

    // group attributes:
    		:type = "ThermalUnitBlock" ;
    data:

     InitialPower = 677.22 ;

     MaxPower = 947 ;

     MinPower = 237 ;

     StartUpCost = 0 ;

     LinearTerm = 1 ;

     MinUpTime = 1 ;

     MinDownTime = 1 ;

     InitUpDownTime = 1 ;

     InertiaCommitment = 1 ;
    } // group UnitBlock_439

  group: UnitBlock_440 {
    variables:
    	double InitialPower ;
    	double MaxPower(TimeHorizon) ;
    	double MinPower(TimeHorizon) ;
    	double StartUpCost ;
    	double LinearTerm ;
    	double MinUpTime ;
    	double MinDownTime ;
    	double InitUpDownTime ;
    	double InertiaCommitment ;

    // group attributes:
    		:type = "ThermalUnitBlock" ;
    data:

     InitialPower = 677.13 ;

     MaxPower = 947 ;

     MinPower = 237 ;

     StartUpCost = 0 ;

     LinearTerm = 1 ;

     MinUpTime = 1 ;

     MinDownTime = 1 ;

     InitUpDownTime = 1 ;

     InertiaCommitment = 1 ;
    } // group UnitBlock_440

  group: UnitBlock_441 {
    variables:
    	double InitialPower ;
    	double MaxPower(TimeHorizon) ;
    	double MinPower(TimeHorizon) ;
    	double StartUpCost ;
    	double LinearTerm ;
    	double MinUpTime ;
    	double MinDownTime ;
    	double InitUpDownTime ;
    	double InertiaCommitment ;

    // group attributes:
    		:type = "ThermalUnitBlock" ;
    data:

     InitialPower = 237 ;

     MaxPower = 947 ;

     MinPower = 237 ;

     StartUpCost = 0 ;

     LinearTerm = 1 ;

     MinUpTime = 1 ;

     MinDownTime = 1 ;

     InitUpDownTime = 1 ;

     InertiaCommitment = 1 ;
    } // group UnitBlock_441

  group: UnitBlock_442 {
    variables:
    	double InitialPower ;
    	double MaxPower(TimeHorizon) ;
    	double MinPower(TimeHorizon) ;
    	double StartUpCost ;
    	double LinearTerm ;
    	double MinUpTime ;
    	double MinDownTime ;
    	double InitUpDownTime ;
    	double InertiaCommitment ;

    // group attributes:
    		:type = "ThermalUnitBlock" ;
    data:

     InitialPower = 125 ;

     MaxPower = 240 ;

     MinPower = 125 ;

     StartUpCost = 0 ;

     LinearTerm = 1 ;

     MinUpTime = 1 ;

     MinDownTime = 1 ;

     InitUpDownTime = 1 ;

     InertiaCommitment = 1 ;
    } // group UnitBlock_442

  group: UnitBlock_443 {
    variables:
    	double InitialPower ;
    	double MaxPower(TimeHorizon) ;
    	double MinPower(TimeHorizon) ;
    	double StartUpCost ;
    	double LinearTerm ;
    	double MinUpTime ;
    	double MinDownTime ;
    	double InitUpDownTime ;
    	double InertiaCommitment ;

    // group attributes:
    		:type = "ThermalUnitBlock" ;
    data:

     InitialPower = 206 ;

     MaxPower = 446 ;

     MinPower = 206 ;

     StartUpCost = 0 ;

     LinearTerm = 1 ;

     MinUpTime = 1 ;

     MinDownTime = 1 ;

     InitUpDownTime = 1 ;

     InertiaCommitment = 1 ;
    } // group UnitBlock_443

  group: UnitBlock_444 {
    variables:
    	double InitialPower ;
    	double MaxPower(TimeHorizon) ;
    	double MinPower(TimeHorizon) ;
    	double StartUpCost ;
    	double LinearTerm ;
    	double MinUpTime ;
    	double MinDownTime ;
    	double InitUpDownTime ;
    	double InertiaCommitment ;

    // group attributes:
    		:type = "ThermalUnitBlock" ;
    data:

     InitialPower = 0 ;

     MaxPower = 230 ;

     MinPower = 120 ;

     StartUpCost = 0 ;

     LinearTerm = 1 ;

     MinUpTime = 1 ;

     MinDownTime = 1 ;

     InitUpDownTime = 1 ;

     InertiaCommitment = 1 ;
    } // group UnitBlock_444

  group: UnitBlock_445 {
    variables:
    	double InitialPower ;
    	double MaxPower(TimeHorizon) ;
    	double MinPower(TimeHorizon) ;
    	double StartUpCost ;
    	double LinearTerm ;
    	double MinUpTime ;
    	double MinDownTime ;
    	double InitUpDownTime ;
    	double InertiaCommitment ;

    // group attributes:
    		:type = "ThermalUnitBlock" ;
    data:

     InitialPower = 0 ;

     MaxPower = 585 ;

     MinPower = 250 ;

     StartUpCost = 0 ;

     LinearTerm = 1 ;

     MinUpTime = 1 ;

     MinDownTime = 1 ;

     InitUpDownTime = 1 ;

     InertiaCommitment = 1 ;
    } // group UnitBlock_445

  group: UnitBlock_446 {
    variables:
    	double InitialPower ;
    	double MaxPower(TimeHorizon) ;
    	double MinPower(TimeHorizon) ;
    	double StartUpCost ;
    	double LinearTerm ;
    	double MinUpTime ;
    	double MinDownTime ;
    	double InitUpDownTime ;
    	double InertiaCommitment ;

    // group attributes:
    		:type = "ThermalUnitBlock" ;
    data:

     InitialPower = 272 ;

     MaxPower = 607 ;

     MinPower = 272 ;

     StartUpCost = 0 ;

     LinearTerm = 1 ;

     MinUpTime = 1 ;

     MinDownTime = 1 ;

     InitUpDownTime = 1 ;

     InertiaCommitment = 1 ;
    } // group UnitBlock_446

  group: UnitBlock_447 {
    variables:
    	double InitialPower ;
    	double MaxPower(TimeHorizon) ;
    	double MinPower(TimeHorizon) ;
    	double StartUpCost ;
    	double LinearTerm ;
    	double MinUpTime ;
    	double MinDownTime ;
    	double InitUpDownTime ;
    	double InertiaCommitment ;

    // group attributes:
    		:type = "ThermalUnitBlock" ;
    data:

     InitialPower = 17.55 ;

     MaxPower = 31 ;

     MinPower = 6.2 ;

     StartUpCost = 0 ;

     LinearTerm = 1 ;

     MinUpTime = 1 ;

     MinDownTime = 1 ;

     InitUpDownTime = 1 ;

     InertiaCommitment = 1 ;
    } // group UnitBlock_447

  group: UnitBlock_448 {
    variables:
    	double InitialPower ;
    	double MaxPower(TimeHorizon) ;
    	double MinPower(TimeHorizon) ;
    	double StartUpCost ;
    	double LinearTerm ;
    	double MinUpTime ;
    	double MinDownTime ;
    	double InitUpDownTime ;
    	double InertiaCommitment ;

    // group attributes:
    		:type = "ThermalUnitBlock" ;
    data:

     InitialPower = 13.99 ;

     MaxPower = 31 ;

     MinPower = 6.2 ;

     StartUpCost = 0 ;

     LinearTerm = 1 ;

     MinUpTime = 1 ;

     MinDownTime = 1 ;

     InitUpDownTime = 1 ;

     InertiaCommitment = 1 ;
    } // group UnitBlock_448

  group: UnitBlock_449 {
    variables:
    	double InitialPower ;
    	double MaxPower(TimeHorizon) ;
    	double MinPower(TimeHorizon) ;
    	double StartUpCost ;
    	double LinearTerm ;
    	double MinUpTime ;
    	double MinDownTime ;
    	double InitUpDownTime ;
    	double InertiaCommitment ;

    // group attributes:
    		:type = "ThermalUnitBlock" ;
    data:

     InitialPower = 5.48 ;

     MaxPower = 21 ;

     MinPower = 4.2 ;

     StartUpCost = 0 ;

     LinearTerm = 1 ;

     MinUpTime = 1 ;

     MinDownTime = 1 ;

     InitUpDownTime = 1 ;

     InertiaCommitment = 1 ;
    } // group UnitBlock_449

  group: UnitBlock_450 {
    variables:
    	double InitialPower ;
    	double MaxPower(TimeHorizon) ;
    	double MinPower(TimeHorizon) ;
    	double StartUpCost ;
    	double LinearTerm ;
    	double MinUpTime ;
    	double MinDownTime ;
    	double InitUpDownTime ;
    	double InertiaCommitment ;

    // group attributes:
    		:type = "ThermalUnitBlock" ;
    data:

     InitialPower = 24.59 ;

     MaxPower = 35 ;

     MinPower = 7 ;

     StartUpCost = 0 ;

     LinearTerm = 1 ;

     MinUpTime = 1 ;

     MinDownTime = 1 ;

     InitUpDownTime = 1 ;

     InertiaCommitment = 1 ;
    } // group UnitBlock_450

  group: UnitBlock_451 {
    variables:
    	double InitialPower ;
    	double MaxPower(TimeHorizon) ;
    	double MinPower(TimeHorizon) ;
    	double StartUpCost ;
    	double LinearTerm ;
    	double MinUpTime ;
    	double MinDownTime ;
    	double InitUpDownTime ;
    	double InertiaCommitment ;

    // group attributes:
    		:type = "ThermalUnitBlock" ;
    data:

     InitialPower = 24.62 ;

     MaxPower = 35 ;

     MinPower = 7 ;

     StartUpCost = 0 ;

     LinearTerm = 1 ;

     MinUpTime = 1 ;

     MinDownTime = 1 ;

     InitUpDownTime = 1 ;

     InertiaCommitment = 1 ;
    } // group UnitBlock_451

  group: UnitBlock_452 {
    variables:
    	double InitialPower ;
    	double MaxPower(TimeHorizon) ;
    	double MinPower(TimeHorizon) ;
    	double StartUpCost ;
    	double LinearTerm ;
    	double MinUpTime ;
    	double MinDownTime ;
    	double InitUpDownTime ;
    	double InertiaCommitment ;

    // group attributes:
    		:type = "ThermalUnitBlock" ;
    data:

     InitialPower = 24.69 ;

     MaxPower = 35 ;

     MinPower = 7 ;

     StartUpCost = 0 ;

     LinearTerm = 1 ;

     MinUpTime = 1 ;

     MinDownTime = 1 ;

     InitUpDownTime = 1 ;

     InertiaCommitment = 1 ;
    } // group UnitBlock_452

  group: UnitBlock_453 {
    variables:
    	double InitialPower ;
    	double MaxPower(TimeHorizon) ;
    	double MinPower(TimeHorizon) ;
    	double StartUpCost ;
    	double LinearTerm ;
    	double MinUpTime ;
    	double MinDownTime ;
    	double InitUpDownTime ;
    	double InertiaCommitment ;

    // group attributes:
    		:type = "ThermalUnitBlock" ;
    data:

     InitialPower = 24.19 ;

     MaxPower = 35 ;

     MinPower = 7 ;

     StartUpCost = 0 ;

     LinearTerm = 1 ;

     MinUpTime = 1 ;

     MinDownTime = 1 ;

     InitUpDownTime = 1 ;

     InertiaCommitment = 1 ;
    } // group UnitBlock_453

  group: UnitBlock_454 {
    variables:
    	double InitialPower ;
    	double MaxPower(TimeHorizon) ;
    	double MinPower(TimeHorizon) ;
    	double StartUpCost ;
    	double LinearTerm ;
    	double MinUpTime ;
    	double MinDownTime ;
    	double InitUpDownTime ;
    	double InertiaCommitment ;

    // group attributes:
    		:type = "ThermalUnitBlock" ;
    data:

     InitialPower = 120 ;

     MaxPower = 235 ;

     MinPower = 120 ;

     StartUpCost = 0 ;

     LinearTerm = 1 ;

     MinUpTime = 1 ;

     MinDownTime = 1 ;

     InitUpDownTime = 1 ;

     InertiaCommitment = 1 ;
    } // group UnitBlock_454

  group: UnitBlock_455 {
    variables:
    	double InitialPower ;
    	double MaxPower(TimeHorizon) ;
    	double MinPower(TimeHorizon) ;
    	double StartUpCost ;
    	double LinearTerm ;
    	double MinUpTime ;
    	double MinDownTime ;
    	double InitUpDownTime ;
    	double InertiaCommitment ;

    // group attributes:
    		:type = "ThermalUnitBlock" ;
    data:

     InitialPower = 43.49 ;

     MaxPower = 47 ;

     MinPower = 9.4 ;

     StartUpCost = 0 ;

     LinearTerm = 1 ;

     MinUpTime = 1 ;

     MinDownTime = 1 ;

     InitUpDownTime = 1 ;

     InertiaCommitment = 1 ;
    } // group UnitBlock_455

  group: UnitBlock_456 {
    variables:
    	double InitialPower ;
    	double MaxPower(TimeHorizon) ;
    	double MinPower(TimeHorizon) ;
    	double StartUpCost ;
    	double LinearTerm ;
    	double MinUpTime ;
    	double MinDownTime ;
    	double InitUpDownTime ;
    	double InertiaCommitment ;

    // group attributes:
    		:type = "ThermalUnitBlock" ;
    data:

     InitialPower = 9.4 ;

     MaxPower = 47 ;

     MinPower = 9.4 ;

     StartUpCost = 0 ;

     LinearTerm = 1 ;

     MinUpTime = 1 ;

     MinDownTime = 1 ;

     InitUpDownTime = 1 ;

     InertiaCommitment = 1 ;
    } // group UnitBlock_456

  group: UnitBlock_457 {
    variables:
    	double InitialPower ;
    	double MaxPower(TimeHorizon) ;
    	double MinPower(TimeHorizon) ;
    	double StartUpCost ;
    	double LinearTerm ;
    	double MinUpTime ;
    	double MinDownTime ;
    	double InitUpDownTime ;
    	double InertiaCommitment ;

    // group attributes:
    		:type = "ThermalUnitBlock" ;
    data:

     InitialPower = 23.21 ;

     MaxPower = 31 ;

     MinPower = 6.2 ;

     StartUpCost = 0 ;

     LinearTerm = 1 ;

     MinUpTime = 1 ;

     MinDownTime = 1 ;

     InitUpDownTime = 1 ;

     InertiaCommitment = 1 ;
    } // group UnitBlock_457

  group: UnitBlock_458 {
    variables:
    	double InitialPower ;
    	double MaxPower(TimeHorizon) ;
    	double MinPower(TimeHorizon) ;
    	double StartUpCost ;
    	double LinearTerm ;
    	double MinUpTime ;
    	double MinDownTime ;
    	double InitUpDownTime ;
    	double InertiaCommitment ;

    // group attributes:
    		:type = "ThermalUnitBlock" ;
    data:

     InitialPower = 29 ;

     MaxPower = 31 ;

     MinPower = 6.2 ;

     StartUpCost = 0 ;

     LinearTerm = 1 ;

     MinUpTime = 1 ;

     MinDownTime = 1 ;

     InitUpDownTime = 1 ;

     InertiaCommitment = 1 ;
    } // group UnitBlock_458

  group: UnitBlock_459 {
    variables:
    	double InitialPower ;
    	double MaxPower(TimeHorizon) ;
    	double MinPower(TimeHorizon) ;
    	double StartUpCost ;
    	double LinearTerm ;
    	double MinUpTime ;
    	double MinDownTime ;
    	double InitUpDownTime ;
    	double InertiaCommitment ;

    // group attributes:
    		:type = "ThermalUnitBlock" ;
    data:

     InitialPower = 29 ;

     MaxPower = 31 ;

     MinPower = 6.2 ;

     StartUpCost = 0 ;

     LinearTerm = 1 ;

     MinUpTime = 1 ;

     MinDownTime = 1 ;

     InitUpDownTime = 1 ;

     InertiaCommitment = 1 ;
    } // group UnitBlock_459

  group: UnitBlock_460 {
    variables:
    	double InitialPower ;
    	double MaxPower(TimeHorizon) ;
    	double MinPower(TimeHorizon) ;
    	double StartUpCost ;
    	double LinearTerm ;
    	double MinUpTime ;
    	double MinDownTime ;
    	double InitUpDownTime ;
    	double InertiaCommitment ;

    // group attributes:
    		:type = "ThermalUnitBlock" ;
    data:

     InitialPower = 48 ;

     MaxPower = 50 ;

     MinPower = 10 ;

     StartUpCost = 0 ;

     LinearTerm = 1 ;

     MinUpTime = 1 ;

     MinDownTime = 1 ;

     InitUpDownTime = 1 ;

     InertiaCommitment = 1 ;
    } // group UnitBlock_460

  group: UnitBlock_461 {
    variables:
    	double InitialPower ;
    	double MaxPower(TimeHorizon) ;
    	double MinPower(TimeHorizon) ;
    	double StartUpCost ;
    	double LinearTerm ;
    	double MinUpTime ;
    	double MinDownTime ;
    	double InitUpDownTime ;
    	double InertiaCommitment ;

    // group attributes:
    		:type = "ThermalUnitBlock" ;
    data:

     InitialPower = 7.4 ;

     MaxPower = 37 ;

     MinPower = 7.4 ;

     StartUpCost = 0 ;

     LinearTerm = 1 ;

     MinUpTime = 1 ;

     MinDownTime = 1 ;

     InitUpDownTime = 1 ;

     InertiaCommitment = 1 ;
    } // group UnitBlock_461

  group: UnitBlock_462 {
    variables:
    	double InitialPower ;
    	double MaxPower(TimeHorizon) ;
    	double MinPower(TimeHorizon) ;
    	double StartUpCost ;
    	double LinearTerm ;
    	double MinUpTime ;
    	double MinDownTime ;
    	double InitUpDownTime ;
    	double InertiaCommitment ;

    // group attributes:
    		:type = "ThermalUnitBlock" ;
    data:

     InitialPower = 7.4 ;

     MaxPower = 37 ;

     MinPower = 7.4 ;

     StartUpCost = 0 ;

     LinearTerm = 1 ;

     MinUpTime = 1 ;

     MinDownTime = 1 ;

     InitUpDownTime = 1 ;

     InertiaCommitment = 1 ;
    } // group UnitBlock_462

  group: UnitBlock_463 {
    variables:
    	double InitialPower ;
    	double MaxPower(TimeHorizon) ;
    	double MinPower(TimeHorizon) ;
    	double StartUpCost ;
    	double LinearTerm ;
    	double MinUpTime ;
    	double MinDownTime ;
    	double InitUpDownTime ;
    	double InertiaCommitment ;

    // group attributes:
    		:type = "ThermalUnitBlock" ;
    data:

     InitialPower = 137 ;

     MaxPower = 250 ;

     MinPower = 137 ;

     StartUpCost = 0 ;

     LinearTerm = 1 ;

     MinUpTime = 1 ;

     MinDownTime = 1 ;

     InitUpDownTime = 1 ;

     InertiaCommitment = 1 ;
    } // group UnitBlock_463

  group: UnitBlock_464 {
    variables:
    	double InitialPower ;
    	double MaxPower(TimeHorizon) ;
    	double MinPower(TimeHorizon) ;
    	double StartUpCost ;
    	double LinearTerm ;
    	double MinUpTime ;
    	double MinDownTime ;
    	double InitUpDownTime ;
    	double InertiaCommitment ;

    // group attributes:
    		:type = "ThermalUnitBlock" ;
    data:

     InitialPower = 137 ;

     MaxPower = 250 ;

     MinPower = 137 ;

     StartUpCost = 0 ;

     LinearTerm = 1 ;

     MinUpTime = 1 ;

     MinDownTime = 1 ;

     InitUpDownTime = 1 ;

     InertiaCommitment = 1 ;
    } // group UnitBlock_464

  group: UnitBlock_465 {
    variables:
    	double InitialPower ;
    	double MaxPower(TimeHorizon) ;
    	double MinPower(TimeHorizon) ;
    	double StartUpCost ;
    	double LinearTerm ;
    	double MinUpTime ;
    	double MinDownTime ;
    	double InitUpDownTime ;
    	double InertiaCommitment ;

    // group attributes:
    		:type = "ThermalUnitBlock" ;
    data:

     InitialPower = 15.87 ;

     MaxPower = 19 ;

     MinPower = 3.8 ;

     StartUpCost = 0 ;

     LinearTerm = 1 ;

     MinUpTime = 1 ;

     MinDownTime = 1 ;

     InitUpDownTime = 1 ;

     InertiaCommitment = 1 ;
    } // group UnitBlock_465

  group: UnitBlock_466 {
    variables:
    	double InitialPower ;
    	double MaxPower(TimeHorizon) ;
    	double MinPower(TimeHorizon) ;
    	double StartUpCost ;
    	double LinearTerm ;
    	double MinUpTime ;
    	double MinDownTime ;
    	double InitUpDownTime ;
    	double InertiaCommitment ;

    // group attributes:
    		:type = "ThermalUnitBlock" ;
    data:

     InitialPower = 0 ;

     MaxPower = 115 ;

     MinPower = 23 ;

     StartUpCost = 0 ;

     LinearTerm = 1 ;

     MinUpTime = 1 ;

     MinDownTime = 1 ;

     InitUpDownTime = 1 ;

     InertiaCommitment = 1 ;
    } // group UnitBlock_466

  group: UnitBlock_467 {
    variables:
    	double InitialPower ;
    	double MaxPower(TimeHorizon) ;
    	double MinPower(TimeHorizon) ;
    	double StartUpCost ;
    	double LinearTerm ;
    	double MinUpTime ;
    	double MinDownTime ;
    	double InitUpDownTime ;
    	double InertiaCommitment ;

    // group attributes:
    		:type = "ThermalUnitBlock" ;
    data:

     InitialPower = 0 ;

     MaxPower = 115 ;

     MinPower = 23 ;

     StartUpCost = 0 ;

     LinearTerm = 1 ;

     MinUpTime = 1 ;

     MinDownTime = 1 ;

     InitUpDownTime = 1 ;

     InertiaCommitment = 1 ;
    } // group UnitBlock_467

  group: UnitBlock_468 {
    variables:
    	double InitialPower ;
    	double MaxPower(TimeHorizon) ;
    	double MinPower(TimeHorizon) ;
    	double StartUpCost ;
    	double LinearTerm ;
    	double MinUpTime ;
    	double MinDownTime ;
    	double InitUpDownTime ;
    	double InertiaCommitment ;

    // group attributes:
    		:type = "ThermalUnitBlock" ;
    data:

     InitialPower = 0 ;

     MaxPower = 122 ;

     MinPower = 24.4 ;

     StartUpCost = 0 ;

     LinearTerm = 1 ;

     MinUpTime = 1 ;

     MinDownTime = 1 ;

     InitUpDownTime = 1 ;

     InertiaCommitment = 1 ;
    } // group UnitBlock_468

  group: UnitBlock_469 {
    variables:
    	double InitialPower ;
    	double MaxPower(TimeHorizon) ;
    	double MinPower(TimeHorizon) ;
    	double StartUpCost ;
    	double LinearTerm ;
    	double MinUpTime ;
    	double MinDownTime ;
    	double InitUpDownTime ;
    	double InertiaCommitment ;

    // group attributes:
    		:type = "ThermalUnitBlock" ;
    data:

     InitialPower = 196 ;

     MaxPower = 414 ;

     MinPower = 196 ;

     StartUpCost = 0 ;

     LinearTerm = 1 ;

     MinUpTime = 1 ;

     MinDownTime = 1 ;

     InitUpDownTime = 1 ;

     InertiaCommitment = 1 ;
    } // group UnitBlock_469

  group: UnitBlock_470 {
    variables:
    	double InitialPower ;
    	double MaxPower(TimeHorizon) ;
    	double MinPower(TimeHorizon) ;
    	double StartUpCost ;
    	double LinearTerm ;
    	double MinUpTime ;
    	double MinDownTime ;
    	double InitUpDownTime ;
    	double InertiaCommitment ;

    // group attributes:
    		:type = "ThermalUnitBlock" ;
    data:

     InitialPower = 41.6 ;

     MaxPower = 52 ;

     MinPower = 10.4 ;

     StartUpCost = 0 ;

     LinearTerm = 1 ;

     MinUpTime = 1 ;

     MinDownTime = 1 ;

     InitUpDownTime = 1 ;

     InertiaCommitment = 1 ;
    } // group UnitBlock_470

  group: UnitBlock_471 {
    variables:
    	double InitialPower ;
    	double MaxPower(TimeHorizon) ;
    	double MinPower(TimeHorizon) ;
    	double StartUpCost ;
    	double LinearTerm ;
    	double MinUpTime ;
    	double MinDownTime ;
    	double InitUpDownTime ;
    	double InertiaCommitment ;

    // group attributes:
    		:type = "ThermalUnitBlock" ;
    data:

     InitialPower = 30.69 ;

     MaxPower = 52 ;

     MinPower = 10.4 ;

     StartUpCost = 0 ;

     LinearTerm = 1 ;

     MinUpTime = 1 ;

     MinDownTime = 1 ;

     InitUpDownTime = 1 ;

     InertiaCommitment = 1 ;
    } // group UnitBlock_471

  group: UnitBlock_472 {
    variables:
    	double InitialPower ;
    	double MaxPower(TimeHorizon) ;
    	double MinPower(TimeHorizon) ;
    	double StartUpCost ;
    	double LinearTerm ;
    	double MinUpTime ;
    	double MinDownTime ;
    	double InitUpDownTime ;
    	double InertiaCommitment ;

    // group attributes:
    		:type = "ThermalUnitBlock" ;
    data:

     InitialPower = 5 ;

     MaxPower = 185 ;

     MinPower = 5 ;

     StartUpCost = 0 ;

     LinearTerm = 1 ;

     MinUpTime = 1 ;

     MinDownTime = 1 ;

     InitUpDownTime = 1 ;

     InertiaCommitment = 1 ;
    } // group UnitBlock_472

  group: UnitBlock_473 {
    variables:
    	double InitialPower ;
    	double MaxPower(TimeHorizon) ;
    	double MinPower(TimeHorizon) ;
    	double StartUpCost ;
    	double LinearTerm ;
    	double MinUpTime ;
    	double MinDownTime ;
    	double InitUpDownTime ;
    	double InertiaCommitment ;

    // group attributes:
    		:type = "ThermalUnitBlock" ;
    data:

     InitialPower = 5 ;

     MaxPower = 185 ;

     MinPower = 5 ;

     StartUpCost = 0 ;

     LinearTerm = 1 ;

     MinUpTime = 1 ;

     MinDownTime = 1 ;

     InitUpDownTime = 1 ;

     InertiaCommitment = 1 ;
    } // group UnitBlock_473

  group: UnitBlock_474 {
    variables:
    	double InitialPower ;
    	double MaxPower(TimeHorizon) ;
    	double MinPower(TimeHorizon) ;
    	double StartUpCost ;
    	double LinearTerm ;
    	double MinUpTime ;
    	double MinDownTime ;
    	double InitUpDownTime ;
    	double InertiaCommitment ;

    // group attributes:
    		:type = "ThermalUnitBlock" ;
    data:

     InitialPower = 45.4 ;

     MaxPower = 227 ;

     MinPower = 45.4 ;

     StartUpCost = 0 ;

     LinearTerm = 1 ;

     MinUpTime = 1 ;

     MinDownTime = 1 ;

     InitUpDownTime = 1 ;

     InertiaCommitment = 1 ;
    } // group UnitBlock_474

  group: UnitBlock_475 {
    variables:
    	double InitialPower ;
    	double MaxPower(TimeHorizon) ;
    	double MinPower(TimeHorizon) ;
    	double StartUpCost ;
    	double LinearTerm ;
    	double MinUpTime ;
    	double MinDownTime ;
    	double InitUpDownTime ;
    	double InertiaCommitment ;

    // group attributes:
    		:type = "ThermalUnitBlock" ;
    data:

     InitialPower = 45.4 ;

     MaxPower = 227 ;

     MinPower = 45.4 ;

     StartUpCost = 0 ;

     LinearTerm = 1 ;

     MinUpTime = 1 ;

     MinDownTime = 1 ;

     InitUpDownTime = 1 ;

     InertiaCommitment = 1 ;
    } // group UnitBlock_475

  group: UnitBlock_476 {
    variables:
    	double InitialPower ;
    	double MaxPower(TimeHorizon) ;
    	double MinPower(TimeHorizon) ;
    	double StartUpCost ;
    	double LinearTerm ;
    	double MinUpTime ;
    	double MinDownTime ;
    	double InitUpDownTime ;
    	double InertiaCommitment ;

    // group attributes:
    		:type = "ThermalUnitBlock" ;
    data:

     InitialPower = 45.4 ;

     MaxPower = 227 ;

     MinPower = 45.4 ;

     StartUpCost = 0 ;

     LinearTerm = 1 ;

     MinUpTime = 1 ;

     MinDownTime = 1 ;

     InitUpDownTime = 1 ;

     InertiaCommitment = 1 ;
    } // group UnitBlock_476

  group: UnitBlock_477 {
    variables:
    	double InitialPower ;
    	double MaxPower(TimeHorizon) ;
    	double MinPower(TimeHorizon) ;
    	double StartUpCost ;
    	double LinearTerm ;
    	double MinUpTime ;
    	double MinDownTime ;
    	double InitUpDownTime ;
    	double InertiaCommitment ;

    // group attributes:
    		:type = "ThermalUnitBlock" ;
    data:

     InitialPower = 45.4 ;

     MaxPower = 227 ;

     MinPower = 45.4 ;

     StartUpCost = 0 ;

     LinearTerm = 1 ;

     MinUpTime = 1 ;

     MinDownTime = 1 ;

     InitUpDownTime = 1 ;

     InertiaCommitment = 1 ;
    } // group UnitBlock_477

  group: UnitBlock_478 {
    variables:
    	double InitialPower ;
    	double MaxPower(TimeHorizon) ;
    	double MinPower(TimeHorizon) ;
    	double StartUpCost ;
    	double LinearTerm ;
    	double MinUpTime ;
    	double MinDownTime ;
    	double InitUpDownTime ;
    	double InertiaCommitment ;

    // group attributes:
    		:type = "ThermalUnitBlock" ;
    data:

     InitialPower = 913.98 ;

     MaxPower = 950 ;

     MinPower = 237 ;

     StartUpCost = 0 ;

     LinearTerm = 1 ;

     MinUpTime = 1 ;

     MinDownTime = 1 ;

     InitUpDownTime = 1 ;

     InertiaCommitment = 1 ;
    } // group UnitBlock_478

  group: UnitBlock_479 {
    variables:
    	double InitialPower ;
    	double MaxPower(TimeHorizon) ;
    	double MinPower(TimeHorizon) ;
    	double StartUpCost ;
    	double LinearTerm ;
    	double MinUpTime ;
    	double MinDownTime ;
    	double InitUpDownTime ;
    	double InertiaCommitment ;

    // group attributes:
    		:type = "ThermalUnitBlock" ;
    data:

     InitialPower = 913.98 ;

     MaxPower = 950 ;

     MinPower = 237 ;

     StartUpCost = 0 ;

     LinearTerm = 1 ;

     MinUpTime = 1 ;

     MinDownTime = 1 ;

     InitUpDownTime = 1 ;

     InertiaCommitment = 1 ;
    } // group UnitBlock_479

  group: UnitBlock_480 {
    variables:
    	double InitialPower ;
    	double MaxPower(TimeHorizon) ;
    	double MinPower(TimeHorizon) ;
    	double StartUpCost ;
    	double LinearTerm ;
    	double MinUpTime ;
    	double MinDownTime ;
    	double InitUpDownTime ;
    	double InertiaCommitment ;

    // group attributes:
    		:type = "ThermalUnitBlock" ;
    data:

     InitialPower = 156 ;

     MaxPower = 304 ;

     MinPower = 156 ;

     StartUpCost = 0 ;

     LinearTerm = 1 ;

     MinUpTime = 1 ;

     MinDownTime = 1 ;

     InitUpDownTime = 1 ;

     InertiaCommitment = 1 ;
    } // group UnitBlock_480

  group: UnitBlock_481 {
    variables:
    	double InitialPower ;
    	double MaxPower(TimeHorizon) ;
    	double MinPower(TimeHorizon) ;
    	double StartUpCost ;
    	double LinearTerm ;
    	double MinUpTime ;
    	double MinDownTime ;
    	double InitUpDownTime ;
    	double InertiaCommitment ;

    // group attributes:
    		:type = "ThermalUnitBlock" ;
    data:

     InitialPower = 168 ;

     MaxPower = 316 ;

     MinPower = 168 ;

     StartUpCost = 0 ;

     LinearTerm = 1 ;

     MinUpTime = 1 ;

     MinDownTime = 1 ;

     InitUpDownTime = 1 ;

     InertiaCommitment = 1 ;
    } // group UnitBlock_481

  group: UnitBlock_482 {
    variables:
    	double InitialPower ;
    	double MaxPower(TimeHorizon) ;
    	double MinPower(TimeHorizon) ;
    	double StartUpCost ;
    	double LinearTerm ;
    	double MinUpTime ;
    	double MinDownTime ;
    	double InitUpDownTime ;
    	double InertiaCommitment ;

    // group attributes:
    		:type = "ThermalUnitBlock" ;
    data:

     InitialPower = 1308.98 ;

     MaxPower = 1360 ;

     MinPower = 289 ;

     StartUpCost = 0 ;

     LinearTerm = 1 ;

     MinUpTime = 1 ;

     MinDownTime = 1 ;

     InitUpDownTime = 1 ;

     InertiaCommitment = 1 ;
    } // group UnitBlock_482

  group: UnitBlock_483 {
    variables:
    	double InitialPower ;
    	double MaxPower(TimeHorizon) ;
    	double MinPower(TimeHorizon) ;
    	double StartUpCost ;
    	double LinearTerm ;
    	double MinUpTime ;
    	double MinDownTime ;
    	double InitUpDownTime ;
    	double InertiaCommitment ;

    // group attributes:
    		:type = "ThermalUnitBlock" ;
    data:

     InitialPower = 58 ;

     MaxPower = 61 ;

     MinPower = 12.2 ;

     StartUpCost = 0 ;

     LinearTerm = 1 ;

     MinUpTime = 1 ;

     MinDownTime = 1 ;

     InitUpDownTime = 1 ;

     InertiaCommitment = 1 ;
    } // group UnitBlock_483

  group: UnitBlock_484 {
    variables:
    	double InitialPower ;
    	double MaxPower(TimeHorizon) ;
    	double MinPower(TimeHorizon) ;
    	double StartUpCost ;
    	double LinearTerm ;
    	double MinUpTime ;
    	double MinDownTime ;
    	double InitUpDownTime ;
    	double InertiaCommitment ;

    // group attributes:
    		:type = "ThermalUnitBlock" ;
    data:

     InitialPower = 58 ;

     MaxPower = 61 ;

     MinPower = 12.2 ;

     StartUpCost = 0 ;

     LinearTerm = 1 ;

     MinUpTime = 1 ;

     MinDownTime = 1 ;

     InitUpDownTime = 1 ;

     InertiaCommitment = 1 ;
    } // group UnitBlock_484

  group: UnitBlock_485 {
    variables:
    	double InitialPower ;
    	double MaxPower(TimeHorizon) ;
    	double MinPower(TimeHorizon) ;
    	double StartUpCost ;
    	double LinearTerm ;
    	double MinUpTime ;
    	double MinDownTime ;
    	double InitUpDownTime ;
    	double InertiaCommitment ;

    // group attributes:
    		:type = "ThermalUnitBlock" ;
    data:

     InitialPower = 726.47 ;

     MaxPower = 1380 ;

     MinPower = 350 ;

     StartUpCost = 0 ;

     LinearTerm = 1 ;

     MinUpTime = 1 ;

     MinDownTime = 1 ;

     InitUpDownTime = 1 ;

     InertiaCommitment = 1 ;
    } // group UnitBlock_485

  group: UnitBlock_486 {
    variables:
    	double InitialPower ;
    	double MaxPower(TimeHorizon) ;
    	double MinPower(TimeHorizon) ;
    	double StartUpCost ;
    	double LinearTerm ;
    	double MinUpTime ;
    	double MinDownTime ;
    	double InitUpDownTime ;
    	double InertiaCommitment ;

    // group attributes:
    		:type = "ThermalUnitBlock" ;
    data:

     InitialPower = 706.56 ;

     MaxPower = 1380 ;

     MinPower = 350 ;

     StartUpCost = 0 ;

     LinearTerm = 1 ;

     MinUpTime = 1 ;

     MinDownTime = 1 ;

     InitUpDownTime = 1 ;

     InertiaCommitment = 1 ;
    } // group UnitBlock_486

  group: UnitBlock_487 {
    variables:
    	double InitialPower ;
    	double MaxPower(TimeHorizon) ;
    	double MinPower(TimeHorizon) ;
    	double StartUpCost ;
    	double LinearTerm ;
    	double MinUpTime ;
    	double MinDownTime ;
    	double InitUpDownTime ;
    	double InertiaCommitment ;

    // group attributes:
    		:type = "ThermalUnitBlock" ;
    data:

     InitialPower = 708.74 ;

     MaxPower = 1380 ;

     MinPower = 350 ;

     StartUpCost = 0 ;

     LinearTerm = 1 ;

     MinUpTime = 1 ;

     MinDownTime = 1 ;

     InitUpDownTime = 1 ;

     InertiaCommitment = 1 ;
    } // group UnitBlock_487

  group: UnitBlock_488 {
    variables:
    	double InitialPower ;
    	double MaxPower(TimeHorizon) ;
    	double MinPower(TimeHorizon) ;
    	double StartUpCost ;
    	double LinearTerm ;
    	double MinUpTime ;
    	double MinDownTime ;
    	double InitUpDownTime ;
    	double InertiaCommitment ;

    // group attributes:
    		:type = "ThermalUnitBlock" ;
    data:

     InitialPower = 350.04 ;

     MaxPower = 1290 ;

     MinPower = 350 ;

     StartUpCost = 0 ;

     LinearTerm = 1 ;

     MinUpTime = 1 ;

     MinDownTime = 1 ;

     InitUpDownTime = 1 ;

     InertiaCommitment = 1 ;
    } // group UnitBlock_488

  group: UnitBlock_489 {
    variables:
    	double InitialPower ;
    	double MaxPower(TimeHorizon) ;
    	double MinPower(TimeHorizon) ;
    	double StartUpCost ;
    	double LinearTerm ;
    	double MinUpTime ;
    	double MinDownTime ;
    	double InitUpDownTime ;
    	double InertiaCommitment ;

    // group attributes:
    		:type = "ThermalUnitBlock" ;
    data:

     InitialPower = 46.43 ;

     MaxPower = 51 ;

     MinPower = 0.8 ;

     StartUpCost = 0 ;

     LinearTerm = 1 ;

     MinUpTime = 1 ;

     MinDownTime = 1 ;

     InitUpDownTime = 1 ;

     InertiaCommitment = 1 ;
    } // group UnitBlock_489

  group: UnitBlock_490 {
    variables:
    	double InitialPower ;
    	double MaxPower(TimeHorizon) ;
    	double MinPower(TimeHorizon) ;
    	double StartUpCost ;
    	double LinearTerm ;
    	double MinUpTime ;
    	double MinDownTime ;
    	double InitUpDownTime ;
    	double InertiaCommitment ;

    // group attributes:
    		:type = "ThermalUnitBlock" ;
    data:

     InitialPower = 1103.55 ;

     MaxPower = 1380 ;

     MinPower = 340 ;

     StartUpCost = 0 ;

     LinearTerm = 1 ;

     MinUpTime = 1 ;

     MinDownTime = 1 ;

     InitUpDownTime = 1 ;

     InertiaCommitment = 1 ;
    } // group UnitBlock_490

  group: UnitBlock_491 {
    variables:
    	double InitialPower ;
    	double MaxPower(TimeHorizon) ;
    	double MinPower(TimeHorizon) ;
    	double StartUpCost ;
    	double LinearTerm ;
    	double MinUpTime ;
    	double MinDownTime ;
    	double InitUpDownTime ;
    	double InertiaCommitment ;

    // group attributes:
    		:type = "ThermalUnitBlock" ;
    data:

     InitialPower = 340.01 ;

     MaxPower = 1380 ;

     MinPower = 340 ;

     StartUpCost = 0 ;

     LinearTerm = 1 ;

     MinUpTime = 1 ;

     MinDownTime = 1 ;

     InitUpDownTime = 1 ;

     InertiaCommitment = 1 ;
    } // group UnitBlock_491

  group: UnitBlock_492 {
    variables:
    	double InitialPower ;
    	double MaxPower(TimeHorizon) ;
    	double MinPower(TimeHorizon) ;
    	double StartUpCost ;
    	double LinearTerm ;
    	double MinUpTime ;
    	double MinDownTime ;
    	double InitUpDownTime ;
    	double InertiaCommitment ;

    // group attributes:
    		:type = "ThermalUnitBlock" ;
    data:

     InitialPower = 175 ;

     MaxPower = 585 ;

     MinPower = 175 ;

     StartUpCost = 0 ;

     LinearTerm = 1 ;

     MinUpTime = 1 ;

     MinDownTime = 1 ;

     InitUpDownTime = 1 ;

     InertiaCommitment = 1 ;
    } // group UnitBlock_492

  group: UnitBlock_493 {
    variables:
    	double InitialPower ;
    	double MaxPower(TimeHorizon) ;
    	double MinPower(TimeHorizon) ;
    	double StartUpCost ;
    	double LinearTerm ;
    	double MinUpTime ;
    	double MinDownTime ;
    	double InitUpDownTime ;
    	double InertiaCommitment ;

    // group attributes:
    		:type = "ThermalUnitBlock" ;
    data:

     InitialPower = 175 ;

     MaxPower = 585 ;

     MinPower = 175 ;

     StartUpCost = 0 ;

     LinearTerm = 1 ;

     MinUpTime = 1 ;

     MinDownTime = 1 ;

     InitUpDownTime = 1 ;

     InertiaCommitment = 1 ;
    } // group UnitBlock_493

  group: UnitBlock_494 {
    variables:
    	double InitialPower ;
    	double MaxPower(TimeHorizon) ;
    	double MinPower(TimeHorizon) ;
    	double StartUpCost ;
    	double LinearTerm ;
    	double MinUpTime ;
    	double MinDownTime ;
    	double InitUpDownTime ;
    	double InertiaCommitment ;

    // group attributes:
    		:type = "ThermalUnitBlock" ;
    data:

     InitialPower = 175 ;

     MaxPower = 585 ;

     MinPower = 175 ;

     StartUpCost = 0 ;

     LinearTerm = 1 ;

     MinUpTime = 1 ;

     MinDownTime = 1 ;

     InitUpDownTime = 1 ;

     InertiaCommitment = 1 ;
    } // group UnitBlock_494

  group: UnitBlock_495 {
    variables:
    	double InitialPower ;
    	double MaxPower(TimeHorizon) ;
    	double MinPower(TimeHorizon) ;
    	double StartUpCost ;
    	double LinearTerm ;
    	double MinUpTime ;
    	double MinDownTime ;
    	double InitUpDownTime ;
    	double InertiaCommitment ;

    // group attributes:
    		:type = "ThermalUnitBlock" ;
    data:

     InitialPower = 175 ;

     MaxPower = 585 ;

     MinPower = 175 ;

     StartUpCost = 0 ;

     LinearTerm = 1 ;

     MinUpTime = 1 ;

     MinDownTime = 1 ;

     InitUpDownTime = 1 ;

     InertiaCommitment = 1 ;
    } // group UnitBlock_495

  group: UnitBlock_496 {
    variables:
    	double InitialPower ;
    	double MaxPower(TimeHorizon) ;
    	double MinPower(TimeHorizon) ;
    	double StartUpCost ;
    	double LinearTerm ;
    	double MinUpTime ;
    	double MinDownTime ;
    	double InitUpDownTime ;
    	double InertiaCommitment ;

    // group attributes:
    		:type = "ThermalUnitBlock" ;
    data:

     InitialPower = 8.6 ;

     MaxPower = 43 ;

     MinPower = 8.6 ;

     StartUpCost = 0 ;

     LinearTerm = 1 ;

     MinUpTime = 1 ;

     MinDownTime = 1 ;

     InitUpDownTime = 1 ;

     InertiaCommitment = 1 ;
    } // group UnitBlock_496

  group: UnitBlock_497 {
    variables:
    	double InitialPower ;
    	double MaxPower(TimeHorizon) ;
    	double MinPower(TimeHorizon) ;
    	double StartUpCost ;
    	double LinearTerm ;
    	double MinUpTime ;
    	double MinDownTime ;
    	double InitUpDownTime ;
    	double InertiaCommitment ;

    // group attributes:
    		:type = "ThermalUnitBlock" ;
    data:

     InitialPower = 8.6 ;

     MaxPower = 43 ;

     MinPower = 8.6 ;

     StartUpCost = 0 ;

     LinearTerm = 1 ;

     MinUpTime = 1 ;

     MinDownTime = 1 ;

     InitUpDownTime = 1 ;

     InertiaCommitment = 1 ;
    } // group UnitBlock_497

  group: UnitBlock_498 {
    variables:
    	double InitialPower ;
    	double MaxPower(TimeHorizon) ;
    	double MinPower(TimeHorizon) ;
    	double StartUpCost ;
    	double LinearTerm ;
    	double MinUpTime ;
    	double MinDownTime ;
    	double InitUpDownTime ;
    	double InertiaCommitment ;

    // group attributes:
    		:type = "ThermalUnitBlock" ;
    data:

     InitialPower = 8.6 ;

     MaxPower = 43 ;

     MinPower = 8.6 ;

     StartUpCost = 0 ;

     LinearTerm = 1 ;

     MinUpTime = 1 ;

     MinDownTime = 1 ;

     InitUpDownTime = 1 ;

     InertiaCommitment = 1 ;
    } // group UnitBlock_498

  group: UnitBlock_499 {
    variables:
    	double InitialPower ;
    	double MaxPower(TimeHorizon) ;
    	double MinPower(TimeHorizon) ;
    	double StartUpCost ;
    	double LinearTerm ;
    	double MinUpTime ;
    	double MinDownTime ;
    	double InitUpDownTime ;
    	double InertiaCommitment ;

    // group attributes:
    		:type = "ThermalUnitBlock" ;
    data:

     InitialPower = 14 ;

     MaxPower = 70 ;

     MinPower = 14 ;

     StartUpCost = 0 ;

     LinearTerm = 1 ;

     MinUpTime = 1 ;

     MinDownTime = 1 ;

     InitUpDownTime = 1 ;

     InertiaCommitment = 1 ;
    } // group UnitBlock_499

  group: UnitBlock_500 {
    variables:
    	double InitialPower ;
    	double MaxPower(TimeHorizon) ;
    	double MinPower(TimeHorizon) ;
    	double StartUpCost ;
    	double LinearTerm ;
    	double MinUpTime ;
    	double MinDownTime ;
    	double InitUpDownTime ;
    	double InertiaCommitment ;

    // group attributes:
    		:type = "ThermalUnitBlock" ;
    data:

     InitialPower = 16.8 ;

     MaxPower = 80 ;

     MinPower = 16 ;

     StartUpCost = 0 ;

     LinearTerm = 1 ;

     MinUpTime = 1 ;

     MinDownTime = 1 ;

     InitUpDownTime = 1 ;

     InertiaCommitment = 1 ;
    } // group UnitBlock_500

  group: UnitBlock_501 {
    variables:
    	double InitialPower ;
    	double MaxPower(TimeHorizon) ;
    	double MinPower(TimeHorizon) ;
    	double StartUpCost ;
    	double LinearTerm ;
    	double MinUpTime ;
    	double MinDownTime ;
    	double InitUpDownTime ;
    	double InertiaCommitment ;

    // group attributes:
    		:type = "ThermalUnitBlock" ;
    data:

     InitialPower = 184.2 ;

     MaxPower = 230 ;

     MinPower = 70 ;

     StartUpCost = 0 ;

     LinearTerm = 1 ;

     MinUpTime = 1 ;

     MinDownTime = 1 ;

     InitUpDownTime = 1 ;

     InertiaCommitment = 1 ;
    } // group UnitBlock_501

  group: UnitBlock_502 {
    variables:
    	double InitialPower ;
    	double MaxPower(TimeHorizon) ;
    	double MinPower(TimeHorizon) ;
    	double StartUpCost ;
    	double LinearTerm ;
    	double MinUpTime ;
    	double MinDownTime ;
    	double InitUpDownTime ;
    	double InertiaCommitment ;

    // group attributes:
    		:type = "ThermalUnitBlock" ;
    data:

     InitialPower = 565.42 ;

     MaxPower = 605 ;

     MinPower = 295 ;

     StartUpCost = 0 ;

     LinearTerm = 1 ;

     MinUpTime = 1 ;

     MinDownTime = 1 ;

     InitUpDownTime = 1 ;

     InertiaCommitment = 1 ;
    } // group UnitBlock_502

  group: UnitBlock_503 {
    variables:
    	double InitialPower ;
    	double MaxPower(TimeHorizon) ;
    	double MinPower(TimeHorizon) ;
    	double StartUpCost ;
    	double LinearTerm ;
    	double MinUpTime ;
    	double MinDownTime ;
    	double InitUpDownTime ;
    	double InertiaCommitment ;

    // group attributes:
    		:type = "ThermalUnitBlock" ;
    data:

     InitialPower = 11.2 ;

     MaxPower = 56 ;

     MinPower = 11.2 ;

     StartUpCost = 0 ;

     LinearTerm = 1 ;

     MinUpTime = 1 ;

     MinDownTime = 1 ;

     InitUpDownTime = 1 ;

     InertiaCommitment = 1 ;
    } // group UnitBlock_503

  group: UnitBlock_504 {
    variables:
    	double InitialPower ;
    	double MaxPower(TimeHorizon) ;
    	double MinPower(TimeHorizon) ;
    	double StartUpCost ;
    	double LinearTerm ;
    	double MinUpTime ;
    	double MinDownTime ;
    	double InitUpDownTime ;
    	double InertiaCommitment ;

    // group attributes:
    		:type = "ThermalUnitBlock" ;
    data:

     InitialPower = 37.58 ;

     MaxPower = 58 ;

     MinPower = 11.6 ;

     StartUpCost = 0 ;

     LinearTerm = 1 ;

     MinUpTime = 1 ;

     MinDownTime = 1 ;

     InitUpDownTime = 1 ;

     InertiaCommitment = 1 ;
    } // group UnitBlock_504

  group: UnitBlock_505 {
    variables:
    	double InitialPower ;
    	double MaxPower(TimeHorizon) ;
    	double MinPower(TimeHorizon) ;
    	double StartUpCost ;
    	double LinearTerm ;
    	double MinUpTime ;
    	double MinDownTime ;
    	double InitUpDownTime ;
    	double InertiaCommitment ;

    // group attributes:
    		:type = "ThermalUnitBlock" ;
    data:

     InitialPower = 10.37 ;

     MaxPower = 23.1 ;

     MinPower = 4.62 ;

     StartUpCost = 0 ;

     LinearTerm = 1 ;

     MinUpTime = 1 ;

     MinDownTime = 1 ;

     InitUpDownTime = 1 ;

     InertiaCommitment = 1 ;
    } // group UnitBlock_505

  group: UnitBlock_506 {
    variables:
    	double InitialPower ;
    	double MaxPower(TimeHorizon) ;
    	double MinPower(TimeHorizon) ;
    	double StartUpCost ;
    	double LinearTerm ;
    	double MinUpTime ;
    	double MinDownTime ;
    	double InitUpDownTime ;
    	double InertiaCommitment ;

    // group attributes:
    		:type = "ThermalUnitBlock" ;
    data:

     InitialPower = 220 ;

     MaxPower = 429 ;

     MinPower = 220 ;

     StartUpCost = 0 ;

     LinearTerm = 1 ;

     MinUpTime = 1 ;

     MinDownTime = 1 ;

     InitUpDownTime = 1 ;

     InertiaCommitment = 1 ;
    } // group UnitBlock_506

  group: UnitBlock_507 {
    variables:
    	double InitialPower ;
    	double MaxPower(TimeHorizon) ;
    	double MinPower(TimeHorizon) ;
    	double StartUpCost ;
    	double LinearTerm ;
    	double MinUpTime ;
    	double MinDownTime ;
    	double InitUpDownTime ;
    	double InertiaCommitment ;

    // group attributes:
    		:type = "ThermalUnitBlock" ;
    data:

     InitialPower = 18.08 ;

     MaxPower = 41 ;

     MinPower = 8.2 ;

     StartUpCost = 0 ;

     LinearTerm = 1 ;

     MinUpTime = 1 ;

     MinDownTime = 1 ;

     InitUpDownTime = 1 ;

     InertiaCommitment = 1 ;
    } // group UnitBlock_507

  group: UnitBlock_508 {
    variables:
    	double InitialPower ;
    	double MaxPower(TimeHorizon) ;
    	double MinPower(TimeHorizon) ;
    	double StartUpCost ;
    	double LinearTerm ;
    	double MinUpTime ;
    	double MinDownTime ;
    	double InitUpDownTime ;
    	double InertiaCommitment ;

    // group attributes:
    		:type = "ThermalUnitBlock" ;
    data:

     InitialPower = 16 ;

     MaxPower = 80 ;

     MinPower = 16 ;

     StartUpCost = 0 ;

     LinearTerm = 1 ;

     MinUpTime = 1 ;

     MinDownTime = 1 ;

     InitUpDownTime = 1 ;

     InertiaCommitment = 1 ;
    } // group UnitBlock_508

  group: UnitBlock_509 {
    variables:
    	double InitialPower ;
    	double MaxPower(TimeHorizon) ;
    	double MinPower(TimeHorizon) ;
    	double StartUpCost ;
    	double LinearTerm ;
    	double MinUpTime ;
    	double MinDownTime ;
    	double InitUpDownTime ;
    	double InertiaCommitment ;

    // group attributes:
    		:type = "ThermalUnitBlock" ;
    data:

     InitialPower = 16 ;

     MaxPower = 80 ;

     MinPower = 16 ;

     StartUpCost = 0 ;

     LinearTerm = 1 ;

     MinUpTime = 1 ;

     MinDownTime = 1 ;

     InitUpDownTime = 1 ;

     InertiaCommitment = 1 ;
    } // group UnitBlock_509

  group: UnitBlock_510 {
    variables:
    	double InitialPower ;
    	double MaxPower(TimeHorizon) ;
    	double MinPower(TimeHorizon) ;
    	double StartUpCost ;
    	double LinearTerm ;
    	double MinUpTime ;
    	double MinDownTime ;
    	double InitUpDownTime ;
    	double InertiaCommitment ;

    // group attributes:
    		:type = "ThermalUnitBlock" ;
    data:

     InitialPower = 16 ;

     MaxPower = 80 ;

     MinPower = 16 ;

     StartUpCost = 0 ;

     LinearTerm = 1 ;

     MinUpTime = 1 ;

     MinDownTime = 1 ;

     InitUpDownTime = 1 ;

     InertiaCommitment = 1 ;
    } // group UnitBlock_510

  group: UnitBlock_511 {
    variables:
    	double InitialPower ;
    	double MaxPower(TimeHorizon) ;
    	double MinPower(TimeHorizon) ;
    	double StartUpCost ;
    	double LinearTerm ;
    	double MinUpTime ;
    	double MinDownTime ;
    	double InitUpDownTime ;
    	double InertiaCommitment ;

    // group attributes:
    		:type = "ThermalUnitBlock" ;
    data:

     InitialPower = 36 ;

     MaxPower = 180 ;

     MinPower = 36 ;

     StartUpCost = 0 ;

     LinearTerm = 1 ;

     MinUpTime = 1 ;

     MinDownTime = 1 ;

     InitUpDownTime = 1 ;

     InertiaCommitment = 1 ;
    } // group UnitBlock_511

  group: UnitBlock_512 {
    variables:
    	double InitialPower ;
    	double MaxPower(TimeHorizon) ;
    	double MinPower(TimeHorizon) ;
    	double StartUpCost ;
    	double LinearTerm ;
    	double MinUpTime ;
    	double MinDownTime ;
    	double InitUpDownTime ;
    	double InertiaCommitment ;

    // group attributes:
    		:type = "ThermalUnitBlock" ;
    data:

     InitialPower = 36 ;

     MaxPower = 180 ;

     MinPower = 36 ;

     StartUpCost = 0 ;

     LinearTerm = 1 ;

     MinUpTime = 1 ;

     MinDownTime = 1 ;

     InitUpDownTime = 1 ;

     InertiaCommitment = 1 ;
    } // group UnitBlock_512

  group: UnitBlock_513 {
    variables:
    	double InitialPower ;
    	double MaxPower(TimeHorizon) ;
    	double MinPower(TimeHorizon) ;
    	double StartUpCost ;
    	double LinearTerm ;
    	double MinUpTime ;
    	double MinDownTime ;
    	double InitUpDownTime ;
    	double InertiaCommitment ;

    // group attributes:
    		:type = "ThermalUnitBlock" ;
    data:

     InitialPower = 36 ;

     MaxPower = 180 ;

     MinPower = 36 ;

     StartUpCost = 0 ;

     LinearTerm = 1 ;

     MinUpTime = 1 ;

     MinDownTime = 1 ;

     InitUpDownTime = 1 ;

     InertiaCommitment = 1 ;
    } // group UnitBlock_513

  group: UnitBlock_514 {
    variables:
    	double InitialPower ;
    	double MaxPower(TimeHorizon) ;
    	double MinPower(TimeHorizon) ;
    	double StartUpCost ;
    	double LinearTerm ;
    	double MinUpTime ;
    	double MinDownTime ;
    	double InitUpDownTime ;
    	double InertiaCommitment ;

    // group attributes:
    		:type = "ThermalUnitBlock" ;
    data:

     InitialPower = 36 ;

     MaxPower = 180 ;

     MinPower = 36 ;

     StartUpCost = 0 ;

     LinearTerm = 1 ;

     MinUpTime = 1 ;

     MinDownTime = 1 ;

     InitUpDownTime = 1 ;

     InertiaCommitment = 1 ;
    } // group UnitBlock_514

  group: UnitBlock_515 {
    variables:
    	double InitialPower ;
    	double MaxPower(TimeHorizon) ;
    	double MinPower(TimeHorizon) ;
    	double StartUpCost ;
    	double LinearTerm ;
    	double MinUpTime ;
    	double MinDownTime ;
    	double InitUpDownTime ;
    	double InertiaCommitment ;

    // group attributes:
    		:type = "ThermalUnitBlock" ;
    data:

     InitialPower = 42 ;

     MaxPower = 44 ;

     MinPower = 8.8 ;

     StartUpCost = 0 ;

     LinearTerm = 1 ;

     MinUpTime = 1 ;

     MinDownTime = 1 ;

     InitUpDownTime = 1 ;

     InertiaCommitment = 1 ;
    } // group UnitBlock_515

  group: UnitBlock_516 {
    variables:
    	double InitialPower ;
    	double MaxPower(TimeHorizon) ;
    	double MinPower(TimeHorizon) ;
    	double StartUpCost ;
    	double LinearTerm ;
    	double MinUpTime ;
    	double MinDownTime ;
    	double InitUpDownTime ;
    	double InertiaCommitment ;

    // group attributes:
    		:type = "ThermalUnitBlock" ;
    data:

     InitialPower = 7.6 ;

     MaxPower = 38 ;

     MinPower = 7.6 ;

     StartUpCost = 0 ;

     LinearTerm = 1 ;

     MinUpTime = 1 ;

     MinDownTime = 1 ;

     InitUpDownTime = 1 ;

     InertiaCommitment = 1 ;
    } // group UnitBlock_516

  group: UnitBlock_517 {
    variables:
    	double InitialPower ;
    	double MaxPower(TimeHorizon) ;
    	double MinPower(TimeHorizon) ;
    	double StartUpCost ;
    	double LinearTerm ;
    	double MinUpTime ;
    	double MinDownTime ;
    	double InitUpDownTime ;
    	double InertiaCommitment ;

    // group attributes:
    		:type = "ThermalUnitBlock" ;
    data:

     InitialPower = 22.26 ;

     MaxPower = 33 ;

     MinPower = 6.6 ;

     StartUpCost = 0 ;

     LinearTerm = 1 ;

     MinUpTime = 1 ;

     MinDownTime = 1 ;

     InitUpDownTime = 1 ;

     InertiaCommitment = 1 ;
    } // group UnitBlock_517

  group: UnitBlock_518 {
    variables:
    	double InitialPower ;
    	double MaxPower(TimeHorizon) ;
    	double MinPower(TimeHorizon) ;
    	double StartUpCost ;
    	double LinearTerm ;
    	double MinUpTime ;
    	double MinDownTime ;
    	double InitUpDownTime ;
    	double InertiaCommitment ;

    // group attributes:
    		:type = "ThermalUnitBlock" ;
    data:

     InitialPower = 124.98 ;

     MaxPower = 130 ;

     MinPower = 26 ;

     StartUpCost = 0 ;

     LinearTerm = 1 ;

     MinUpTime = 1 ;

     MinDownTime = 1 ;

     InitUpDownTime = 1 ;

     InertiaCommitment = 1 ;
    } // group UnitBlock_518

  group: UnitBlock_519 {
    variables:
    	double InitialPower ;
    	double MaxPower(TimeHorizon) ;
    	double MinPower(TimeHorizon) ;
    	double StartUpCost ;
    	double LinearTerm ;
    	double MinUpTime ;
    	double MinDownTime ;
    	double InitUpDownTime ;
    	double InertiaCommitment ;

    // group attributes:
    		:type = "ThermalUnitBlock" ;
    data:

     InitialPower = 1282 ;

     MaxPower = 1332 ;

     MinPower = 282 ;

     StartUpCost = 0 ;

     LinearTerm = 1 ;

     MinUpTime = 1 ;

     MinDownTime = 1 ;

     InitUpDownTime = 1 ;

     InertiaCommitment = 1 ;
    } // group UnitBlock_519

  group: UnitBlock_520 {
    variables:
    	double InitialPower ;
    	double MaxPower(TimeHorizon) ;
    	double MinPower(TimeHorizon) ;
    	double StartUpCost ;
    	double LinearTerm ;
    	double MinUpTime ;
    	double MinDownTime ;
    	double InitUpDownTime ;
    	double InertiaCommitment ;

    // group attributes:
    		:type = "ThermalUnitBlock" ;
    data:

     InitialPower = 762.53 ;

     MaxPower = 1332 ;

     MinPower = 282 ;

     StartUpCost = 0 ;

     LinearTerm = 1 ;

     MinUpTime = 1 ;

     MinDownTime = 1 ;

     InitUpDownTime = 1 ;

     InertiaCommitment = 1 ;
    } // group UnitBlock_520

  group: UnitBlock_521 {
    variables:
    	double InitialPower ;
    	double MaxPower(TimeHorizon) ;
    	double MinPower(TimeHorizon) ;
    	double StartUpCost ;
    	double LinearTerm ;
    	double MinUpTime ;
    	double MinDownTime ;
    	double InitUpDownTime ;
    	double InertiaCommitment ;

    // group attributes:
    		:type = "ThermalUnitBlock" ;
    data:

     InitialPower = 0 ;

     MaxPower = 285 ;

     MinPower = 150 ;

     StartUpCost = 0 ;

     LinearTerm = 1 ;

     MinUpTime = 1 ;

     MinDownTime = 1 ;

     InitUpDownTime = 1 ;

     InertiaCommitment = 1 ;
    } // group UnitBlock_521

  group: UnitBlock_522 {
    variables:
    	double InitialPower ;
    	double MaxPower(TimeHorizon) ;
    	double MinPower(TimeHorizon) ;
    	double StartUpCost ;
    	double LinearTerm ;
    	double MinUpTime ;
    	double MinDownTime ;
    	double InitUpDownTime ;
    	double InertiaCommitment ;

    // group attributes:
    		:type = "ThermalUnitBlock" ;
    data:

     InitialPower = 225 ;

     MaxPower = 595 ;

     MinPower = 225 ;

     StartUpCost = 0 ;

     LinearTerm = 1 ;

     MinUpTime = 1 ;

     MinDownTime = 1 ;

     InitUpDownTime = 1 ;

     InertiaCommitment = 1 ;
    } // group UnitBlock_522

  group: UnitBlock_523 {
    variables:
    	double InitialPower ;
    	double MaxPower(TimeHorizon) ;
    	double MinPower(TimeHorizon) ;
    	double StartUpCost ;
    	double LinearTerm ;
    	double MinUpTime ;
    	double MinDownTime ;
    	double InitUpDownTime ;
    	double InertiaCommitment ;

    // group attributes:
    		:type = "ThermalUnitBlock" ;
    data:

     InitialPower = 120 ;

     MaxPower = 436 ;

     MinPower = 120 ;

     StartUpCost = 0 ;

     LinearTerm = 1 ;

     MinUpTime = 1 ;

     MinDownTime = 1 ;

     InitUpDownTime = 1 ;

     InertiaCommitment = 1 ;
    } // group UnitBlock_523

  group: UnitBlock_524 {
    variables:
    	double InitialPower ;
    	double MaxPower(TimeHorizon) ;
    	double MinPower(TimeHorizon) ;
    	double StartUpCost ;
    	double LinearTerm ;
    	double MinUpTime ;
    	double MinDownTime ;
    	double InitUpDownTime ;
    	double InertiaCommitment ;

    // group attributes:
    		:type = "ThermalUnitBlock" ;
    data:

     InitialPower = 127 ;

     MaxPower = 443 ;

     MinPower = 127 ;

     StartUpCost = 0 ;

     LinearTerm = 1 ;

     MinUpTime = 1 ;

     MinDownTime = 1 ;

     InitUpDownTime = 1 ;

     InertiaCommitment = 1 ;
    } // group UnitBlock_524

  group: UnitBlock_525 {
    variables:
    	double InitialPower ;
    	double MaxPower(TimeHorizon) ;
    	double MinPower(TimeHorizon) ;
    	double StartUpCost ;
    	double LinearTerm ;
    	double MinUpTime ;
    	double MinDownTime ;
    	double InitUpDownTime ;
    	double InertiaCommitment ;

    // group attributes:
    		:type = "ThermalUnitBlock" ;
    data:

     InitialPower = 9.8 ;

     MaxPower = 49 ;

     MinPower = 9.8 ;

     StartUpCost = 0 ;

     LinearTerm = 1 ;

     MinUpTime = 1 ;

     MinDownTime = 1 ;

     InitUpDownTime = 1 ;

     InertiaCommitment = 1 ;
    } // group UnitBlock_525

  group: UnitBlock_526 {
    variables:
    	double InitialPower ;
    	double MaxPower(TimeHorizon) ;
    	double MinPower(TimeHorizon) ;
    	double StartUpCost ;
    	double LinearTerm ;
    	double MinUpTime ;
    	double MinDownTime ;
    	double InitUpDownTime ;
    	double InertiaCommitment ;

    // group attributes:
    		:type = "ThermalUnitBlock" ;
    data:

     InitialPower = 12.57 ;

     MaxPower = 30 ;

     MinPower = 6 ;

     StartUpCost = 0 ;

     LinearTerm = 1 ;

     MinUpTime = 1 ;

     MinDownTime = 1 ;

     InitUpDownTime = 1 ;

     InertiaCommitment = 1 ;
    } // group UnitBlock_526

  group: UnitBlock_527 {
    variables:
    	double InitialPower ;
    	double MaxPower(TimeHorizon) ;
    	double MinPower(TimeHorizon) ;
    	double StartUpCost ;
    	double LinearTerm ;
    	double MinUpTime ;
    	double MinDownTime ;
    	double InitUpDownTime ;
    	double InertiaCommitment ;

    // group attributes:
    		:type = "ThermalUnitBlock" ;
    data:

     InitialPower = 770.79 ;

     MaxPower = 950.09 ;

     MinPower = 230.09 ;

     StartUpCost = 0 ;

     LinearTerm = 1 ;

     MinUpTime = 1 ;

     MinDownTime = 1 ;

     InitUpDownTime = 1 ;

     InertiaCommitment = 1 ;
    } // group UnitBlock_527

  group: UnitBlock_528 {
    variables:
    	double InitialPower ;
    	double MaxPower(TimeHorizon) ;
    	double MinPower(TimeHorizon) ;
    	double StartUpCost ;
    	double LinearTerm ;
    	double MinUpTime ;
    	double MinDownTime ;
    	double InitUpDownTime ;
    	double InertiaCommitment ;

    // group attributes:
    		:type = "ThermalUnitBlock" ;
    data:

     InitialPower = 233.1 ;

     MaxPower = 953.09 ;

     MinPower = 233.09 ;

     StartUpCost = 0 ;

     LinearTerm = 1 ;

     MinUpTime = 1 ;

     MinDownTime = 1 ;

     InitUpDownTime = 1 ;

     InertiaCommitment = 1 ;
    } // group UnitBlock_528

  group: UnitBlock_529 {
    variables:
    	double InitialPower ;
    	double MaxPower(TimeHorizon) ;
    	double MinPower(TimeHorizon) ;
    	double StartUpCost ;
    	double LinearTerm ;
    	double MinUpTime ;
    	double MinDownTime ;
    	double InitUpDownTime ;
    	double InertiaCommitment ;

    // group attributes:
    		:type = "ThermalUnitBlock" ;
    data:

     InitialPower = 47 ;

     MaxPower = 49 ;

     MinPower = 9.8 ;

     StartUpCost = 0 ;

     LinearTerm = 1 ;

     MinUpTime = 1 ;

     MinDownTime = 1 ;

     InitUpDownTime = 1 ;

     InertiaCommitment = 1 ;
    } // group UnitBlock_529

  group: UnitBlock_530 {
    variables:
    	double InitialPower ;
    	double MaxPower(TimeHorizon) ;
    	double MinPower(TimeHorizon) ;
    	double StartUpCost ;
    	double LinearTerm ;
    	double MinUpTime ;
    	double MinDownTime ;
    	double InitUpDownTime ;
    	double InertiaCommitment ;

    // group attributes:
    		:type = "ThermalUnitBlock" ;
    data:

     InitialPower = 47 ;

     MaxPower = 49 ;

     MinPower = 9.8 ;

     StartUpCost = 0 ;

     LinearTerm = 1 ;

     MinUpTime = 1 ;

     MinDownTime = 1 ;

     InitUpDownTime = 1 ;

     InertiaCommitment = 1 ;
    } // group UnitBlock_530

  group: UnitBlock_531 {
    variables:
    	double InitialPower ;
    	double MaxPower(TimeHorizon) ;
    	double MinPower(TimeHorizon) ;
    	double StartUpCost ;
    	double LinearTerm ;
    	double MinUpTime ;
    	double MinDownTime ;
    	double InitUpDownTime ;
    	double InertiaCommitment ;

    // group attributes:
    		:type = "ThermalUnitBlock" ;
    data:

     InitialPower = 11.2 ;

     MaxPower = 56 ;

     MinPower = 11.2 ;

     StartUpCost = 0 ;

     LinearTerm = 1 ;

     MinUpTime = 1 ;

     MinDownTime = 1 ;

     InitUpDownTime = 1 ;

     InertiaCommitment = 1 ;
    } // group UnitBlock_531

  group: UnitBlock_532 {
    variables:
    	double InitialPower ;
    	double MaxPower(TimeHorizon) ;
    	double MinPower(TimeHorizon) ;
    	double StartUpCost ;
    	double LinearTerm ;
    	double MinUpTime ;
    	double MinDownTime ;
    	double InitUpDownTime ;
    	double InertiaCommitment ;

    // group attributes:
    		:type = "ThermalUnitBlock" ;
    data:

     InitialPower = 32.2 ;

     MaxPower = 161 ;

     MinPower = 32.2 ;

     StartUpCost = 0 ;

     LinearTerm = 1 ;

     MinUpTime = 1 ;

     MinDownTime = 1 ;

     InitUpDownTime = 1 ;

     InertiaCommitment = 1 ;
    } // group UnitBlock_532

  group: UnitBlock_533 {
    variables:
    	double InitialPower ;
    	double MaxPower(TimeHorizon) ;
    	double MinPower(TimeHorizon) ;
    	double StartUpCost ;
    	double LinearTerm ;
    	double MinUpTime ;
    	double MinDownTime ;
    	double InitUpDownTime ;
    	double InertiaCommitment ;

    // group attributes:
    		:type = "ThermalUnitBlock" ;
    data:

     InitialPower = 32.2 ;

     MaxPower = 161 ;

     MinPower = 32.2 ;

     StartUpCost = 0 ;

     LinearTerm = 1 ;

     MinUpTime = 1 ;

     MinDownTime = 1 ;

     InitUpDownTime = 1 ;

     InertiaCommitment = 1 ;
    } // group UnitBlock_533

  group: UnitBlock_534 {
    variables:
    	double InitialPower ;
    	double MaxPower(TimeHorizon) ;
    	double MinPower(TimeHorizon) ;
    	double StartUpCost ;
    	double LinearTerm ;
    	double MinUpTime ;
    	double MinDownTime ;
    	double InitUpDownTime ;
    	double InertiaCommitment ;

    // group attributes:
    		:type = "ThermalUnitBlock" ;
    data:

     InitialPower = 32.2 ;

     MaxPower = 161 ;

     MinPower = 32.2 ;

     StartUpCost = 0 ;

     LinearTerm = 1 ;

     MinUpTime = 1 ;

     MinDownTime = 1 ;

     InitUpDownTime = 1 ;

     InertiaCommitment = 1 ;
    } // group UnitBlock_534

  group: UnitBlock_535 {
    variables:
    	double InitialPower ;
    	double MaxPower(TimeHorizon) ;
    	double MinPower(TimeHorizon) ;
    	double StartUpCost ;
    	double LinearTerm ;
    	double MinUpTime ;
    	double MinDownTime ;
    	double InitUpDownTime ;
    	double InertiaCommitment ;

    // group attributes:
    		:type = "ThermalUnitBlock" ;
    data:

     InitialPower = 32.2 ;

     MaxPower = 161 ;

     MinPower = 32.2 ;

     StartUpCost = 0 ;

     LinearTerm = 1 ;

     MinUpTime = 1 ;

     MinDownTime = 1 ;

     InitUpDownTime = 1 ;

     InertiaCommitment = 1 ;
    } // group UnitBlock_535

  group: UnitBlock_536 {
    variables:
    	double InitialPower ;
    	double MaxPower(TimeHorizon) ;
    	double MinPower(TimeHorizon) ;
    	double StartUpCost ;
    	double LinearTerm ;
    	double MinUpTime ;
    	double MinDownTime ;
    	double InitUpDownTime ;
    	double InertiaCommitment ;

    // group attributes:
    		:type = "ThermalUnitBlock" ;
    data:

     InitialPower = 685.69 ;

     MaxPower = 985 ;

     MinPower = 275 ;

     StartUpCost = 0 ;

     LinearTerm = 1 ;

     MinUpTime = 1 ;

     MinDownTime = 1 ;

     InitUpDownTime = 1 ;

     InertiaCommitment = 1 ;
    } // group UnitBlock_536

  group: UnitBlock_537 {
    variables:
    	double InitialPower ;
    	double MaxPower(TimeHorizon) ;
    	double MinPower(TimeHorizon) ;
    	double StartUpCost ;
    	double LinearTerm ;
    	double MinUpTime ;
    	double MinDownTime ;
    	double InitUpDownTime ;
    	double InertiaCommitment ;

    // group attributes:
    		:type = "ThermalUnitBlock" ;
    data:

     InitialPower = 738.41 ;

     MaxPower = 985 ;

     MinPower = 275 ;

     StartUpCost = 0 ;

     LinearTerm = 1 ;

     MinUpTime = 1 ;

     MinDownTime = 1 ;

     InitUpDownTime = 1 ;

     InertiaCommitment = 1 ;
    } // group UnitBlock_537

  group: UnitBlock_538 {
    variables:
    	double InitialPower ;
    	double MaxPower(TimeHorizon) ;
    	double MinPower(TimeHorizon) ;
    	double StartUpCost ;
    	double LinearTerm ;
    	double MinUpTime ;
    	double MinDownTime ;
    	double InitUpDownTime ;
    	double InertiaCommitment ;

    // group attributes:
    		:type = "ThermalUnitBlock" ;
    data:

     InitialPower = 744.56 ;

     MaxPower = 985 ;

     MinPower = 275 ;

     StartUpCost = 0 ;

     LinearTerm = 1 ;

     MinUpTime = 1 ;

     MinDownTime = 1 ;

     InitUpDownTime = 1 ;

     InertiaCommitment = 1 ;
    } // group UnitBlock_538

  group: UnitBlock_539 {
    variables:
    	double InitialPower ;
    	double MaxPower(TimeHorizon) ;
    	double MinPower(TimeHorizon) ;
    	double StartUpCost ;
    	double LinearTerm ;
    	double MinUpTime ;
    	double MinDownTime ;
    	double InitUpDownTime ;
    	double InertiaCommitment ;

    // group attributes:
    		:type = "ThermalUnitBlock" ;
    data:

     InitialPower = 607.5 ;

     MaxPower = 985 ;

     MinPower = 275 ;

     StartUpCost = 0 ;

     LinearTerm = 1 ;

     MinUpTime = 1 ;

     MinDownTime = 1 ;

     InitUpDownTime = 1 ;

     InertiaCommitment = 1 ;
    } // group UnitBlock_539

  group: UnitBlock_540 {
    variables:
    	double InitialPower ;
    	double MaxPower(TimeHorizon) ;
    	double MinPower(TimeHorizon) ;
    	double StartUpCost ;
    	double LinearTerm ;
    	double MinUpTime ;
    	double MinDownTime ;
    	double InitUpDownTime ;
    	double InertiaCommitment ;

    // group attributes:
    		:type = "ThermalUnitBlock" ;
    data:

     InitialPower = 72 ;

     MaxPower = 185 ;

     MinPower = 72 ;

     StartUpCost = 0 ;

     LinearTerm = 1 ;

     MinUpTime = 1 ;

     MinDownTime = 1 ;

     InitUpDownTime = 1 ;

     InertiaCommitment = 1 ;
    } // group UnitBlock_540

  group: UnitBlock_541 {
    variables:
    	double InitialPower ;
    	double MaxPower(TimeHorizon) ;
    	double MinPower(TimeHorizon) ;
    	double StartUpCost ;
    	double LinearTerm ;
    	double MinUpTime ;
    	double MinDownTime ;
    	double InitUpDownTime ;
    	double InertiaCommitment ;

    // group attributes:
    		:type = "ThermalUnitBlock" ;
    data:

     InitialPower = 72 ;

     MaxPower = 185 ;

     MinPower = 72 ;

     StartUpCost = 0 ;

     LinearTerm = 1 ;

     MinUpTime = 1 ;

     MinDownTime = 1 ;

     InitUpDownTime = 1 ;

     InertiaCommitment = 1 ;
    } // group UnitBlock_541

  group: UnitBlock_542 {
    variables:
    	double InitialPower ;
    	double MaxPower(TimeHorizon) ;
    	double MinPower(TimeHorizon) ;
    	double StartUpCost ;
    	double LinearTerm ;
    	double MinUpTime ;
    	double MinDownTime ;
    	double InitUpDownTime ;
    	double InertiaCommitment ;

    // group attributes:
    		:type = "ThermalUnitBlock" ;
    data:

     InitialPower = 72 ;

     MaxPower = 185 ;

     MinPower = 72 ;

     StartUpCost = 0 ;

     LinearTerm = 1 ;

     MinUpTime = 1 ;

     MinDownTime = 1 ;

     InitUpDownTime = 1 ;

     InertiaCommitment = 1 ;
    } // group UnitBlock_542

  group: UnitBlock_543 {
    variables:
    	double InitialPower ;
    	double MaxPower(TimeHorizon) ;
    	double MinPower(TimeHorizon) ;
    	double StartUpCost ;
    	double LinearTerm ;
    	double MinUpTime ;
    	double MinDownTime ;
    	double InitUpDownTime ;
    	double InertiaCommitment ;

    // group attributes:
    		:type = "ThermalUnitBlock" ;
    data:

     InitialPower = 120 ;

     MaxPower = 250 ;

     MinPower = 120 ;

     StartUpCost = 0 ;

     LinearTerm = 1 ;

     MinUpTime = 1 ;

     MinDownTime = 1 ;

     InitUpDownTime = 1 ;

     InertiaCommitment = 1 ;
    } // group UnitBlock_543

  group: UnitBlock_544 {
    variables:
    	double InitialPower ;
    	double MaxPower(TimeHorizon) ;
    	double MinPower(TimeHorizon) ;
    	double StartUpCost ;
    	double LinearTerm ;
    	double MinUpTime ;
    	double MinDownTime ;
    	double InitUpDownTime ;
    	double InertiaCommitment ;

    // group attributes:
    		:type = "ThermalUnitBlock" ;
    data:

     InitialPower = 138 ;

     MaxPower = 268 ;

     MinPower = 138 ;

     StartUpCost = 0 ;

     LinearTerm = 1 ;

     MinUpTime = 1 ;

     MinDownTime = 1 ;

     InitUpDownTime = 1 ;

     InertiaCommitment = 1 ;
    } // group UnitBlock_544

  group: UnitBlock_545 {
    variables:
    	double InitialPower ;
    	double MaxPower(TimeHorizon) ;
    	double MinPower(TimeHorizon) ;
    	double StartUpCost ;
    	double LinearTerm ;
    	double MinUpTime ;
    	double MinDownTime ;
    	double InitUpDownTime ;
    	double InertiaCommitment ;

    // group attributes:
    		:type = "ThermalUnitBlock" ;
    data:

     InitialPower = 130 ;

     MaxPower = 136 ;

     MinPower = 27.2 ;

     StartUpCost = 0 ;

     LinearTerm = 1 ;

     MinUpTime = 1 ;

     MinDownTime = 1 ;

     InitUpDownTime = 1 ;

     InertiaCommitment = 1 ;
    } // group UnitBlock_545

  group: UnitBlock_546 {
    variables:
    	double InitialPower ;
    	double MaxPower(TimeHorizon) ;
    	double MinPower(TimeHorizon) ;
    	double StartUpCost ;
    	double LinearTerm ;
    	double MinUpTime ;
    	double MinDownTime ;
    	double InitUpDownTime ;
    	double InertiaCommitment ;

    // group attributes:
    		:type = "ThermalUnitBlock" ;
    data:

     InitialPower = 123 ;

     MaxPower = 128 ;

     MinPower = 25.6 ;

     StartUpCost = 0 ;

     LinearTerm = 1 ;

     MinUpTime = 1 ;

     MinDownTime = 1 ;

     InitUpDownTime = 1 ;

     InertiaCommitment = 1 ;
    } // group UnitBlock_546

  group: UnitBlock_547 {
    variables:
    	double InitialPower ;
    	double MaxPower(TimeHorizon) ;
    	double MinPower(TimeHorizon) ;
    	double StartUpCost ;
    	double LinearTerm ;
    	double MinUpTime ;
    	double MinDownTime ;
    	double InitUpDownTime ;
    	double InertiaCommitment ;

    // group attributes:
    		:type = "ThermalUnitBlock" ;
    data:

     InitialPower = 0 ;

     MaxPower = 1000 ;

     MinPower = 0 ;

     StartUpCost = 0 ;

     LinearTerm = 1 ;

     MinUpTime = 1 ;

     MinDownTime = 1 ;

     InitUpDownTime = 1 ;

     InertiaCommitment = 1 ;
    } // group UnitBlock_547
  } // group Block_0
}
