   OPTIMISATION HYDRAULIQUE **(( RESULTATS SOUS FORMAT OVIDE ))**  DAT.DEBUT:  0  ITER: 510
   DONNEES POUR LA VALLEE N] 1-AIN      DATE: 22/03/10     8 USINE(S)     7 RESERVOIR(S)
  LAC N] 1- VOUGLR     0.1000E+04      2.690           0.0000
 206190.0000 206190.0000 206190.0000 206190.0000 206190.0000 206190.0000
 206190.0000 206190.0000 206190.0000 206190.0000 206190.0000 206190.0000
 206190.0000 206190.0000 206190.0000 206190.0000 206190.0000 206190.0000
 206190.0000 206190.0000 206190.0000 206190.0000 206190.0000 206190.0000
 206190.0000 206190.0000 206190.0000 206190.0000 206190.0000 206190.0000
 206190.0000 206190.0000 206190.0000 206190.0000 206190.0000 206190.0000
 206190.0000 206190.0000 206190.0000 206190.0000 206190.0000 206190.0000
 206190.0000 206190.0000 206190.0000 206190.0000 206190.0000 206190.0000
 206190.0000 206190.0000 206190.0000 206190.0000 206190.0000 206190.0000
 206190.0000 206190.0000 206190.0000 206190.0000 206190.0000 206190.0000
 206190.0000 206190.0000 206190.0000 206190.0000 206190.0000 206190.0000
 206190.0000 206190.0000 206190.0000 206190.0000 206190.0000 206190.0000
 206190.0000 206190.0000 206190.0000 206190.0000 206190.0000 206190.0000
 206190.0000 206190.0000 206190.0000 206190.0000 206190.0000 206190.0000
 206190.0000 206190.0000 206190.0000 206190.0000 206190.0000 206190.0000
 206190.0000 206190.0000 206190.0000 206190.0000 206190.0000 206190.0000

  LAC N] 2- S.MORR     0.1000E+04      0.000           0.0000
   1011.0001   1011.0001   1011.0001   1011.0001   1011.0001   1011.0001
   1011.0001   1011.0001   1011.0001   1011.0001   1011.0001   1011.0001
   1011.0001   1011.0001   1011.0001   1011.0001   1011.0001   1011.0001
   1011.0001   1011.0001   1011.0001   1011.0001   1011.0001   1011.0001
   1011.0001   1011.0001   1011.0001   1011.0001   1011.0001   1011.0001
   1011.0001   1011.0001   1011.0001   1011.0001   1011.0001   1011.0001
   1011.0001   1011.0001   1011.0001   1011.0001   1011.0001   1011.0001
   1011.0001   1011.0001   1011.0001   1011.0001   1011.0001   1011.0001
   1011.0001   1011.0001   1011.0001   1011.0001   1011.0001   1011.0001
   1011.0001   1011.0001   1011.0001   1011.0001   1011.0001   1011.0001
   1011.0001   1011.0001   1011.0001   1011.0001   1011.0001   1011.0001
   1011.0001   1011.0001   1011.0001   1011.0001   1011.0001   1011.0001
   1011.0001   1011.0001   1011.0001   1011.0001   1011.0001   1011.0001
   1011.0001   1011.0001   1011.0001   1011.0001   1011.0001   1011.0001
   1011.0001   1011.0001   1011.0001   1011.0001   1011.0001   1011.0001
   1011.0001   1011.0001   1011.0001   1011.0001   1011.0001   1011.0001

  LAC N] 3- COISER     0.1000E+04      0.000         786.2000
  34116.2000  34222.4000  34328.6000  34434.8000  34541.0000  34647.2000
  34753.4000  34859.6000  34965.8000  35072.0000  35178.2000  35284.4000
  35268.2000  35252.0000  35235.8000  35219.6000  35203.4000  35187.2000
  34933.2760  34688.4760  34672.2760  34656.0760  34411.2760  34142.9840
  34126.7840  34110.5840  34216.7840  34322.9840  34429.1840  34535.3840
  34641.5840  34747.7840  34853.9840  34960.1840  34943.9840  34927.7840
  34911.5840  34895.3840  34627.0920  34358.8000  34342.6000  34326.4000
  34432.6000  34538.8000  34402.0000  34265.2000  34371.4000  34477.6000
  34547.8000  34618.0000  34688.2000  34758.4000  34828.6000  34898.8000
  34969.0000  35039.2000  35109.4000  35179.6000  35127.4000  35075.2000
  35145.4000  35215.6000  35163.4000  35111.2000  35059.0000  35006.8000
  34834.0000  34661.2000  34488.4000  34436.2000  34384.0000  34331.8000
  34279.6000  34227.4000  34175.2000  34123.0000  34193.2000  34263.4000
  34333.6000  34403.8000  34474.0000  34544.2000  34614.4000  34684.6000
  34754.8000  34825.0000  34772.8000  34720.6000  34790.8000  34861.0000
  34931.2000  35001.4000  35071.6000  34898.8000  34726.0000  34796.2000

  LAC N] 4- BOLOZR     0.1000E+04      0.000         619.6000
  12486.4000  12491.8000  12497.2000  12502.6000  12508.0000  12513.4000
  12518.8000  12524.2000  12529.6000  12535.0000  12540.4000  12545.8000
  12673.6000  12693.4000  12603.4000  12513.4000  12533.2000  12553.0000
  12624.9240  12763.5240  12783.3240  12803.1240  12941.7240  13103.8160
  13123.6160  13143.4160  13040.8160  12938.2160  12835.6160  12733.0160
  12630.4160  12527.8160  12425.2160  12322.6160  12342.4160  12362.2160
  12382.0160  12401.8160  12556.8920  12718.9840  12738.7840  12758.5840
  12655.9840  12553.3840  12693.7840  12724.3840  12511.9840  12409.3840
  12306.7840  12312.1840  12317.5840  12322.9840  12328.3840  12333.7840
  12339.1840  12344.5840  12349.9840  12247.3840  12267.1840  12394.9840
  12400.3840  12405.7840  12315.7840  12225.7840  12353.5840  12481.3840
  12621.7840  12762.1840  12902.5840  12922.3840  12832.3840  12742.3840
  12762.1840  12889.9840  13017.7840  13145.5840  13150.9840  13156.3840
  13161.7840  13167.1840  13172.5840  13177.9840  13183.3840  13188.7840
  13194.1840  13199.5840  13097.0000  13007.0000  13012.4000  13017.8000
  13023.2000  13028.6000  12816.2000  12846.8000  13095.2000  13100.6000

  LAC N] 5- MOUX R     0.1000E+04      2.690         518.4000
   1328.4000   1333.8000   1339.2000   1344.6000   1350.0000   1355.4000
   1360.8000   1366.2000   1371.6000   1377.0000   1382.4000   1387.8000
   1393.2000   1398.6000   1404.0000   1409.4000   1414.8000   1420.2000
   1425.6000   1431.0000   1436.4000   1441.8000   1447.2000   1452.6000
   1458.0000   1463.4000   1468.8000   1474.2000   1479.6000   1485.0000
   1490.4000   1495.8000   1501.2000   1506.6000   1512.0000   1517.4000
   1522.8000   1528.2000   1533.6000   1539.0000   1544.4000   1549.8000
   1555.2000   1560.6000   1566.0000   1571.4000   1576.8000   1582.2000
   1587.6000   1593.0000   1598.4000   1603.8000   1609.2000   1614.6000
   1620.0000   1625.4000   1630.8000   1636.2000   1641.6000   1647.0000
   1652.4000   1657.8000   1663.2000   1668.6000   1674.0000   1679.4000
   1684.8000   1690.2000   1695.6000   1701.0000   1706.4000   1711.8000
   1717.2000   1722.6000   1728.0000   1733.4000   1738.8000   1744.2000
   1749.6000   1755.0000   1760.4000   1765.8000   1771.2000   1776.6000
   1782.0000   1787.4000   1792.8000   1798.2000   1803.6000   1809.0000
   1814.4000   1819.8000   1825.2000   1830.6000   1836.0000   1841.4000

  LAC N] 6- ALLEMR     0.1000E+04      0.000        -541.8000
  18149.6000  18099.2000  18048.8000  17998.4000  17948.0000  17897.6000
  17847.2000  17796.8000  17746.4000  17696.0000  17645.6000  17595.2000
  17518.7000  17550.2000  17651.0000  17751.8000  17742.8000  17652.8000
  17663.8000  17599.0000  17509.0000  17500.0000  17600.8000  17701.6000
  17692.6000  17683.6000  17674.6000  17665.6000  17723.2000  17780.8000
  17838.4000  17829.4000  17820.4000  17851.9000  17883.4000  17874.4000
  17865.4000  17775.4000  17717.6160  17652.8160  17562.8160  17553.8160
  17611.4160  17669.0160  17726.6160  17827.4160  17928.2160  17985.8160
  18043.4160  17993.0160  17942.6160  17892.2160  17841.8160  17791.4160
  17741.0160  17690.6160  17640.2160  17697.8160  17755.4160  17705.0160
  17654.6160  17604.2160  17723.0160  17841.8160  17791.4160  17741.0160
  17732.0160  17723.0160  17714.0160  17771.6160  17939.0160  18106.4160
  18164.0160  18113.6160  18063.2160  18012.8160  17962.4160  17912.0160
  17861.6160  17811.2160  17760.8160  17710.4160  17660.0160  17609.6160
  17559.2160  17508.8160  17622.2000  17723.0000  17672.6000  17622.2000
  17571.8000  17521.4000  17640.2000  17759.0000  17708.6000  17658.2000

  LAC N] 7- CUSSER     0.1000E+04      0.000           0.0000
      0.0000      0.0000      0.0000      0.0000      0.0000      0.0000
      0.0000      0.0000      0.0000      0.0000      0.0000      0.0000
      0.0000      0.0000      0.0000      0.0000      0.0000      0.0000
      0.0000      0.0000      0.0000      0.0000      0.0000      0.0000
      0.0000      0.0000      0.0000      0.0000      0.0000      0.0000
      0.0000      0.0000      0.0000      0.0000      0.0000      0.0000
      0.0000      0.0000      0.0000      0.0000      0.0000      0.0000
      0.0000      0.0000      0.0000      0.0000      0.0000      0.0000
      0.0000      0.0000      0.0000      0.0000      0.0000      0.0000
      0.0000      0.0000      0.0000      0.0000      0.0000      0.0000
      0.0000      0.0000      0.0000      0.0000      0.0000      0.0000
      0.0000      0.0000      0.0000      0.0000      0.0000      0.0000
      0.0000      0.0000      0.0000      0.0000      0.0000      0.0000
      0.0000      0.0000      0.0000      0.0000      0.0000      0.0000
      0.0000      0.0000      0.0000      0.0000      0.0000      0.0000
      0.0000      0.0000      0.0000      0.0000      0.0000      0.0000

  USINE N] 1- VOUGLH    1   2           0.0000
      0.0000      0.0000      0.0000      0.0000      0.0000      0.0000
      0.0000      0.0000      0.0000      0.0000      0.0000      0.0000
      0.0000      0.0000      0.0000      0.0000      0.0000      0.0000
      0.0000      0.0000      0.0000      0.0000      0.0000      0.0000
      0.0000      0.0000      0.0000      0.0000      0.0000      0.0000
      0.0000      0.0000      0.0000      0.0000      0.0000      0.0000
      0.0000      0.0000      0.0000      0.0000      0.0000      0.0000
      0.0000      0.0000      0.0000      0.0000      0.0000      0.0000
      0.0000      0.0000      0.0000      0.0000      0.0000      0.0000
      0.0000      0.0000      0.0000      0.0000      0.0000      0.0000
      0.0000      0.0000      0.0000      0.0000      0.0000      0.0000
      0.0000      0.0000      0.0000      0.0000      0.0000      0.0000
      0.0000      0.0000      0.0000      0.0000      0.0000      0.0000
      0.0000      0.0000      0.0000      0.0000      0.0000      0.0000
      0.0000      0.0000      0.0000      0.0000      0.0000      0.0000
      0.0000      0.0000      0.0000      0.0000      0.0000      0.0000

      0.0000      0.0000      0.0000      0.0000      0.0000      0.0000
      0.0000      0.0000      0.0000      0.0000      0.0000      0.0000
      0.0000      0.0000      0.0000      0.0000      0.0000      0.0000
      0.0000      0.0000      0.0000      0.0000      0.0000      0.0000
      0.0000      0.0000      0.0000      0.0000      0.0000      0.0000
      0.0000      0.0000      0.0000      0.0000      0.0000      0.0000
      0.0000      0.0000      0.0000      0.0000      0.0000      0.0000
      0.0000      0.0000      0.0000      0.0000      0.0000      0.0000
      0.0000      0.0000      0.0000      0.0000      0.0000      0.0000
      0.0000      0.0000      0.0000      0.0000      0.0000      0.0000
      0.0000      0.0000      0.0000      0.0000      0.0000      0.0000
      0.0000      0.0000      0.0000      0.0000      0.0000      0.0000
      0.0000      0.0000      0.0000      0.0000      0.0000      0.0000
      0.0000      0.0000      0.0000      0.0000      0.0000      0.0000
      0.0000      0.0000      0.0000      0.0000      0.0000      0.0000
      0.0000      0.0000      0.0000      0.0000      0.0000      0.0000

  USINE N] 2- VOUGLP    2   1           0.0000
      0.0000      0.0000      0.0000      0.0000      0.0000      0.0000
      0.0000      0.0000      0.0000      0.0000      0.0000      0.0000
      0.0000      0.0000      0.0000      0.0000      0.0000      0.0000
      0.0000      0.0000      0.0000      0.0000      0.0000      0.0000
      0.0000      0.0000      0.0000      0.0000      0.0000      0.0000
      0.0000      0.0000      0.0000      0.0000      0.0000      0.0000
      0.0000      0.0000      0.0000      0.0000      0.0000      0.0000
      0.0000      0.0000      0.0000      0.0000      0.0000      0.0000
      0.0000      0.0000      0.0000      0.0000      0.0000      0.0000
      0.0000      0.0000      0.0000      0.0000      0.0000      0.0000
      0.0000      0.0000      0.0000      0.0000      0.0000      0.0000
      0.0000      0.0000      0.0000      0.0000      0.0000      0.0000
      0.0000      0.0000      0.0000      0.0000      0.0000      0.0000
      0.0000      0.0000      0.0000      0.0000      0.0000      0.0000
      0.0000      0.0000      0.0000      0.0000      0.0000      0.0000
      0.0000      0.0000      0.0000      0.0000      0.0000      0.0000

      0.0000      0.0000      0.0000      0.0000      0.0000      0.0000
      0.0000      0.0000      0.0000      0.0000      0.0000      0.0000
      0.0000      0.0000      0.0000      0.0000      0.0000      0.0000
      0.0000      0.0000      0.0000      0.0000      0.0000      0.0000
      0.0000      0.0000      0.0000      0.0000      0.0000      0.0000
      0.0000      0.0000      0.0000      0.0000      0.0000      0.0000
      0.0000      0.0000      0.0000      0.0000      0.0000      0.0000
      0.0000      0.0000      0.0000      0.0000      0.0000      0.0000
      0.0000      0.0000      0.0000      0.0000      0.0000      0.0000
      0.0000      0.0000      0.0000      0.0000      0.0000      0.0000
      0.0000      0.0000      0.0000      0.0000      0.0000      0.0000
      0.0000      0.0000      0.0000      0.0000      0.0000      0.0000
      0.0000      0.0000      0.0000      0.0000      0.0000      0.0000
      0.0000      0.0000      0.0000      0.0000      0.0000      0.0000
      0.0000      0.0000      0.0000      0.0000      0.0000      0.0000
      0.0000      0.0000      0.0000      0.0000      0.0000      0.0000

  USINE N] 3- S.MORH    2   3           0.0000
      0.0000      0.0000      0.0000      0.0000      0.0000      0.0000
      0.0000      0.0000      0.0000      0.0000      0.0000      0.0000
      0.0000      0.0000      0.0000      0.0000      0.0000      0.0000
      0.0000      0.0000      0.0000      0.0000      0.0000      0.0000
      0.0000      0.0000      0.0000      0.0000      0.0000      0.0000
      0.0000      0.0000      0.0000      0.0000      0.0000      0.0000
      0.0000      0.0000      0.0000      0.0000      0.0000      0.0000
      0.0000      0.0000      0.0000      0.0000      0.0000      0.0000
      0.0000      0.0000      0.0000      0.0000      0.0000      0.0000
      0.0000      0.0000      0.0000      0.0000      0.0000      0.0000
      0.0000      0.0000      0.0000      0.0000      0.0000      0.0000
      0.0000      0.0000      0.0000      0.0000      0.0000      0.0000
      0.0000      0.0000      0.0000      0.0000      0.0000      0.0000
      0.0000      0.0000      0.0000      0.0000      0.0000      0.0000
      0.0000      0.0000      0.0000      0.0000      0.0000      0.0000
      0.0000      0.0000      0.0000      0.0000      0.0000      0.0000

      0.0000      0.0000      0.0000      0.0000      0.0000      0.0000
      0.0000      0.0000      0.0000      0.0000      0.0000      0.0000
      0.0000      0.0000      0.0000      0.0000      0.0000      0.0000
      0.0000      0.0000      0.0000      0.0000      0.0000      0.0000
      0.0000      0.0000      0.0000      0.0000      0.0000      0.0000
      0.0000      0.0000      0.0000      0.0000      0.0000      0.0000
      0.0000      0.0000      0.0000      0.0000      0.0000      0.0000
      0.0000      0.0000      0.0000      0.0000      0.0000      0.0000
      0.0000      0.0000      0.0000      0.0000      0.0000      0.0000
      0.0000      0.0000      0.0000      0.0000      0.0000      0.0000
      0.0000      0.0000      0.0000      0.0000      0.0000      0.0000
      0.0000      0.0000      0.0000      0.0000      0.0000      0.0000
      0.0000      0.0000      0.0000      0.0000      0.0000      0.0000
      0.0000      0.0000      0.0000      0.0000      0.0000      0.0000
      0.0000      0.0000      0.0000      0.0000      0.0000      0.0000
      0.0000      0.0000      0.0000      0.0000      0.0000      0.0000

  USINE N] 4- COISEH    3   4        7681.0000
      0.0000      0.0000      0.0000      0.0000      0.0000      0.0000
      0.0000      0.0000      0.0000      0.0000      0.0000      0.0000
     68.0000     68.0000     68.0000     68.0000     68.0000     68.0000
    200.0689    195.0000     68.0000     68.0000    195.0000    208.0511
     68.0000     68.0000      0.0000      0.0000      0.0000      0.0000
      0.0000      0.0000      0.0000      0.0000     68.0000     68.0000
     68.0000     68.0000    208.0511    208.0511     68.0000     68.0000
      0.0000      0.0000    135.0000    135.0000      0.0000      0.0000
      0.0000      0.0000      0.0000      0.0000      0.0000      0.0000
      0.0000      0.0000      0.0000      0.0000     68.0000     68.0000
      0.0000      0.0000     68.0000     68.0000     68.0000     68.0000
    135.0000    135.0000    135.0000     68.0000     68.0000     68.0000
     68.0000     68.0000     68.0000     68.0000      0.0000      0.0000
      0.0000      0.0000      0.0000      0.0000      0.0000      0.0000
      0.0000      0.0000     68.0000     68.0000      0.0000      0.0000
      0.0000      0.0000      0.0000    135.0000    135.0000      0.0000

      0.0000      0.0000      0.0000      0.0000      0.0000      0.0000
      0.0000      0.0000      0.0000      0.0000      0.0000      0.0000
      6.0000      6.0000      6.0000      6.0000      6.0000      6.0000
     16.5000     16.5000      6.0000      6.0000     16.5000     16.5000
      6.0000      6.0000      0.0000      0.0000      0.0000      0.0000
      0.0000      0.0000      0.0000      0.0000      6.0000      6.0000
      6.0000      6.0000     16.5000     16.5000      6.0000      6.0000
      0.0000      0.0000     11.5000     11.5000      0.0000      0.0000
      0.0000      0.0000      0.0000      0.0000      0.0000      0.0000
      0.0000      0.0000      0.0000      0.0000      6.0000      6.0000
      0.0000      0.0000      6.0000      6.0000      6.0000      6.0000
     11.5000     11.5000     11.5000      6.0000      6.0000      6.0000
      6.0000      6.0000      6.0000      6.0000      0.0000      0.0000
      0.0000      0.0000      0.0000      0.0000      0.0000      0.0000
      0.0000      0.0000      6.0000      6.0000      0.0000      0.0000
      0.0000      0.0000      0.0000     11.5000     11.5000      0.0000

  USINE N] 5- MOUX H    5   4           0.0000
      0.0000      0.0000      0.0000      0.0000      0.0000      0.0000
      0.0000      0.0000      0.0000      0.0000      0.0000      0.0000
      0.0000      0.0000      0.0000      0.0000      0.0000      0.0000
      0.0000      0.0000      0.0000      0.0000      0.0000      0.0000
      0.0000      0.0000      0.0000      0.0000      0.0000      0.0000
      0.0000      0.0000      0.0000      0.0000      0.0000      0.0000
      0.0000      0.0000      0.0000      0.0000      0.0000      0.0000
      0.0000      0.0000      0.0000      0.0000      0.0000      0.0000
      0.0000      0.0000      0.0000      0.0000      0.0000      0.0000
      0.0000      0.0000      0.0000      0.0000      0.0000      0.0000
      0.0000      0.0000      0.0000      0.0000      0.0000      0.0000
      0.0000      0.0000      0.0000      0.0000      0.0000      0.0000
      0.0000      0.0000      0.0000      0.0000      0.0000      0.0000
      0.0000      0.0000      0.0000      0.0000      0.0000      0.0000
      0.0000      0.0000      0.0000      0.0000      0.0000      0.0000
      0.0000      0.0000      0.0000      0.0000      0.0000      0.0000

      0.0000      0.0000      0.0000      0.0000      0.0000      0.0000
      0.0000      0.0000      0.0000      0.0000      0.0000      0.0000
      0.0000      0.0000      0.0000      0.0000      0.0000      0.0000
      0.0000      0.0000      0.0000      0.0000      0.0000      0.0000
      0.0000      0.0000      0.0000      0.0000      0.0000      0.0000
      0.0000      0.0000      0.0000      0.0000      0.0000      0.0000
      0.0000      0.0000      0.0000      0.0000      0.0000      0.0000
      0.0000      0.0000      0.0000      0.0000      0.0000      0.0000
      0.0000      0.0000      0.0000      0.0000      0.0000      0.0000
      0.0000      0.0000      0.0000      0.0000      0.0000      0.0000
      0.0000      0.0000      0.0000      0.0000      0.0000      0.0000
      0.0000      0.0000      0.0000      0.0000      0.0000      0.0000
      0.0000      0.0000      0.0000      0.0000      0.0000      0.0000
      0.0000      0.0000      0.0000      0.0000      0.0000      0.0000
      0.0000      0.0000      0.0000      0.0000      0.0000      0.0000
      0.0000      0.0000      0.0000      0.0000      0.0000      0.0000

  USINE N] 6- BOLOZH    4   6        7579.8000
      0.0000      0.0000      0.0000      0.0000      0.0000      0.0000
      0.0000      0.0000      0.0000      0.0000      0.0000      0.0000
      0.0000     60.0000    121.0000    121.0000     60.0000     60.0000
    163.1111    121.0000     60.0000     60.0000    121.0000    121.0000
     60.0000     60.0000     60.0000     60.0000     60.0000     60.0000
     60.0000     60.0000     60.0000     60.0000     60.0000     60.0000
     60.0000     60.0000    124.8978    121.0000     60.0000     60.0000
     60.0000     60.0000     60.0000    121.0000    121.0000     60.0000
     60.0000      0.0000      0.0000      0.0000      0.0000      0.0000
      0.0000      0.0000      0.0000     60.0000     60.0000      0.0000
      0.0000      0.0000    121.0000    121.0000      0.0000      0.0000
     60.0000     60.0000     60.0000     60.0000    121.0000    121.0000
     60.0000      0.0000      0.0000      0.0000      0.0000      0.0000
      0.0000      0.0000      0.0000      0.0000      0.0000      0.0000
      0.0000      0.0000    127.9911    121.0000      0.0000      0.0000
      0.0000      0.0000    121.0000    121.0000      0.0000      0.0000

      0.0000      0.0000      0.0000      0.0000      0.0000      0.0000
      0.0000      0.0000      0.0000      0.0000      0.0000      0.0000
      0.0000      3.5000      7.0000      7.0000      3.5000      3.5000
      7.0000      7.0000      3.5000      3.5000      7.0000      7.0000
      3.5000      3.5000      3.5000      3.5000      3.5000      3.5000
      3.5000      3.5000      3.5000      3.5000      3.5000      3.5000
      3.5000      3.5000      7.0000      7.0000      3.5000      3.5000
      3.5000      3.5000      3.5000      7.0000      7.0000      3.5000
      3.5000      0.0000      0.0000      0.0000      0.0000      0.0000
      0.0000      0.0000      0.0000      3.5000      3.5000      0.0000
      0.0000      0.0000      7.0000      7.0000      0.0000      0.0000
      3.5000      3.5000      3.5000      3.5000      7.0000      7.0000
      3.5000      0.0000      0.0000      0.0000      0.0000      0.0000
      0.0000      0.0000      0.0000      0.0000      0.0000      0.0000
      0.0000      0.0000      7.0000      7.0000      0.0000      0.0000
      0.0000      0.0000      7.0000      7.0000      0.0000      0.0000

  USINE N] 7- ALLEMH    6   7        8121.6000
     28.0000     28.0000     28.0000     28.0000     28.0000     28.0000
     28.0000     28.0000     28.0000     28.0000     28.0000     28.0000
     42.5000     42.5000     65.0000     65.0000     65.0000    110.0000
    157.0000    157.0000    110.0000     65.0000     65.0000     65.0000
     65.0000     65.0000     65.0000     65.0000     28.0000     28.0000
     28.0000     65.0000     65.0000     42.5000     42.5000     65.0000
     65.0000    110.0000    157.0000    157.0000    110.0000     65.0000
     28.0000     28.0000     28.0000     65.0000     65.0000     28.0000
     28.0000     28.0000     28.0000     28.0000     28.0000     28.0000
     28.0000     28.0000     28.0000     28.0000     28.0000     28.0000
     28.0000     28.0000     55.0000     55.0000     28.0000     28.0000
     65.0000     65.0000     65.0000     28.0000     28.0000     28.0000
     28.0000     28.0000     28.0000     28.0000     28.0000     28.0000
     28.0000     28.0000     28.0000     28.0000     28.0000     28.0000
     28.0000     28.0000     65.0000     65.0000     28.0000     28.0000
     28.0000     28.0000     55.0000     55.0000     28.0000     28.0000

      1.8870      1.8870      1.8870      1.8870      1.8870      1.8870
      1.8870      1.8870      1.8870      1.8870      1.8870      1.8870
      3.0000      3.0000      5.0000      5.0000      5.0000      8.0000
     12.0000     12.0000      8.0000      5.0000      5.0000      5.0000
      5.0000      5.0000      5.0000      5.0000      1.8870      1.8870
      1.8870      5.0000      5.0000      3.0000      3.0000      5.0000
      5.0000      8.0000     12.0000     12.0000      8.0000      5.0000
      1.8870      1.8870      1.8870      5.0000      5.0000      1.8870
      1.8870      1.8870      1.8870      1.8870      1.8870      1.8870
      1.8870      1.8870      1.8870      1.8870      1.8870      1.8870
      1.8870      1.8870      4.0000      4.0000      1.8870      1.8870
      5.0000      5.0000      5.0000      1.8870      1.8870      1.8870
      1.8870      1.8870      1.8870      1.8870      1.8870      1.8870
      1.8870      1.8870      1.8870      1.8870      1.8870      1.8870
      1.8870      1.8870      5.0000      5.0000      1.8870      1.8870
      1.8870      1.8870      4.0000      4.0000      1.8870      1.8870

  USINE N] 8- CUSSEH    7   0       97347.6000
    577.0000    577.0000    577.0000    577.0000    577.0000    577.0000
    567.0000    567.0000    567.0000    567.0000    567.0000    567.0000
    567.0000    567.0000    567.0000    567.0000    567.0000    567.0000
    540.0000    540.0000    540.0000    540.0000    540.0000    540.0000
    540.0000    540.0000    540.0000    540.0000    540.0000    540.0000
    554.5000    554.5000    577.0000    577.0000    577.0000    622.0000
    669.0000    669.0000    622.0000    577.0000    577.0000    577.0000
    577.0000    577.0000    577.0000    577.0000    540.0000    540.0000
    540.0000    577.0000    577.0000    554.5000    554.5000    577.0000
    577.0000    622.0000    669.0000    669.0000    622.0000    577.0000
    540.0000    540.0000    540.0000    577.0000    577.0000    540.0000
    540.0000    540.0000    540.0000    540.0000    540.0000    540.0000
    540.0000    540.0000    540.0000    540.0000    540.0000    540.0000
    540.0000    540.0000    567.0000    567.0000    540.0000    540.0000
    577.0000    577.0000    577.0000    540.0000    540.0000    540.0000
    540.0000    540.0000    540.0000    540.0000    540.0000    540.0000

     22.0000      0.0000      0.0000     22.0000     22.0000      0.0000
     22.0000      0.0000      0.0000     22.0000     22.0000     22.0000
     22.0000     22.0000     22.0000     22.0000     22.0000     22.0000
     22.0000     22.0000     22.0000     22.0000     22.0000     22.0000
     22.0000     22.0000     22.0000     22.0000     22.0000     22.0000
     22.0000     22.0000     22.0000     22.0000     22.0000     22.0000
     22.0000     22.0000     22.0000     22.0000     22.0000     22.0000
     22.0000     22.0000      0.0000     22.0000      0.0000      0.0000
     22.0000     22.0000     22.0000     22.0000     22.0000      0.0000
     22.0000     22.0000     22.0000     22.0000     22.0000     22.0000
     22.0000      0.0000     22.0000     22.0000     22.0000     22.0000
     22.0000     22.0000     22.0000     22.0000     22.0000     22.0000
     22.0000     22.0000     22.0000     22.0000     22.0000     22.0000
     22.0000     22.0000     22.0000     22.0000     22.0000     22.0000
     22.0000     22.0000     22.0000     22.0000     22.0000     22.0000
     22.0000      0.0000     22.0000     22.0000     22.0000     22.0000

   DONNEES POUR LA VALLEE N] 2-ARC      DATE: 22/03/10    16 USINE(S)    10 RESERVOIR(S)
  LAC N] 8- P.AVAR     0.1000E+04      0.380         136.6984
   1941.8800   1944.7600   1947.6400   1950.5200   1953.4000   1956.2800
   1959.1600   1962.0400   1964.9200   1967.8000   1970.6800   1973.5600
   1976.4400   1979.3200   1982.2000   1985.0800   1987.9600   1990.8400
   1979.1400   1982.0200   1984.9000   1987.7800   1990.6600   1993.5400
   1996.4200   1999.3000   2002.1800   1998.7664   1987.0664   1989.9464
   1992.8264   1995.7064   1998.5864   2001.4664   2004.3464   2007.2264
   2010.1064   1998.4064   1979.6864   1960.9664   1963.8464   1966.7264
   1969.6064   1972.4864   1975.3664   1978.2464   1981.1264   1984.0064
   1986.8864   1989.7664   1992.6464   1995.5264   1998.4064   2001.2864
   2004.1664   2007.0464   2009.9264   2012.8064   2015.6864   2018.5664
   2021.4464   2024.3264   2027.2064   2030.0864   2023.2464   2016.4064
   2009.5664   2002.7264   1997.9384   2000.8184   2003.6984   2006.5784
   2009.4584   2012.3384   2015.2184   2018.0984   2020.9784   2023.8584
   2026.7384   2029.6184   2032.4984   2035.3784   2038.2584   2041.1384
   2044.0184   2046.8984   2049.7784   2052.6584   2055.5384   2058.4184
   2061.2984   2064.1784   2067.0584   2069.9384   2072.8184   2075.6984

  LAC N] 9- FRENER     0.1000E+04      0.000           0.0000
    100.0000    100.0000    105.4000    100.0000    100.0000    101.6822
    143.6222    100.2422    125.8844    100.0000    100.0000    100.0000
    100.0000    100.0000    100.0000    105.4000    109.0622    100.0000
    100.0000    102.7000    119.9800    158.6800    172.8400    190.1200
    171.4000    130.0000    168.7000    220.0000    220.0000    220.0000
    166.6000    100.0000    105.4000    110.8000    116.2000    121.6000
    127.0000    132.4000    100.0000    100.0000    100.0000    126.1000
    163.0000    168.4000    173.8000    179.2000    184.6000    190.0000
    158.5789    209.2000    214.6000    220.0000    100.0000    105.4000
    152.0200    157.4200    162.8200    168.2200    173.6200    179.0200
    181.0000    140.5000    100.0000    105.4000    100.0000    100.0000
    100.0000    112.4200    124.8400    173.2600    183.6280    119.8458
    189.1458    220.0000    214.6000    220.0000    220.0000    197.2000
    148.6000    100.0000    105.4000    110.8000    116.2000    121.6000
    127.0000    132.4000    100.0000    100.0000    100.0000    163.6622
    169.0622    174.4622    179.8622    100.0000    105.4000    100.0000

  LAC N]10- MTCENR     0.1000E+04     18.920       -2353.8386
  21190.0000  21190.0000  21190.0000  21144.9378  21059.6178  21059.6178
  21014.5556  21014.5556  21014.5556  21014.5556  21014.5556  21014.5556
  21014.5556  21014.5556  21014.5556  20976.9978  20894.3778  20809.0578
  20723.7378  20638.4178  20571.4956  20507.5956  20443.6956  20402.4756
  20317.1556  20253.2556  20206.4556  20121.1356  20035.8156  20035.8156
  20035.8156  20035.8156  20035.8156  20035.8156  20035.8156  20035.8156
  20035.8156  19990.7534  19905.4334  19820.1134  19788.6134  19788.6134
  19788.6134  19788.6134  19788.6134  19788.6134  19788.4545  19743.2334
  19743.2334  19743.2334  19743.2334  19743.2334  19702.0134  19702.0134
  19702.0134  19702.0134  19702.0134  19702.0134  19702.0134  19702.0134
  19702.0134  19702.0134  19702.0134  19682.1574  19617.2392  19531.9192
  19446.5992  19361.2792  19275.9592  19257.1214  19193.2214  19152.0014
  19116.9014  19053.0014  19040.4014  19014.6014  19014.6014  19014.6014
  19014.6014  19014.6014  19014.6014  19014.6014  19014.6014  19014.6014
  19014.6014  18977.0436  18894.4236  18836.1614  18836.1614  18836.1614
  18836.1614  18836.1614  18836.1614  18836.1614  18836.1614  18836.1614

  LAC N]11- P.CHER     0.1000E+04      0.000         -26.4600
    393.2200    371.4400    303.0400    245.4400    182.4400    162.8200
    143.2000    123.5800     80.0000     80.0000    143.0000     80.0000
    143.0000     80.0000     80.0000     80.0000    111.4378    150.4978
    254.3578    358.2178    462.0778    502.9378    549.9400    590.8000
    707.2600    797.9800    850.0000    850.0000    850.0000    794.9136
    760.0000    744.7000    757.3000    803.5138    757.6138    711.7138
    665.0058    683.9518    670.6318    684.5540    744.8540    740.4000
    694.5000    648.6000    602.7000    556.8000    510.9000    465.0000
    456.0800    410.1800    364.2800    318.3800    443.7800    397.8800
    351.9800    306.0800    260.1800    214.2800    168.3800    122.4800
     80.0000     80.0000     80.0000     80.0000    125.0000    184.4560
    297.2942    419.5142    541.7342    593.7542    715.9742    834.2342
    834.2342    850.0000    850.0000    850.0000    769.9000    689.8000
    571.9000    544.0000    552.1000    560.2000    514.3000    468.4000
    422.5000    422.5000    498.4600    571.6578    613.7778    567.8778
    521.9778    476.0778    430.1778    469.5400    423.6400    388.5400

  LAC N]12- BISSOR     0.1000E+04     20.090        1354.9842
   2942.4000   3010.8000   3079.2000   3147.6000   3216.0000   3284.4000
   3352.8000   3421.2000   3489.6000   3520.8844   3463.2844   3531.6844
   3474.0844   3542.4844   3547.8844   3547.8844   3460.0444   3372.2044
   3284.3644   3196.5244   3108.6844   3047.8444   2987.0044   2926.1644
   2838.3244   2777.4844   2777.4844   2777.4844   2777.4844   2823.3844
   2831.5980   2877.4980   2877.4980   2903.2842   2949.1842   2995.0842
   3040.9842   2949.1842   2855.4042   2761.6242   2696.8242   2742.7242
   2788.6242   2834.5242   2880.4242   2926.3242   2972.2242   3018.1242
   3064.0242   3109.9242   3155.8242   3201.7242   3201.7242   3247.6242
   3293.5242   3339.4242   3385.3242   3431.2242   3477.1242   3523.0242
   3568.9242   3614.8242   3660.7242   3660.7242   3626.5242   3592.3242
   3558.1242   3523.9242   3489.7242   3489.7242   3455.5242   3425.2842
   3425.2842   3425.2842   3471.1842   3517.0842   3562.9842   3608.8842
   3654.7842   3700.6842   3746.5842   3792.4842   3838.3842   3884.2842
   3930.1842   3930.1842   3892.0242   3861.7842   3907.6842   3953.5842
   3999.4842   4045.3842   4091.2842   4137.1842   4183.0842   4228.9842

  LAC N]13- SSMARR     0.1000E+04      0.000           0.0000
     70.0000     70.0000     70.0000     70.0000     70.0000     70.0000
     70.0000     70.0000     70.0000     70.0000     70.0000     70.0000
     70.0000     70.0000     70.0000     70.0000     70.0000     70.0000
     70.0000     70.0000     70.0000     70.0000     70.0000     70.0000
     70.0000     70.0000     70.0000     70.0000     70.0000     70.0000
     70.0000     70.0000     70.0000     70.0000     70.0000     70.0000
     70.0000     70.0000     70.0000     70.0000     70.0000     70.0000
     70.0000     70.0000     70.0000     70.0000     70.0000     70.0000
     70.0000     70.0000     70.0000     70.0000     70.0000     70.0000
     70.0000     70.0000     70.0000     70.0000     70.0000     70.0000
     70.0000     70.0000     70.0000     70.0000     70.0000     70.0000
     70.0000     70.0000     70.0000     70.0000     70.0000     70.0000
     70.0000     70.0000     70.0000     70.0000     70.0000     70.0000
     70.0000     70.0000     70.0000     70.0000     70.0000     70.0000
     70.0000     70.0000     70.0000     70.0000     70.0000     70.0000
     70.0000     70.0000     70.0000     70.0000     70.0000     70.0000

  LAC N]14- LONGER     0.1000E+04      0.000         -20.0000
     62.4000     67.8000     73.2000     78.6000     84.0000     89.4000
     94.8000    100.2000    105.6000    111.0000    116.4000    121.8000
    127.2000    132.6000    138.0000    143.4000    206.9400    313.1400
    336.5400    317.2600    221.8600    191.2600     95.8600    119.2600
     65.2600     10.0000     15.4000     10.0000     10.0000     13.6000
     17.2000     10.0000     91.0000     75.8400    151.4400     38.0400
     10.0000     54.0060     85.5060    117.0060    120.4260    170.6000
    176.0000    181.4000    186.8000    192.2000    197.6000    203.0000
    208.4000    213.8000    219.2000    224.6000    230.0000    235.4000
    240.8000    246.2000    251.6000    257.0000    262.4000    267.8000
    273.2000    278.6000    284.0000    289.4000    294.8000    300.2000
    253.0000    204.4000    155.8000    107.2000     58.6000     10.0000
     10.0000     10.0000     10.0000     10.0000     10.0000     10.0000
     13.6000     17.2000     38.8000     10.0000     15.4000     20.8000
     10.0000     15.4000     10.0000     15.4000     10.0000     13.6000
     17.2000     20.8000     24.4000     29.8000     33.4000     37.0000

  LAC N]15- V.ARCR     0.1000E+04      0.000           0.0000
      0.0000      0.0000      0.0000      0.0000      0.0000      0.0000
      0.0000      0.0000      0.0000      0.0000      0.0000      0.0000
      0.0000      0.0000      0.0000      0.0000      0.0000      0.0000
      0.0000      0.0000      0.0000      0.0000      0.0000      0.0000
      0.0000      0.0000      0.0000      0.0000      0.0000      0.0000
      0.0000      0.0000      0.0000      0.0000      0.0000      0.0000
      0.0000      0.0000      0.0000      0.0000      0.0000      0.0000
      0.0000      0.0000      0.0000      0.0000      0.0000      0.0000
      0.0000      0.0000      0.0000      0.0000      0.0000      0.0000
      0.0000      0.0000      0.0000      0.0000      0.0000      0.0000
      0.0000      0.0000      0.0000      0.0000      0.0000      0.0000
      0.0000      0.0000      0.0000      0.0000      0.0000      0.0000
      0.0000      0.0000      0.0000      0.0000      0.0000      0.0000
      0.0000      0.0000      0.0000      0.0000      0.0000      0.0000
      0.0000      0.0000      0.0000      0.0000      0.0000      0.0000
      0.0000      0.0000      0.0000      0.0000      0.0000      0.0000

  LAC N]16- FLUMER     0.1000E+04      0.000         -65.0967
   1251.9000   1396.8000   1541.7000   1686.6000   1831.5000   1976.4000
   2121.3000   2266.2000   2411.1000   2556.0000   2700.9000   2845.8000
   2955.1000   3100.0000   3100.0000   3091.9000   2785.0000   2478.1000
   2171.2000   1906.9800   1718.8800   1465.9800   1277.8800    986.0986
    797.9986    609.8986    601.7986    604.4986    599.9986    744.8986
    889.7986    892.4986    820.5425    849.2025    994.1025   1257.8025
   1436.9505   1164.2986    976.1986    788.0986    599.9986    599.9986
    744.8986    889.7986    599.9986    744.8986    889.7986    926.5000
   1071.4000   1216.3000   1361.2000   1506.1000   1651.0000   1795.9000
   1940.8000   2085.7000   2230.6000   2375.5000   2520.4000   2665.3000
   2810.2000   2955.1000   3100.0000   3091.9000   2785.0000   2478.1000
   2171.2000   1864.3000   1557.4000   1250.5000    943.6000    636.7000
    634.0000    599.9986    599.9986    599.9986    748.4986    896.9986
   1041.8986    980.6986   1125.5986   1356.8986   1501.7986   1646.6986
   1805.9986   1499.0986   1202.9986    896.0986    599.9986    744.8986
    889.7986   1034.6986   1179.5986    872.6986    897.0033   1041.9033

  LAC N]17- B.CHER     0.1000E+04      0.000        -153.0000
   2473.0622   2302.1866   2149.1866   1996.1866   1812.3137   1646.5031
   1493.5031   1340.5031   1187.5031   1034.5031    881.5031    728.5031
    611.1031    458.1031    450.0031    450.0031    701.8691    899.6710
   1072.0356   1262.4624   1470.9514   1697.5026   1942.1160   2189.6731
   2470.4109   2769.2109   2769.2109   2769.2109   2769.2109   2616.2109
   2463.2109   2463.2109   2527.0669   2527.0669   2374.0669   2221.0669
   2068.0669   2366.8669   2665.6669   2964.4669   3263.2669   3255.1669
   3102.1669   2949.1669   3230.8669   3077.8669   2906.8047   2862.0033
   2709.0033   2556.0033   2403.0033   2250.0033   2097.0033   1944.0033
   1791.0033   1638.0033   1485.0033   1332.0033   1179.0033   1026.0033
    873.0033    720.0033    567.0033    567.0033    865.8033   1164.6033
   1463.4033   1762.2033   2061.0033   2359.8033   2658.6033   2957.4033
   2957.4033   2988.7047   2986.0047   2983.3047   2830.3047   2677.3047
   2524.3047   2577.4047   2424.4047   2271.4047   2118.4047   1965.4047
   1812.4047   2111.2047   2410.0047   2708.8047   3007.6047   2854.6047
   2701.6047   2548.6047   2395.6047   2694.4047   2662.0000   2509.0000

  USINE N] 9- C.AVRH    8   9           0.0000
      0.0000      0.0000      0.0000      0.0000      0.0000      0.0000
      0.0000      0.0000      0.0000      0.0000      0.0000      0.0000
      0.0000      0.0000      0.0000      0.0000      0.0000      0.0000
      0.0000      0.0000      0.0000      0.0000      0.0000      0.0000
      0.0000      0.0000      0.0000      0.0000      0.0000      0.0000
      0.0000      0.0000      0.0000      0.0000      0.0000      0.0000
      0.0000      0.0000      0.0000      0.0000      0.0000      0.0000
      0.0000      0.0000      0.0000      0.0000      0.0000      0.0000
      0.0000      0.0000      0.0000      0.0000      0.0000      0.0000
      0.0000      0.0000      0.0000      0.0000      0.0000      0.0000
      0.0000      0.0000      0.0000      0.0000      0.0000      0.0000
      0.0000      0.0000      0.0000      0.0000      0.0000      0.0000
      0.0000      0.0000      0.0000      0.0000      0.0000      0.0000
      0.0000      0.0000      0.0000      0.0000      0.0000      0.0000
      0.0000      0.0000      0.0000      0.0000      0.0000      0.0000
      0.0000      0.0000      0.0000      0.0000      0.0000      0.0000

      0.0000      0.0000      0.0000      0.0000      0.0000      0.0000
      0.0000      0.0000      0.0000      0.0000      0.0000      0.0000
      0.0000      0.0000      0.0000      0.0000      0.0000      0.0000
      0.0000      0.0000      0.0000      0.0000      0.0000      0.0000
      0.0000      0.0000      0.0000      0.0000      0.0000      0.0000
      0.0000      0.0000      0.0000      0.0000      0.0000      0.0000
      0.0000      0.0000      0.0000      0.0000      0.0000      0.0000
      0.0000      0.0000      0.0000      0.0000      0.0000      0.0000
      0.0000      0.0000      0.0000      0.0000      0.0000      0.0000
      0.0000      0.0000      0.0000      0.0000      0.0000      0.0000
      0.0000      0.0000      0.0000      0.0000      0.0000      0.0000
      0.0000      0.0000      0.0000      0.0000      0.0000      0.0000
      0.0000      0.0000      0.0000      0.0000      0.0000      0.0000
      0.0000      0.0000      0.0000      0.0000      0.0000      0.0000
      0.0000      0.0000      0.0000      0.0000      0.0000      0.0000
      0.0000      0.0000      0.0000      0.0000      0.0000      0.0000

  USINE N]10- AUSSOH    8   9         139.7816
      0.0000      0.0000      0.0000      0.0000      0.0000      0.0000
      0.0000      0.0000      0.0000      0.0000      0.0000      0.0000
      0.0000      0.0000      0.0000      0.0000      0.0000      0.0000
      8.1000      0.0000      0.0000      0.0000      0.0000      0.0000
      0.0000      0.0000      0.0000      3.4965      8.1000      0.0000
      0.0000      0.0000      0.0000      0.0000      0.0000      0.0000
      0.0000      8.1000     12.0000     12.0000      0.0000      0.0000
      0.0000      0.0000      0.0000      0.0000      0.0000      0.0000
      0.0000      0.0000      0.0000      0.0000      0.0000      0.0000
      0.0000      0.0000      0.0000      0.0000      0.0000      0.0000
      0.0000      0.0000      0.0000      0.0000      5.4000      5.4000
      5.4000      5.4000      4.2600      0.0000      0.0000      0.0000
      0.0000      0.0000      0.0000      0.0000      0.0000      0.0000
      0.0000      0.0000      0.0000      0.0000      0.0000      0.0000
      0.0000      0.0000      0.0000      0.0000      0.0000      0.0000
      0.0000      0.0000      0.0000      0.0000      0.0000      0.0000

      0.0000      0.0000      0.0000      0.0000      0.0000      0.0000
      0.0000      0.0000      0.0000      0.0000      0.0000      0.0000
      0.0000      0.0000      0.0000      0.0000      0.0000      0.0000
     30.0000      0.0000      0.0000      0.0000      0.0000      0.0000
      0.0000      0.0000      0.0000     12.9498     30.0000      0.0000
      0.0000      0.0000      0.0000      0.0000      0.0000      0.0000
      0.0000     30.0000     42.0000     42.0000      0.0000      0.0000
      0.0000      0.0000      0.0000      0.0000      0.0000      0.0000
      0.0000      0.0000      0.0000      0.0000      0.0000      0.0000
      0.0000      0.0000      0.0000      0.0000      0.0000      0.0000
      0.0000      0.0000      0.0000      0.0000     20.0000     20.0000
     20.0000     20.0000     15.7777      0.0000      0.0000      0.0000
      0.0000      0.0000      0.0000      0.0000      0.0000      0.0000
      0.0000      0.0000      0.0000      0.0000      0.0000      0.0000
      0.0000      0.0000      0.0000      0.0000      0.0000      0.0000
      0.0000      0.0000      0.0000      0.0000      0.0000      0.0000

  USINE N]11- VLAROH   10   9        2353.8386
      0.0000      0.0000      0.0000     25.0346     47.4000      0.0000
     25.0346      0.0000      0.0000      0.0000      0.0000      0.0000
      0.0000      0.0000      0.0000     20.8654     45.9000     47.4000
     47.4000     47.4000     37.1790     35.5000     35.5000     22.9000
     47.4000     35.5000     26.0000     47.4000     47.4000      0.0000
      0.0000      0.0000      0.0000      0.0000      0.0000      0.0000
      0.0000     25.0346     47.4000     47.4000     17.5000      0.0000
      0.0000      0.0000      0.0000      0.0000      0.0883     25.1228
      0.0000      0.0000      0.0000      0.0000     22.9000      0.0000
      0.0000      0.0000      0.0000      0.0000      0.0000      0.0000
      0.0000      0.0000      0.0000     11.0311     36.0657     47.4000
     47.4000     47.4000     47.4000     10.4654     35.5000     22.9000
     19.5000     35.5000      7.0000     14.3333      0.0000      0.0000
      0.0000      0.0000      0.0000      0.0000      0.0000      0.0000
      0.0000     20.8654     45.9000     32.3679      0.0000      0.0000
      0.0000      0.0000      0.0000      0.0000      0.0000      0.0000

      0.0000      0.0000      0.0000     89.7864    170.0000      0.0000
     89.7864      0.0000      0.0000      0.0000      0.0000      0.0000
      0.0000      0.0000      0.0000     77.4646    164.9580    170.0000
    170.0000    170.0000    135.6437    130.0000    130.0000     85.0000
    170.0000    130.0000     96.0714    170.0000    170.0000      0.0000
      0.0000      0.0000      0.0000      0.0000      0.0000      0.0000
      0.0000     92.6234    170.0000    170.0000     65.0000      0.0000
      0.0000      0.0000      0.0000      0.0000      0.3279     92.9387
      0.0000      0.0000      0.0000      0.0000     85.0000      0.0000
      0.0000      0.0000      0.0000      0.0000      0.0000      0.0000
      0.0000      0.0000      0.0000     40.9727    131.9014    170.0000
    170.0000    170.0000    170.0000     38.8717    130.0000     85.0000
     72.4074    130.0000     26.0000     53.2381      0.0000      0.0000
      0.0000      0.0000      0.0000      0.0000      0.0000      0.0000
      0.0000     77.4646    164.9580    118.8139      0.0000      0.0000
      0.0000      0.0000      0.0000      0.0000      0.0000      0.0000

  USINE N]12- ORELLH    9  11        2680.4602
     25.9000     25.9000      0.0000      6.0000      3.0000     27.1000
     27.1000     27.1000     13.7889     17.3802      3.0000      3.0000
      3.0000      3.0000      3.0000      0.0000      0.9654     28.9000
     48.9000     48.9000     48.9000     28.9000     32.3123     28.9000
     48.9000     48.9000     28.9000     10.0000     19.0000     13.8965
     48.1667      0.0000      0.0000      0.0000      0.0000      0.0000
      0.0000      0.0000     21.0000     36.1346     62.4000     47.9000
      0.0000      0.0000      0.0000      0.0000      0.0000      0.0000
     20.5444      0.0000      0.0000      0.0000     69.6667      0.0000
      0.0000      0.0000      0.0000      0.0000      0.0000      0.0000
      1.9000     25.5000     25.5000      0.0000      6.0000     14.0311
     44.4657     48.9000     48.9000     28.9000     48.9000     48.9000
      0.0000      8.7588     25.5000     35.5000      0.0000      0.0000
      0.0000      0.0000      0.0000      0.0000      0.0000      0.0000
      0.0000      0.0000     21.0000     23.8654     48.9000      0.0000
      0.0000      0.0000      0.0000     47.3679      0.0000      6.0000

      0.0000      0.0000      0.0000      0.0000      0.0000      0.0000
      0.0000      0.0000      0.0000      9.0209      1.5571      1.5571
      1.5571      1.5571      1.5571      0.0000      0.5011     15.0000
     24.0000     24.0000     24.0000     15.0000     16.5355     15.0000
     24.0000     24.0000     15.0000      5.1903      9.8616      7.2127
     23.6700      0.0000      0.0000      0.0000      0.0000      0.0000
      0.0000      0.0000     10.8997     18.2556     28.5000     23.5500
      0.0000      0.0000      0.0000      0.0000      0.0000      0.0000
     10.6632      0.0000      0.0000      0.0000     30.9222      0.0000
      0.0000      0.0000      0.0000      0.0000      0.0000      0.0000
      0.0000      0.0000     13.2353      0.0000      3.1142      7.2826
     22.0046     24.0000     24.0000     15.0000     24.0000     24.0000
      0.0000      4.5461     13.2353     17.9700      0.0000      0.0000
      0.0000      0.0000      0.0000      0.0000      0.0000      0.0000
      0.0000      0.0000     10.8997     12.3869     24.0000      0.0000
      0.0000      0.0000      0.0000     23.3105      0.0000      0.0000

  USINE N]13- BISSOH   12  11         210.0600
      0.0000      0.0000      0.0000      0.0000      0.0000      0.0000
      0.0000      0.0000      0.0000      0.0000      6.5000      0.0000
      2.5000      0.0000      0.0000      0.0000      4.3000      4.3000
      4.3000      4.3000      4.3000      4.3000      4.3000      4.3000
      4.3000      4.3000      0.0000      0.0000      0.0000      0.0000
      0.0000      0.0000      0.0000      0.0000      0.0000      0.0000
      0.0000      6.5000      7.6000      7.6000      6.5000      0.0000
      0.0000      0.0000      0.0000      0.0000      0.0000      0.0000
      0.0000      0.0000      0.0000      0.0000      0.0000      0.0000
      0.0000      0.0000      0.0000      0.0000      0.0000      0.0000
      0.0000      0.0000      0.0000      0.0000      4.3000      4.3000
      4.3000      4.3000      4.3000      0.0000      4.3000      2.1000
      0.0000      0.0000      0.0000      0.0000      0.0000      0.0000
      0.0000      0.0000      0.0000      0.0000      0.0000      0.0000
      0.0000      0.0000      6.5000      2.1000      0.0000      0.0000
      0.0000      0.0000      0.0000      0.0000      0.0000      0.0000

      0.0000      0.0000      0.0000      0.0000      0.0000      0.0000
      0.0000      0.0000      0.0000      0.0000     30.0000      0.0000
     11.8182      0.0000      0.0000      0.0000     20.0000     20.0000
     20.0000     20.0000     20.0000     20.0000     20.0000     20.0000
     20.0000     20.0000      0.0000      0.0000      0.0000      0.0000
      0.0000      0.0000      0.0000      0.0000      0.0000      0.0000
      0.0000     30.0000     33.0000     33.0000     30.0000      0.0000
      0.0000      0.0000      0.0000      0.0000      0.0000      0.0000
      0.0000      0.0000      0.0000      0.0000      0.0000      0.0000
      0.0000      0.0000      0.0000      0.0000      0.0000      0.0000
      0.0000      0.0000      0.0000      0.0000     20.0000     20.0000
     20.0000     20.0000     20.0000      0.0000     20.0000     10.0000
      0.0000      0.0000      0.0000      0.0000      0.0000      0.0000
      0.0000      0.0000      0.0000      0.0000      0.0000      0.0000
      0.0000      0.0000     30.0000     10.0000      0.0000      0.0000
      0.0000      0.0000      0.0000      0.0000      0.0000      0.0000

  USINE N]14- S.BISH   12  11        1323.5400
      0.0000      0.0000      0.0000      0.0000      0.0000      0.0000
      0.0000      0.0000      0.0000      0.0000     25.5000      0.0000
     29.5000      0.0000      0.0000      0.0000     44.5000     44.5000
     44.5000     44.5000     44.5000     29.5000     29.5000     29.5000
     44.5000     29.5000      0.0000      0.0000      0.0000      0.0000
      0.0000      0.0000      0.0000      0.0000      0.0000      0.0000
      0.0000     44.5000     44.5000     44.5000     29.5000      0.0000
      0.0000      0.0000      0.0000      0.0000      0.0000      0.0000
      0.0000      0.0000      0.0000      0.0000      0.0000      0.0000
      0.0000      0.0000      0.0000      0.0000      0.0000      0.0000
      0.0000      0.0000      0.0000      0.0000     14.7000     14.7000
     14.7000     14.7000     14.7000      0.0000     14.7000     14.7000
      0.0000      0.0000      0.0000      0.0000      0.0000      0.0000
      0.0000      0.0000      0.0000      0.0000      0.0000      0.0000
      0.0000      0.0000     14.7000     14.7000      0.0000      0.0000
      0.0000      0.0000      0.0000      0.0000      0.0000      0.0000

      0.0000      0.0000      0.0000      0.0000      0.0000      0.0000
      0.0000      0.0000      0.0000      0.0000    121.0811      0.0000
    140.0000      0.0000      0.0000      0.0000    205.0000    205.0000
    205.0000    205.0000    205.0000    140.0000    140.0000    140.0000
    205.0000    140.0000      0.0000      0.0000      0.0000      0.0000
      0.0000      0.0000      0.0000      0.0000      0.0000      0.0000
      0.0000    205.0000    205.0000    205.0000    140.0000      0.0000
      0.0000      0.0000      0.0000      0.0000      0.0000      0.0000
      0.0000      0.0000      0.0000      0.0000      0.0000      0.0000
      0.0000      0.0000      0.0000      0.0000      0.0000      0.0000
      0.0000      0.0000      0.0000      0.0000     70.0000     70.0000
     70.0000     70.0000     70.0000      0.0000     70.0000     70.0000
      0.0000      0.0000      0.0000      0.0000      0.0000      0.0000
      0.0000      0.0000      0.0000      0.0000      0.0000      0.0000
      0.0000      0.0000     70.0000     70.0000      0.0000      0.0000
      0.0000      0.0000      0.0000      0.0000      0.0000      0.0000

  USINE N]15- S.BISP   11  12        2888.5842
     38.0000     38.0000     38.0000     38.0000     38.0000     38.0000
     38.0000     38.0000     38.0000     17.3802      0.0000     38.0000
      0.0000     38.0000      3.0000      0.0000      0.0000      0.0000
      0.0000      0.0000      0.0000      0.0000      0.0000      0.0000
      0.0000      0.0000      0.0000      0.0000      0.0000     25.5000
      4.5631     25.5000      0.0000     14.3257     25.5000     25.5000
     25.5000      0.0000      0.0000      0.0000      0.0000     25.5000
     25.5000     25.5000     25.5000     25.5000     25.5000     25.5000
     25.5000     25.5000     25.5000     25.5000      0.0000     25.5000
     25.5000     25.5000     25.5000     25.5000     25.5000     25.5000
     25.5000     25.5000     25.5000      0.0000      0.0000      0.0000
      0.0000      0.0000      0.0000      0.0000      0.0000      0.0000
      0.0000      0.0000     25.5000     25.5000     25.5000     25.5000
     25.5000     25.5000     25.5000     25.5000     25.5000     25.5000
     25.5000      0.0000      0.0000      0.0000     25.5000     25.5000
     25.5000     25.5000     25.5000     25.5000     25.5000     25.5000

   -240.0000   -240.0000   -240.0000   -240.0000   -240.0000   -240.0000
   -240.0000   -240.0000   -240.0000   -108.0334      0.0000   -240.0000
      0.0000   -240.0000    -18.4615      0.0000      0.0000      0.0000
      0.0000      0.0000      0.0000      0.0000      0.0000      0.0000
      0.0000      0.0000      0.0000      0.0000      0.0000   -160.0000
    -28.0808   -160.0000      0.0000    -88.4842   -160.0000   -160.0000
   -160.0000      0.0000      0.0000      0.0000      0.0000   -160.0000
   -160.0000   -160.0000   -160.0000   -160.0000   -160.0000   -160.0000
   -160.0000   -160.0000   -160.0000   -160.0000      0.0000   -160.0000
   -160.0000   -160.0000   -160.0000   -160.0000   -160.0000   -160.0000
   -160.0000   -160.0000   -160.0000      0.0000      0.0000      0.0000
      0.0000      0.0000      0.0000      0.0000      0.0000      0.0000
      0.0000      0.0000   -160.0000   -160.0000   -160.0000   -160.0000
   -160.0000   -160.0000   -160.0000   -160.0000   -160.0000   -160.0000
   -160.0000      0.0000      0.0000      0.0000   -160.0000   -160.0000
   -160.0000   -160.0000   -160.0000   -160.0000   -160.0000   -160.0000

  USINE N]16- SAUS2H   11  13        1531.9360
      0.0000      0.0000      0.0000      0.0000      0.0000      0.0000
      0.0000      0.0000      0.0000      0.0000      0.0000      0.0000
      0.0000      0.0000      0.0000      0.0000     32.3000     56.0000
     40.0000     40.0000     40.0000     40.0000     40.0000     40.0000
     33.0000     32.3000      0.0000      0.0000      9.0000      9.0000
     33.0000     23.0000     33.0000      0.0000      0.0000      0.0000
      0.4489     40.4744     80.5000     80.5000     64.9000     24.8744
      0.0000      0.0000      0.0000      0.0000      0.0000      0.0000
      0.0000      0.0000      0.0000      0.0000      0.0000      0.0000
      0.0000      0.0000      0.0000      0.0000      0.0000      0.0000
      0.0000      0.0000      0.0000      0.0000      0.0000      0.0000
      0.7778      0.0000      0.0000      0.0000      0.0000      0.0000
      0.0000      0.0000      0.0000      0.0000      9.0000      9.0000
     20.0000     20.0000      0.0000      0.0000      0.0000      0.0000
      0.0000      0.0000      0.0000      0.0000      0.0000      0.0000
      0.0000      0.0000      0.0000      0.0000      0.0000      0.0000

      0.0000      0.0000      0.0000      0.0000      0.0000      0.0000
      0.0000      0.0000      0.0000      0.0000      0.0000      0.0000
      0.0000      0.0000      0.0000      0.0000     29.3636     50.0000
     35.8824     35.8824     35.8824     35.8824     35.8824     35.8824
     30.0000     29.3636      0.0000      0.0000      8.1818      8.1818
     30.0000     20.9091     30.0000      0.0000      0.0000      0.0000
      0.4081     36.4995     67.1667     67.1667     56.6750     22.6131
      0.0000      0.0000      0.0000      0.0000      0.0000      0.0000
      0.0000      0.0000      0.0000      0.0000      0.0000      0.0000
      0.0000      0.0000      0.0000      0.0000      0.0000      0.0000
      0.0000      0.0000      0.0000      0.0000      0.0000      0.0000
      0.7071      0.0000      0.0000      0.0000      0.0000      0.0000
      0.0000      0.0000      0.0000      0.0000      5.4730      5.4730
     17.8571     17.8571      0.0000      0.0000      0.0000      0.0000
      0.0000      0.0000      0.0000      0.0000      0.0000      0.0000
      0.0000      0.0000      0.0000      0.0000      0.0000      0.0000

  USINE N]17- HERMIH   13  14        1611.1360
      1.0000      1.0000      1.0000      1.0000      1.0000      1.0000
      1.0000      1.0000      1.0000      1.0000      1.0000      1.0000
      1.0000      1.0000      1.0000      1.0000     33.3000     57.0000
     41.0000     41.0000     41.0000     41.0000     41.0000     41.0000
     34.0000     33.3000      1.0000      1.0000      0.0000      0.0000
      0.0000      0.0000     43.0000     10.0000     40.0000      1.0000
      1.4489     41.4744     81.5000     81.5000     65.9000     25.8744
      1.0000      1.0000      1.0000      1.0000      1.0000      1.0000
      1.0000      1.0000      1.0000      1.0000      1.0000      1.0000
      1.0000      1.0000      1.0000      1.0000      1.0000      1.0000
      1.0000      1.0000      1.0000      1.0000      1.0000      1.0000
      1.7778      1.0000      1.0000      1.0000      1.0000      1.0000
      1.0000      1.0000      1.0000      1.0000      0.0000      0.0000
      0.0000      0.0000     10.0000     30.0000      1.0000      1.0000
      0.0000      1.0000      1.0000      1.0000      1.0000      0.0000
      0.0000      0.0000      0.0000      1.0000      0.0000      0.0000

      0.6442      0.6442      0.6442      0.6442      0.6442      0.6442
      0.6442      0.6442      0.6442      0.7207      0.7207      0.7207
      0.7207      0.7207      0.7207      0.7207     24.0000     39.2669
     28.6564     28.6564     28.6564     28.6564     28.6564     28.6564
     24.4509     24.0000      0.7207      0.7207      0.0000      0.0000
      0.0000      0.0000     30.2485      7.2072     28.3159      0.7207
      1.0442     29.2657     54.0000     54.0000     45.0000     18.6483
      0.7207      0.7207      0.7207      0.6442      0.7207      0.7207
      0.7207      0.7207      0.6442      0.6442      0.7207      0.6442
      0.6442      0.6442      0.6442      0.6442      0.6442      0.6442
      0.6442      0.6442      0.7207      0.7207      0.7207      0.7207
      1.2813      0.7207      0.7207      0.7207      0.7207      0.7207
      0.7207      0.7207      0.7207      0.7207      0.0000      0.0000
      0.0000      0.0000      6.4417     19.3252      0.7207      0.6442
      0.0000      0.7207      0.7207      0.7207      0.7207      0.0000
      0.0000      0.0000      0.0000      0.7207      0.0000      0.0000

  USINE N]18- PTAMAH   13  15          12.6000
      0.0000      0.0000      0.0000      0.0000      0.0000      0.0000
      0.0000      0.0000      0.0000      0.0000      0.0000      0.0000
      0.0000      0.0000      0.0000      0.0000      0.0000      0.0000
      0.0000      0.0000      0.0000      0.0000      0.0000      0.0000
      0.0000      0.0000      0.0000      0.0000      0.0000      0.0000
      0.0000      0.0000      0.0000      0.0000      0.0000      0.0000
      0.0000      0.0000      0.0000      0.0000      0.0000      0.0000
      0.0000      0.0000      0.0000      0.0000      0.0000      0.0000
      0.0000      0.0000      0.0000      0.0000      0.0000      0.0000
      0.0000      0.0000      0.0000      0.0000      0.0000      0.0000
      0.0000      0.0000      0.0000      0.0000      0.0000      0.0000
      0.0000      0.0000      0.0000      0.0000      0.0000      0.0000
      0.0000      0.0000      0.0000      0.0000      0.0000      0.0000
      0.0000      0.0000      0.0000      0.0000      0.0000      0.0000
      1.0000      0.0000      0.0000      0.0000      0.0000      1.0000
      1.0000      1.0000      1.0000      0.0000      1.0000      1.0000

      0.0000      0.0000      0.0000      0.0000      0.0000      0.0000
      0.0000      0.0000      0.0000      0.0000      0.0000      0.0000
      0.0000      0.0000      0.0000      0.0000      0.0000      0.0000
      0.0000      0.0000      0.0000      0.0000      0.0000      0.0000
      0.0000      0.0000      0.0000      0.0000      0.0000      0.0000
      0.0000      0.0000      0.0000      0.0000      0.0000      0.0000
      0.0000      0.0000      0.0000      0.0000      0.0000      0.0000
      0.0000      0.0000      0.0000      0.0000      0.0000      0.0000
      0.0000      0.0000      0.0000      0.0000      0.0000      0.0000
      0.0000      0.0000      0.0000      0.0000      0.0000      0.0000
      0.0000      0.0000      0.0000      0.0000      0.0000      0.0000
      0.0000      0.0000      0.0000      0.0000      0.0000      0.0000
      0.0000      0.0000      0.0000      0.0000      0.0000      0.0000
      0.0000      0.0000      0.0000      0.0000      0.0000      0.0000
      0.0000      0.0000      0.0000      0.0000      0.0000      0.0000
      0.0000      0.0000      0.0000      0.0000      0.0000      0.0000

  USINE N]19- LONGEH   14  16        1328.7360
      0.0000      0.0000      0.0000      0.0000      0.0000      0.0000
      0.0000      0.0000      0.0000      0.0000      0.0000      0.0000
      0.0000      0.0000      0.0000      0.0000      0.0000      0.0000
      0.0000     23.7111     66.0000     30.0000     66.0000      0.0000
     66.0000     66.0000      0.0000      6.0000      2.0000      0.0000
      0.0000      6.0000      0.0000     20.4222      0.0000     66.0000
     19.0267     19.0267     66.0000     66.0000     66.0000      0.0000
      0.0000      0.0000      0.0000      0.0000      0.0000      0.0000
      0.0000      0.0000      0.0000      0.0000      0.0000      0.0000
      0.0000      0.0000      0.0000      0.0000      0.0000      0.0000
      0.0000      0.0000      0.0000      0.0000      0.0000      0.0000
      0.0000      0.0000      0.0000      0.0000      0.0000      0.0000
      3.0000      3.0000      3.0000      3.0000      2.0000      2.0000
      0.0000      0.0000      0.0000     48.0000      0.0000      0.0000
      8.0000      0.0000      6.0000      0.0000      6.0000      0.0000
      0.0000      0.0000      0.0000      0.0000      0.0000      0.0000

      0.0000      0.0000      0.0000      0.0000      0.0000      0.0000
      0.0000      0.0000      0.0000      0.0000      0.0000      0.0000
      0.0000      0.0000      0.0000      0.0000      0.0000      0.0000
      0.0000      0.0000      0.0000      0.0000      0.0000      0.0000
      0.0000      0.0000      0.0000      0.0000      0.0000      0.0000
      0.0000      0.0000      0.0000      0.0000      0.0000      0.0000
      0.0000      0.0000      0.0000      0.0000      0.0000      0.0000
      0.0000      0.0000      0.0000      0.0000      0.0000      0.0000
      0.0000      0.0000      0.0000      0.0000      0.0000      0.0000
      0.0000      0.0000      0.0000      0.0000      0.0000      0.0000
      0.0000      0.0000      0.0000      0.0000      0.0000      0.0000
      0.0000      0.0000      0.0000      0.0000      0.0000      0.0000
      0.0000      0.0000      0.0000      0.0000      0.0000      0.0000
      0.0000      0.0000      0.0000      0.0000      0.0000      0.0000
      0.0000      0.0000      0.0000      0.0000      0.0000      0.0000
      0.0000      0.0000      0.0000      0.0000      0.0000      0.0000

  USINE N]20- DEVBEH   14  15           0.0000
      0.0000      0.0000      0.0000      0.0000      0.0000      0.0000
      0.0000      0.0000      0.0000      0.0000      0.0000      0.0000
      0.0000      0.0000      0.0000      0.0000      0.0000      0.0000
      0.0000      0.0000      0.0000      0.0000      0.0000      0.0000
      0.0000      0.0000      0.0000      0.0000      0.0000      0.0000
      0.0000      0.0000      0.0000      0.0000      0.0000      0.0000
      0.0000      0.0000      0.0000      0.0000      0.0000      0.0000
      0.0000      0.0000      0.0000      0.0000      0.0000      0.0000
      0.0000      0.0000      0.0000      0.0000      0.0000      0.0000
      0.0000      0.0000      0.0000      0.0000      0.0000      0.0000
      0.0000      0.0000      0.0000      0.0000      0.0000      0.0000
      0.0000      0.0000      0.0000      0.0000      0.0000      0.0000
      0.0000      0.0000      0.0000      0.0000      0.0000      0.0000
      0.0000      0.0000      0.0000      0.0000      0.0000      0.0000
      0.0000      0.0000      0.0000      0.0000      0.0000      0.0000
      0.0000      0.0000      0.0000      0.0000      0.0000      0.0000

      0.0000      0.0000      0.0000      0.0000      0.0000      0.0000
      0.0000      0.0000      0.0000      0.0000      0.0000      0.0000
      0.0000      0.0000      0.0000      0.0000      0.0000      0.0000
      0.0000      0.0000      0.0000      0.0000      0.0000      0.0000
      0.0000      0.0000      0.0000      0.0000      0.0000      0.0000
      0.0000      0.0000      0.0000      0.0000      0.0000      0.0000
      0.0000      0.0000      0.0000      0.0000      0.0000      0.0000
      0.0000      0.0000      0.0000      0.0000      0.0000      0.0000
      0.0000      0.0000      0.0000      0.0000      0.0000      0.0000
      0.0000      0.0000      0.0000      0.0000      0.0000      0.0000
      0.0000      0.0000      0.0000      0.0000      0.0000      0.0000
      0.0000      0.0000      0.0000      0.0000      0.0000      0.0000
      0.0000      0.0000      0.0000      0.0000      0.0000      0.0000
      0.0000      0.0000      0.0000      0.0000      0.0000      0.0000
      0.0000      0.0000      0.0000      0.0000      0.0000      0.0000
      0.0000      0.0000      0.0000      0.0000      0.0000      0.0000

  USINE N]21- CHEY6H   16  17        8603.0342
      0.0000      0.0000      0.0000      0.0000      0.0000      0.0000
      0.0000      0.0000      0.0000      0.0000      0.0000      0.0000
      0.0000      0.0000      0.0000      0.0000    166.0000    166.0000
    166.0000    166.0000    166.0000    166.0000    166.0000    157.6008
    166.0000    166.0000      0.0000      0.0000      0.0000      0.0000
      0.0000      0.0000     35.4756      0.0000      0.0000      0.0000
      0.0000    166.0000    166.0000    166.0000    166.0000      0.0000
      0.0000      0.0000    156.5000      0.0000      0.0000      0.0000
      0.0000      0.0000      0.0000      0.0000      0.0000      0.0000
      0.0000      0.0000      0.0000      0.0000      0.0000      0.0000
      0.0000      0.0000      0.0000      0.0000    166.0000    166.0000
    166.0000    166.0000    166.0000    166.0000    166.0000    166.0000
      0.0000     17.3897      0.0000      0.0000      0.0000      0.0000
      0.0000     29.5000      0.0000      0.0000      0.0000      0.0000
      0.0000    166.0000    166.0000    166.0000    166.0000      0.0000
      0.0000      0.0000      0.0000    166.0000     66.9974      0.0000

      0.0000      0.0000      0.0000      0.0000      0.0000      0.0000
      0.0000      0.0000      0.0000      0.0000      0.0000      0.0000
      0.0000      0.0000      0.0000      0.0000    180.0000    180.0000
    180.0000    180.0000    180.0000    180.0000    180.0000    170.8924
    180.0000    180.0000      0.0000      0.0000      0.0000      0.0000
      0.0000      0.0000     38.4675      0.0000      0.0000      0.0000
      0.0000    180.0000    180.0000    180.0000    180.0000      0.0000
      0.0000      0.0000    169.6988      0.0000      0.0000      0.0000
      0.0000      0.0000      0.0000      0.0000      0.0000      0.0000
      0.0000      0.0000      0.0000      0.0000      0.0000      0.0000
      0.0000      0.0000      0.0000      0.0000    180.0000    180.0000
    180.0000    180.0000    180.0000    180.0000    180.0000    180.0000
      0.0000     18.8563      0.0000      0.0000      0.0000      0.0000
      0.0000     31.9880      0.0000      0.0000      0.0000      0.0000
      0.0000    180.0000    180.0000    180.0000    180.0000      0.0000
      0.0000      0.0000      0.0000    180.0000     71.3582      0.0000

  USINE N]22- CHEY6P   17  16        7986.8014
     85.0000     85.0000     85.0000     85.0000     85.0000     85.0000
     85.0000     85.0000     85.0000     85.0000     85.0000     85.0000
     65.2222     85.0000      4.5000      0.0000      0.0000      0.0000
      0.0000      0.0000      0.0000      0.0000      0.0000      0.0000
      0.0000      0.0000      0.0000      0.0000      0.0000     85.0000
     85.0000      0.0000      0.0000      0.0000     85.0000     85.0000
     85.0000      0.0000      0.0000      0.0000      0.0000      4.5000
     85.0000     85.0000      0.0000     85.0000     85.0000     24.8897
     85.0000     85.0000     85.0000     85.0000     85.0000     85.0000
     85.0000     85.0000     85.0000     85.0000     85.0000     85.0000
     85.0000     85.0000     85.0000      0.0000      0.0000      0.0000
      0.0000      0.0000      0.0000      0.0000      0.0000      0.0000
      0.0000      0.0000      1.5000      1.5000     85.0000     85.0000
     85.0000      0.0000     85.0000     85.0000     85.0000     85.0000
     85.0000      0.0000      0.0000      0.0000      0.0000     85.0000
     85.0000     85.0000     85.0000      0.0000     85.0000     85.0000

   -120.0000   -120.0000   -120.0000   -120.0000   -120.0000   -120.0000
   -120.0000   -120.0000   -120.0000   -120.0000   -120.0000   -120.0000
    -92.0784   -120.0000     -6.3529      0.0000      0.0000      0.0000
      0.0000      0.0000      0.0000      0.0000      0.0000      0.0000
      0.0000      0.0000      0.0000      0.0000      0.0000   -120.0000
   -120.0000      0.0000      0.0000      0.0000   -120.0000   -120.0000
   -120.0000      0.0000      0.0000      0.0000      0.0000     -6.3529
   -120.0000   -120.0000      0.0000   -120.0000   -120.0000    -35.1384
   -120.0000   -120.0000   -120.0000   -120.0000   -120.0000   -120.0000
   -120.0000   -120.0000   -120.0000   -120.0000   -120.0000   -120.0000
   -120.0000   -120.0000   -120.0000      0.0000      0.0000      0.0000
      0.0000      0.0000      0.0000      0.0000      0.0000      0.0000
      0.0000      0.0000     -2.1176     -2.1176   -120.0000   -120.0000
   -120.0000      0.0000   -120.0000   -120.0000   -120.0000   -120.0000
   -120.0000      0.0000      0.0000      0.0000      0.0000   -120.0000
   -120.0000   -120.0000   -120.0000      0.0000   -120.0000   -120.0000

  USINE N]23- B.CHEH   17  15         769.2328
     19.9654      9.9309      0.0000      0.0000     17.1516      7.1170
      0.0000      0.0000      0.0000      0.0000      0.0000      0.0000
      0.0000      0.0000      0.0000      0.0000     26.0745     56.1100
     70.2419     60.2073     50.1728     40.1382     30.1037     20.0691
     10.0346      0.0000      0.0000      0.0000      0.0000      0.0000
      0.0000      0.0000      0.0000      0.0000      0.0000      0.0000
      0.0000      0.0000      0.0000      0.0000      0.0000      0.0000
      0.0000      0.0000      0.0000      0.0000     10.0346      0.0000
      0.0000      0.0000      0.0000      0.0000      0.0000      0.0000
      0.0000      0.0000      0.0000      0.0000      0.0000      0.0000
      0.0000      0.0000      0.0000      0.0000      0.0000      0.0000
      0.0000      0.0000      0.0000      0.0000      0.0000      0.0000
      0.0000      0.0000      0.0000      0.0000      0.0000      0.0000
      0.0000      0.0000      0.0000      0.0000      0.0000      0.0000
      0.0000      0.0000      0.0000      0.0000      0.0000      0.0000
      0.0000      0.0000      0.0000      0.0000      0.0000      0.0000

      0.0000      0.0000      0.0000      0.0000      0.0000      0.0000
      0.0000      0.0000      0.0000      0.0000      0.0000      0.0000
      0.0000      0.0000      0.0000      0.0000      0.0000      0.0000
      0.0000      0.0000      0.0000      0.0000      0.0000      0.0000
      0.0000      0.0000      0.0000      0.0000      0.0000      0.0000
      0.0000      0.0000      0.0000      0.0000      0.0000      0.0000
      0.0000      0.0000      0.0000      0.0000      0.0000      0.0000
      0.0000      0.0000      0.0000      0.0000      0.0000      0.0000
      0.0000      0.0000      0.0000      0.0000      0.0000      0.0000
      0.0000      0.0000      0.0000      0.0000      0.0000      0.0000
      0.0000      0.0000      0.0000      0.0000      0.0000      0.0000
      0.0000      0.0000      0.0000      0.0000      0.0000      0.0000
      0.0000      0.0000      0.0000      0.0000      0.0000      0.0000
      0.0000      0.0000      0.0000      0.0000      0.0000      0.0000
      0.0000      0.0000      0.0000      0.0000      0.0000      0.0000
      0.0000      0.0000      0.0000      0.0000      0.0000      0.0000

  USINE N]24- V.ARCH   15   0        1849.2328
     30.0000     30.0000     30.0000     30.0000     30.0000     30.0000
     30.0000     30.0000     30.0000     30.0000     30.0000     30.0000
     30.0000     30.0000     30.0000     30.0000     30.0000     30.0000
     30.0000     30.0000     19.9654      9.9309      0.0000      0.0000
     17.1516      7.1170      0.0000      0.0000      0.0000      0.0000
      0.0000      0.0000      0.0000      0.0000      0.0000      0.0000
     26.0745     56.1100     70.2419     60.2073     50.1728     40.1382
     30.1037     20.0691     10.0346      0.0000      0.0000      0.0000
      0.0000      0.0000      0.0000      0.0000      0.0000      0.0000
      0.0000      0.0000      0.0000      0.0000      0.0000      0.0000
      0.0000      0.0000      0.0000      0.0000      0.0000      0.0000
     10.0346      0.0000      0.0000      0.0000      0.0000      0.0000
      0.0000      0.0000      0.0000      0.0000      0.0000      0.0000
      0.0000      0.0000      0.0000      0.0000      0.0000      0.0000
      0.0000      0.0000      0.0000      0.0000      0.0000      0.0000
      0.0000      0.0000      0.0000      0.0000      0.0000      0.0000

      1.5000      1.5000      1.5000      1.5000      1.5000      1.5000
      1.5000      1.5000      1.5000      1.5000      1.5000      1.5000
      1.5000      1.5000      1.5000      1.5000      1.5000      1.5000
      1.5000      1.5000      0.9983      0.4965      0.0000      0.0000
      0.8576      0.3559      0.0000      0.0000      0.0000      0.0000
      0.0000      0.0000      0.0000      0.0000      0.0000      0.0000
      1.3037      2.8055      3.5121      3.0104      2.5086      2.0069
      1.5052      1.0035      0.5017      0.0000      0.0000      0.0000
      0.0000      0.0000      0.0000      0.0000      0.0000      0.0000
      0.0000      0.0000      0.0000      0.0000      0.0000      0.0000
      0.0000      0.0000      0.0000      0.0000      0.0000      0.0000
      0.5017      0.0000      0.0000      0.0000      0.0000      0.0000
      0.0000      0.0000      0.0000      0.0000      0.0000      0.0000
      0.0000      0.0000      0.0000      0.0000      0.0000      0.0000
      0.0000      0.0000      0.0000      0.0000      0.0000      0.0000
      0.0000      0.0000      0.0000      0.0000      0.0000      0.0000

   DONNEES POUR LA VALLEE N] 3-H-ISERE  DATE: 22/03/10    12 USINE(S)    11 RESERVOIR(S)
  LAC N]18- TIGNER     0.1000E+04     16.070        -247.6800
  42920.0000  42920.0000  42920.0000  42920.0000  42920.0000  42904.8800
  42889.7600  42889.7600  42889.7600  42889.7600  42889.7600  42889.7600
  42889.7600  42889.7600  42889.7600  42889.7600  42889.7600  42889.7600
  42874.6400  42859.5200  42859.5200  42859.5200  42859.5200  42859.5200
  42859.5200  42859.5200  42859.5200  42844.4000  42829.2800  42814.1600
  42799.0400  42799.0400  42799.0400  42799.0400  42799.0400  42799.0400
  42799.0400  42799.0400  42799.0400  42799.0400  42799.0400  42799.0400
  42799.0400  42799.0400  42799.0400  42799.0400  42799.0400  42799.0400
  42799.0400  42799.0400  42799.0400  42799.0400  42799.0400  42799.0400
  42799.0400  42799.0400  42799.0400  42799.0400  42799.0400  42771.1400
  42743.2400  42743.2400  42743.2400  42743.2400  42743.2400  42743.2400
  42743.2400  42743.2400  42743.2400  42743.2400  42743.2400  42743.2400
  42743.2400  42743.2400  42743.2400  42743.2400  42743.2400  42743.2400
  42743.2400  42743.2400  42743.2400  42743.2400  42743.2400  42743.2400
  42743.2400  42743.2400  42743.2400  42743.2400  42743.2400  42743.2400
  42743.2400  42743.2400  42743.2400  42715.3400  42687.4400  42672.3200

  LAC N]19- MTRIGR     0.1000E+04      0.000         -11.5200
    394.3000    391.6000    388.9000    386.2000    383.5000    395.9200
    408.3400    405.6400    402.9400    400.2400    397.5400    394.8400
    392.1400    389.4400    386.7400    384.0400    381.3400    378.6400
    391.0600    403.4800    400.7800    398.0800    395.3800    392.6800
    389.9800    387.2800    384.5800    397.0000    409.4200    421.8400
    434.2600    431.5600    428.8600    426.1600    423.4600    420.7600
    418.0600    415.3600    412.6600    409.9600    407.2600    404.5600
    401.8600    399.1600    396.4600    393.7600    391.0600    388.3600
    385.6600    382.9600    380.2600    377.5600    374.8600    372.1600
    369.4600    366.7600    364.0600    361.3600    358.6600    383.8600
    409.0600    406.3600    403.6600    400.9600    398.2600    395.5600
    392.8600    390.1600    387.4600    384.7600    382.0600    379.3600
    376.6600    373.9600    371.2600    368.5600    365.8600    363.1600
    360.4600    357.7600    355.0600    352.3600    349.6600    346.9600
    344.2600    341.5600    338.8600    336.1600    333.4600    330.7600
    328.0600    325.3600    322.6600    347.8600    373.0600    385.4800

  LAC N]20- POMMOR     0.1000E+04      0.000           0.0000
      0.0000      0.0000      0.0000      0.0000      0.0000      0.0000
      0.0000      0.0000      0.0000      0.0000      0.0000      0.0000
      0.0000      0.0000      0.0000      0.0000      0.0000      0.0000
      0.0000      0.0000      0.0000      0.0000      0.0000      0.0000
      0.0000      0.0000      0.0000      0.0000      0.0000      0.0000
      0.0000      0.0000      0.0000      0.0000      0.0000      0.0000
      0.0000      0.0000      0.0000      0.0000      0.0000      0.0000
      0.0000      0.0000      0.0000      0.0000      0.0000      0.0000
      0.0000      0.0000      0.0000      0.0000      0.0000      0.0000
      0.0000      0.0000      0.0000      0.0000      0.0000      0.0000
      0.0000      0.0000      0.0000      0.0000      0.0000      0.0000
      0.0000      0.0000      0.0000      0.0000      0.0000      0.0000
      0.0000      0.0000      0.0000      0.0000      0.0000      0.0000
      0.0000      0.0000      0.0000      0.0000      0.0000      0.0000
      0.0000      0.0000      0.0000      0.0000      0.0000      0.0000
      0.0000      0.0000      0.0000      0.0000      0.0000      0.0000

  LAC N]21- AIGUER     0.1000E+04      0.000          18.0000
    244.1280    226.6680    244.6680    279.9480    315.2280    275.5360
    293.5360    284.1520    217.0760    119.6920     80.0000    115.2800
    137.6920    120.0520     80.0000     80.0000     98.0000    116.0000
    134.0000    152.0000    170.0000    188.0000    206.0000    224.0000
    242.0000    260.0000    278.0000    296.0000    314.0000    274.3080
    266.0000    284.0000    302.0000    320.0000    280.3080    182.9240
    143.2320    161.2320    179.2320    197.2320    157.5400    175.5400
    175.6919    135.9999    153.9999    171.9999    189.9999    207.9999
    168.3079    128.6159    146.6159    108.9079    126.9079    144.9079
    162.9079    180.9079    141.2159     83.6079     83.6920    101.6920
    119.6920     80.0000     98.0000    116.0000    134.0000    152.0000
    137.6920     80.0000     80.0000     98.0000    116.0000    134.0000
    152.0000    170.0000    188.0000    206.0000    224.0000    242.0000
    260.0000    278.0000    296.0000    314.0000    320.0000    320.0000
    320.0000    320.0000    320.0000    320.0000    320.0000    320.0000
    320.0000    320.0000    320.0000    320.0000    320.0000    320.0000

  LAC N]22- COCHER     0.1000E+04     15.050           0.0000
    127.7200    135.1200    142.5200    132.5600    122.4800    129.6800
    136.8800    144.0800    151.2800    158.4800    165.6800    155.6000
    145.5200    117.8000     90.0800     80.0000     87.2000     94.4000
    101.6000    108.8000    116.0000    123.2000    130.4000    137.6000
    144.8000    152.0000    159.2000    166.4000    173.6000    180.8000
    188.0000    195.2000    202.4000    209.6000    216.8000    224.0000
    231.2000    238.4000    245.6000     80.0000     87.2000     94.4000
    101.6000     80.0000     87.2000     80.0000     80.0000     87.2000
     94.4000    101.6000    108.8000    116.0000    123.2000    130.4000
    137.6000    144.8000    152.0000    159.2000    166.4000    173.6000
    180.8000    188.0000    195.2000    202.4000    209.6000    216.8000
    224.0000    231.2000    238.4000    245.6000    252.8000    260.0000
    267.2000    274.4000    281.6000    288.8000    296.0000    303.2000
    310.4000    317.6000    324.8000    332.0000    339.2000    346.4000
    353.6000    360.8000    368.0000    375.2000    382.4000    389.6000
    396.8000    404.0000    411.2000    418.4000    425.6000    130.0000

  LAC N]23- SSEG5R     0.1000E+04      0.000           0.0000
   1000.0000     81.2800    393.4000    705.5200   1000.0000      0.0000
    294.4800      0.0000    283.6000    578.8000    892.0000    656.2000
   1000.0000   1000.0000    821.8000    768.0600    643.8600    554.5800
    465.3000    484.0200    359.1000    630.9000    452.7000    274.5000
     96.3000      0.0000    353.7000    185.4000    146.7920    500.4920
    818.7320    686.9720    483.2120    859.1440    655.3840    532.7680
    504.0840    505.7080    350.6400    164.8800     63.9880     20.7880
      0.0000      0.0000    212.7600      0.0000    336.2400    672.4800
    459.7200    273.9600    610.2000    478.4400    231.0400    549.2800
    867.5200    672.7600   1000.0000    934.9320    658.7200    894.5200
    681.7600   1000.0000    844.9320    746.1160    589.6080    825.4080
    621.6480    489.8880    261.3800    497.1800    300.8281    277.2000
    174.6000      0.0000    237.5080     80.9080      0.0000    405.0920
    203.4920    156.6000      0.0000    401.4000    757.8000   1000.0000
    890.9841    773.9921    599.3080    381.5080    136.7080      0.0000
    307.8165    303.4000    659.8000    134.2000    522.9080   1000.0000

  LAC N]24- BXVOIR     0.1000E+04      0.000           0.0000
      0.0000      0.0000      0.0000      0.0000      0.0000      0.0000
      0.0000      0.0000      0.0000      0.0000      0.0000      0.0000
      0.0000      0.0000      0.0000      0.0000      0.0000      0.0000
      0.0000      0.0000      0.0000      0.0000      0.0000      0.0000
      0.0000      0.0000      0.0000      0.0000      0.0000      0.0000
      0.0000      0.0000      0.0000      0.0000      0.0000      0.0000
      0.0000      0.0000      0.0000      0.0000      0.0000      0.0000
      0.0000      0.0000      0.0000      0.0000      0.0000      0.0000
      0.0000      0.0000      0.0000      0.0000      0.0000      0.0000
      0.0000      0.0000      0.0000      0.0000      0.0000      0.0000
      0.0000      0.0000      0.0000      0.0000      0.0000      0.0000
      0.0000      0.0000      0.0000      0.0000      0.0000      0.0000
      0.0000      0.0000      0.0000      0.0000      0.0000      0.0000
      0.0000      0.0000      0.0000      0.0000      0.0000      0.0000
      0.0000      0.0000      0.0000      0.0000      0.0000      0.0000
      0.0000      0.0000      0.0000      0.0000      0.0000      0.0000

  LAC N]25- SSHILR     0.1000E+04      0.000           0.0000
      0.0000      0.0000      0.0000      0.0000      0.0000      0.0000
      0.0000      0.0000      0.0000      0.0000      0.0000      0.0000
      0.0000      0.0000      0.0000      0.0000      0.0000      0.0000
      0.0000      0.0000      0.0000      0.0000      0.0000      0.0000
      0.0000      0.0000      0.0000      0.0000      0.0000      0.0000
      0.0000      0.0000      0.0000      0.0000      0.0000      0.0000
      0.0000      0.0000      0.0000      0.0000      0.0000      0.0000
      0.0000      0.0000      0.0000      0.0000      0.0000      0.0000
      0.0000      0.0000      0.0000      0.0000      0.0000      0.0000
      0.0000      0.0000      0.0000      0.0000      0.0000      0.0000
      0.0000      0.0000      0.0000      0.0000      0.0000      0.0000
      0.0000      0.0000      0.0000      0.0000      0.0000      0.0000
      0.0000      0.0000      0.0000      0.0000      0.0000      0.0000
      0.0000      0.0000      0.0000      0.0000      0.0000      0.0000
      0.0000      0.0000      0.0000      0.0000      0.0000      0.0000
      0.0000      0.0000      0.0000      0.0000      0.0000      0.0000

  LAC N]26- PIZANR     0.1000E+04      0.000           0.0000
      0.0000      0.0000      0.0000      0.0000      0.0000      0.0000
      0.0000      0.0000      0.0000      0.0000      0.0000      0.0000
      0.0000      0.0000      0.0000      0.0000      0.0000      0.0000
      0.0000      0.0000      0.0000      0.0000      0.0000      0.0000
      0.0000      0.0000      0.0000      0.0000      0.0000      0.0000
      0.0000      0.0000      0.0000      0.0000      0.0000      0.0000
      0.0000      0.0000      0.0000      0.0000      0.0000      0.0000
      0.0000      0.0000      0.0000      0.0000      0.0000      0.0000
      0.0000      0.0000      0.0000      0.0000      0.0000      0.0000
      0.0000      0.0000      0.0000      0.0000      0.0000      0.0000
      0.0000      0.0000      0.0000      0.0000      0.0000      0.0000
      0.0000      0.0000      0.0000      0.0000      0.0000      0.0000
      0.0000      0.0000      0.0000      0.0000      0.0000      0.0000
      0.0000      0.0000      0.0000      0.0000      0.0000      0.0000
      0.0000      0.0000      0.0000      0.0000      0.0000      0.0000
      0.0000      0.0000      0.0000      0.0000      0.0000      0.0000

  LAC N]27- VANELR     0.1000E+04      0.000           0.0000
      0.0000      0.0000      0.0000      0.0000      0.0000      0.0000
      0.0000      0.0000      0.0000      0.0000      0.0000      0.0000
      0.0000      0.0000      0.0000      0.0000      0.0000      0.0000
      0.0000      0.0000      0.0000      0.0000      0.0000      0.0000
      0.0000      0.0000      0.0000      0.0000      0.0000      0.0000
      0.0000      0.0000      0.0000      0.0000      0.0000      0.0000
      0.0000      0.0000      0.0000      0.0000      0.0000      0.0000
      0.0000      0.0000      0.0000      0.0000      0.0000      0.0000
      0.0000      0.0000      0.0000      0.0000      0.0000      0.0000
      0.0000      0.0000      0.0000      0.0000      0.0000      0.0000
      0.0000      0.0000      0.0000      0.0000      0.0000      0.0000
      0.0000      0.0000      0.0000      0.0000      0.0000      0.0000
      0.0000      0.0000      0.0000      0.0000      0.0000      0.0000
      0.0000      0.0000      0.0000      0.0000      0.0000      0.0000
      0.0000      0.0000      0.0000      0.0000      0.0000      0.0000
      0.0000      0.0000      0.0000      0.0000      0.0000      0.0000

  LAC N]28- B.MONR     0.1000E+04      0.000           0.0000
      0.0000      0.0000      0.0000      0.0000      0.0000      0.0000
      0.0000      0.0000      0.0000      0.0000      0.0000      0.0000
      0.0000      0.0000      0.0000      0.0000      0.0000      0.0000
      0.0000      0.0000      0.0000      0.0000      0.0000      0.0000
      0.0000      0.0000      0.0000      0.0000      0.0000      0.0000
      0.0000      0.0000      0.0000      0.0000      0.0000      0.0000
      0.0000      0.0000      0.0000      0.0000      0.0000      0.0000
      0.0000      0.0000      0.0000      0.0000      0.0000      0.0000
      0.0000      0.0000      0.0000      0.0000      0.0000      0.0000
      0.0000      0.0000      0.0000      0.0000      0.0000      0.0000
      0.0000      0.0000      0.0000      0.0000      0.0000      0.0000
      0.0000      0.0000      0.0000      0.0000      0.0000      0.0000
      0.0000      0.0000      0.0000      0.0000      0.0000      0.0000
      0.0000      0.0000      0.0000      0.0000      0.0000      0.0000
      0.0000      0.0000      0.0000      0.0000      0.0000      0.0000
      0.0000      0.0000      0.0000      0.0000      0.0000      0.0000

  USINE N]25- TIGNEH   18  19         247.6800
      0.0000      0.0000      0.0000      0.0000      0.0000      8.4000
      8.4000      0.0000      0.0000      0.0000      0.0000      0.0000
      0.0000      0.0000      0.0000      0.0000      0.0000      0.0000
      8.4000      8.4000      0.0000      0.0000      0.0000      0.0000
      0.0000      0.0000      0.0000      8.4000      8.4000      8.4000
      8.4000      0.0000      0.0000      0.0000      0.0000      0.0000
      0.0000      0.0000      0.0000      0.0000      0.0000      0.0000
      0.0000      0.0000      0.0000      0.0000      0.0000      0.0000
      0.0000      0.0000      0.0000      0.0000      0.0000      0.0000
      0.0000      0.0000      0.0000      0.0000      0.0000     15.5000
     15.5000      0.0000      0.0000      0.0000      0.0000      0.0000
      0.0000      0.0000      0.0000      0.0000      0.0000      0.0000
      0.0000      0.0000      0.0000      0.0000      0.0000      0.0000
      0.0000      0.0000      0.0000      0.0000      0.0000      0.0000
      0.0000      0.0000      0.0000      0.0000      0.0000      0.0000
      0.0000      0.0000      0.0000     15.5000     15.5000      8.4000

      0.0000      0.0000      0.0000      0.0000      0.0000     30.0000
     30.0000      0.0000      0.0000      0.0000      0.0000      0.0000
      0.0000      0.0000      0.0000      0.0000      0.0000      0.0000
     30.0000     30.0000      0.0000      0.0000      0.0000      0.0000
      0.0000      0.0000      0.0000     30.0000     30.0000     30.0000
     30.0000      0.0000      0.0000      0.0000      0.0000      0.0000
      0.0000      0.0000      0.0000      0.0000      0.0000      0.0000
      0.0000      0.0000      0.0000      0.0000      0.0000      0.0000
      0.0000      0.0000      0.0000      0.0000      0.0000      0.0000
      0.0000      0.0000      0.0000      0.0000      0.0000     55.0000
     55.0000      0.0000      0.0000      0.0000      0.0000      0.0000
      0.0000      0.0000      0.0000      0.0000      0.0000      0.0000
      0.0000      0.0000      0.0000      0.0000      0.0000      0.0000
      0.0000      0.0000      0.0000      0.0000      0.0000      0.0000
      0.0000      0.0000      0.0000      0.0000      0.0000      0.0000
      0.0000      0.0000      0.0000     55.0000     55.0000     30.0000

  USINE N]26- MTRIGH   19  20         864.0000
      5.0000      5.0000      5.0000      5.0000      5.0000      5.0000
      5.0000      5.0000      5.0000      5.0000      5.0000      5.0000
      5.0000      5.0000      5.0000      5.0000      5.0000      5.0000
      5.0000      5.0000      5.0000      5.0000      5.0000      5.0000
      5.0000      5.0000      5.0000      5.0000      5.0000      5.0000
      5.0000      5.0000      5.0000      5.0000      5.0000      5.0000
      5.0000      5.0000      5.0000      5.0000      5.0000      5.0000
      5.0000      5.0000      5.0000      5.0000      5.0000      5.0000
      5.0000      5.0000      5.0000      5.0000      5.0000      5.0000
      5.0000      5.0000      5.0000      5.0000      5.0000      5.0000
      5.0000      5.0000      5.0000      5.0000      5.0000      5.0000
      5.0000      5.0000      5.0000      5.0000      5.0000      5.0000
      5.0000      5.0000      5.0000      5.0000      5.0000      5.0000
      5.0000      5.0000      5.0000      5.0000      5.0000      5.0000
      5.0000      5.0000      5.0000      5.0000      5.0000      5.0000
      5.0000      5.0000      5.0000      5.0000      5.0000      5.0000

      0.0000      0.0000      0.0000      0.0000      0.0000      0.0000
      0.0000      0.0000      0.0000      0.0000      0.0000      0.0000
      0.0000      0.0000      0.0000      0.0000      0.0000      0.0000
      0.0000      0.0000      0.0000      0.0000      0.0000      0.0000
      0.0000      0.0000      0.0000      0.0000      0.0000      0.0000
      0.0000      0.0000      0.0000      0.0000      0.0000      0.0000
      0.0000      0.0000      0.0000      0.0000      0.0000      0.0000
      0.0000      0.0000      0.0000      0.0000      0.0000      0.0000
      0.0000      0.0000      0.0000      0.0000      0.0000      0.0000
      0.0000      0.0000      0.0000      0.0000      0.0000      0.0000
      0.0000      0.0000      0.0000      0.0000      0.0000      0.0000
      0.0000      0.0000      0.0000      0.0000      0.0000      0.0000
      0.0000      0.0000      0.0000      0.0000      0.0000      0.0000
      0.0000      0.0000      0.0000      0.0000      0.0000      0.0000
      0.0000      0.0000      0.0000      0.0000      0.0000      0.0000
      0.0000      0.0000      0.0000      0.0000      0.0000      0.0000

  USINE N]27- POMMOH   20  21         864.0000
      5.0000      5.0000      5.0000      5.0000      5.0000      5.0000
      5.0000      5.0000      5.0000      5.0000      5.0000      5.0000
      5.0000      5.0000      5.0000      5.0000      5.0000      5.0000
      5.0000      5.0000      5.0000      5.0000      5.0000      5.0000
      5.0000      5.0000      5.0000      5.0000      5.0000      5.0000
      5.0000      5.0000      5.0000      5.0000      5.0000      5.0000
      5.0000      5.0000      5.0000      5.0000      5.0000      5.0000
      5.0000      5.0000      5.0000      5.0000      5.0000      5.0000
      5.0000      5.0000      5.0000      5.0000      5.0000      5.0000
      5.0000      5.0000      5.0000      5.0000      5.0000      5.0000
      5.0000      5.0000      5.0000      5.0000      5.0000      5.0000
      5.0000      5.0000      5.0000      5.0000      5.0000      5.0000
      5.0000      5.0000      5.0000      5.0000      5.0000      5.0000
      5.0000      5.0000      5.0000      5.0000      5.0000      5.0000
      5.0000      5.0000      5.0000      5.0000      5.0000      5.0000
      5.0000      5.0000      5.0000      5.0000      5.0000      5.0000

      0.0000      0.0000      0.0000      1.8750      1.8750      0.0000
      0.0000      0.0000      0.0000      0.0000      0.0000      1.8750
      1.8750      1.8750      1.8750      1.8750      1.8750      1.8750
      1.8750      1.8750      1.8750      0.0000      1.8750      1.8750
      1.8750      1.8750      1.8750      1.8750      1.8750      1.8750
      1.8750      1.8750      1.8750      0.0000      1.8750      1.8750
      1.8750      1.8750      1.8750      1.8750      1.8750      1.8750
      1.8750      1.8750      0.0000      1.8750      0.0000      0.0000
      1.8750      1.8750      1.8750      1.8750      1.8750      0.0000
      0.0000      1.8750      1.8750      1.8750      1.8750      1.8750
      1.8750      0.0000      1.8750      1.8750      1.8750      1.8750
      1.8750      1.8750      1.8750      1.8750      1.8750      1.8750
      1.8750      1.8750      1.8750      1.8750      1.8750      1.8750
      1.8750      1.8750      1.8750      0.0000      0.0000      1.8750
      1.8750      1.8750      1.8750      1.8750      1.8750      1.8750
      0.0000      0.0000      0.0000      1.8750      0.0000      0.0000

  USINE N]28- COCHEH   22  21         173.5200
      9.6000      0.0000      0.0000      9.6000      9.6000      0.0000
      0.0000      0.0000      0.0000      0.0000      0.0000      9.6000
      9.6000     19.4000     19.4000      9.6000      0.0000      0.0000
      0.0000      0.0000      0.0000      0.0000      0.0000      0.0000
      0.0000      0.0000      0.0000      0.0000      0.0000      0.0000
      0.0000      0.0000      0.0000      0.0000      0.0000      0.0000
      0.0000      0.0000      0.0000      0.0000      0.0000      0.0000
      0.0000      0.0000      0.0000      0.0000      0.0000      0.0000
      0.0000      0.0000      0.0000      0.0000      0.0000      0.0000
      0.0000      0.0000      0.0000      0.0000      0.0000      0.0000
      0.0000      0.0000      0.0000      0.0000      0.0000      0.0000
      0.0000      0.0000      0.0000      0.0000      0.0000      0.0000
      0.0000      0.0000      0.0000      0.0000      0.0000      0.0000
      0.0000      0.0000      0.0000      0.0000      0.0000      0.0000
      0.0000      0.0000      0.0000      0.0000      0.0000      0.0000
      0.0000      0.0000      0.0000      0.0000      0.0000      0.0000

     37.5000      0.0000      0.0000     37.5000     37.5000      0.0000
      0.0000      0.0000      0.0000      0.0000      0.0000     37.5000
     37.5000     75.0000     75.0000     37.5000      0.0000      0.0000
      0.0000      0.0000      0.0000      0.0000      0.0000      0.0000
      0.0000      0.0000      0.0000      0.0000      0.0000      0.0000
      0.0000      0.0000      0.0000      0.0000      0.0000      0.0000
      0.0000      0.0000      0.0000      0.0000      0.0000      0.0000
      0.0000      0.0000      0.0000      0.0000      0.0000      0.0000
      0.0000      0.0000      0.0000      0.0000      0.0000      0.0000
      0.0000      0.0000      0.0000      0.0000      0.0000      0.0000
      0.0000      0.0000      0.0000      0.0000      0.0000      0.0000
      0.0000      0.0000      0.0000      0.0000      0.0000      0.0000
      0.0000      0.0000      0.0000      0.0000      0.0000      0.0000
      0.0000      0.0000      0.0000      0.0000      0.0000      0.0000
      0.0000      0.0000      0.0000      0.0000      0.0000      0.0000
      0.0000      0.0000      0.0000      0.0000      0.0000      0.0000

  USINE N]29- COCHEP   21  22           0.0000
      0.0000      0.0000      0.0000      0.0000      0.0000      0.0000
      0.0000      0.0000      0.0000      0.0000      0.0000      0.0000
      0.0000      0.0000      0.0000      0.0000      0.0000      0.0000
      0.0000      0.0000      0.0000      0.0000      0.0000      0.0000
      0.0000      0.0000      0.0000      0.0000      0.0000      0.0000
      0.0000      0.0000      0.0000      0.0000      0.0000      0.0000
      0.0000      0.0000      0.0000      0.0000      0.0000      0.0000
      0.0000      0.0000      0.0000      0.0000      0.0000      0.0000
      0.0000      0.0000      0.0000      0.0000      0.0000      0.0000
      0.0000      0.0000      0.0000      0.0000      0.0000      0.0000
      0.0000      0.0000      0.0000      0.0000      0.0000      0.0000
      0.0000      0.0000      0.0000      0.0000      0.0000      0.0000
      0.0000      0.0000      0.0000      0.0000      0.0000      0.0000
      0.0000      0.0000      0.0000      0.0000      0.0000      0.0000
      0.0000      0.0000      0.0000      0.0000      0.0000      0.0000
      0.0000      0.0000      0.0000      0.0000      0.0000      0.0000

      0.0000      0.0000      0.0000      0.0000      0.0000      0.0000
      0.0000      0.0000      0.0000      0.0000      0.0000      0.0000
      0.0000      0.0000      0.0000      0.0000      0.0000      0.0000
      0.0000      0.0000      0.0000      0.0000      0.0000      0.0000
      0.0000      0.0000      0.0000      0.0000      0.0000      0.0000
      0.0000      0.0000      0.0000      0.0000      0.0000      0.0000
      0.0000      0.0000      0.0000      0.0000      0.0000      0.0000
      0.0000      0.0000      0.0000      0.0000      0.0000      0.0000
      0.0000      0.0000      0.0000      0.0000      0.0000      0.0000
      0.0000      0.0000      0.0000      0.0000      0.0000      0.0000
      0.0000      0.0000      0.0000      0.0000      0.0000      0.0000
      0.0000      0.0000      0.0000      0.0000      0.0000      0.0000
      0.0000      0.0000      0.0000      0.0000      0.0000      0.0000
      0.0000      0.0000      0.0000      0.0000      0.0000      0.0000
      0.0000      0.0000      0.0000      0.0000      0.0000      0.0000
      0.0000      0.0000      0.0000      0.0000      0.0000      0.0000

  USINE N]30- RANDEH   21  23        1883.5200
     51.7511     19.7000      0.0000      0.0000      0.0000     32.0511
      0.0000     15.2133     47.2644     64.1022     32.0511      0.0000
      7.1489     39.2000     51.6511     19.6000      0.0000      0.0000
      0.0000      0.0000      0.0000      0.0000      0.0000      0.0000
      0.0000      0.0000      0.0000      0.0000      0.0000     32.0511
     14.6156      0.0000      0.0000      0.0000     32.0511     64.1022
     32.0511      0.0000      0.0000      0.0000     32.0511      0.0000
      9.9156     32.0511      0.0000      0.0000      0.0000      0.0000
     32.0511     32.0511      0.0000     30.9489      0.0000      0.0000
      0.0000      0.0000     32.0511     42.0044      9.9533      0.0000
      0.0000     32.0511      0.0000      0.0000      0.0000      0.0000
     17.9489     42.0511     10.0000      0.0000      0.0000      0.0000
      0.0000      0.0000      0.0000      0.0000      0.0000      0.0000
      0.0000      0.0000      0.0000      0.0000      6.6667     10.0000
     10.0000     10.0000     10.0000     10.0000     10.0000     10.0000
     10.0000     10.0000     10.0000     10.0000     10.0000     10.0000

      0.0000      0.0000      0.0000      0.0000      0.0000      0.0000
      0.0000      0.0000      0.0000      0.0000      0.0000      0.0000
      0.0000      0.0000      0.0000      0.0000      0.0000      0.0000
      0.0000      0.0000      0.0000      0.0000      0.0000      0.0000
      0.0000      0.0000      0.0000      0.0000      0.0000      0.0000
      0.0000      0.0000      0.0000      0.0000      0.0000      0.0000
      0.0000      0.0000      0.0000      0.0000      0.0000      0.0000
      0.0000      0.0000      0.0000      0.0000      0.0000      0.0000
      0.0000      0.0000      0.0000      0.0000      0.0000      0.0000
      0.0000      0.0000      0.0000      0.0000      0.0000      0.0000
      0.0000      0.0000      0.0000      0.0000      0.0000      0.0000
      0.0000      0.0000      0.0000      0.0000      0.0000      0.0000
      0.0000      0.0000      0.0000      0.0000      0.0000      0.0000
      0.0000      0.0000      0.0000      0.0000      0.0000      0.0000
      0.0000      0.0000      0.0000      0.0000      0.0000      0.0000
      0.0000      0.0000      0.0000      0.0000      0.0000      0.0000

  USINE N]31- SSEG5H   23  24       32646.6767
    173.4000    683.8000      0.0000      0.0000      0.0000    719.1556
      0.0000    337.0000     25.8444      0.0000      0.0000    305.0000
      0.0000    191.0000    290.0000    210.8555    250.0000    250.0000
    250.0000    190.0000    250.0000      0.0000    250.0000    250.0000
    250.0000    250.0000      0.0000    290.0000    250.0000      0.0000
      0.0000    250.0000    290.0000      0.0000    290.0000    260.1334
    250.0000    250.0000    305.0000    290.0000    250.0000    250.0000
    250.0000    206.4000     68.6000    305.0000      0.0000      0.0000
    305.0000    290.0000      0.0000    250.0000    314.2445      0.0000
      0.0000    290.0000      0.0000    250.0000    304.0667      0.0000
    295.0000      0.0000    295.0000    250.0000    250.0000      0.0000
    290.0000    250.0000    290.0000      0.0000    250.0000    221.9779
    250.0000    290.0000     61.0511    305.0000    295.0000      0.0000
    305.0000    250.0000    305.0000      0.0000      0.0000     63.4444
    290.6155    305.0000    305.0000    290.0000    305.0000    250.0000
      0.0000    200.4536      0.0000    490.0000      0.0000      0.0000

      7.9764     -9.2514      0.0000      0.0000      0.0000     -9.7298
      0.0000     -4.5594     -0.3497      0.0000      0.0000     11.5000
      0.0000      8.7860     11.5000      9.6994     11.5000     11.5000
     11.5000      8.7400     11.5000      0.0000     11.5000     11.5000
     11.5000     11.5000      0.0000     11.5000     11.5000      0.0000
      0.0000     11.5000     11.5000      0.0000     11.5000     11.5000
     11.5000     11.5000     11.5000     11.5000     11.5000     11.5000
     11.5000      9.4944     -0.9281     11.5000      0.0000      0.0000
     11.5000     11.5000      0.0000     11.5000     11.5000      0.0000
      0.0000     11.5000      0.0000     11.5000     11.5000      0.0000
     11.5000      0.0000     11.5000     11.5000     11.5000      0.0000
     11.5000     11.5000     11.5000      0.0000     11.5000     10.2110
     11.5000     11.5000      2.8084     11.5000     11.5000      0.0000
     11.5000     11.5000     11.5000      0.0000      0.0000      2.9184
     11.5000     11.5000     11.5000     11.5000     11.5000     11.5000
      0.0000     -2.7120      0.0000     11.5000      0.0000      0.0000

  USINE N]32- BXVOIH   24  25       32646.6767
    173.4000    683.8000      0.0000      0.0000      0.0000    719.1556
      0.0000    337.0000     25.8444      0.0000      0.0000    305.0000
      0.0000    191.0000    290.0000    210.8555    250.0000    250.0000
    250.0000    190.0000    250.0000      0.0000    250.0000    250.0000
    250.0000    250.0000      0.0000    290.0000    250.0000      0.0000
      0.0000    250.0000    290.0000      0.0000    290.0000    260.1334
    250.0000    250.0000    305.0000    290.0000    250.0000    250.0000
    250.0000    206.4000     68.6000    305.0000      0.0000      0.0000
    305.0000    290.0000      0.0000    250.0000    314.2445      0.0000
      0.0000    290.0000      0.0000    250.0000    304.0667      0.0000
    295.0000      0.0000    295.0000    250.0000    250.0000      0.0000
    290.0000    250.0000    290.0000      0.0000    250.0000    221.9779
    250.0000    290.0000     61.0511    305.0000    295.0000      0.0000
    305.0000    250.0000    305.0000      0.0000      0.0000     63.4444
    290.6155    305.0000    305.0000    290.0000    305.0000    250.0000
      0.0000    200.4536      0.0000    490.0000      0.0000      0.0000

      8.3232     -9.2514      0.0000      0.0000      0.0000     -9.7298
      0.0000     -4.5594     -0.3497      0.0000      0.0000     12.0000
      0.0000      9.1680     12.0000     10.1211     12.0000     12.0000
     12.0000      9.1200     12.0000      0.0000     12.0000     12.0000
     12.0000     12.0000      0.0000     12.0000     12.0000      0.0000
      0.0000     12.0000     12.0000      0.0000     12.0000     12.0000
     12.0000     12.0000     12.0000     12.0000     12.0000     12.0000
     12.0000      9.9072     -0.9281     12.0000      0.0000      0.0000
     12.0000     12.0000      0.0000     12.0000     12.0000      0.0000
      0.0000     12.0000      0.0000     12.0000     12.0000      0.0000
     12.0000      0.0000     12.0000     12.0000     12.0000      0.0000
     12.0000     12.0000     12.0000      0.0000     12.0000     10.6549
     12.0000     12.0000      2.9305     12.0000     12.0000      0.0000
     12.0000     12.0000     12.0000      0.0000      0.0000      3.0453
     12.0000     12.0000     12.0000     12.0000     12.0000     12.0000
      0.0000     -2.7120      0.0000     12.0000      0.0000      0.0000

  USINE N]33- SSHILH   25  26       34374.6767
    183.4000    693.8000     10.0000     10.0000     10.0000    729.1556
     10.0000    347.0000     35.8444     10.0000     10.0000    315.0000
     10.0000    201.0000    300.0000    220.8555    260.0000    260.0000
    260.0000    200.0000    260.0000     10.0000    260.0000    260.0000
    260.0000    260.0000     10.0000    300.0000    260.0000     10.0000
     10.0000    260.0000    300.0000     10.0000    300.0000    270.1334
    260.0000    260.0000    315.0000    300.0000    260.0000    260.0000
    260.0000    216.4000     78.6000    315.0000     10.0000     10.0000
    315.0000    300.0000     10.0000    260.0000    324.2445     10.0000
     10.0000    300.0000     10.0000    260.0000    314.0667     10.0000
    305.0000     10.0000    305.0000    260.0000    260.0000     10.0000
    300.0000    260.0000    300.0000     10.0000    260.0000    231.9779
    260.0000    300.0000     71.0511    315.0000    305.0000     10.0000
    315.0000    260.0000    315.0000     10.0000     10.0000     73.4444
    300.6155    315.0000    315.0000    300.0000    315.0000    260.0000
     10.0000    210.4536     10.0000    500.0000     10.0000     10.0000

      7.3360     -9.2507     -0.1333      0.4000      0.4000     -9.7221
     -0.1333     -4.6267     -0.4779     -0.1333     -0.1333     12.0000
      0.4000      8.0400     12.0000      8.8342     10.4000     10.4000
     10.4000      8.0000     10.4000     -0.1333     10.4000     10.4000
     10.4000     10.4000      0.4000     12.0000     10.4000      0.4000
      0.4000     10.4000     12.0000     -0.1333     12.0000     10.8053
     10.4000     10.4000     12.0000     12.0000     10.4000     10.4000
     10.4000      8.6560     -1.0480     12.0000     -0.1333     -0.1333
     12.0000     12.0000      0.4000     10.4000     12.0000     -0.1333
     -0.1333     12.0000     -0.1333     10.4000     12.0000      0.4000
     12.0000     -0.1333     12.0000     10.4000     10.4000      0.4000
     12.0000     10.4000     12.0000      0.4000     10.4000      9.2791
     10.4000     12.0000      2.8420     12.0000     12.0000      0.4000
     12.0000     10.4000     12.0000     -0.1333     -0.1333      2.9378
     12.0000     12.0000     12.0000     12.0000     12.0000     10.4000
     -0.1333     -2.8060     -0.1333     12.0000     -0.1333     -0.1333

  USINE N]34- PIZANH   26  27       34374.6767
    183.4000    693.8000     10.0000     10.0000     10.0000    729.1556
     10.0000    347.0000     35.8444     10.0000     10.0000    315.0000
     10.0000    201.0000    300.0000    220.8555    260.0000    260.0000
    260.0000    200.0000    260.0000     10.0000    260.0000    260.0000
    260.0000    260.0000     10.0000    300.0000    260.0000     10.0000
     10.0000    260.0000    300.0000     10.0000    300.0000    270.1334
    260.0000    260.0000    315.0000    300.0000    260.0000    260.0000
    260.0000    216.4000     78.6000    315.0000     10.0000     10.0000
    315.0000    300.0000     10.0000    260.0000    324.2445     10.0000
     10.0000    300.0000     10.0000    260.0000    314.0667     10.0000
    305.0000     10.0000    305.0000    260.0000    260.0000     10.0000
    300.0000    260.0000    300.0000     10.0000    260.0000    231.9779
    260.0000    300.0000     71.0511    315.0000    305.0000     10.0000
    315.0000    260.0000    315.0000     10.0000     10.0000     73.4444
    300.6155    315.0000    315.0000    300.0000    315.0000    260.0000
     10.0000    210.4536     10.0000    500.0000     10.0000     10.0000

      9.1700    -13.5156     -0.1948      0.5000      0.5000    -14.2043
     -0.1948     -6.7597     -0.6983     -0.1948     -0.1948     14.4231
      0.5000     10.0385     13.8462     10.8021     12.3077     12.3077
     12.3077     10.0000     12.3077     -0.1948     12.3077     12.3077
     12.3077     12.3077      0.5000     13.8462     12.3077      0.5000
      0.5000     12.3077     13.8462      0.5000     13.8462     12.6974
     12.3077     12.3077     14.4231     13.8462     12.3077     12.3077
     12.3077     10.6308     -1.5312     14.4231     -0.1948     -0.1948
     14.4231     13.8462      0.5000     12.3077     14.7786     -0.1948
     -0.1948     13.8462     -0.1948     12.3077     14.3872      0.5000
     14.0385     -0.1948     14.0385     12.3077     12.3077      0.5000
     13.8462     12.3077     13.8462      0.5000     12.3077     11.2299
     12.3077     13.8462      3.5526     14.4231     14.0385      0.5000
     14.4231     12.3077     14.4231     -0.1948     -0.1948      3.6722
     13.8698     14.4231     14.4231     13.8462     14.4231     12.3077
     -0.1948     -4.0997     -0.1948     15.0000     -0.1948      0.5000

  USINE N]35- VANELH   27  28       34374.6767
    183.4000    693.8000     10.0000     10.0000     10.0000    729.1556
     10.0000    347.0000     35.8444     10.0000     10.0000    315.0000
     10.0000    201.0000    300.0000    220.8555    260.0000    260.0000
    260.0000    200.0000    260.0000     10.0000    260.0000    260.0000
    260.0000    260.0000     10.0000    300.0000    260.0000     10.0000
     10.0000    260.0000    300.0000     10.0000    300.0000    270.1334
    260.0000    260.0000    315.0000    300.0000    260.0000    260.0000
    260.0000    216.4000     78.6000    315.0000     10.0000     10.0000
    315.0000    300.0000     10.0000    260.0000    324.2445     10.0000
     10.0000    300.0000     10.0000    260.0000    314.0667     10.0000
    305.0000     10.0000    305.0000    260.0000    260.0000     10.0000
    300.0000    260.0000    300.0000     10.0000    260.0000    231.9779
    260.0000    300.0000     71.0511    315.0000    305.0000     10.0000
    315.0000    260.0000    315.0000     10.0000     10.0000     73.4444
    300.6155    315.0000    315.0000    300.0000    315.0000    260.0000
     10.0000    210.4536     10.0000    500.0000     10.0000     10.0000

     -3.6680    -13.8760     -0.2000      0.3448      0.3448    -14.0000
     -0.2000     -6.9400     -0.7169     -0.2000     -0.2000     10.2051
      0.3448      6.7500      9.8438      7.3705      8.5938      8.5938
      8.5938      6.7188      8.5938     -0.1117      8.5938      8.5938
      8.5938      8.5938      0.3448      9.8438      8.5938      0.3448
      0.3448      8.5938      9.8438      0.3448      9.8438      8.9104
      8.5938      8.5938     10.2051      9.8438      8.5938      8.5938
      8.5938      7.2313     -1.5720     10.2051     -0.2000     -0.2000
     10.2051      9.8438      0.3448      8.5938     10.3948     -0.2000
     -0.2000      9.8438     -0.2000      8.5938     10.1860      0.3448
     10.0000     -0.2000     10.0000      8.5938      8.5938      0.3448
      9.8438      8.5938      9.8438      0.3448      8.5938      7.7181
      8.5938      9.8438      2.4500     10.0000     10.0000      0.3448
     10.0000      8.5938     10.0000     -0.2000     -0.2000      2.5326
      9.8630     10.2051     10.2051      9.8438     10.2051      8.5938
     -0.2000     -4.2091     -0.2000     14.0000     -0.2000      0.3448

  USINE N]36- B.MONH   28   0       34374.6767
    183.4000    693.8000     10.0000     10.0000     10.0000    729.1556
     10.0000    347.0000     35.8444     10.0000     10.0000    315.0000
     10.0000    201.0000    300.0000    220.8555    260.0000    260.0000
    260.0000    200.0000    260.0000     10.0000    260.0000    260.0000
    260.0000    260.0000     10.0000    300.0000    260.0000     10.0000
     10.0000    260.0000    300.0000     10.0000    300.0000    270.1334
    260.0000    260.0000    315.0000    300.0000    260.0000    260.0000
    260.0000    216.4000     78.6000    315.0000     10.0000     10.0000
    315.0000    300.0000     10.0000    260.0000    324.2445     10.0000
     10.0000    300.0000     10.0000    260.0000    314.0667     10.0000
    305.0000     10.0000    305.0000    260.0000    260.0000     10.0000
    300.0000    260.0000    300.0000     10.0000    260.0000    231.9779
    260.0000    300.0000     71.0511    315.0000    305.0000     10.0000
    315.0000    260.0000    315.0000     10.0000     10.0000     73.4444
    300.6155    315.0000    315.0000    300.0000    315.0000    260.0000
     10.0000    210.4536     10.0000    500.0000     10.0000     10.0000

      9.0182    -11.7593     -0.1695      0.5000      0.5000    -12.3586
     -0.1695     -5.8814     -0.6075     -0.1695     -0.1695     15.0000
      0.5000      9.8182     14.3182     10.7207     12.5000     12.5000
     12.5000      9.7727     12.5000     -0.1695     12.5000     12.5000
     12.5000     12.5000      0.5000     14.3182     12.5000      0.5000
      0.5000     12.5000     14.3182     -0.1695     14.3182     12.9606
     12.5000     12.5000     15.0000     14.3182     12.5000     12.5000
     12.5000     10.5182     -1.3322     15.0000     -0.1695     -0.1695
     15.0000     14.3182      0.5000     12.5000     15.0000     -0.1695
     -0.1695     14.3182     -0.1695     12.5000     14.9576      0.5000
     14.5455     -0.1695     14.5455     12.5000     12.5000      0.5000
     14.3182     12.5000     14.3182      0.5000     12.5000     11.2263
     12.5000     14.3182      3.5526     15.0000     14.5455      0.5000
     15.0000     12.5000     15.0000     -0.1695     -0.1695      3.6722
     14.3462     15.0000     15.0000     14.3182     15.0000     12.5000
     -0.1695     -3.5670     -0.1695     15.0000     -0.1695     -0.1695

   DONNEES POUR LA VALLEE N] 4-ROSELEND DATE: 22/03/10     1 USINE(S)     1 RESERVOIR(S)
  LAC N]29- ROSELR     0.1000E+04     17.120       -1368.3600
  58232.0000  58232.0000  58232.0000  58232.0000  58232.0000  58232.0000
  58232.0000  58232.0000  58232.0000  58232.0000  58232.0000  58232.0000
  58232.0000  58232.0000  58232.0000  58202.6600  58173.3200  58151.5400
  58144.1600  58136.7800  58107.4400  58078.1000  58056.3200  58034.5400
  58027.1600  58019.7800  58012.4000  58005.0200  57975.6800  57946.3400
  57917.0000  57873.0800  57829.1600  57785.2400  57755.9000  57726.5600
  57682.6400  57638.7200  57594.8000  57573.0200  57551.2400  57521.9000
  57492.5600  57492.5600  57492.5600  57492.5600  57492.5600  57492.5600
  57492.5600  57492.5600  57492.5600  57492.5600  57492.5600  57492.5600
  57492.5600  57492.5600  57492.5600  57492.5600  57492.5600  57492.5600
  57492.5600  57492.5600  57492.5600  57448.6400  57404.7200  57360.8000
  57339.0200  57317.2400  57287.9000  57258.5600  57229.2200  57185.3000
  57141.3800  57119.6000  57119.6000  57119.6000  57097.8200  57068.4800
  57039.1400  57017.3600  57017.3600  57017.3600  57009.9800  56980.6400
  56951.3000  56921.9600  56900.1800  56878.4000  56871.0200  56863.6400
  56863.6400  56863.6400  56863.6400  56863.6400  56863.6400  56863.6400

  USINE N]37- BATHIH   29   0        1368.3600
      0.0000      0.0000      0.0000      0.0000      0.0000      0.0000
      0.0000      0.0000      0.0000      0.0000      0.0000      0.0000
      0.0000      0.0000      0.0000     16.3000     16.3000     12.1000
      4.1000      4.1000     16.3000     16.3000     12.1000     12.1000
      4.1000      4.1000      4.1000      4.1000     16.3000     16.3000
     16.3000     24.4000     24.4000     24.4000     16.3000     16.3000
     24.4000     24.4000     24.4000     12.1000     12.1000     16.3000
     16.3000      0.0000      0.0000      0.0000      0.0000      0.0000
      0.0000      0.0000      0.0000      0.0000      0.0000      0.0000
      0.0000      0.0000      0.0000      0.0000      0.0000      0.0000
      0.0000      0.0000      0.0000     24.4000     24.4000     24.4000
     12.1000     12.1000     16.3000     16.3000     16.3000     24.4000
     24.4000     12.1000      0.0000      0.0000     12.1000     16.3000
     16.3000     12.1000      0.0000      0.0000      4.1000     16.3000
     16.3000     16.3000     12.1000     12.1000      4.1000      4.1000
      0.0000      0.0000      0.0000      0.0000      0.0000      0.0000

      0.0000      0.0000      0.0000      0.0000      0.0000      0.0000
      0.0000      0.0000      0.0000      0.0000      0.0000      0.0000
      0.0000      0.0000      0.0000     80.0000     80.0000     60.0000
     20.0000     20.0000     80.0000     80.0000     60.0000     60.0000
     20.0000     20.0000     20.0000     20.0000     80.0000     80.0000
     80.0000    120.0000    120.0000    120.0000     80.0000     80.0000
    120.0000    120.0000    120.0000     60.0000     60.0000     80.0000
     80.0000      0.0000      0.0000      0.0000      0.0000      0.0000
      0.0000      0.0000      0.0000      0.0000      0.0000      0.0000
      0.0000      0.0000      0.0000      0.0000      0.0000      0.0000
      0.0000      0.0000      0.0000    120.0000    120.0000    120.0000
     60.0000     60.0000     80.0000     80.0000     80.0000    120.0000
    120.0000     60.0000      0.0000      0.0000     60.0000     80.0000
     80.0000     60.0000      0.0000      0.0000     20.0000     80.0000
     80.0000     80.0000     60.0000     60.0000     20.0000     20.0000
      0.0000      0.0000      0.0000      0.0000      0.0000      0.0000

   DONNEES POUR LA VALLEE N] 5-ROMANCHE DATE: 22/03/10     6 USINE(S)     5 RESERVOIR(S)
  LAC N]30- G.MARR     0.1000E+04     17.080       -3617.3200
  19944.1860  20171.8860  20399.5860  20627.2860  20854.9860  21082.6860
  21310.3860  21538.0860  21765.7860  21993.4860  22133.3460  22361.0460
  22023.3660  22149.4120  21845.2120  21541.0120  21236.8120  20932.6120
  20628.4120  20324.2120  20020.0120  19715.8120  19411.6120  19107.4120
  18803.2120  18499.0120  18194.8120  17890.6120  17586.4120  17282.2120
  16978.0120  16673.8120  16369.6120  16065.4120  15727.7320  15853.7780
  15516.0980  15178.4180  14840.7380  14503.0579  14165.3779  13827.6979
  13915.8580  13828.0180  13841.8320  14069.5320  14209.3920  14223.2060
  14450.9060  14678.6060  14906.3060  15134.0060  15218.6060  15446.3060
  15674.0060  15901.7060  16129.4060  16357.1060  16584.8060  16812.5060
  17040.2060  17267.9060  17468.2460  17164.0460  16859.8460  16555.6460
  16251.4460  15947.2460  15643.0460  15338.8460  15034.6460  14730.4460
  14426.2460  14122.0460  13913.4260  14000.5460  14200.8860  14401.2260
  14601.5660  14801.9060  15002.2461  15202.5861  15430.2861  15657.9861
  15885.6861  15548.0060  15210.3260  14872.6460  14636.6200  14864.3200
  15092.0200  15319.7200  15547.4200  15687.2800  15914.9800  16142.6800

  LAC N]31- VERN7R     0.1000E+04      0.000        3444.5200
   5336.0140   5106.5140   4877.0140   4647.5140   4418.0140   4188.5140
   3959.0140   3729.5140   3500.0140   3270.5140   3128.8540   2899.3540
   3235.2340   3107.3880   3409.7880   3712.1880   4014.5880   4316.9880
   4619.3880   4921.7880   5224.1880   5526.5880   5828.9880   6131.3880
   6433.7880   6736.1880   7038.5880   7340.9880   7643.3880   7945.7880
   8248.1880   8550.5880   8852.9880   9155.3880   9491.2680   9363.4220
   9699.3020  10035.1820  10371.0620  10706.9421  11042.8221  11378.7021
  11288.7420  11374.7820  11359.1680  11129.6680  10988.0080  10972.3940
  10742.8940  10513.3940  10283.8940  10054.3940   9967.9940   9738.4940
   9508.9940   9279.4940   9049.9940   8820.4940   8590.9940   8361.4940
   8131.9940   7902.4940   7700.3540   8002.7540   8305.1540   8607.5540
   8909.9540   9212.3540   9514.7540   9817.1540  10119.5540  10421.9540
  10724.3540  11026.7540  11233.5740  11144.6540  10942.5140  10740.3740
  10538.2340  10336.0940  10133.9539   9931.8139   9702.3139   9472.8139
   9243.3139   9579.1940   9915.0740  10250.9540  10485.1800  10255.6800
  10026.1800   9796.6800   9567.1800   9425.5200   9196.0200   8966.5200

  LAC N]32- B.ROMR     0.1000E+04      0.000           0.0000
     20.0000     20.0000     20.0000     20.0000     20.0000     20.0000
     50.6000     59.4000     90.0000     90.0000     59.4000     90.0000
     59.4000     90.0000     90.0000     69.5422     61.6722     53.8022
     27.8700     20.0000     20.0000     20.0000     20.0000     20.0000
     20.0000     20.0000     20.0000     20.0000     20.0000     85.3400
     86.9600     64.6400     51.3200     20.0000     27.2000     64.9378
     90.0000     77.6839     62.5501     52.5089     45.2856     20.0000
     50.6000     38.0000     20.0000     50.6000     38.0000     20.0000
     20.0000     20.0000     50.6000     79.4000     20.0000     20.0000
     20.0000     28.8000     59.4000     90.0000     90.0000     28.8000
     59.4000     90.0000     90.0000     90.0000     51.4800     31.0222
     28.6266     28.0946     20.0000     20.0000     20.0000     20.0000
     28.7789     20.0000     20.0000     20.0000     50.6000     81.2000
     58.5200     20.0000     50.6000     81.2000     28.8000     59.4000
     90.0000     73.6400     42.3200     20.0000     20.0000     50.6000
     59.4000     90.0000     90.0000     30.6000     20.0000     20.0000

  LAC N]33- CBON R     0.1000E+04      6.370       -1181.0000
   5477.0000   5477.0000   5477.0000   5477.0000   5477.0000   5477.0000
   5477.0000   5477.0000   5477.0000   5477.0000   5450.3000   5450.3000
   5414.3000   5414.3000   5378.3000   5342.3000   5306.3000   5270.3000
   5234.3000   5198.3000   5162.3000   5126.3000   5090.3000   5054.3000
   5018.3000   4982.3000   4946.3000   4910.3000   4874.3000   4874.3000
   4874.3000   4838.3000   4802.3000   4766.3000   4764.8604   4764.8604
   4764.8604   4728.8604   4692.8604   4656.8604   4620.8604   4620.0000
   4620.0000   4620.0000   4620.0000   4620.0000   4620.0000   4620.0000
   4620.0000   4620.0000   4620.0000   4620.0000   4620.0000   4620.0000
   4620.0000   4620.0000   4620.0000   4620.0000   4620.0000   4620.0000
   4620.0000   4620.0000   4620.0000   4584.0000   4548.0000   4512.0000
   4476.0000   4440.0000   4404.0000   4368.0000   4332.0000   4296.0000
   4296.0000   4296.0000   4296.0000   4296.0000   4296.0000   4296.0000
   4296.0000   4296.0000   4296.0000   4296.0000   4296.0000   4296.0000
   4296.0000   4296.0000   4296.0000   4296.0000   4296.0000   4296.0000
   4296.0000   4296.0000   4296.0000   4296.0000   4296.0000   4296.0000

  LAC N]34- CLAPIR     0.1000E+04      0.000         -27.0000
    112.7400    111.4800    110.2200    108.9600    107.7000    106.4400
    105.1800    103.9200    102.6600     83.3378     78.1278     46.2178
     68.3700     36.4600     32.6800     28.9000     25.1200     21.3400
     17.5600     13.7800     10.0000     13.7800     10.0000     10.0000
     25.1200     43.6600     53.2000     80.7400     90.2800     81.8822
     72.4805     81.0165     71.4904     56.8715     25.7544     11.2600
     10.0000     44.7400     79.4800    114.2200    148.9600    148.5604
    147.3004    146.0404    144.7804    143.5204    142.2604    141.0004
    139.7404    138.4804    137.2204    135.9604    134.7004    133.4404
    132.1804    130.9204    129.6604    128.4004    127.1404    107.8182
     70.4338     31.1858     10.0000     17.5600     13.7800     10.0000
     10.0000     14.9989     38.0600     72.8000    107.5400    142.2800
    141.0200    139.7600    138.5000    137.2400    135.9800    134.7200
    133.4600    130.5600    122.1000    104.6400    103.3800    102.1200
    100.8600     99.6000     98.3400     97.0800     95.8200     94.5600
     93.3000     92.0400     90.7800     89.5200     88.2600     87.0000

  USINE N]38- G.MAIH   30  31       14343.7460
      0.0000      0.0000      0.0000      0.0000      0.0000      0.0000
      0.0000      0.0000      0.0000      0.0000     48.8000      0.0000
    187.6000      0.0000    169.0000    169.0000    169.0000    169.0000
    169.0000    169.0000    169.0000    169.0000    169.0000    169.0000
    169.0000    169.0000    169.0000    169.0000    169.0000    169.0000
    169.0000    169.0000    169.0000    169.0000    187.6000      0.0000
    187.6000    187.6000    187.6000    187.6000    187.6000    187.6000
     21.0477     48.8000     48.8000      0.0000     48.8000     48.8000
      0.0000      0.0000      0.0000      0.0000     48.8000      0.0000
      0.0000      0.0000      0.0000      0.0000      0.0000      0.0000
      0.0000      0.0000      0.0000    169.0000    169.0000    169.0000
    169.0000    169.0000    169.0000    169.0000    169.0000    169.0000
    169.0000    169.0000    115.9000      0.0000      0.0000      0.0000
      0.0000      0.0000      0.0000      0.0000      0.0000      0.0000
      0.0000    187.6000    187.6000    187.6000    187.6000      0.0000
      0.0000      0.0000      0.0000     48.8000      0.0000      0.0000

      0.0000      0.0000      0.0000      0.0000      0.0000      0.0000
      0.0000      0.0000      0.0000      0.0000    180.0000      0.0000
    660.0000      0.0000    600.0000    600.0000    600.0000    600.0000
    600.0000    600.0000    600.0000    600.0000    600.0000    600.0000
    600.0000    600.0000    600.0000    600.0000    600.0000    600.0000
    600.0000    600.0000    600.0000    600.0000    660.0000      0.0000
    660.0000    660.0000    660.0000    660.0000    660.0000    660.0000
     77.6351    180.0000    180.0000      0.0000    180.0000    180.0000
      0.0000      0.0000      0.0000      0.0000    180.0000      0.0000
      0.0000      0.0000      0.0000      0.0000      0.0000      0.0000
      0.0000      0.0000      0.0000    600.0000    600.0000    600.0000
    600.0000    600.0000    600.0000    600.0000    600.0000    600.0000
    600.0000    600.0000    420.0000      0.0000      0.0000      0.0000
      0.0000      0.0000      0.0000      0.0000      0.0000      0.0000
      0.0000    660.0000    660.0000    660.0000    660.0000      0.0000
      0.0000      0.0000      0.0000    180.0000      0.0000      0.0000

  USINE N]39- G.MAIP   31  30       10726.4260
    102.3256    126.5000    126.5000    126.5000    126.5000    126.5000
    126.5000    126.5000    126.5000    126.5000    126.5000    126.5000
      0.0000     70.0256      0.0000      0.0000      0.0000      0.0000
      0.0000      0.0000      0.0000      0.0000      0.0000      0.0000
      0.0000      0.0000      0.0000      0.0000      0.0000      0.0000
      0.0000      0.0000      0.0000      0.0000      0.0000     70.0256
      0.0000      0.0000      0.0000      0.0000      0.0000      0.0000
     70.0256      0.0000     56.4744    126.5000    126.5000     56.4744
    126.5000    126.5000    126.5000    126.5000     95.8000    126.5000
    126.5000    126.5000    126.5000    126.5000    126.5000    126.5000
    126.5000    126.5000    111.3000      0.0000      0.0000      0.0000
      0.0000      0.0000      0.0000      0.0000      0.0000      0.0000
      0.0000      0.0000      0.0000     48.4000    111.3000    111.3000
    111.3000    111.3000    111.3000    111.3000    126.5000    126.5000
    126.5000      0.0000      0.0000      0.0000     56.4744    126.5000
    126.5000    126.5000    126.5000    126.5000    126.5000    126.5000

   -517.6945   -640.0000   -640.0000   -640.0000   -640.0000   -640.0000
   -640.0000   -640.0000   -640.0000   -640.0000   -640.0000   -640.0000
      0.0000   -348.9902      0.0000      0.0000      0.0000      0.0000
      0.0000      0.0000      0.0000      0.0000      0.0000      0.0000
      0.0000      0.0000      0.0000      0.0000      0.0000      0.0000
      0.0000      0.0000      0.0000      0.0000      0.0000   -348.9902
      0.0000      0.0000      0.0000      0.0000      0.0000      0.0000
   -348.9902      0.0000   -280.6261   -640.0000   -640.0000   -280.6261
   -640.0000   -640.0000   -640.0000   -640.0000   -480.0000   -640.0000
   -640.0000   -640.0000   -640.0000   -640.0000   -640.0000   -640.0000
   -640.0000   -640.0000   -560.0000      0.0000      0.0000      0.0000
      0.0000      0.0000      0.0000      0.0000      0.0000      0.0000
      0.0000      0.0000      0.0000   -240.0000   -560.0000   -560.0000
   -560.0000   -560.0000   -560.0000   -560.0000   -640.0000   -640.0000
   -640.0000      0.0000      0.0000      0.0000   -280.6261   -640.0000
   -640.0000   -640.0000   -640.0000   -640.0000   -640.0000   -640.0000

  USINE N]40- OZ   H   31  32         345.6000
      2.0000      2.0000      2.0000      2.0000      2.0000      2.0000
      2.0000      2.0000      2.0000      2.0000      2.0000      2.0000
      2.0000      2.0000      2.0000      2.0000      2.0000      2.0000
      2.0000      2.0000      2.0000      2.0000      2.0000      2.0000
      2.0000      2.0000      2.0000      2.0000      2.0000      2.0000
      2.0000      2.0000      2.0000      2.0000      2.0000      2.0000
      2.0000      2.0000      2.0000      2.0000      2.0000      2.0000
      2.0000      2.0000      2.0000      2.0000      2.0000      2.0000
      2.0000      2.0000      2.0000      2.0000      2.0000      2.0000
      2.0000      2.0000      2.0000      2.0000      2.0000      2.0000
      2.0000      2.0000      2.0000      2.0000      2.0000      2.0000
      2.0000      2.0000      2.0000      2.0000      2.0000      2.0000
      2.0000      2.0000      2.0000      2.0000      2.0000      2.0000
      2.0000      2.0000      2.0000      2.0000      2.0000      2.0000
      2.0000      2.0000      2.0000      2.0000      2.0000      2.0000
      2.0000      2.0000      2.0000      2.0000      2.0000      2.0000

      0.5000      0.5000      0.5000      0.5000      0.5000      0.5000
      0.5000      0.5000      0.5000      0.5000      0.5000      0.5000
      0.5000      0.5000      0.5000      0.5000      0.5000      0.5000
      0.5000      0.5000      0.5000      0.5000      0.5000      0.5000
      0.5000      0.5000      0.5000      0.5000      0.5000      0.5000
      0.5000      0.5000      0.5000      0.5000      0.5000      0.5000
      0.5000      0.5000      0.5000      0.5000      0.5000      0.5000
      0.5000      0.5000      0.5000      0.5000      0.5000      0.5000
      0.5000      0.5000      0.5000      0.5000      0.5000      0.5000
      0.5000      0.5000      0.5000      0.5000      0.5000      0.5000
      0.5000      0.5000      0.5000      0.5000      0.5000      0.5000
      0.5000      0.5000      0.5000      0.5000      0.5000      0.5000
      0.5000      0.5000      0.5000      0.5000      0.5000      0.5000
      0.5000      0.5000      0.5000      0.5000      0.5000      0.5000
      0.5000      0.5000      0.5000      0.5000      0.5000      0.5000
      0.5000      0.5000      0.5000      0.5000      0.5000      0.5000

  USINE N]41- SSGUIH   33  34        1181.0000
      0.0000      0.0000      0.0000      0.0000      0.0000      0.0000
      0.0000      0.0000      0.0000      0.0000     14.8334      0.0000
     20.0000      0.0000     20.0000     20.0000     20.0000     20.0000
     20.0000     20.0000     20.0000     20.0000     20.0000     20.0000
     20.0000     20.0000     20.0000     20.0000     20.0000      0.0000
      0.0000     20.0000     20.0000     20.0000      0.7998      0.0000
      0.0000     20.0000     20.0000     20.0000     20.0000      0.4780
      0.0000      0.0000      0.0000      0.0000      0.0000      0.0000
      0.0000      0.0000      0.0000      0.0000      0.0000      0.0000
      0.0000      0.0000      0.0000      0.0000      0.0000      0.0000
      0.0000      0.0000      0.0000     20.0000     20.0000     20.0000
     20.0000     20.0000     20.0000     20.0000     20.0000     20.0000
      0.0000      0.0000      0.0000      0.0000      0.0000      0.0000
      0.0000      0.0000      0.0000      0.0000      0.0000      0.0000
      0.0000      0.0000      0.0000      0.0000      0.0000      0.0000
      0.0000      0.0000      0.0000      0.0000      0.0000      0.0000

      0.0000      0.0000      0.0000      0.0000      0.0000      0.0000
      0.0000      0.0000      0.0000      0.0000     16.3167      0.0000
     21.5000      0.0000     21.5000     21.5000     21.5000     21.5000
     21.5000     21.5000     21.5000     21.5000     21.5000     21.5000
     21.5000     21.5000     21.5000     21.5000     21.5000      0.0000
      0.0000     21.5000     21.5000     21.5000      0.8797      0.0000
      0.0000     21.5000     21.5000     21.5000     21.5000      0.5258
      0.0000      0.0000      0.0000      0.0000      0.0000      0.0000
      0.0000      0.0000      0.0000      0.0000      0.0000      0.0000
      0.0000      0.0000      0.0000      0.0000      0.0000      0.0000
      0.0000      0.0000      0.0000     21.5000     21.5000     21.5000
     21.5000     21.5000     21.5000     21.5000     21.5000     21.5000
      0.0000      0.0000      0.0000      0.0000      0.0000      0.0000
      0.0000      0.0000      0.0000      0.0000      0.0000      0.0000
      0.0000      0.0000      0.0000      0.0000      0.0000      0.0000
      0.0000      0.0000      0.0000      0.0000      0.0000      0.0000

  USINE N]42- CLAPIH   34  32        1259.8400
      1.0000      1.0000      1.0000      1.0000      1.0000      1.0000
      1.0000      1.0000      1.0000     11.0346     18.0278     18.0278
      7.9932     18.0278     22.4000     22.4000     22.4000     22.4000
     22.4000     22.4000     22.4000     18.2000     22.4000     20.3000
     11.9000     10.0000     15.0000      5.0000     15.0000      4.9654
      5.5232     15.5577     25.5923     28.4216     18.3870      8.3525
      1.0000      1.0000      1.0000      1.0000      1.0000      1.0000
      1.0000      1.0000      1.0000      1.0000      1.0000      1.0000
      1.0000      1.0000      1.0000      1.0000      1.0000      1.0000
      1.0000      1.0000      1.0000      1.0000      1.0000     11.0346
     21.0691     22.1045     12.0699     16.1000     22.4000     22.4000
     20.3000     17.5228      7.4883      1.0000      1.0000      1.0000
      1.0000      1.0000      1.0000      1.0000      1.0000      1.0000
      1.0000      1.9111      5.0000     10.0000      1.0000      1.0000
      1.0000      1.0000      1.0000      1.0000      1.0000      1.0000
      1.0000      1.0000      1.0000      1.0000      1.0000      1.0000

      0.0000      0.0000      0.0000      0.0000      0.0000      0.0000
      0.0000      0.0000      0.0000      0.0000      0.0000      0.0000
      0.0000      0.0000      0.0000      0.0000      0.0000      0.0000
      0.0000      0.0000      0.0000      0.0000      0.0000      0.0000
      0.0000      0.0000      0.0000      0.0000      0.0000      0.0000
      0.0000      0.0000      0.0000      0.0000      0.0000      0.0000
      0.0000      0.0000      0.0000      0.0000      0.0000      0.0000
      0.0000      0.0000      0.0000      0.0000      0.0000      0.0000
      0.0000      0.0000      0.0000      0.0000      0.0000      0.0000
      0.0000      0.0000      0.0000      0.0000      0.0000      0.0000
      0.0000      0.0000      0.0000      0.0000      0.0000      0.0000
      0.0000      0.0000      0.0000      0.0000      0.0000      0.0000
      0.0000      0.0000      0.0000      0.0000      0.0000      0.0000
      0.0000      0.0000      0.0000      0.0000      0.0000      0.0000
      0.0000      0.0000      0.0000      0.0000      0.0000      0.0000
      0.0000      0.0000      0.0000      0.0000      0.0000      0.0000

  USINE N]43- B.ROMH   32   0        4067.8400
     21.0000     21.0000     21.0000     21.0000     21.0000     21.0000
      0.0000     12.1111      0.0000     17.0000     34.0000      0.0000
     34.0000      0.0000     17.0000     38.4000     38.4000     38.4000
     38.4000     38.4000     38.4000     38.4000     38.4000     38.4000
     38.4000     38.4000     38.4000     34.2000     38.4000      0.0000
     27.0000     38.4000     38.4000     38.4000     27.0000      0.0000
      7.5997     38.4000     50.0000     50.0000     38.4000     38.4000
      0.0000     24.0000     27.0000      0.0000     24.0000     27.0000
     17.0000     17.0000      0.0000      1.0000     50.0000     17.0000
     17.0000     12.1111      0.0000      0.0000     17.0000     51.0000
      0.0000      0.0000     17.0000     17.0000     38.4000     38.4000
     38.4000     38.4000     32.5669     32.1000     38.4000     38.4000
     31.4228     38.4000     23.4883     17.0000      0.0000      0.0000
     29.6000     38.4000      0.0000      0.0000     46.1111      0.0000
      0.0000     27.0000     38.4000     38.4000     17.0000      0.0000
     12.1111      0.0000     17.0000     50.0000     22.8889     17.0000

      0.0000      0.0000      0.0000      0.0000      0.0000      0.0000
      0.0000      0.0000      0.0000     23.9259     45.9825      0.0000
     45.9825      0.0000     23.9259     51.0000     51.0000     51.0000
     51.0000     51.0000     51.0000     51.0000     51.0000     51.0000
     51.0000     51.0000     51.0000     46.2105     51.0000      0.0000
     38.0000     51.0000     51.0000     51.0000     38.0000      0.0000
     10.6959     51.0000     57.0000     57.0000     51.0000     51.0000
      0.0000     33.7778     38.0000      0.0000     33.7778     38.0000
     23.9259     23.9259      0.0000      1.4074     57.0000      0.0000
      0.0000      0.0000      0.0000      0.0000      0.0000      0.0000
      0.0000      0.0000     23.9259     23.9259     51.0000     51.0000
     51.0000     51.0000     44.3482     43.8158     51.0000     51.0000
     43.0436     51.0000     33.0576     23.9259      0.0000      0.0000
     40.9649     51.0000      0.0000      0.0000     54.9885      0.0000
      0.0000     38.0000     51.0000     51.0000     23.9259      0.0000
      0.0000      0.0000      0.0000     57.0000      0.0000      0.0000

   DONNEES POUR LA VALLEE N] 6-DRAC1    DATE: 22/03/10     2 USINE(S)     2 RESERVOIR(S)
  LAC N]35- SAUTER     0.1000E+04      2.010       -1644.4800
  14784.0000  14784.0000  14784.0000  14784.0000  14784.0000  14784.0000
  14784.0000  14784.0000  14784.0000  14784.0000  14784.0000  14784.0000
  14784.0000  14784.0000  14784.0000  14721.3600  14658.7200  14596.0800
  14533.4400  14470.8000  14408.1600  14345.5200  14282.8800  14220.2400
  14157.6000  14094.9600  14032.3200  13969.6800  13928.6400  13928.6400
  13928.6400  13887.6000  13846.5600  13805.5200  13805.5200  13805.5200
  13805.5200  13742.8800  13680.2400  13617.6000  13554.9600  13492.3200
  13492.3200  13492.3200  13492.3200  13492.3200  13492.3200  13492.3200
  13492.3200  13492.3200  13492.3200  13492.3200  13492.3200  13492.3200
  13492.3200  13492.3200  13492.3200  13492.3200  13492.3200  13492.3200
  13492.3200  13492.3200  13492.3200  13492.3200  13429.6800  13367.0400
  13304.4000  13241.7600  13179.1200  13179.1200  13139.5200  13139.5200
  13139.5200  13139.5200  13139.5200  13139.5200  13139.5200  13139.5200
  13139.5200  13139.5200  13139.5200  13139.5200  13139.5200  13139.5200
  13139.5200  13139.5200  13139.5200  13139.5200  13139.5200  13139.5200
  13139.5200  13139.5200  13139.5200  13139.5200  13139.5200  13139.5200

  LAC N]36- SSCOGR     0.1000E+04      0.000         -90.0000
   4145.4002   4168.8003   4192.2002   4215.6002   4239.0002   4262.4002
   4285.8002   4309.2002   4332.6002   4356.0002   4379.4002   4402.8002
   4426.2002   4449.6002   4473.0002   4469.0402   4375.0802   4281.1202
   4187.1602   4093.2002   3999.2402   3905.2802   3811.3202   3717.3602
   3623.4002   3529.4402   3525.4802   3576.6535   3551.0935   3574.4935
   3597.8935   3662.3335   3636.7735   3701.2135   3724.6135   3748.0135
   3771.4135   3677.4535   3583.4935   3489.5335   3395.5735   3481.6135
   3505.0135   3528.4135   3551.8135   3575.2135   3598.6135   3622.0135
   3645.4135   3668.8135   3692.2135   3715.6135   3739.0135   3762.4135
   3785.8135   3809.2135   3832.6135   3856.0135   3879.4135   3902.8135
   3926.2135   3949.6135   3973.0135   3996.4135   3902.4535   3808.4935
   3714.5335   3634.5603   3630.6002   3564.0002   3537.0002   3470.4002
   3493.8002   3517.2002   3540.6002   3564.0002   3587.4002   3610.8002
   3634.2002   3657.6002   3681.0002   3704.4002   3727.8002   3751.2002
   3774.6002   3798.0002   3821.4002   3844.8002   3868.2002   3891.6002
   3915.0002   3938.4002   3961.8002   3985.2002   4008.6002   4032.0003

  USINE N]44- SAUCOH   35  36        1644.4800
      0.0000      0.0000      0.0000      0.0000      0.0000      0.0000
      0.0000      0.0000      0.0000      0.0000      0.0000      0.0000
      0.0000      0.0000      0.0000     34.8000     34.8000     34.8000
     34.8000     34.8000     34.8000     34.8000     34.8000     34.8000
     34.8000     34.8000     34.8000     34.8000     22.8000      0.0000
      0.0000     22.8000     22.8000     22.8000      0.0000      0.0000
      0.0000     34.8000     34.8000     34.8000     34.8000     34.8000
      0.0000      0.0000      0.0000      0.0000      0.0000      0.0000
      0.0000      0.0000      0.0000      0.0000      0.0000      0.0000
      0.0000      0.0000      0.0000      0.0000      0.0000      0.0000
      0.0000      0.0000      0.0000      0.0000     34.8000     34.8000
     34.8000     34.8000     34.8000      0.0000     22.0000      0.0000
      0.0000      0.0000      0.0000      0.0000      0.0000      0.0000
      0.0000      0.0000      0.0000      0.0000      0.0000      0.0000
      0.0000      0.0000      0.0000      0.0000      0.0000      0.0000
      0.0000      0.0000      0.0000      0.0000      0.0000      0.0000

      0.0000      0.0000      0.0000      0.0000      0.0000      0.0000
      0.0000      0.0000      0.0000      0.0000      0.0000      0.0000
      0.0000      0.0000      0.0000     22.5000     22.5000     22.5000
     22.5000     22.5000     22.5000     22.5000     22.5000     22.5000
     22.5000     22.5000     22.5000     22.5000     15.0000      0.0000
      0.0000     15.0000     15.0000     15.0000      0.0000      0.0000
      0.0000     22.5000     22.5000     22.5000     22.5000     22.5000
      0.0000      0.0000      0.0000      0.0000      0.0000      0.0000
      0.0000      0.0000      0.0000      0.0000      0.0000      0.0000
      0.0000      0.0000      0.0000      0.0000      0.0000      0.0000
      0.0000      0.0000      0.0000      0.0000     22.5000     22.5000
     22.5000     22.5000     22.5000      0.0000     14.5000      0.0000
      0.0000      0.0000      0.0000      0.0000      0.0000      0.0000
      0.0000      0.0000      0.0000      0.0000      0.0000      0.0000
      0.0000      0.0000      0.0000      0.0000      0.0000      0.0000
      0.0000      0.0000      0.0000      0.0000      0.0000      0.0000

  USINE N]45- SSCOGH   36   0        3980.8800
      0.0000      0.0000      0.0000      0.0000      0.0000      0.0000
      0.0000      0.0000      0.0000      0.0000      0.0000      0.0000
      0.0000      0.0000      0.0000     50.0000    100.0000    100.0000
    100.0000    100.0000    100.0000    100.0000    100.0000    100.0000
    100.0000    100.0000     50.0000     19.3704     50.0000      0.0000
      0.0000      0.0000     50.0000      0.0000      0.0000      0.0000
      0.0000    100.0000    100.0000    100.0000    100.0000      0.0000
      0.0000      0.0000      0.0000      0.0000      0.0000      0.0000
      0.0000      0.0000      0.0000      0.0000      0.0000      0.0000
      0.0000      0.0000      0.0000      0.0000      0.0000      0.0000
      0.0000      0.0000      0.0000      0.0000    100.0000    100.0000
    100.0000     92.2296     50.0000     50.0000     50.0000     50.0000
      0.0000      0.0000      0.0000      0.0000      0.0000      0.0000
      0.0000      0.0000      0.0000      0.0000      0.0000      0.0000
      0.0000      0.0000      0.0000      0.0000      0.0000      0.0000
      0.0000      0.0000      0.0000      0.0000      0.0000      0.0000

      0.0000      0.0000      0.0000      0.0000      0.0000      0.0000
      0.0000      0.0000      0.0000      0.0000      0.0000      0.0000
      0.0000      0.0000      0.0000     19.5000     35.5000     35.5000
     35.5000     35.5000     35.5000     35.5000     35.5000     35.5000
     35.5000     35.5000     19.5000      7.5545     19.5000      0.0000
      0.0000      0.0000     19.5000      0.0000      0.0000      0.0000
      0.0000     35.5000     35.5000     35.5000     35.5000      0.0000
      0.0000      0.0000      0.0000      0.0000      0.0000      0.0000
      0.0000      0.0000      0.0000      0.0000      0.0000      0.0000
      0.0000      0.0000      0.0000      0.0000      0.0000      0.0000
      0.0000      0.0000      0.0000      0.0000     35.5000     35.5000
     35.5000     33.0135     19.5000     19.5000     19.5000     19.5000
      0.0000      0.0000      0.0000      0.0000      0.0000      0.0000
      0.0000      0.0000      0.0000      0.0000      0.0000      0.0000
      0.0000      0.0000      0.0000      0.0000      0.0000      0.0000
      0.0000      0.0000      0.0000      0.0000      0.0000      0.0000

   DONNEES POUR LA VALLEE N] 7-DRAC2    DATE: 22/03/10     5 USINE(S)     5 RESERVOIR(S)
  LAC N]37- MTEYNR     0.1000E+04      2.090        -774.9000
   6131.0000   6131.0000   6131.0000   6131.0000   6131.0000   6131.0000
   6131.0000   6131.0000   6131.0000   6131.0000   6131.0000   6131.0000
   6131.0000   6131.0000   6131.0000   6020.3000   5909.6000   5798.9000
   5798.9000   5798.9000   5798.9000   5798.9000   5798.9000   5798.9000
   5798.9000   5798.9000   5798.9000   5798.9000   5798.9000   5798.9000
   5798.9000   5798.9000   5798.9000   5798.9000   5798.9000   5798.9000
   5798.9000   5688.2000   5577.5000   5466.8000   5356.1000   5356.1000
   5356.1000   5356.1000   5356.1000   5356.1000   5356.1000   5356.1000
   5356.1000   5356.1000   5356.1000   5356.1000   5356.1000   5356.1000
   5356.1000   5356.1000   5356.1000   5356.1000   5356.1000   5356.1000
   5356.1000   5356.1000   5356.1000   5356.1000   5356.1000   5356.1000
   5356.1000   5356.1000   5356.1000   5356.1000   5356.1000   5356.1000
   5356.1000   5356.1000   5356.1000   5356.1000   5356.1000   5356.1000
   5356.1000   5356.1000   5356.1000   5356.1000   5356.1000   5356.1000
   5356.1000   5356.1000   5356.1000   5356.1000   5356.1000   5356.1000
   5356.1000   5356.1000   5356.1000   5356.1000   5356.1000   5356.1000

  LAC N]38- SSCOMR     0.1000E+04      0.000        -111.6000
   7257.0000   7257.0000   7257.0000   7257.0000   7257.0000   7257.0000
   7257.0000   7257.0000   7257.0000   7257.0000   7257.0000   7257.0000
   7257.0000   7257.0000   7257.0000   7367.7000   7434.4640   7485.7640
   7374.1640   7314.7640   7255.3640   7255.3640   7255.3640   7255.3640
   7195.9640   7195.9640   7195.9640   7195.9640   7195.9640   7195.9640
   7195.9640   7195.9640   7195.9640   7195.9640   7195.9640   7195.9640
   7195.9640   7216.5820   7170.6820   7124.7820   7145.4000   7145.4000
   7145.4000   7145.4000   7145.4000   7145.4000   7145.4000   7145.4000
   7145.4000   7145.4000   7145.4000   7145.4000   7145.4000   7145.4000
   7145.4000   7145.4000   7145.4000   7145.4000   7145.4000   7145.4000
   7145.4000   7145.4000   7145.4000   7145.4000   7145.4000   7145.4000
   7145.4000   7145.4000   7145.4000   7145.4000   7145.4000   7145.4000
   7145.4000   7145.4000   7145.4000   7145.4000   7145.4000   7145.4000
   7145.4000   7145.4000   7145.4000   7145.4000   7145.4000   7145.4000
   7145.4000   7145.4000   7145.4000   7145.4000   7145.4000   7145.4000
   7145.4000   7145.4000   7145.4000   7145.4000   7145.4000   7145.4000

  LAC N]39- CHAMPR     0.1000E+04      0.000           0.0000
      0.0000      0.0000      0.0000      0.0000      0.0000      0.0000
      0.0000      0.0000      0.0000      0.0000      0.0000      0.0000
      0.0000      0.0000      0.0000      0.0000      0.0000      0.0000
      0.0000      0.0000      0.0000      0.0000      0.0000      0.0000
      0.0000      0.0000      0.0000      0.0000      0.0000      0.0000
      0.0000      0.0000      0.0000      0.0000      0.0000      0.0000
      0.0000      0.0000      0.0000      0.0000      0.0000      0.0000
      0.0000      0.0000      0.0000      0.0000      0.0000      0.0000
      0.0000      0.0000      0.0000      0.0000      0.0000      0.0000
      0.0000      0.0000      0.0000      0.0000      0.0000      0.0000
      0.0000      0.0000      0.0000      0.0000      0.0000      0.0000
      0.0000      0.0000      0.0000      0.0000      0.0000      0.0000
      0.0000      0.0000      0.0000      0.0000      0.0000      0.0000
      0.0000      0.0000      0.0000      0.0000      0.0000      0.0000
      0.0000      0.0000      0.0000      0.0000      0.0000      0.0000
      0.0000      0.0000      0.0000      0.0000      0.0000      0.0000

  LAC N]40- P.CLAR     0.1000E+04      0.000           0.0000
      0.0000      0.0000      0.0000      0.0000      0.0000      0.0000
      0.0000      0.0000      0.0000      0.0000      0.0000      0.0000
      0.0000      0.0000      0.0000      0.0000      0.0000      0.0000
      0.0000      0.0000      0.0000      0.0000      0.0000      0.0000
      0.0000      0.0000      0.0000      0.0000      0.0000      0.0000
      0.0000      0.0000      0.0000      0.0000      0.0000      0.0000
      0.0000      0.0000      0.0000      0.0000      0.0000      0.0000
      0.0000      0.0000      0.0000      0.0000      0.0000      0.0000
      0.0000      0.0000      0.0000      0.0000      0.0000      0.0000
      0.0000      0.0000      0.0000      0.0000      0.0000      0.0000
      0.0000      0.0000      0.0000      0.0000      0.0000      0.0000
      0.0000      0.0000      0.0000      0.0000      0.0000      0.0000
      0.0000      0.0000      0.0000      0.0000      0.0000      0.0000
      0.0000      0.0000      0.0000      0.0000      0.0000      0.0000
      0.0000      0.0000      0.0000      0.0000      0.0000      0.0000
      0.0000      0.0000      0.0000      0.0000      0.0000      0.0000

  LAC N]41- D.INFR     0.1000E+04      0.000           0.0000
      0.0000      0.0000      0.0000      0.0000      0.0000      0.0000
      0.0000      0.0000      0.0000      0.0000      0.0000      0.0000
      0.0000      0.0000      0.0000      0.0000      0.0000      0.0000
      0.0000      0.0000      0.0000      0.0000      0.0000      0.0000
      0.0000      0.0000      0.0000      0.0000      0.0000      0.0000
      0.0000      0.0000      0.0000      0.0000      0.0000      0.0000
      0.0000      0.0000      0.0000      0.0000      0.0000      0.0000
      0.0000      0.0000      0.0000      0.0000      0.0000      0.0000
      0.0000      0.0000      0.0000      0.0000      0.0000      0.0000
      0.0000      0.0000      0.0000      0.0000      0.0000      0.0000
      0.0000      0.0000      0.0000      0.0000      0.0000      0.0000
      0.0000      0.0000      0.0000      0.0000      0.0000      0.0000
      0.0000      0.0000      0.0000      0.0000      0.0000      0.0000
      0.0000      0.0000      0.0000      0.0000      0.0000      0.0000
      0.0000      0.0000      0.0000      0.0000      0.0000      0.0000
      0.0000      0.0000      0.0000      0.0000      0.0000      0.0000

  USINE N]46- MTEYNH   37  38         774.9000
      0.0000      0.0000      0.0000      0.0000      0.0000      0.0000
      0.0000      0.0000      0.0000      0.0000      0.0000      0.0000
      0.0000      0.0000      0.0000     61.5000     61.5000     61.5000
      0.0000      0.0000      0.0000      0.0000      0.0000      0.0000
      0.0000      0.0000      0.0000      0.0000      0.0000      0.0000
      0.0000      0.0000      0.0000      0.0000      0.0000      0.0000
      0.0000     61.5000     61.5000     61.5000     61.5000      0.0000
      0.0000      0.0000      0.0000      0.0000      0.0000      0.0000
      0.0000      0.0000      0.0000      0.0000      0.0000      0.0000
      0.0000      0.0000      0.0000      0.0000      0.0000      0.0000
      0.0000      0.0000      0.0000      0.0000      0.0000      0.0000
      0.0000      0.0000      0.0000      0.0000      0.0000      0.0000
      0.0000      0.0000      0.0000      0.0000      0.0000      0.0000
      0.0000      0.0000      0.0000      0.0000      0.0000      0.0000
      0.0000      0.0000      0.0000      0.0000      0.0000      0.0000
      0.0000      0.0000      0.0000      0.0000      0.0000      0.0000

      0.0000      0.0000      0.0000      0.0000      0.0000      0.0000
      0.0000      0.0000      0.0000      0.0000      0.0000      0.0000
      0.0000      0.0000      0.0000     22.5000     22.5000     22.5000
      0.0000      0.0000      0.0000      0.0000      0.0000      0.0000
      0.0000      0.0000      0.0000      0.0000      0.0000      0.0000
      0.0000      0.0000      0.0000      0.0000      0.0000      0.0000
      0.0000     22.5000     22.5000     22.5000     22.5000      0.0000
      0.0000      0.0000      0.0000      0.0000      0.0000      0.0000
      0.0000      0.0000      0.0000      0.0000      0.0000      0.0000
      0.0000      0.0000      0.0000      0.0000      0.0000      0.0000
      0.0000      0.0000      0.0000      0.0000      0.0000      0.0000
      0.0000      0.0000      0.0000      0.0000      0.0000      0.0000
      0.0000      0.0000      0.0000      0.0000      0.0000      0.0000
      0.0000      0.0000      0.0000      0.0000      0.0000      0.0000
      0.0000      0.0000      0.0000      0.0000      0.0000      0.0000
      0.0000      0.0000      0.0000      0.0000      0.0000      0.0000

  USINE N]47- SSCOMH   38  39         886.5000
      0.0000      0.0000      0.0000      0.0000      0.0000      0.0000
      0.0000      0.0000      0.0000      0.0000      0.0000      0.0000
      0.0000      0.0000      0.0000      0.0000     24.4089     33.0000
     62.0000     33.0000     33.0000      0.0000      0.0000      0.0000
     33.0000      0.0000      0.0000      0.0000      0.0000      0.0000
      0.0000      0.0000      0.0000      0.0000      0.0000      0.0000
      0.0000     50.0456     87.0000     87.0000     50.0456      0.0000
      0.0000      0.0000      0.0000      0.0000      0.0000      0.0000
      0.0000      0.0000      0.0000      0.0000      0.0000      0.0000
      0.0000      0.0000      0.0000      0.0000      0.0000      0.0000
      0.0000      0.0000      0.0000      0.0000      0.0000      0.0000
      0.0000      0.0000      0.0000      0.0000      0.0000      0.0000
      0.0000      0.0000      0.0000      0.0000      0.0000      0.0000
      0.0000      0.0000      0.0000      0.0000      0.0000      0.0000
      0.0000      0.0000      0.0000      0.0000      0.0000      0.0000
      0.0000      0.0000      0.0000      0.0000      0.0000      0.0000

      0.0000      0.0000      0.0000      0.0000      0.0000      0.0000
      0.0000      0.0000      0.0000      0.0000      0.0000      0.0000
      0.0000      0.0000      0.0000      0.0000      7.7665     10.5000
     19.0000     10.5000     10.5000      0.0000      0.0000      0.0000
     10.5000      0.0000      0.0000      0.0000      0.0000      0.0000
      0.0000      0.0000      0.0000      0.0000      0.0000      0.0000
      0.0000     15.4961     25.5000     25.5000     15.4961      0.0000
      0.0000      0.0000      0.0000      0.0000      0.0000      0.0000
      0.0000      0.0000      0.0000      0.0000      0.0000      0.0000
      0.0000      0.0000      0.0000      0.0000      0.0000      0.0000
      0.0000      0.0000      0.0000      0.0000      0.0000      0.0000
      0.0000      0.0000      0.0000      0.0000      0.0000      0.0000
      0.0000      0.0000      0.0000      0.0000      0.0000      0.0000
      0.0000      0.0000      0.0000      0.0000      0.0000      0.0000
      0.0000      0.0000      0.0000      0.0000      0.0000      0.0000
      0.0000      0.0000      0.0000      0.0000      0.0000      0.0000

  USINE N]48- CHAMPH   39  40         886.5000
      0.0000      0.0000      0.0000      0.0000      0.0000      0.0000
      0.0000      0.0000      0.0000      0.0000      0.0000      0.0000
      0.0000      0.0000      0.0000      0.0000     24.4089     33.0000
     62.0000     33.0000     33.0000      0.0000      0.0000      0.0000
     33.0000      0.0000      0.0000      0.0000      0.0000      0.0000
      0.0000      0.0000      0.0000      0.0000      0.0000      0.0000
      0.0000     50.0456     87.0000     87.0000     50.0456      0.0000
      0.0000      0.0000      0.0000      0.0000      0.0000      0.0000
      0.0000      0.0000      0.0000      0.0000      0.0000      0.0000
      0.0000      0.0000      0.0000      0.0000      0.0000      0.0000
      0.0000      0.0000      0.0000      0.0000      0.0000      0.0000
      0.0000      0.0000      0.0000      0.0000      0.0000      0.0000
      0.0000      0.0000      0.0000      0.0000      0.0000      0.0000
      0.0000      0.0000      0.0000      0.0000      0.0000      0.0000
      0.0000      0.0000      0.0000      0.0000      0.0000      0.0000
      0.0000      0.0000      0.0000      0.0000      0.0000      0.0000

      0.0000      0.0000      0.0000      0.0000      0.0000      0.0000
      0.0000      0.0000      0.0000      0.0000      0.0000      0.0000
      0.0000      0.0000      0.0000      0.0000      1.9527      2.6400
      4.9333      2.6400      2.6400      0.0000      0.0000      0.0000
      2.6400      0.0000      0.0000      0.0000      0.0000      0.0000
      0.0000      0.0000      0.0000      0.0000      0.0000      0.0000
      0.0000      4.0035      6.8778      6.8778      4.0035      0.0000
      0.0000      0.0000      0.0000      0.0000      0.0000      0.0000
      0.0000      0.0000      0.0000      0.0000      0.0000      0.0000
      0.0000      0.0000      0.0000      0.0000      0.0000      0.0000
      0.0000      0.0000      0.0000      0.0000      0.0000      0.0000
      0.0000      0.0000      0.0000      0.0000      0.0000      0.0000
      0.0000      0.0000      0.0000      0.0000      0.0000      0.0000
      0.0000      0.0000      0.0000      0.0000      0.0000      0.0000
      0.0000      0.0000      0.0000      0.0000      0.0000      0.0000
      0.0000      0.0000      0.0000      0.0000      0.0000      0.0000

  USINE N]49- P.CLAH   40  41       10118.7000
     44.0000     44.0000     44.0000     44.0000     44.0000     44.0000
     51.0000     51.0000     51.0000     51.0000     51.0000     51.0000
     51.0000     51.0000     51.0000     51.0000     51.0000     51.0000
     51.0000     51.0000     75.4089     84.0000    113.0000     84.0000
     84.0000     51.0000     51.0000     51.0000     84.0000     51.0000
     61.0000     61.0000     61.0000     61.0000     61.0000     61.0000
     61.0000     61.0000     61.0000     61.0000     61.0000    111.0456
    148.0000    148.0000    111.0456     51.0000     51.0000     51.0000
     51.0000     56.0000     56.0000     56.0000     56.0000     51.0000
     51.0000     51.0000     51.0000     51.0000     51.0000     51.0000
     51.0000     51.0000     51.0000     51.0000     51.0000     51.0000
     51.0000     51.0000     51.0000     51.0000     51.0000     51.0000
     51.0000     51.0000     51.0000     56.0000     56.0000     56.0000
     56.0000     56.0000     56.0000     56.0000     56.0000     56.0000
     56.0000     56.0000     56.0000     56.0000     56.0000     56.0000
     56.0000     56.0000     56.0000     56.0000     56.0000     56.0000

      0.0000      0.0000      0.0000      0.0000      0.0000      0.0000
      0.0000      0.0000      0.0000      0.0000      0.0000      0.0000
      0.0000      0.0000      0.0000      0.0000      0.0000      0.0000
      0.0000      0.0000      0.0000      0.0000      0.0000      0.0000
      0.0000      0.0000      0.0000      0.0000      0.0000      0.0000
      0.0000      0.0000      0.0000      0.0000      0.0000      0.0000
      0.0000      0.0000      0.0000      0.0000      0.0000      0.0000
      0.0000      0.0000      0.0000      0.0000      0.0000      0.0000
      0.0000      0.0000      0.0000      0.0000      0.0000      0.0000
      0.0000      0.0000      0.0000      0.0000      0.0000      0.0000
      0.0000      0.0000      0.0000      0.0000      0.0000      0.0000
      0.0000      0.0000      0.0000      0.0000      0.0000      0.0000
      0.0000      0.0000      0.0000      0.0000      0.0000      0.0000
      0.0000      0.0000      0.0000      0.0000      0.0000      0.0000
      0.0000      0.0000      0.0000      0.0000      0.0000      0.0000
      0.0000      0.0000      0.0000      0.0000      0.0000      0.0000

  USINE N]50- D.INFH   41   0       10118.7000
     44.0000     44.0000     44.0000     44.0000     44.0000     44.0000
     51.0000     51.0000     51.0000     51.0000     51.0000     51.0000
     51.0000     51.0000     51.0000     51.0000     51.0000     51.0000
     51.0000     51.0000     75.4089     84.0000    113.0000     84.0000
     84.0000     51.0000     51.0000     51.0000     84.0000     51.0000
     61.0000     61.0000     61.0000     61.0000     61.0000     61.0000
     61.0000     61.0000     61.0000     61.0000     61.0000    111.0456
    148.0000    148.0000    111.0456     51.0000     51.0000     51.0000
     51.0000     56.0000     56.0000     56.0000     56.0000     51.0000
     51.0000     51.0000     51.0000     51.0000     51.0000     51.0000
     51.0000     51.0000     51.0000     51.0000     51.0000     51.0000
     51.0000     51.0000     51.0000     51.0000     51.0000     51.0000
     51.0000     51.0000     51.0000     56.0000     56.0000     56.0000
     56.0000     56.0000     56.0000     56.0000     56.0000     56.0000
     56.0000     56.0000     56.0000     56.0000     56.0000     56.0000
     56.0000     56.0000     56.0000     56.0000     56.0000     56.0000

      0.0000      0.0000      0.0000      0.0000      0.0000      0.0000
      0.0000      0.0000      0.0000      0.0000      0.0000      0.0000
      0.0000      0.0000      0.0000      0.0000      0.0000      0.0000
      0.0000      0.0000      0.0000      0.0000      0.0000      0.0000
      0.0000      0.0000      0.0000      0.0000      0.0000      0.0000
      0.0000      0.0000      0.0000      0.0000      0.0000      0.0000
      0.0000      0.0000      0.0000      0.0000      0.0000      0.0000
      0.0000      0.0000      0.0000      0.0000      0.0000      0.0000
      0.0000      0.0000      0.0000      0.0000      0.0000      0.0000
      0.0000      0.0000      0.0000      0.0000      0.0000      0.0000
      0.0000      0.0000      0.0000      0.0000      0.0000      0.0000
      0.0000      0.0000      0.0000      0.0000      0.0000      0.0000
      0.0000      0.0000      0.0000      0.0000      0.0000      0.0000
      0.0000      0.0000      0.0000      0.0000      0.0000      0.0000
      0.0000      0.0000      0.0000      0.0000      0.0000      0.0000
      0.0000      0.0000      0.0000      0.0000      0.0000      0.0000

   DONNEES POUR LA VALLEE N] 8-REVIN    DATE: 22/03/10     3 USINE(S)     2 RESERVOIR(S)
  LAC N]42- REVISR     0.1000E+04      2.850         123.3000
   2689.6000   3179.2000   3668.8000   4158.4000   4648.0000   5137.6000
   5627.2000   6116.8000   6606.4000   7096.0000   7361.4000   7851.0000
   7361.4000   7851.0000   7851.0000   7357.8000   6864.6000   6371.4000
   5878.2000   5385.0000   4891.8000   4398.6000   3905.4000   3412.2000
   2919.0000   2425.8000   2100.0000   2100.0000   2100.0000   2589.6000
   3079.2000   3079.2000   2604.0000   2604.0000   3093.6000   3583.2000
   4072.8000   3579.6000   3086.4000   2593.2000   2100.0000   2100.0000
   2589.6000   2593.2000   2100.0000   2589.6000   2643.2000   2150.0000
   2639.6000   3129.2000   3618.8000   4108.4000   3615.2000   4104.8000
   4594.4000   5084.0000   5573.6000   6063.2000   6552.8000   7042.4000
   7409.6000   7776.8000   7664.7000   7294.8000   6924.9000   6555.0000
   6185.1000   5815.2000   5445.3000   5075.4000   4705.5000   4335.6000
   3965.7000   3595.8000   3225.9000   2856.0000   3223.2000   3590.4000
   3220.5000   2850.6000   3217.8000   3585.0000   3215.1000   3582.3000
   3949.5000   3579.6000   3086.4000   2593.2000   2100.0000   2589.6000
   3079.2000   3075.6000   3072.0000   2578.8000   2326.9000   2323.3000

  LAC N]43- REVIIR     0.1000E+04      0.000        -123.3000
   6671.4000   6181.8000   5692.2000   5202.6000   4713.0000   4223.4000
   3733.8000   3244.2000   2754.6000   2265.0000   1999.6000   1510.0000
   1999.6000   1510.0000   1510.0000   2003.2000   2496.4000   2989.6000
   3482.8000   3976.0000   4469.2000   4962.4000   5455.6000   5948.8000
   6442.0000   6935.2000   7261.0000   7261.0000   7261.0000   6771.4000
   6281.8000   6281.8000   6757.0000   6757.0000   6267.4000   5777.8000
   5288.2000   5781.4000   6274.6000   6767.8000   7261.0000   7261.0000
   6771.4000   6767.8000   7261.0000   6771.4000   6717.8000   7211.0000
   6721.4000   6231.8000   5742.2000   5252.6000   5745.8000   5256.2000
   4766.6000   4277.0000   3787.4000   3297.8000   2808.2000   2318.6000
   1951.4000   1584.2000   1696.3000   2066.2000   2436.1000   2806.0000
   3175.9000   3545.8000   3915.7000   4285.6000   4655.5000   5025.4000
   5395.3000   5765.2000   6135.1000   6505.0000   6137.8000   5770.6000
   6140.5000   6510.4000   6143.2000   5776.0000   6145.9000   5778.7000
   5411.5000   5781.4000   6274.6000   6767.8000   7261.0000   6771.4000
   6281.8000   6285.4000   6289.0000   6782.2000   7034.1000   7037.7000

  USINE N]51- REVI5H   42  43       20514.2000
      0.0000      0.0000      0.0000      0.0000      0.0000      0.0000
      0.0000      0.0000      0.0000      0.0000      0.0000      0.0000
    272.0000      0.0000      0.0000    274.0000    274.0000    274.0000
    274.0000    274.0000    274.0000    274.0000    274.0000    274.0000
    274.0000    274.0000    181.0000      0.0000      0.0000      0.0000
      0.0000      0.0000    264.0000      0.0000      0.0000      0.0000
      0.0000    274.0000    274.0000    274.0000    274.0000      0.0000
      0.0000      0.0000    274.0000      0.0000      0.0000    274.0000
      0.0000      0.0000      0.0000      0.0000    274.0000      0.0000
      0.0000      0.0000      0.0000      0.0000      0.0000      0.0000
      0.0000      0.0000     62.2778    205.5000    205.5000    205.5000
    205.5000    205.5000    205.5000    205.5000    205.5000    205.5000
    205.5000    205.5000    205.5000    205.5000      0.0000      0.0000
    205.5000    205.5000      0.0000      0.0000    205.5000      0.0000
      0.0000    205.5000    274.0000    274.0000    274.0000      0.0000
      0.0000    274.0000    274.0000    274.0000    274.0000    274.0000

      0.0000      0.0000      0.0000      0.0000      0.0000      0.0000
      0.0000      0.0000      0.0000      0.0000      0.0000      0.0000
    268.0292      0.0000      0.0000    270.0000    270.0000    270.0000
    270.0000    270.0000    270.0000    270.0000    270.0000    270.0000
    270.0000    270.0000    178.3577      0.0000      0.0000      0.0000
      0.0000      0.0000    260.1460      0.0000      0.0000      0.0000
      0.0000    270.0000    270.0000    270.0000    270.0000      0.0000
      0.0000      0.0000    270.0000      0.0000      0.0000    270.0000
      0.0000      0.0000      0.0000      0.0000    270.0000      0.0000
      0.0000      0.0000      0.0000      0.0000      0.0000      0.0000
      0.0000      0.0000     61.3686    202.5000    202.5000    202.5000
    202.5000    202.5000    202.5000    202.5000    202.5000    202.5000
    202.5000    202.5000    202.5000    202.5000      0.0000      0.0000
    202.5000    202.5000      0.0000      0.0000    202.5000      0.0000
      0.0000    202.5000    270.0000    270.0000    270.0000      0.0000
      0.0000    270.0000    270.0000    270.0000    270.0000    270.0000

  USINE N]52- REVI5P   43  42       20637.5000
    272.0000    272.0000    272.0000    272.0000    272.0000    272.0000
    272.0000    272.0000    272.0000    272.0000    147.4444    272.0000
      0.0000    272.0000      0.0000      0.0000      0.0000      0.0000
      0.0000      0.0000      0.0000      0.0000      0.0000      0.0000
      0.0000      0.0000      0.0000      0.0000      0.0000    272.0000
    272.0000      0.0000      0.0000      0.0000    272.0000    272.0000
    272.0000      0.0000      0.0000      0.0000      0.0000      0.0000
    272.0000      2.0000      0.0000    272.0000     29.7778      0.0000
    272.0000    272.0000    272.0000    272.0000      0.0000    272.0000
    272.0000    272.0000    272.0000    272.0000    272.0000    272.0000
    204.0000    204.0000      0.0000      0.0000      0.0000      0.0000
      0.0000      0.0000      0.0000      0.0000      0.0000      0.0000
      0.0000      0.0000      0.0000      0.0000    204.0000    204.0000
      0.0000      0.0000    204.0000    204.0000      0.0000    204.0000
    204.0000      0.0000      0.0000      0.0000      0.0000    272.0000
    272.0000    272.0000    272.0000      0.0000    134.0556    272.0000

   -360.0000   -360.0000   -360.0000   -360.0000   -360.0000   -360.0000
   -360.0000   -360.0000   -360.0000   -360.0000   -195.1471   -360.0000
      0.0000   -360.0000      0.0000      0.0000      0.0000      0.0000
      0.0000      0.0000      0.0000      0.0000      0.0000      0.0000
      0.0000      0.0000      0.0000      0.0000      0.0000   -360.0000
   -360.0000      0.0000      0.0000      0.0000   -360.0000   -360.0000
   -360.0000      0.0000      0.0000      0.0000      0.0000      0.0000
   -360.0000     -2.6471      0.0000   -360.0000    -39.4118      0.0000
   -360.0000   -360.0000   -360.0000   -360.0000      0.0000   -360.0000
   -360.0000   -360.0000   -360.0000   -360.0000   -360.0000   -360.0000
   -270.0000   -270.0000      0.0000      0.0000      0.0000      0.0000
      0.0000      0.0000      0.0000      0.0000      0.0000      0.0000
      0.0000      0.0000      0.0000      0.0000   -270.0000   -270.0000
      0.0000      0.0000   -270.0000   -270.0000      0.0000   -270.0000
   -270.0000      0.0000      0.0000      0.0000      0.0000   -360.0000
   -360.0000   -360.0000   -360.0000      0.0000   -177.4265   -360.0000

  USINE N]53- BOCALH   43   0           0.0000
      0.0000      0.0000      0.0000      0.0000      0.0000      0.0000
      0.0000      0.0000      0.0000      0.0000      0.0000      0.0000
      0.0000      0.0000      0.0000      0.0000      0.0000      0.0000
      0.0000      0.0000      0.0000      0.0000      0.0000      0.0000
      0.0000      0.0000      0.0000      0.0000      0.0000      0.0000
      0.0000      0.0000      0.0000      0.0000      0.0000      0.0000
      0.0000      0.0000      0.0000      0.0000      0.0000      0.0000
      0.0000      0.0000      0.0000      0.0000      0.0000      0.0000
      0.0000      0.0000      0.0000      0.0000      0.0000      0.0000
      0.0000      0.0000      0.0000      0.0000      0.0000      0.0000
      0.0000      0.0000      0.0000      0.0000      0.0000      0.0000
      0.0000      0.0000      0.0000      0.0000      0.0000      0.0000
      0.0000      0.0000      0.0000      0.0000      0.0000      0.0000
      0.0000      0.0000      0.0000      0.0000      0.0000      0.0000
      0.0000      0.0000      0.0000      0.0000      0.0000      0.0000
      0.0000      0.0000      0.0000      0.0000      0.0000      0.0000

      0.0000      0.0000      0.0000      0.0000      0.0000      0.0000
      0.0000      0.0000      0.0000      0.0000      0.0000      0.0000
      0.0000      0.0000      0.0000      0.0000      0.0000      0.0000
      0.0000      0.0000      0.0000      0.0000      0.0000      0.0000
      0.0000      0.0000      0.0000      0.0000      0.0000      0.0000
      0.0000      0.0000      0.0000      0.0000      0.0000      0.0000
      0.0000      0.0000      0.0000      0.0000      0.0000      0.0000
      0.0000      0.0000      0.0000      0.0000      0.0000      0.0000
      0.0000      0.0000      0.0000      0.0000      0.0000      0.0000
      0.0000      0.0000      0.0000      0.0000      0.0000      0.0000
      0.0000      0.0000      0.0000      0.0000      0.0000      0.0000
      0.0000      0.0000      0.0000      0.0000      0.0000      0.0000
      0.0000      0.0000      0.0000      0.0000      0.0000      0.0000
      0.0000      0.0000      0.0000      0.0000      0.0000      0.0000
      0.0000      0.0000      0.0000      0.0000      0.0000      0.0000
      0.0000      0.0000      0.0000      0.0000      0.0000      0.0000

   DONNEES POUR LA VALLEE N] 9-HTVERDON DATE: 22/03/10     2 USINE(S)     2 RESERVOIR(S)
  LAC N]44- CASTIR     0.1000E+04      1.050       -1699.2000
  45100.0000  45100.0000  45100.0000  45100.0000  45100.0000  45100.0000
  45100.0000  45100.0000  45100.0000  45100.0000  45100.0000  45100.0000
  45100.0000  45100.0000  45042.4000  44984.8000  44956.0000  44927.2000
  44840.8000  44754.4000  44754.4000  44754.4000  44696.8000  44639.2000
  44581.6000  44524.0000  44524.0000  44524.0000  44524.0000  44524.0000
  44524.0000  44524.0000  44524.0000  44524.0000  44524.0000  44524.0000
  44524.0000  44524.0000  44437.6000  44351.2000  44351.2000  44351.2000
  44351.2000  44351.2000  44351.2000  44351.2000  44351.2000  44351.2000
  44351.2000  44351.2000  44351.2000  44351.2000  44351.2000  44351.2000
  44351.2000  44351.2000  44351.2000  44351.2000  44351.2000  44351.2000
  44351.2000  44351.2000  44264.8000  44178.4000  44178.4000  44178.4000
  44092.0000  44005.6000  43919.2000  43919.2000  43919.2000  43919.2000
  43919.2000  43861.6000  43804.0000  43746.4000  43746.4000  43746.4000
  43688.8000  43631.2000  43573.6000  43573.6000  43573.6000  43573.6000
  43573.6000  43487.2000  43400.8000  43400.8000  43400.8000  43400.8000
  43400.8000  43400.8000  43400.8000  43400.8000  43400.8000  43400.8000

  LAC N]45- CXDANR     0.1000E+04      0.000         -28.8000
   2680.2000   2680.2000   2680.2000   2680.2000   2680.2000   2680.2000
   2680.2000   2680.2000   2680.2000   2680.2000   2680.2000   2671.2000
   2660.4000   2646.0000   2683.8000   2712.6000   2712.6000   2712.6000
   2770.2000   2827.8000   2799.0000   2770.2000   2799.0000   2827.8000
   2856.6000   2885.4000   2856.6000   2827.8000   2804.4000   2790.0000
   2775.6000   2752.2000   2723.4000   2694.6000   2665.8000   2637.0000
   2608.2000   2579.4000   2637.0000   2694.6000   2665.8000   2637.0000
   2622.6000   2622.6000   2622.6000   2622.6000   2622.6000   2622.6000
   2622.6000   2622.6000   2622.6000   2622.6000   2622.6000   2622.6000
   2622.6000   2622.6000   2613.6000   2599.2000   2575.8000   2552.4000
   2532.6000   2512.8000   2570.4000   2628.0000   2599.2000   2570.4000
   2628.0000   2685.6000   2743.2000   2714.4000   2685.6000   2656.8000
   2628.0000   2656.8000   2685.6000   2714.4000   2685.6000   2656.8000
   2685.6000   2714.4000   2743.2000   2734.2000   2725.2000   2710.8000
   2687.4000   2750.4000   2808.0000   2779.2000   2750.4000   2739.6000
   2730.6000   2721.6000   2710.8000   2691.0000   2671.2000   2671.2000

  USINE N]54- CASTIH   44  45        1699.2000
      0.0000      0.0000      0.0000      0.0000      0.0000      0.0000
      0.0000      0.0000      0.0000      0.0000      0.0000      0.0000
      0.0000      0.0000     32.0000     32.0000     16.0000     16.0000
     48.0000     48.0000      0.0000      0.0000     32.0000     32.0000
     32.0000     32.0000      0.0000      0.0000      0.0000      0.0000
      0.0000      0.0000      0.0000      0.0000      0.0000      0.0000
      0.0000      0.0000     48.0000     48.0000      0.0000      0.0000
      0.0000      0.0000      0.0000      0.0000      0.0000      0.0000
      0.0000      0.0000      0.0000      0.0000      0.0000      0.0000
      0.0000      0.0000      0.0000      0.0000      0.0000      0.0000
      0.0000      0.0000     48.0000     48.0000      0.0000      0.0000
     48.0000     48.0000     48.0000      0.0000      0.0000      0.0000
      0.0000     32.0000     32.0000     32.0000      0.0000      0.0000
     32.0000     32.0000     32.0000      0.0000      0.0000      0.0000
      0.0000     48.0000     48.0000      0.0000      0.0000      0.0000
      0.0000      0.0000      0.0000      0.0000      0.0000      0.0000

      0.0000      0.0000      0.0000      0.0000      0.0000      0.0000
      0.0000      0.0000      0.0000      0.0000      0.0000      0.0000
      0.0000      0.0000      9.0000      9.0000      4.5000      4.5000
     13.5000     13.5000      0.0000      0.0000      9.0000      9.0000
      9.0000      9.0000      0.0000      0.0000      0.0000      0.0000
      0.0000      0.0000      0.0000      0.0000      0.0000      0.0000
      0.0000      0.0000     13.5000     13.5000      0.0000      0.0000
      0.0000      0.0000      0.0000      0.0000      0.0000      0.0000
      0.0000      0.0000      0.0000      0.0000      0.0000      0.0000
      0.0000      0.0000      0.0000      0.0000      0.0000      0.0000
      0.0000      0.0000     13.5000     13.5000      0.0000      0.0000
     13.5000     13.5000     13.5000      0.0000      0.0000      0.0000
      0.0000      9.0000      9.0000      9.0000      0.0000      0.0000
      9.0000      9.0000      9.0000      0.0000      0.0000      0.0000
      0.0000     13.5000     13.5000      0.0000      0.0000      0.0000
      0.0000      0.0000      0.0000      0.0000      0.0000      0.0000

  USINE N]55- CXDANH   45   0        1728.0000
     11.0000      0.0000      0.0000      0.0000      0.0000      0.0000
      0.0000      0.0000      0.0000      0.0000      0.0000      5.0000
      6.0000      8.0000     11.0000     16.0000     16.0000     16.0000
     16.0000     16.0000     16.0000     16.0000     16.0000     16.0000
     16.0000     16.0000     16.0000     16.0000     13.0000      8.0000
      8.0000     13.0000     16.0000     16.0000     16.0000     16.0000
     16.0000     16.0000     16.0000     16.0000     16.0000     16.0000
      8.0000      0.0000      0.0000      0.0000      0.0000      0.0000
      0.0000      0.0000      0.0000      0.0000      0.0000      0.0000
      0.0000      0.0000      5.0000      8.0000     13.0000     13.0000
     11.0000     11.0000     16.0000     16.0000     16.0000     16.0000
     16.0000     16.0000     16.0000     16.0000     16.0000     16.0000
     16.0000     16.0000     16.0000     16.0000     16.0000     16.0000
     16.0000     16.0000     16.0000      5.0000      5.0000      8.0000
     13.0000     13.0000     16.0000     16.0000     16.0000      6.0000
      5.0000      5.0000      6.0000     11.0000     11.0000      0.0000

      3.0000      0.0000      0.0000      0.0000      0.0000      0.0000
      0.0000      0.0000      0.0000      0.0000      0.0000      1.2500
      1.7500      2.2500      3.0000      4.5000      4.5000      4.5000
      4.5000      4.5000      4.5000      4.5000      4.5000      4.5000
      4.5000      4.5000      4.5000      4.5000      3.7500      2.2500
      2.2500      3.7500      4.5000      4.5000      4.5000      4.5000
      4.5000      4.5000      4.5000      4.5000      4.5000      4.5000
      2.2500      0.0000      0.0000      0.0000      0.0000      0.0000
      0.0000      0.0000      0.0000      0.0000      0.0000      0.0000
      0.0000      0.0000      1.2500      2.2500      3.7500      3.7500
      3.0000      3.0000      4.5000      4.5000      4.5000      4.5000
      4.5000      4.5000      4.5000      4.5000      4.5000      4.5000
      4.5000      4.5000      4.5000      4.5000      4.5000      4.5000
      4.5000      4.5000      4.5000      1.2500      1.2500      2.2500
      3.7500      3.7500      4.5000      4.5000      4.5000      1.7500
      1.2500      1.2500      1.7500      3.0000      3.0000      0.0000

   DONNEES POUR LA VALLEE N]10-DURANCE  DATE: 22/03/10    24 USINE(S)    20 RESERVOIR(S)
  LAC N]46- S.PONR     0.1000E+04      5.570       -2812.4070
 488937.9840 488937.9840 488937.9840 488937.9840 488937.9840 488937.9840
 488937.9840 488937.9840 488937.9840 488937.9840 488937.9840 488937.9840
 488937.9840 488937.9840 488937.9840 488882.5610 488805.1610 488481.1610
 488157.1610 488031.1610 487905.1610 487905.1610 487905.1610 487905.1610
 487686.3759 487686.3759 487686.3759 487686.3759 487686.3759 487686.3759
 487686.3759 487686.3759 487686.3759 487686.3759 487686.3759 487686.3759
 487686.3759 487362.3759 487038.3759 486714.3759 486390.3759 486390.3759
 486390.3759 486390.3759 486390.3759 486390.3759 486390.3759 486390.3759
 486390.3759 486390.3759 486390.3759 486390.3759 486390.3759 486390.3759
 486390.3759 486390.3759 486390.3759 486390.3759 486390.3759 486390.3759
 486390.3759 486390.3759 486390.3759 486390.3759 486390.3759 486390.3759
 486125.5770 486125.5770 486125.5770 486125.5770 486125.5770 486125.5770
 486125.5770 486125.5770 486125.5770 486125.5770 486125.5770 486125.5770
 486125.5770 486125.5770 486125.5770 486125.5770 486125.5770 486125.5770
 486125.5770 486125.5770 486125.5770 486125.5770 486125.5770 486125.5770
 486125.5770 486125.5770 486125.5770 486125.5770 486125.5770 486125.5770

  LAC N]47- ESPINR     0.1000E+04      0.000        -108.0000
    944.6000    939.2000    933.8000    928.4000    851.8720    846.4720
    715.1180    709.7180    704.3180    645.0000    495.6000    490.2000
    340.7770    335.3770    275.9770    200.0000    200.0000    347.6000
    407.2251    450.8149    571.4149    566.0149    560.6149    555.2149
    573.6000    568.2000    562.8000    557.4000    552.0000    546.6000
    541.2000    535.8000    530.4000    525.0000    519.6000    514.2000
    508.8000    692.4000    816.0000    999.6000   1243.2000   1237.8000
   1232.4000   1227.0000   1221.6000   1216.2000   1210.8000   1205.4000
   1200.0000   1194.6000   1189.2000   1183.8000   1178.4000   1173.0000
   1167.6000   1162.2000   1156.8000   1151.4000   1146.0000   1140.6000
   1135.2000   1129.8000   1124.4000   1119.0000    951.6011    874.2011
    998.6000    993.2000    987.8000    982.4000    977.0000    971.6000
    966.2000    960.8000    955.4000    950.0000    944.6000    939.2000
    933.8000    928.4000    923.0000    917.6000    912.2000    906.8000
    901.4000    896.0000    890.6000    885.2000    879.8000    874.4000
    869.0000    863.6000    858.2000    852.8000    847.4000    842.0000

  LAC N]48- SISTER     0.1000E+04      0.000           0.0000
      0.0000      0.0000      0.0000      0.0000      0.0000      0.0000
      0.0000      0.0000      0.0000      0.0000      0.0000      0.0000
      0.0000      0.0000      0.0000      0.0000      0.0000      0.0000
      0.0000      0.0000      0.0000      0.0000      0.0000      0.0000
      0.0000      0.0000      0.0000      0.0000      0.0000      0.0000
      0.0000      0.0000      0.0000      0.0000      0.0000      0.0000
      0.0000      0.0000      0.0000      0.0000      0.0000      0.0000
      0.0000      0.0000      0.0000      0.0000      0.0000      0.0000
      0.0000      0.0000      0.0000      0.0000      0.0000      0.0000
      0.0000      0.0000      0.0000      0.0000      0.0000      0.0000
      0.0000      0.0000      0.0000      0.0000      0.0000      0.0000
      0.0000      0.0000      0.0000      0.0000      0.0000      0.0000
      0.0000      0.0000      0.0000      0.0000      0.0000      0.0000
      0.0000      0.0000      0.0000      0.0000      0.0000      0.0000
      0.0000      0.0000      0.0000      0.0000      0.0000      0.0000
      0.0000      0.0000      0.0000      0.0000      0.0000      0.0000

  LAC N]49- LAZERR     0.1000E+04      0.000        -114.9930
    394.0000    385.0000    376.0000    367.0000    358.0000    349.0000
    340.0000    331.0000    322.0000    313.0000    304.0000    295.0000
    286.0000    313.0230    304.0230    295.0230    286.0230    277.0230
    277.9979    268.9979    259.9979    259.9979    259.9979    277.9979
    268.9979    259.9979    259.9979    268.9979    259.9979    304.9979
    295.9979    286.9979    277.9979    268.9979    259.9979    304.9979
    304.9979    295.9979    286.9979    277.9979    268.9979    259.9979
    304.9979    295.9979    286.9979    331.9979    376.9979    383.0081
    374.0081    365.0081    356.0081    347.0081    338.0081    329.0081
    320.0081    324.0070    369.0070    414.0070    459.0070    450.0070
    441.0070    432.0070    423.0070    414.0070    405.0070    396.0070
    387.0070    378.0070    369.0070    360.0070    351.0070    342.0070
    333.0070    324.0070    315.0070    306.0070    297.0070    288.0070
    279.0070    270.0070    261.0070    306.0070    297.0070    288.0070
    333.0070    324.0070    315.0070    306.0070    297.0070    342.0070
    333.0070    324.0070    315.0070    306.0070    297.0070    288.0070

  LAC N]50- SSLAZR     0.1000E+04      0.000           0.0000
    290.0000    230.0000    290.0000    290.0000    230.0000    230.0000
    230.0000    230.0000    248.0820    230.0000    230.0000    230.0000
    230.0000    230.0000    230.0000    230.0000    230.0000    230.0000
    290.0000    230.0000    230.0000    230.0000    230.0000    230.0000
    290.0000    230.0000    230.0000    290.0000    230.0000    290.0000
    290.0000    290.0000    230.0000    230.0000    230.0000    290.0000
    230.0000    230.0000    290.0000    290.0000    230.0000    230.0000
    290.0000    278.0460    230.0000    290.0000    290.0000    290.0000
    230.0000    230.0000    290.0000    290.0000    230.0000    290.0000
    230.0000    230.0000    290.0000    276.8709    290.0000    267.0471
    230.0000    290.0000    290.0000    290.0000    290.0000    248.0000
    230.0000    230.0000    230.0000    290.0000    230.0000    230.0000
    290.0000    230.0000    230.0000    230.0000    290.0000    290.0000
    290.0000    230.0000    230.0000    290.0000    230.0000    230.0000
    290.0000    290.0000    230.0000    230.0000    230.0000    290.0000
    290.0000    230.0000    290.0000    230.0000    230.0000    230.0000

  LAC N]51- ESCALR     0.1000E+04      0.000        -108.0000
    619.5410    623.0000    437.0000    311.0000    316.1280    280.0000
    297.9360    280.0000    280.0000    280.0000    306.9590    280.0000
    324.9820    280.0000    280.0000    280.0000    280.0000    379.0000
    496.0000    579.0102    525.0102    462.0102    417.0102    354.0102
    453.0102    477.0102    432.0102    318.0102    371.7642    341.6002
    413.6822    395.6822    437.6822    419.6822    491.7642    503.9282
    591.0102    672.0102    735.0102    798.0102    861.0102    789.0102
    693.0922    713.9642    828.2602    852.5922    846.8422    790.0000
    742.7650    725.6120    738.5410    721.3880    674.1530    597.0000
    684.8042    789.6916    883.6598   1000.0000   1000.0000   1000.0000
    947.0061    887.0471    824.0471    761.0471    806.0460    803.0460
    857.0460    758.0460    674.0230    620.0820    617.0000    644.0000
    656.0410    698.0000    725.0000    774.5205    854.1230    903.6435
    863.0820    860.0000    887.0000    878.3933    953.7047    878.9340
    738.0160    621.0160    564.0160    447.0160    420.0980    369.2620
    522.5080    645.6720    558.7540    501.7540    474.8360    538.0000

  LAC N]52- MANOSR     0.1000E+04      0.000           0.0000
      0.0000      0.0000      0.0000      0.0000      0.0000      0.0000
      0.0000      0.0000      0.0000      0.0000      0.0000      0.0000
      0.0000      0.0000      0.0000      0.0000      0.0000      0.0000
      0.0000      0.0000      0.0000      0.0000      0.0000      0.0000
      0.0000      0.0000      0.0000      0.0000      0.0000      0.0000
      0.0000      0.0000      0.0000      0.0000      0.0000      0.0000
      0.0000      0.0000      0.0000      0.0000      0.0000      0.0000
      0.0000      0.0000      0.0000      0.0000      0.0000      0.0000
      0.0000      0.0000      0.0000      0.0000      0.0000      0.0000
      0.0000      0.0000      0.0000      0.0000      0.0000      0.0000
      0.0000      0.0000      0.0000      0.0000      0.0000      0.0000
      0.0000      0.0000      0.0000      0.0000      0.0000      0.0000
      0.0000      0.0000      0.0000      0.0000      0.0000      0.0000
      0.0000      0.0000      0.0000      0.0000      0.0000      0.0000
      0.0000      0.0000      0.0000      0.0000      0.0000      0.0000
      0.0000      0.0000      0.0000      0.0000      0.0000      0.0000

  LAC N]53- SSTULR     0.1000E+04      0.000           0.0000
      0.0000      0.0000      0.0000      0.0000      0.0000      0.0000
      0.0000      0.0000      0.0000      0.0000      0.0000      0.0000
      0.0000      0.0000      0.0000      0.0000      0.0000      0.0000
      0.0000      0.0000      0.0000      0.0000      0.0000      0.0000
      0.0000      0.0000      0.0000      0.0000      0.0000      0.0000
      0.0000      0.0000      0.0000      0.0000      0.0000      0.0000
      0.0000      0.0000      0.0000      0.0000      0.0000      0.0000
      0.0000      0.0000      0.0000      0.0000      0.0000      0.0000
      0.0000      0.0000      0.0000      0.0000      0.0000      0.0000
      0.0000      0.0000      0.0000      0.0000      0.0000      0.0000
      0.0000      0.0000      0.0000      0.0000      0.0000      0.0000
      0.0000      0.0000      0.0000      0.0000      0.0000      0.0000
      0.0000      0.0000      0.0000      0.0000      0.0000      0.0000
      0.0000      0.0000      0.0000      0.0000      0.0000      0.0000
      0.0000      0.0000      0.0000      0.0000      0.0000      0.0000
      0.0000      0.0000      0.0000      0.0000      0.0000      0.0000

  LAC N]54- LARGUR     0.1000E+04      0.000           0.0000
      0.0000      0.0000      0.0000      0.0000      0.0000      0.0000
      0.0000      0.0000      0.0000      0.0000      0.0000      0.0000
      0.0000      0.0000      0.0000      0.0000      0.0000      0.0000
      0.0000      0.0000      0.0000      0.0000      0.0000      0.0000
      0.0000      0.0000      0.0000      0.0000      0.0000      0.0000
      0.0000      0.0000      0.0000      0.0000      0.0000      0.0000
      0.0000      0.0000      0.0000      0.0000      0.0000      0.0000
      0.0000      0.0000      0.0000      0.0000      0.0000      0.0000
      0.0000      0.0000      0.0000      0.0000      0.0000      0.0000
      0.0000      0.0000      0.0000      0.0000      0.0000      0.0000
      0.0000      0.0000      0.0000      0.0000      0.0000      0.0000
      0.0000      0.0000      0.0000      0.0000      0.0000      0.0000
      0.0000      0.0000      0.0000      0.0000      0.0000      0.0000
      0.0000      0.0000      0.0000      0.0000      0.0000      0.0000
      0.0000      0.0000      0.0000      0.0000      0.0000      0.0000
      0.0000      0.0000      0.0000      0.0000      0.0000      0.0000

  LAC N]55- BXMONR     0.1000E+04      0.000           0.0000
      0.0000      0.0000      0.0000      0.0000      0.0000      0.0000
      0.0000      0.0000      0.0000      0.0000      0.0000      0.0000
      0.0000      0.0000      0.0000      0.0000      0.0000      0.0000
      0.0000      0.0000      0.0000      0.0000      0.0000      0.0000
      0.0000      0.0000      0.0000      0.0000      0.0000      0.0000
      0.0000      0.0000      0.0000      0.0000      0.0000      0.0000
      0.0000      0.0000      0.0000      0.0000      0.0000      0.0000
      0.0000      0.0000      0.0000      0.0000      0.0000      0.0000
      0.0000      0.0000      0.0000      0.0000      0.0000      0.0000
      0.0000      0.0000      0.0000      0.0000      0.0000      0.0000
      0.0000      0.0000      0.0000      0.0000      0.0000      0.0000
      0.0000      0.0000      0.0000      0.0000      0.0000      0.0000
      0.0000      0.0000      0.0000      0.0000      0.0000      0.0000
      0.0000      0.0000      0.0000      0.0000      0.0000      0.0000
      0.0000      0.0000      0.0000      0.0000      0.0000      0.0000
      0.0000      0.0000      0.0000      0.0000      0.0000      0.0000

  LAC N]56- CADARR     0.1000E+04      0.000         -72.0000
   1353.5050   1311.0460   1273.0000   1300.0000   1327.0000   1300.0000
   1309.0180   1300.0000   1300.0000   1300.0000   1327.0410   1300.0000
   1327.0410   1300.0000   1300.0000   1354.0000   1363.0000   1372.0000
   1381.0000   1399.0000   1417.0000   1435.0000   1453.0000   1489.0000
   1525.0000   1561.0000   1597.0000   1633.0000   1639.2460   1555.4100
   1501.3280   1537.3280   1573.3280   1609.3280   1555.2460   1486.0820
   1468.0000   1540.0000   1630.0000   1720.0000   1810.0000   1900.0000
   1899.9180   1900.0000   1851.2270   1784.4180   1727.1680   1760.0000
   1849.2350   1848.3880   1811.6120   1810.7650   1900.0000   1900.0000
   1854.1957   1754.3095   1636.3872   1434.1762   1322.0471   1300.0000
   1345.0410   1300.0000   1300.0000   1300.0000   1354.0000   1425.9540
   1551.9540   1677.9540   1788.9770   1809.9180   1900.0000   1900.0000
   1854.9590   1900.0000   1900.0000   1877.4795   1764.8770   1742.3565
   1809.9180   1900.0000   1900.0000   1821.6067   1743.2953   1755.0660
   1718.9840   1772.9840   1826.9840   1880.9840   1844.9020   1774.7380
   1558.4920   1432.3280   1396.2460   1450.2460   1414.1640   1288.0000

  LAC N]57- SSCROR     0.1000E+04      2.980       -4660.2000
 232572.9920 232572.9920 232572.9920 232572.9920 232572.9920 232572.9920
 232572.9920 232572.9920 232572.9920 232572.9920 232572.9920 232572.9920
 232572.9920 232610.7920 232441.5920 232272.3920 232103.1920 231933.9920
 231764.7920 231595.5920 231426.3920 231257.1920 231087.9920 230918.7920
 230749.5920 230580.3920 230411.1920 230241.9920 230072.7920 230101.5920
 230130.3920 229961.1920 229791.9920 229622.7920 229651.5920 229680.3920
 229709.1920 229539.9920 229370.7920 229201.5920 229032.3920 228863.1920
 228891.9920 228920.7920 228949.5920 228978.3920 229007.1920 229035.9920
 229064.7920 229093.5920 229122.3920 229151.1920 229179.9920 229208.7920
 229237.5920 229266.3920 229295.1920 229323.9920 229352.7920 229381.5920
 229410.3920 229439.1920 229467.9920 229298.7920 229129.5920 228960.3920
 228791.1920 228621.9920 228452.7920 228283.5920 228114.3920 227945.1920
 227775.9920 227606.7920 227635.5920 227664.3920 227693.1920 227721.9920
 227750.7920 227779.5920 227808.3920 227837.1920 227865.9920 227894.7920
 227923.5920 227952.3920 227783.1920 227682.3920 227711.1920 227739.9920
 227768.7920 227797.5920 227826.3920 227855.1920 227883.9920 227912.7920

  LAC N]58- QUINSR     0.1000E+04      0.000        -108.0000
   4964.0000   4964.0000   4964.0000   4964.0000   4964.0000   4964.0000
   4964.0000   4964.0000   4964.0000   4964.0000   4964.0000   4964.0000
   4964.0000   4964.0000   4982.0000   5000.0000   5018.0000   5036.0000
   5054.0000   5072.0000   5090.0000   5108.0000   5126.0000   5144.0000
   5162.0000   5180.0000   5198.0000   5216.0000   5234.0000   5234.0000
   5234.0000   5252.0000   5270.0000   5288.0000   5253.8000   5253.8000
   5253.8000   5271.8000   5289.8000   5307.8000   5325.8000   5343.8000
   5343.8000   5343.8000   5230.4000   5230.4000   5230.4000   5230.4000
   5230.4000   5230.4000   5230.4000   5230.4000   5230.4000   5230.4000
   5230.4000   5230.4000   5230.4000   5230.4000   5230.4000   5230.4000
   5230.4000   5230.4000   5230.4000   5248.4000   5266.4000   5284.4000
   5302.4000   5320.4000   5338.4000   5356.4000   5374.4000   5392.4000
   5410.4000   5428.4000   5248.4000   5248.4000   5248.4000   5248.4000
   5248.4000   5248.4000   5248.4000   5248.4000   5248.4000   5248.4000
   5248.4000   5068.4000   5086.4000   5036.0000   4856.0000   4856.0000
   4856.0000   4856.0000   4856.0000   4856.0000   4856.0000   4856.0000

  LAC N]59- GREOUR     0.1000E+04      0.000         -90.0000
   2125.4000   2049.8000   1974.2000   1898.6000   1823.0000   1747.4000
   1671.8000   1596.2000   1520.6000   1445.0000   1369.4000   1293.8000
   1218.2000   1142.6000   1247.0000   1351.4000   1455.8000   1560.2000
   1664.6000   1769.0000   1873.4000   1977.8000   2082.2000   2186.6000
   2291.0000   2395.4000   2499.8000   2604.2000   2708.6000   2633.0000
   2557.4000   2661.8000   2766.2000   2870.6000   2829.2000   2753.6000
   2678.0000   2782.4000   2886.8000   2991.2000   3095.6000   3200.0000
   3124.4000   3048.8000   3086.6000   3011.0000   2935.4000   2859.8000
   2784.2000   2708.6000   2633.0000   2557.4000   2481.8000   2406.2000
   2330.6000   2255.0000   2179.4000   2103.8000   2028.2000   1952.6000
   1877.0000   1801.4000   1725.8000   1830.2000   1934.6000   2039.0000
   2143.4000   2247.8000   2352.2000   2456.6000   2561.0000   2665.4000
   2769.8000   2874.2000   2978.6000   2903.0000   2827.4000   2751.8000
   2676.2000   2600.6000   2525.0000   2449.4000   2373.8000   2298.2000
   2222.6000   2327.0000   2431.4000   2535.8000   2640.2000   2564.6000
   2489.0000   2413.4000   2337.8000   2262.2000   2186.6000   2111.0000

  LAC N]60- SSESTR     0.1000E+04      0.000         -45.0000
    165.9540     39.9540    123.0000     69.0000     15.0000     69.0000
     15.0000    105.0820     15.0000     15.0000     15.0000     15.0000
     15.0000     15.0000     15.0000     33.0000     51.0000     69.0000
     15.0000     15.0000     15.0000     67.0000     15.0000    123.0000
     69.0000     15.0000     15.0000     96.0000     42.0000    285.0000
    303.0000    249.0000    195.0000    141.0000    150.0000    309.0000
    309.0000    309.0000    255.0000    201.0000    219.0000    237.0000
    309.0000    309.0000    282.5230    309.0000    309.0000    282.0000
    274.0000    292.0000    309.0000    309.0000    291.8470    309.0000
    309.0000    273.0000    309.0000    291.0000    309.0000    255.0000
    236.9540    309.0000    309.0000    309.0000    308.9540    309.0000
    237.0000    165.0000     93.0000    246.0000    102.0000     15.0000
     30.0000     15.0000     15.0000     15.0000     58.0000    130.0000
     87.0000     15.0000     15.0000     15.0000     15.0000     15.0000
     69.0000     87.0000     33.0000     15.0000     15.0000    103.0000
    121.0000    139.0000    157.0000    103.0000     49.0000    192.0000

  LAC N]61- MALLER     0.1000E+04      0.000         -45.0000
     29.0000     29.0000     29.0000     63.0000     63.0000     63.1280
     63.1280     29.0000     29.0000     29.0000     29.0000     29.0000
     29.0000     29.0000     29.0000     29.0000     29.0000     29.0000
     29.0000     29.0000     29.0000     29.0000     81.0000     63.0000
     63.0000    117.0000    135.0000     90.0000    144.0000     29.0000
     29.0000     83.0000     83.0000    135.0000    144.0000     74.0000
     92.0000    110.0000    110.0000    144.0000    144.0000    144.0000
    144.0000    144.0000    144.0000    144.0000    144.0000    131.0000
    144.0000    144.0000    144.0000    144.0000    144.0000    144.0000
    144.0000    144.0000    109.9540     73.9540    144.0000    144.0000
    144.0000    144.0000    144.0000    144.0000    144.0000    144.0000
    144.0000    144.0000    144.0000     29.0000     29.0000     29.0000
     29.0000     29.0000     29.0000     72.0000     29.0000     29.0000
     29.0000     29.0000     29.0000     29.0000     29.0000     29.0000
     29.0000     29.0000     29.0000     29.0000     45.0000     29.0000
     29.0000     29.0000     29.0000     29.0000     63.0000     41.0000

  LAC N]62- SALONR     0.1000E+04      0.000         -45.0000
     13.0000     85.0000     13.0000     51.0000    123.0000     51.0000
    123.0000     13.0000     13.0000     13.0000     31.0000     13.0000
     31.0000     13.0000     13.0000     13.0000     13.0000     13.0000
     85.0000    103.0000    121.0000     87.0000    105.0000     33.0000
    105.0000    123.0000    123.0000    105.0000    123.0000     13.0000
     13.0000     31.0000    103.0000    123.0000    123.0000     13.0000
     13.0000     13.0000     85.0000    123.0000    123.0000    123.0000
     69.0000     87.0000    123.0000     34.0000     52.0000    110.0000
    123.0000    123.0000     69.8470     87.8470    123.0000    123.0000
    123.0000    123.0000     13.0000     85.0000     14.9540     86.9540
    123.0000     68.9540     86.9540    104.9540    123.0000    123.0000
    123.0000    123.0000    123.0000     13.0000     85.0000    100.0000
     13.0000     13.0000     13.0000     85.0000     13.0000     13.0000
     13.0000     13.0000     85.0000     13.0000     31.0000     49.0000
     13.0000     13.0000     85.0000    121.0000    123.0000     13.0000
     13.0000     13.0000     13.0000     85.0000    123.0000     20.0000

  LAC N]63- SSCHAR     0.1000E+04      0.000           0.0000
      0.0000      0.0000      0.0000      0.0000      0.0000      0.0000
      0.0000      0.0000      0.0000      0.0000      0.0000      0.0000
      0.0000      0.0000      0.0000      0.0000      0.0000      0.0000
      0.0000      0.0000      0.0000      0.0000      0.0000      0.0000
      0.0000      0.0000      0.0000      0.0000      0.0000      0.0000
      0.0000      0.0000      0.0000      0.0000      0.0000      0.0000
      0.0000      0.0000      0.0000      0.0000      0.0000      0.0000
      0.0000      0.0000      0.0000      0.0000      0.0000      0.0000
      0.0000      0.0000      0.0000      0.0000      0.0000      0.0000
      0.0000      0.0000      0.0000      0.0000      0.0000      0.0000
      0.0000      0.0000      0.0000      0.0000      0.0000      0.0000
      0.0000      0.0000      0.0000      0.0000      0.0000      0.0000
      0.0000      0.0000      0.0000      0.0000      0.0000      0.0000
      0.0000      0.0000      0.0000      0.0000      0.0000      0.0000
      0.0000      0.0000      0.0000      0.0000      0.0000      0.0000
      0.0000      0.0000      0.0000      0.0000      0.0000      0.0000

  LAC N]64- BERRER     0.1000E+04      0.000           0.0000
    902.0000    902.0000    902.0000    902.0000    902.0000    902.0000
    902.0000    902.0000    902.0000    902.0000    902.0000    902.0000
    902.0000    902.0000    902.0000    902.0000    902.0000    902.0000
    902.0000    902.0000    902.0000    902.0000    902.0000    902.0000
    902.0000    902.0000    902.0000    902.0000    902.0000    902.0000
    902.0000    902.0000    902.0000    902.0000    902.0000    902.0000
    902.0000    902.0000    902.0000    902.0000    902.0000    902.0000
    902.0000    902.0000    902.0000    902.0000    902.0000    902.0000
    902.0000    902.0000    902.0000    902.0000    902.0000    902.0000
    902.0000    902.0000    902.0000    902.0000    902.0000    902.0000
    902.0000    902.0000    902.0000    902.0000    902.0000    902.0000
    902.0000    902.0000    902.0000    902.0000    902.0000    902.0000
    902.0000    902.0000    902.0000    902.0000    902.0000    902.0000
    902.0000    902.0000    902.0000    902.0000    902.0000    902.0000
    902.0000    902.0000    902.0000    902.0000    902.0000    902.0000
    902.0000    902.0000    902.0000    902.0000    902.0000    902.0000

  LAC N]65- MEDITR     0.1000E+04      0.000           0.0000
      0.0000      0.0000      0.0000      0.0000      0.0000      0.0000
      0.0000      0.0000      0.0000      0.0000      0.0000      0.0000
      0.0000      0.0000      0.0000      0.0000      0.0000      0.0000
      0.0000      0.0000      0.0000      0.0000      0.0000      0.0000
      0.0000      0.0000      0.0000      0.0000      0.0000      0.0000
      0.0000      0.0000      0.0000      0.0000      0.0000      0.0000
      0.0000      0.0000      0.0000      0.0000      0.0000      0.0000
      0.0000      0.0000      0.0000      0.0000      0.0000      0.0000
      0.0000      0.0000      0.0000      0.0000      0.0000      0.0000
      0.0000      0.0000      0.0000      0.0000      0.0000      0.0000
      0.0000      0.0000      0.0000      0.0000      0.0000      0.0000
      0.0000      0.0000      0.0000      0.0000      0.0000      0.0000
      0.0000      0.0000      0.0000      0.0000      0.0000      0.0000
      0.0000      0.0000      0.0000      0.0000      0.0000      0.0000
      0.0000      0.0000      0.0000      0.0000      0.0000      0.0000
      0.0000      0.0000      0.0000      0.0000      0.0000      0.0000

  USINE N]56- S.PONH   46  47        2812.4070
      0.0000      0.0000      0.0000      0.0000      0.0000      0.0000
      0.0000      0.0000      0.0000      0.0000      0.0000      0.0000
      0.0000      0.0000      0.0000     30.7906     43.0000    180.0000
    180.0000     70.0000     70.0000      0.0000      0.0000      0.0000
    121.5473      0.0000      0.0000      0.0000      0.0000      0.0000
      0.0000      0.0000      0.0000      0.0000      0.0000      0.0000
      0.0000    180.0000    180.0000    180.0000    180.0000      0.0000
      0.0000      0.0000      0.0000      0.0000      0.0000      0.0000
      0.0000      0.0000      0.0000      0.0000      0.0000      0.0000
      0.0000      0.0000      0.0000      0.0000      0.0000      0.0000
      0.0000      0.0000      0.0000      0.0000      0.0000      0.0000
    147.1105      0.0000      0.0000      0.0000      0.0000      0.0000
      0.0000      0.0000      0.0000      0.0000      0.0000      0.0000
      0.0000      0.0000      0.0000      0.0000      0.0000      0.0000
      0.0000      0.0000      0.0000      0.0000      0.0000      0.0000
      0.0000      0.0000      0.0000      0.0000      0.0000      0.0000

      0.0000      0.0000      0.0000      0.0000      0.0000      0.0000
      0.0000      0.0000      0.0000      0.0000      0.0000      0.0000
      0.0000      0.0000      0.0000     13.1960     18.4286     76.5000
     76.5000     30.0000     30.0000      0.0000      0.0000      0.0000
     51.8200      0.0000      0.0000      0.0000      0.0000      0.0000
      0.0000      0.0000      0.0000      0.0000      0.0000      0.0000
      0.0000     76.5000     76.5000     76.5000     76.5000      0.0000
      0.0000      0.0000      0.0000      0.0000      0.0000      0.0000
      0.0000      0.0000      0.0000      0.0000      0.0000      0.0000
      0.0000      0.0000      0.0000      0.0000      0.0000      0.0000
      0.0000      0.0000      0.0000      0.0000      0.0000      0.0000
     62.6133      0.0000      0.0000      0.0000      0.0000      0.0000
      0.0000      0.0000      0.0000      0.0000      0.0000      0.0000
      0.0000      0.0000      0.0000      0.0000      0.0000      0.0000
      0.0000      0.0000      0.0000      0.0000      0.0000      0.0000
      0.0000      0.0000      0.0000      0.0000      0.0000      0.0000

  USINE N]57- CURBAH   47  48        2402.0070
      0.0000      0.0000      0.0000      0.0000     39.5156      0.0000
     69.9744      0.0000      0.0000     29.9544     80.0000      0.0000
     80.0128      0.0000     30.0000     70.0000     40.0000     95.0000
    143.8749     42.7834      0.0000      0.0000      0.0000      0.0000
    108.3333      0.0000      0.0000      0.0000      0.0000      0.0000
      0.0000      0.0000      0.0000      0.0000      0.0000      0.0000
      0.0000     75.0000    108.3333     75.0000     41.6667      0.0000
      0.0000      0.0000      0.0000      0.0000      0.0000      0.0000
      0.0000      0.0000      0.0000      0.0000      0.0000      0.0000
      0.0000      0.0000      0.0000      0.0000      0.0000      0.0000
      0.0000      0.0000      0.0000      0.0000     89.9994     40.0000
     75.0000      0.0000      0.0000      0.0000      0.0000      0.0000
      0.0000      0.0000      0.0000      0.0000      0.0000      0.0000
      0.0000      0.0000      0.0000      0.0000      0.0000      0.0000
      0.0000      0.0000      0.0000      0.0000      0.0000      0.0000
      0.0000      0.0000      0.0000      0.0000      0.0000      0.0000

      0.0000      0.0000      0.0000      0.0000     13.0401      0.0000
     23.1581      0.0000      0.0000     10.1096     26.8333      0.0000
     26.8376      0.0000     10.1250     23.5000     13.5000     31.8333
     48.1250     14.4278      0.0000      0.0000      0.0000      0.0000
     36.2778      0.0000      0.0000      0.0000      0.0000      0.0000
      0.0000      0.0000      0.0000      0.0000      0.0000      0.0000
      0.0000     25.1667     36.2778     25.1667     14.0556      0.0000
      0.0000      0.0000      0.0000      0.0000      0.0000      0.0000
      0.0000      0.0000      0.0000      0.0000      0.0000      0.0000
      0.0000      0.0000      0.0000      0.0000      0.0000      0.0000
      0.0000      0.0000      0.0000      0.0000     30.1665     13.5000
     25.1667      0.0000      0.0000      0.0000      0.0000      0.0000
      0.0000      0.0000      0.0000      0.0000      0.0000      0.0000
      0.0000      0.0000      0.0000      0.0000      0.0000      0.0000
      0.0000      0.0000      0.0000      0.0000      0.0000      0.0000
      0.0000      0.0000      0.0000      0.0000      0.0000      0.0000

  USINE N]58- LAZERH   49  48        4434.9930
     30.0000     30.0000     30.0000     30.0000     30.0000     30.0000
     30.0000     30.0000     30.0000     30.0000     30.0000     30.0000
     30.0000      9.9872     30.0000     30.0000     30.0000     30.0000
     24.4584     30.0000     30.0000     25.0000     25.0000     15.0000
     30.0000     30.0000     25.0000     20.0000     30.0000      0.0000
     30.0000     30.0000     30.0000     30.0000     30.0000      0.0000
     25.0000     30.0000     30.0000     30.0000     30.0000     30.0000
      0.0000     30.0000     30.0000      0.0000      0.0000     21.6610
     30.0000     30.0000     30.0000     30.0000     30.0000     30.0000
     30.0000     22.7784      0.0000      0.0000      0.0000     30.0000
     30.0000     30.0000     30.0000     30.0000     30.0000     30.0000
     30.0000     30.0000     30.0000     30.0000     30.0000     30.0000
     30.0000     30.0000     30.0000     30.0000     30.0000     30.0000
     30.0000     30.0000     30.0000      0.0000     30.0000     30.0000
      0.0000     30.0000     30.0000     30.0000     30.0000      0.0000
     30.0000     30.0000     30.0000     30.0000     30.0000     30.0000

      6.0000      6.0000      6.0000      6.0000      6.0000      6.0000
      6.0000      6.0000      6.0000      6.0000      6.0000      6.0000
      6.0000      1.9974      6.0000      6.0000      6.0000      6.0000
      4.8917      6.0000      6.0000      5.0000      5.0000      3.0000
      6.0000      6.0000      5.0000      4.0000      6.0000      0.0000
      6.0000      6.0000      6.0000      6.0000      6.0000      0.0000
      5.0000      6.0000      6.0000      6.0000      6.0000      6.0000
      0.0000      6.0000      6.0000      0.0000      0.0000      4.3322
      6.0000      6.0000      6.0000      6.0000      6.0000      6.0000
      6.0000      4.5557      0.0000      0.0000      0.0000      6.0000
      6.0000      6.0000      6.0000      6.0000      6.0000      6.0000
      6.0000      6.0000      6.0000      6.0000      6.0000      6.0000
      6.0000      6.0000      6.0000      6.0000      6.0000      6.0000
      6.0000      6.0000      6.0000      0.0000      6.0000      6.0000
      0.0000      6.0000      6.0000      6.0000      6.0000      0.0000
      6.0000      6.0000      6.0000      6.0000      6.0000      6.0000

  USINE N]59- SISTEH   48  50        9429.0000
     45.0000     45.0000     45.0000     45.0000     84.5156     45.0000
    114.9744     45.0000     45.0000     74.9544    125.0000     45.0000
    125.0128     24.9872     75.0000    115.0000     85.0000    140.0000
    183.3333     87.7834     45.0000     40.0000     40.0000     30.0000
    153.3333     45.0000     40.0000     35.0000     45.0000     15.0000
     45.0000     45.0000     45.0000     45.0000     45.0000     15.0000
     40.0000    120.0000    153.3333    120.0000     86.6667     45.0000
     15.0000     45.0000     45.0000     15.0000     15.0000     36.6610
     45.0000     45.0000     45.0000     45.0000     45.0000     45.0000
     45.0000     37.7784     15.0000     15.0000     15.0000     45.0000
     45.0000     45.0000     45.0000     45.0000    134.9994     85.0000
    120.0000     45.0000     45.0000     45.0000     45.0000     45.0000
     45.0000     45.0000     45.0000     45.0000     45.0000     45.0000
     45.0000     45.0000     45.0000     15.0000     45.0000     45.0000
     15.0000     45.0000     45.0000     45.0000     45.0000     15.0000
     45.0000     45.0000     45.0000     45.0000     45.0000     45.0000

     18.3750     18.3750     18.3750     18.3750     35.7071     18.3750
     49.6312     18.3750     18.3750     34.4792     57.3571     20.7857
     57.3630     11.5566     34.5000     52.7857     39.0714     64.2143
     83.8611     40.3439     20.7857     18.5000     18.5000     13.8750
     70.3095     20.7857     18.5000     16.1875     20.7857      6.9375
     20.7857     20.7857     20.7857     20.7857     20.7857      6.9375
     18.5000     55.0714     70.3095     55.0714     39.8333     20.7857
      6.9375     20.7857     20.7857      6.1250      6.9375     16.9557
     20.7857     20.7857     18.3750     20.7857     20.7857     18.3750
     18.3750     15.4262      6.1250      6.1250      6.1250     18.3750
     18.3750     18.3750     20.7857     20.7857     61.9283     39.0714
     55.0000     20.7813     20.7813     20.7813     20.7813     20.7813
     20.7813     20.7813     20.7813     20.7813     20.5312     20.5312
     20.7813     20.7813     20.5312      6.8438     20.7857     18.3750
      6.1250     20.7857     20.7857     20.7857     20.7857      6.1250
     18.3750     18.3750     18.3750     20.7857     18.3750     18.3750

  USINE N]60- SALIGH   50  51       16818.0000
     41.6667    108.3333     41.6667     75.0000    147.8489     75.0000
    144.9745     75.0000     64.9544    115.0000    155.0000     75.0000
    155.0128     54.9872    105.0000    145.0000    115.0000    170.0000
    180.0000    161.1168     85.0000     80.0000     90.0000     80.0000
    170.0000    128.3333     90.0000     51.6667    128.3333     31.6667
    105.0000    105.0000    138.3333    105.0000    105.0000     41.6667
    133.3333    180.0000    180.0000    180.0000    180.0000    105.0000
     41.6667    106.6411    126.6922     26.6667     60.0000     81.6610
    123.3333     90.0000     56.6667     90.0000    123.3333     56.6667
    123.3333     82.7784     26.6667     67.2939     52.7061    102.7516
    110.5817     56.6667     85.0000     85.0000    174.9994    148.3333
    170.0000     85.0000     85.0000     51.6667    118.3333     85.0000
     51.6667    118.3333     85.0000     85.0000     51.6667     85.0000
     85.0000    118.3333     85.0000     21.6667    118.3333     85.0000
     21.6667     85.0000    118.3333     85.0000     85.0000     21.6667
     85.0000    118.3333     51.6667    118.3333     85.0000     85.0000

      5.0000     13.0417      5.0000      9.0000     17.9811      9.0000
     17.6218      9.0000      7.7945     14.2778     19.1667      9.3750
     19.1682      6.8734     13.0556     17.9444     14.2778     21.0000
     22.0000     19.9143     10.6111     10.0000     11.2222     10.0000
     21.0000     15.9074     11.2222      6.4583     15.9074      3.9583
     13.0556     13.0556     17.1296     13.0556     13.0556      5.2083
     16.5185     22.0000     22.0000     22.0000     22.0000     13.0556
      5.2083     13.2561     15.7068      3.2000      7.5000     10.2030
     15.2963     11.2222      6.8000     11.2222     15.2963      6.8000
     14.9167      9.9334      3.2000      8.0753      6.3247     12.3440
     13.3227      6.8000     10.6111     10.6111     21.4999     18.3519
     21.0000     10.6111     10.6111      6.4583     14.6852     10.6111
      6.4583     14.6852     10.6111     10.6111      6.2000     10.2000
     10.6111     14.6852     10.2000      2.6000     14.6852     10.2000
      2.6000     10.6111     14.6852     10.6111     10.6111      2.6000
     10.2000     14.2917      6.2000     14.6852     10.2000     10.2000

  USINE N]61- ORAISH   51  52       25998.0000
    111.3661    161.4117    200.0000    200.0000    200.0000    150.0711
    190.0100    139.9644    119.9544    170.0000    195.0228    144.9772
    185.0228    134.9772    160.0000    200.0000    170.0000    170.0000
    170.0000    170.0000    170.0000    170.0000    170.0000    170.0000
    170.0000    170.0000    170.0000    170.0000    153.4700    103.4244
    119.9544    170.0000    170.0000    170.0000    119.9544     89.9089
    139.9544    190.0000    200.0000    200.0000    200.0000    200.0000
    149.9544    150.0456    118.1944     68.1489    118.1944    168.2400
    199.5750    149.5294     99.4839    149.5294    199.5750    149.5294
    124.5532     74.5076     24.4621     52.6605    102.7061    152.7516
    190.0228    139.9772    170.0000    170.0000    200.0000    200.0000
    190.0000    190.0000    181.6794    131.6339    170.0456    120.0000
     94.9772    145.0228    120.0000    107.4886     57.4431    107.4886
    157.5342    170.0456    120.0000     76.4481    126.4937    176.5393
    149.9544    200.0000    200.0000    200.0000    149.9544     99.9089
     49.8633     99.9089    149.9544    200.0000    149.9544     99.9089

     38.7452     57.1921     71.5556     71.5556     71.5556     52.9709
     67.8371     49.2090     41.8585     61.3478     70.3778     52.3179
     66.7691     48.7092     57.7391     72.1739     60.5000     60.5000
     60.5000     60.5000     60.5000     60.5000     60.5000     60.5000
     60.5000     60.5000     60.5000     60.5000     54.6737     36.8450
     42.7338     60.5000     60.5000     60.5000     42.9837     32.4454
     50.5053     68.5652     72.1739     72.1739     72.1739     72.1739
     54.1140     54.1469     42.6528     23.3521     42.6528     60.7127
     72.0205     53.9606     34.4379     53.9606     72.0205     52.7693
     43.5255     25.5777      8.3171     17.9312     35.6059     53.9687
     67.8418     49.2137     61.3478     61.3478     72.1739     72.1739
     68.0000     68.0000     65.0878     47.1688     60.9330     43.0000
     34.0335     51.9665     43.0000     38.5168     19.6051     37.3396
     56.4497     60.9330     41.8750     26.2569     45.3269     62.9522
     52.9275     72.1739     72.1739     72.1739     54.1140     34.5920
     16.9535     34.5920     52.9275     72.1739     52.9275     34.5920

  USINE N]62- MANOSH   52  53       19573.8519
     51.3661    101.4117    140.0000    140.0000    140.0000     90.0711
    140.0000     79.9644     59.9544    140.0000    140.0000    140.0000
    140.0000    134.9772    140.0000    140.0000    140.0000    140.0000
    140.0000    140.0000    140.0000    140.0000    140.0000    140.0000
    140.0000    140.0000    140.0000    140.0000    140.0000    103.4244
    119.9544    140.0000    140.0000    140.0000    119.9544     89.9089
    139.9544    140.0000    140.0000    140.0000    140.0000    140.0000
    140.0000    140.0000    118.1944      8.1489    118.1944    140.0000
    140.0000    140.0000     39.4839    140.0000    140.0000     89.5294
     64.5532     14.5076      0.0000      0.0000     42.7061    140.0000
    130.0228     79.9772    140.0000    140.0000    140.0000    140.0000
    140.0000    140.0000    140.0000    131.6339    140.0000    120.0000
     94.9772    140.0000    120.0000    107.4886      7.4431     57.4886
    140.0000    140.0000     70.0000     26.4481    126.4937    126.5393
     89.9544    140.0000    140.0000    140.0000    140.0000     39.9089
      0.0000     39.9089     89.9544    140.0000     89.9544     39.9089

      7.7049     15.4400     22.0000     22.0000     22.0000     13.5121
     22.0000     11.9947      8.9932     22.0000     22.0000     22.0000
     22.0000     21.2466     22.0000     22.0000     22.0000     22.0000
     22.0000     22.0000     22.0000     22.0000     22.0000     22.0000
     22.0000     22.0000     22.0000     22.0000     22.0000     16.5137
     18.9932     22.0000     22.0000     22.0000     18.9932     14.4863
     21.9932     22.0000     22.0000     22.0000     22.0000     22.0000
     22.0000     22.0000     18.7292      1.2223     18.7292     22.0000
     22.0000     22.0000      5.9226     22.0000     22.0000     13.4294
      9.6830      2.1761      0.0000      0.0000      6.4059     22.0000
     20.3039     11.9966     22.0000     22.0000     22.0000     22.0000
     22.0000     22.0000     22.0000     20.7451     22.0000     19.0000
     15.2466     22.0000     19.0000     17.1233      1.1165      8.6233
     22.0000     22.0000     10.5000      3.9672     19.9741     19.7117
     13.4932     22.0000     22.0000     22.0000     22.0000      5.9863
      0.0000      5.9863     13.4932     22.0000     13.4932      5.9863

  USINE N]63- BRILLH   52  54        6424.1481
     60.0000     60.0000     60.0000     60.0000     60.0000     60.0000
     50.0100     60.0000     60.0000     30.0000     55.0228      4.9772
     45.0228      0.0000     20.0000     60.0000     30.0000     30.0000
     30.0000     30.0000     30.0000     30.0000     30.0000     30.0000
     30.0000     30.0000     30.0000     30.0000     13.4700      0.0000
      0.0000     30.0000     30.0000     30.0000      0.0000      0.0000
      0.0000     50.0000     60.0000     60.0000     60.0000     60.0000
      9.9544     10.0456      0.0000     60.0000      0.0000     28.2400
     59.5750      9.5294     60.0000      9.5294     59.5750     60.0000
     60.0000     60.0000     24.4621     52.6605     60.0000     12.7516
     60.0000     60.0000     30.0000     30.0000     60.0000     60.0000
     50.0000     50.0000     41.6794      0.0000     30.0456      0.0000
      0.0000      5.0228      0.0000      0.0000     50.0000     50.0000
     17.5342     30.0456     50.0000     50.0000      0.0000     50.0000
     60.0000     60.0000     60.0000     60.0000      9.9544     60.0000
     49.8633     60.0000     60.0000     60.0000     60.0000     60.0000

      6.0000      6.0000      6.0000      6.0000      6.0000      6.0000
      5.0010      6.0000      6.0000      3.0000      5.5023      0.4977
      4.5023      0.0000      2.0000      6.0000      3.0000      3.0000
      3.0000      3.0000      3.0000      3.0000      3.0000      3.0000
      3.0000      3.0000      3.0000      3.0000      1.3470      0.0000
      0.0000      3.0000      3.0000      3.0000      0.0000      0.0000
      0.0000      5.0000      6.0000      6.0000      6.0000      6.0000
      0.9954      1.0046      0.0000      6.0000      0.0000      2.8240
      5.9575      0.9529      6.0000      0.9529      5.9575      6.0000
      6.0000      6.0000      2.4462      5.2661      6.0000      1.2752
      6.0000      6.0000      3.0000      3.0000      6.0000      6.0000
      5.0000      5.0000      4.1679      0.0000      3.0046      0.0000
      0.0000      0.5023      0.0000      0.0000      5.0000      5.0000
      1.7534      3.0046      5.0000      5.0000      0.0000      5.0000
      6.0000      6.0000      6.0000      6.0000      0.9954      6.0000
      4.9863      6.0000      6.0000      6.0000      6.0000      6.0000

  USINE N]64- LARGUH   54  53        6424.1481
     60.0000     60.0000     60.0000     60.0000     60.0000     60.0000
     50.0100     60.0000     60.0000     30.0000     55.0228      4.9772
     45.0228      0.0000     20.0000     60.0000     30.0000     30.0000
     30.0000     30.0000     30.0000     30.0000     30.0000     30.0000
     30.0000     30.0000     30.0000     30.0000     13.4700      0.0000
      0.0000     30.0000     30.0000     30.0000      0.0000      0.0000
      0.0000     50.0000     60.0000     60.0000     60.0000     60.0000
      9.9544     10.0456      0.0000     60.0000      0.0000     28.2400
     59.5750      9.5294     60.0000      9.5294     59.5750     60.0000
     60.0000     60.0000     24.4621     52.6605     60.0000     12.7516
     60.0000     60.0000     30.0000     30.0000     60.0000     60.0000
     50.0000     50.0000     41.6794      0.0000     30.0456      0.0000
      0.0000      5.0228      0.0000      0.0000     50.0000     50.0000
     17.5342     30.0456     50.0000     50.0000      0.0000     50.0000
     60.0000     60.0000     60.0000     60.0000      9.9544     60.0000
     49.8633     60.0000     60.0000     60.0000     60.0000     60.0000

      2.1000      2.1000      2.1000      2.1000      2.1000      2.1000
      1.7004      2.1000      2.1000      1.2000      2.2009      0.1991
      1.8009      0.0000      0.8000      2.4000      1.2000      1.2000
      1.2000      1.2000      1.2000      1.2000      1.2000      1.2000
      1.2000      1.2000      1.2000      1.2000      0.5388      0.0000
      0.0000      1.2000      1.2000      1.2000      0.0000      0.0000
      0.0000      2.0000      2.4000      2.4000      2.4000      2.4000
      0.3982      0.4018      0.0000      2.1000      0.0000      1.1296
      2.3830      0.3812      2.1000      0.3812      2.3830      2.1000
      2.1000      2.1000      0.6785      1.8064      2.1000      0.3188
      2.1000      2.1000      1.2000      1.2000      2.4000      2.4000
      2.0000      2.0000      1.6672      0.0000      1.2018      0.0000
      0.0000      0.2009      0.0000      0.0000      2.0000      2.0000
      0.7014      1.2018      2.0000      2.0000      0.0000      2.0000
      2.1000      2.4000      2.4000      2.4000      0.3982      2.1000
      1.6945      2.1000      2.1000      2.4000      2.1000      2.1000

  USINE N]65- SSTULH   53  55        7530.2380
    111.3661    120.0000    120.0000    120.0000    120.0000    120.0000
    120.0000    120.0000    119.9544     10.0000     35.0228      0.0000
     25.0228      0.0000      0.0000     40.0000     10.0000     10.0000
     10.0000     10.0000     10.0000     10.0000     10.0000     10.0000
     10.0000     10.0000     10.0000     10.0000      0.0000      0.0000
      0.0000     10.0000     10.0000     10.0000      0.0000      0.0000
      0.0000     30.0000     40.0000     40.0000     40.0000     40.0000
      0.0000      0.0000      0.0000     68.1489      0.0000      8.2400
     39.5750      0.0000     99.4839      0.0000     39.5750    120.0000
    120.0000     74.5076     24.4621     52.6605    102.7061    120.0000
    120.0000    120.0000     10.0000     10.0000     40.0000     40.0000
     30.0000     30.0000     21.6794      0.0000     10.0456      0.0000
      0.0000      0.0000      0.0000      0.0000     57.4431    107.4886
      0.0000     10.0456    120.0000     76.4481      0.0000    120.0000
    120.0000     40.0000     40.0000     40.0000      0.0000     99.9089
     49.8633     99.9089    120.0000     40.0000    120.0000     99.9089

     16.7049     18.0000     18.0000     18.0000     18.0000     18.0000
     18.0000     18.0000     17.9932      1.5000      5.2534      0.0000
      3.7534      0.0000      0.0000      6.0000      1.5000      1.5000
      1.5000      1.5000      1.5000      1.5000      1.5000      1.5000
      1.5000      1.5000      1.5000      1.5000      0.0000      0.0000
      0.0000      1.5000      1.5000      1.5000      0.0000      0.0000
      0.0000      4.5000      6.0000      6.0000      6.0000      6.0000
      0.0000      0.0000      0.0000     10.2223      0.0000      1.2360
      5.9362      0.0000     14.9226      0.0000      5.9362     18.0000
     18.0000     11.1761      3.6693      7.8991     15.4059     18.0000
     18.0000     18.0000      1.5000      1.5000      6.0000      6.0000
      4.5000      4.5000      3.2519      0.0000      1.5068      0.0000
      0.0000      0.0000      0.0000      0.0000      8.6165     16.1233
      0.0000      1.5068     18.0000     11.4672      0.0000     18.0000
     18.0000      6.0000      6.0000      6.0000      0.0000     14.9863
      7.4795     14.9863     18.0000      6.0000     18.0000     14.9863

  USINE N]66- SSTU8H   53  55       18467.7620
      0.0000     41.4117     80.0000     80.0000     80.0000     30.0711
     70.0100     19.9644      0.0000    160.0000    160.0000    144.9772
    160.0000    134.9772    160.0000    160.0000    160.0000    160.0000
    160.0000    160.0000    160.0000    160.0000    160.0000    160.0000
    160.0000    160.0000    160.0000    160.0000    153.4700    103.4244
    119.9544    160.0000    160.0000    160.0000    119.9544     89.9089
    139.9544    160.0000    160.0000    160.0000    160.0000    160.0000
    149.9544    150.0456    118.1944      0.0000    118.1944    160.0000
    160.0000    149.5294      0.0000    149.5294    160.0000     29.5294
      4.5532      0.0000      0.0000      0.0000      0.0000     32.7516
     70.0228     19.9772    160.0000    160.0000    160.0000    160.0000
    160.0000    160.0000    160.0000    131.6339    160.0000    120.0000
     94.9772    145.0228    120.0000    107.4886      0.0000      0.0000
    157.5342    160.0000      0.0000      0.0000    126.4937     56.5393
     29.9544    160.0000    160.0000    160.0000    149.9544      0.0000
      0.0000      0.0000     29.9544    160.0000     29.9544      0.0000

      0.0000      6.4000     12.3636     12.3636     12.3636      4.6474
     10.8197      3.0854      0.0000     25.5000     25.5000     23.1783
     25.5000     21.6328     25.5000     25.5000     25.5000     25.5000
     25.5000     25.5000     25.5000     25.5000     25.5000     25.5000
     25.5000     25.5000     25.5000     25.5000     24.4908     16.7565
     19.3111     25.5000     25.5000     25.5000     19.3111     14.6677
     22.4021     25.5000     25.5000     25.5000     25.5000     25.5000
     23.9475     23.9616     19.0391      0.0000     19.0391     25.5000
     25.5000     23.8818      0.0000     23.8818     25.5000      4.5636
      0.7037      0.0000      0.0000      0.0000      0.0000      5.0616
     10.8217      3.0874     25.5000     25.5000     25.5000     25.5000
     25.5000     25.5000     25.5000     21.1161     25.5000     19.3182
     15.4510     23.1853     19.3182     17.3846      0.0000      0.0000
     25.1189     25.5000      0.0000      0.0000     20.3218      8.7379
      4.6293     25.5000     25.5000     25.5000     23.9475      0.0000
      0.0000      0.0000      4.6293     25.5000      4.6293      0.0000

  USINE N]67- BXMONH   55  56       25998.0000
    111.3661    161.4117    200.0000    200.0000    200.0000    150.0711
    190.0100    139.9644    119.9544    170.0000    195.0228    144.9772
    185.0228    134.9772    160.0000    200.0000    170.0000    170.0000
    170.0000    170.0000    170.0000    170.0000    170.0000    170.0000
    170.0000    170.0000    170.0000    170.0000    153.4700    103.4244
    119.9544    170.0000    170.0000    170.0000    119.9544     89.9089
    139.9544    190.0000    200.0000    200.0000    200.0000    200.0000
    149.9544    150.0456    118.1944     68.1489    118.1944    168.2400
    199.5750    149.5294     99.4839    149.5294    199.5750    149.5294
    124.5532     74.5076     24.4621     52.6605    102.7061    152.7516
    190.0228    139.9772    170.0000    170.0000    200.0000    200.0000
    190.0000    190.0000    181.6794    131.6339    170.0456    120.0000
     94.9772    145.0228    120.0000    107.4886     57.4431    107.4886
    157.5342    170.0456    120.0000     76.4481    126.4937    176.5393
    149.9544    200.0000    200.0000    200.0000    149.9544     99.9089
     49.8633     99.9089    149.9544    200.0000    149.9544     99.9089

      6.3956      9.8988     12.6667     12.6667     12.6667      9.1050
     11.9452      8.3975      6.9968     12.1000     13.7511     10.3484
     13.1516      9.6484     11.4000     14.0000     12.1000     12.1000
     12.1000     12.1000     12.1000     12.1000     12.1000     12.1000
     12.1000     12.1000     12.1000     12.1000     10.9429      7.4397
      8.5968     12.1000     12.1000     12.1000      8.5968      6.4934
      9.9968     13.5000     14.0000     14.0000     14.0000     14.0000
     10.6968     10.7032      8.4736      3.4074      8.4736     11.9768
     13.9788     10.6671      5.5639     10.6671     13.9788      9.0671
      7.3187      3.8155      1.2231      2.6330      5.7894      9.2926
     11.9461      8.3984     12.1000     12.1000     14.0000     14.0000
     13.5000     13.5000     12.9176      9.4144     12.1032      8.6000
      6.8484     10.3516      8.6000      7.7242      2.8722      6.1242
     11.2274     12.1032      7.0000      3.9514      9.0546     10.9723
      9.0968     14.0000     14.0000     14.0000     10.6968      5.5936
      2.4932      5.5936      9.0968     14.0000      9.0968      5.5936

  USINE N]68- SSCROH   57  58        7059.6000
      0.0000      0.0000      0.0000      0.0000      0.0000      0.0000
      0.0000      0.0000      0.0000      0.0000      0.0000      0.0000
      0.0000      0.0000    110.0000    110.0000    110.0000    110.0000
    110.0000    110.0000    110.0000    110.0000    110.0000    110.0000
    110.0000    110.0000    110.0000    110.0000    110.0000      0.0000
      0.0000    110.0000    110.0000    110.0000      0.0000      0.0000
      0.0000    110.0000    110.0000    110.0000    110.0000    110.0000
      0.0000      0.0000      0.0000      0.0000      0.0000      0.0000
      0.0000      0.0000      0.0000      0.0000      0.0000      0.0000
      0.0000      0.0000      0.0000      0.0000      0.0000      0.0000
      0.0000      0.0000      0.0000    110.0000    110.0000    110.0000
    110.0000    110.0000    110.0000    110.0000    110.0000    110.0000
    110.0000    110.0000      0.0000      0.0000      0.0000      0.0000
      0.0000      0.0000      0.0000      0.0000      0.0000      0.0000
      0.0000      0.0000    110.0000     72.0000      0.0000      0.0000
      0.0000      0.0000      0.0000      0.0000      0.0000      0.0000

      0.0000      0.0000      0.0000      0.0000      0.0000      0.0000
      0.0000      0.0000      0.0000      0.0000      0.0000      0.0000
      0.0000      0.0000     33.0000     33.0000     33.0000     33.0000
     33.0000     33.0000     33.0000     33.0000     33.0000     33.0000
     33.0000     33.0000     33.0000     33.0000     33.0000      0.0000
      0.0000     33.0000     33.0000     33.0000      0.0000      0.0000
      0.0000     33.0000     33.0000     33.0000     33.0000     33.0000
      0.0000      0.0000      0.0000      0.0000      0.0000      0.0000
      0.0000      0.0000      0.0000      0.0000      0.0000      0.0000
      0.0000      0.0000      0.0000      0.0000      0.0000      0.0000
      0.0000      0.0000      0.0000     33.0000     33.0000     33.0000
     33.0000     33.0000     33.0000     33.0000     33.0000     33.0000
     33.0000     33.0000      0.0000      0.0000      0.0000      0.0000
      0.0000      0.0000      0.0000      0.0000      0.0000      0.0000
      0.0000      0.0000     33.0000     21.6000      0.0000      0.0000
      0.0000      0.0000      0.0000      0.0000      0.0000      0.0000

  USINE N]69- SSCROP   58  57           0.0000
      0.0000      0.0000      0.0000      0.0000      0.0000      0.0000
      0.0000      0.0000      0.0000      0.0000      0.0000      0.0000
      0.0000      0.0000      0.0000      0.0000      0.0000      0.0000
      0.0000      0.0000      0.0000      0.0000      0.0000      0.0000
      0.0000      0.0000      0.0000      0.0000      0.0000      0.0000
      0.0000      0.0000      0.0000      0.0000      0.0000      0.0000
      0.0000      0.0000      0.0000      0.0000      0.0000      0.0000
      0.0000      0.0000      0.0000      0.0000      0.0000      0.0000
      0.0000      0.0000      0.0000      0.0000      0.0000      0.0000
      0.0000      0.0000      0.0000      0.0000      0.0000      0.0000
      0.0000      0.0000      0.0000      0.0000      0.0000      0.0000
      0.0000      0.0000      0.0000      0.0000      0.0000      0.0000
      0.0000      0.0000      0.0000      0.0000      0.0000      0.0000
      0.0000      0.0000      0.0000      0.0000      0.0000      0.0000
      0.0000      0.0000      0.0000      0.0000      0.0000      0.0000
      0.0000      0.0000      0.0000      0.0000      0.0000      0.0000

      0.0000      0.0000      0.0000      0.0000      0.0000      0.0000
      0.0000      0.0000      0.0000      0.0000      0.0000      0.0000
      0.0000      0.0000      0.0000      0.0000      0.0000      0.0000
      0.0000      0.0000      0.0000      0.0000      0.0000      0.0000
      0.0000      0.0000      0.0000      0.0000      0.0000      0.0000
      0.0000      0.0000      0.0000      0.0000      0.0000      0.0000
      0.0000      0.0000      0.0000      0.0000      0.0000      0.0000
      0.0000      0.0000      0.0000      0.0000      0.0000      0.0000
      0.0000      0.0000      0.0000      0.0000      0.0000      0.0000
      0.0000      0.0000      0.0000      0.0000      0.0000      0.0000
      0.0000      0.0000      0.0000      0.0000      0.0000      0.0000
      0.0000      0.0000      0.0000      0.0000      0.0000      0.0000
      0.0000      0.0000      0.0000      0.0000      0.0000      0.0000
      0.0000      0.0000      0.0000      0.0000      0.0000      0.0000
      0.0000      0.0000      0.0000      0.0000      0.0000      0.0000
      0.0000      0.0000      0.0000      0.0000      0.0000      0.0000

  USINE N]70- QUINSH   58  59        7167.6000
      0.0000      0.0000      0.0000      0.0000      0.0000      0.0000
      0.0000      0.0000      0.0000      0.0000      0.0000      0.0000
      0.0000      0.0000    100.0000    100.0000    100.0000    100.0000
    100.0000    100.0000    100.0000    100.0000    100.0000    100.0000
    100.0000    100.0000    100.0000    100.0000    100.0000      0.0000
      0.0000    100.0000    100.0000    100.0000     19.0000      0.0000
      0.0000    100.0000    100.0000    100.0000    100.0000    100.0000
      0.0000      0.0000     63.0000      0.0000      0.0000      0.0000
      0.0000      0.0000      0.0000      0.0000      0.0000      0.0000
      0.0000      0.0000      0.0000      0.0000      0.0000      0.0000
      0.0000      0.0000      0.0000    100.0000    100.0000    100.0000
    100.0000    100.0000    100.0000    100.0000    100.0000    100.0000
    100.0000    100.0000    100.0000      0.0000      0.0000      0.0000
      0.0000      0.0000      0.0000      0.0000      0.0000      0.0000
      0.0000    100.0000    100.0000    100.0000    100.0000      0.0000
      0.0000      0.0000      0.0000      0.0000      0.0000      0.0000

      0.0000      0.0000      0.0000      0.0000      0.0000      0.0000
      0.0000      0.0000      0.0000      0.0000      0.0000      0.0000
      0.0000      0.0000     19.2500     19.2500     19.2500     19.2500
     19.2500     19.2500     19.2500     19.2500     19.2500     19.2500
     19.2500     19.2500     19.2500     19.2500     19.2500      0.0000
      0.0000     19.2500     19.2500     19.2500      3.6575      0.0000
      0.0000     19.2500     19.2500     19.2500     19.2500     19.2500
      0.0000      0.0000     12.1275      0.0000      0.0000      0.0000
      0.0000      0.0000      0.0000      0.0000      0.0000      0.0000
      0.0000      0.0000      0.0000      0.0000      0.0000      0.0000
      0.0000      0.0000      0.0000     19.2500     19.2500     19.2500
     19.2500     19.2500     19.2500     19.2500     19.2500     19.2500
     19.2500     19.2500     19.2500      0.0000      0.0000      0.0000
      0.0000      0.0000      0.0000      0.0000      0.0000      0.0000
      0.0000     19.2500     19.2500     19.2500     19.2500      0.0000
      0.0000      0.0000      0.0000      0.0000      0.0000      0.0000

  USINE N]71- VINONH   59  56        6912.0000
     40.0000     40.0000     40.0000     40.0000     40.0000     40.0000
     40.0000     40.0000     40.0000     40.0000     40.0000     40.0000
     40.0000     40.0000     40.0000     40.0000     40.0000     40.0000
     40.0000     40.0000     40.0000     40.0000     40.0000     40.0000
     40.0000     40.0000     40.0000     40.0000     40.0000     40.0000
     40.0000     40.0000     40.0000     40.0000     40.0000     40.0000
     40.0000     40.0000     40.0000     40.0000     40.0000     40.0000
     40.0000     40.0000     40.0000     40.0000     40.0000     40.0000
     40.0000     40.0000     40.0000     40.0000     40.0000     40.0000
     40.0000     40.0000     40.0000     40.0000     40.0000     40.0000
     40.0000     40.0000     40.0000     40.0000     40.0000     40.0000
     40.0000     40.0000     40.0000     40.0000     40.0000     40.0000
     40.0000     40.0000     40.0000     40.0000     40.0000     40.0000
     40.0000     40.0000     40.0000     40.0000     40.0000     40.0000
     40.0000     40.0000     40.0000     40.0000     40.0000     40.0000
     40.0000     40.0000     40.0000     40.0000     40.0000     40.0000

     14.0000     14.0000     14.0000     14.0000     14.0000     14.0000
     14.0000     14.0000     14.0000     14.0000     14.0000     14.0000
     14.0000     14.0000     14.0000     14.0000     14.0000     14.0000
     14.0000     14.0000     14.0000     14.0000     14.0000     14.0000
     14.0000     14.0000     14.0000     14.0000     14.0000     14.0000
     14.0000     14.0000     14.0000     14.0000     14.0000     14.0000
     14.0000     14.0000     14.0000     14.0000     14.0000     14.0000
     14.0000     14.0000     14.0000     14.0000     14.0000     14.0000
     14.0000     14.0000     14.0000     14.0000     14.0000     14.0000
     14.0000     14.0000     14.0000     14.0000     14.0000     14.0000
     14.0000     14.0000     14.0000     14.0000     14.0000     14.0000
     14.0000     14.0000     14.0000     14.0000     14.0000     14.0000
     14.0000     14.0000     14.0000     14.0000     14.0000     14.0000
     14.0000     14.0000     14.0000     14.0000     14.0000     14.0000
     14.0000     14.0000     14.0000     14.0000     14.0000     14.0000
     14.0000     14.0000     14.0000     14.0000     14.0000     14.0000

  USINE N]72- JOUQUH   56  60       40704.0000
    139.9744    210.0000    246.1367    250.0000    250.0000    230.0711
    250.0000    209.9745    189.9545    240.0000    250.0000    230.0000
    250.0000    230.0000    240.0000    250.0000    250.0000    250.0000
    250.0000    250.0000    250.0000    250.0000    250.0000    250.0000
    250.0000    250.0000    250.0000    250.0000    250.0000    250.0000
    250.0000    250.0000    250.0000    250.0000    250.0000    228.3333
    250.0000    250.0000    250.0000    250.0000    250.0000    250.0000
    250.0000    250.0000    245.2906    205.2650    250.0000    250.0000
    250.0000    250.0000    219.9150    250.0000    250.0000    249.5295
    240.0000    220.0000    179.9745    250.0000    250.0000    250.0000
    250.0000    250.0000    250.0000    250.0000    250.0000    240.0256
    200.0000    200.0000    200.0000    200.0000    200.0000    200.0000
    200.0000    200.0000    200.0000    200.0000    200.0000    200.0000
    200.0000    200.0000    200.0000    200.0000    250.0000    250.0000
    250.0000    250.0000    250.0000    250.0000    250.0000    218.8889
    250.0000    250.0000    250.0000    250.0000    250.0000    250.0000

     17.0404     25.5652     30.0171     30.5000     30.5000     28.0089
     30.5000     25.5621     23.1249     29.5000     30.5000     28.4000
     30.5000     28.4000     29.5000     30.5000     30.5000     30.5000
     30.5000     30.5000     30.5000     30.5000     30.5000     30.5000
     30.5000     30.5000     30.5000     30.5000     30.5000     30.5000
     30.5000     30.5000     30.5000     30.5000     30.5000     28.2167
     30.5000     30.5000     30.5000     30.5000     30.5000     30.5000
     30.5000     30.5000     30.0291     24.9888     30.5000     30.5000
     30.5000     30.5000     26.7723     30.5000     30.5000     30.4412
     29.2500     26.7826     21.9099     30.5000     30.5000     30.5000
     30.5000     30.5000     30.5000     30.5000     30.5000     29.5026
     25.0000     25.0000     25.0000     25.0000     25.0000     25.0000
     25.0000     25.0000     25.0000     25.0000     25.0000     25.0000
     25.0000     25.0000     25.0000     25.0000     30.5000     30.5000
     30.5000     30.5000     30.5000     30.5000     30.5000     26.6473
     30.5000     30.5000     30.5000     30.5000     30.5000     30.5000

  USINE N]73- SSESTH   60  61       39165.0000
    169.4445    270.0000    190.0000    270.0000    270.0000    190.0711
    270.0000    149.9289    230.0000    230.0000    240.0000    220.0000
    240.0000    220.0000    230.0000    230.0000    230.0000    230.0000
    270.0000    240.0000    240.0000    211.1111    268.8889    180.0000
    270.0000    270.0000    240.0000    195.0000    270.0000    105.0000
    230.0000    270.0000    270.0000    270.0000    235.0000    130.0000
    240.0000    240.0000    270.0000    270.0000    230.0000    230.0000
    200.0000    240.0000    250.0000    180.5556    240.0000    255.0000
    244.4445    230.0000    200.4706    240.0000    249.5295    230.0000
    230.0000    230.0000    149.9745    250.0000    230.0000    270.0000
    250.0256    199.9745    240.0000    240.0000    240.0256    230.0000
    230.0000    230.0000    230.0000    105.0000    270.0000    238.3333
    181.6667    198.3333    190.0000    190.0000    166.1111    230.0000
    213.8889    230.0000    190.0000    190.0000    240.0000    240.0000
    210.0000    230.0000    270.0000    250.0000    240.0000    160.0000
    230.0000    230.0000    230.0000    270.0000    270.0000    160.5556

     43.4069     70.5000     48.7000     70.5000     70.5000     48.7183
     70.5000     38.3817     59.0000     60.3000     62.8500     57.7500
     62.8500     57.7500     60.3000     60.3000     60.3000     60.3000
     70.5000     62.8500     62.8500     55.4833     70.2167     47.5500
     70.5000     70.5000     62.8500     51.3750     70.5000     28.4250
     60.3000     70.5000     70.5000     70.5000     61.5750     34.8000
     62.8500     62.8500     70.5000     70.5000     60.3000     60.3000
     52.6500     62.8500     65.4000     46.2681     62.8500     66.6750
     63.9833     60.3000     51.3962     62.8500     65.2800     59.0000
     59.0000     59.0000     38.3934     64.6667     59.0000     70.5000
     64.6739     51.2684     62.8500     62.8500     62.8565     60.3000
     60.3000     60.3000     60.3000     28.4250     70.5000     62.4250
     47.9750     52.2250     50.1000     50.1000     42.5486     59.0000
     56.1917     60.3000     48.7000     48.7000     62.8500     61.8333
     53.8500     60.3000     70.5000     65.4000     62.8500     40.9750
     59.0000     59.0000     59.0000     70.5000     70.5000     41.1181

  USINE N]74- MALLEH   61  62       39598.0000
    201.1111    270.0000    190.0000    251.1111    270.0000    190.0000
    270.0000    168.8889    230.0000    230.0000    240.0000    220.0000
    240.0000    220.0000    230.0000    230.0000    230.0000    230.0000
    270.0000    240.0000    240.0000    211.1111    240.0000    190.0000
    270.0000    240.0000    230.0000    220.0000    240.0000    168.8889
    230.0000    240.0000    270.0000    241.1111    230.0000    168.8889
    230.0000    230.0000    270.0000    251.1111    230.0000    230.0000
    200.0000    240.0000    250.0000    180.5556    240.0000    262.2222
    237.2222    230.0000    200.4706    240.0000    249.5295    230.0000
    230.0000    230.0000    168.8889    270.0000    191.0856    270.0000
    250.0256    199.9745    240.0000    240.0000    240.0256    230.0000
    230.0000    230.0000    230.0000    168.8889    270.0000    238.3333
    181.6667    230.0000    190.0000    270.0000    190.0000    230.0000
    213.8889    230.0000    270.0000    190.0000    240.0000    240.0000
    210.0000    230.0000    270.0000    250.0000    231.1111    168.8889
    230.0000    230.0000    230.0000    270.0000    251.1111    172.7778

     33.1461     44.5000     31.3148     41.3868     44.5000     31.3148
     44.5000     27.8354     37.9074     38.4000     40.0000     36.8000
     40.0000     36.8000     38.4000     38.4000     38.4000     38.4000
     44.5000     40.0000     40.0000     35.3778     40.0000     32.0000
     44.5000     40.0000     38.4000     36.8000     40.0000     28.5421
     38.4000     40.0000     44.5000     40.1667     38.4000     28.5694
     38.4000     38.4000     44.5000     41.6667     38.4000     38.4000
     33.6000     40.0000     41.5000     29.7582     40.0000     43.3333
     39.5556     38.4000     33.0405     40.0000     41.4294     37.9074
     37.9074     37.9074     27.8354     44.5000     31.4937     44.5000
     41.2079     32.9588     40.0000     40.0000     40.0038     38.4000
     38.4000     38.4000     38.4000     28.5421     44.5000     39.7333
     30.6458     38.4000     32.0000     44.5000     31.3889     37.9444
     35.8222     38.4000     44.5000     31.3889     40.0000     39.5556
     34.6111     38.4000     44.5000     41.5000     38.5778     27.8354
     37.9074     37.9074     37.9074     44.5000     41.3868     28.4763

  USINE N]75- SALONH   62  63           0.0000
      0.0000      0.0000      0.0000      0.0000      0.0000      0.0000
      0.0000      0.0000      0.0000      0.0000      0.0000      0.0000
      0.0000      0.0000      0.0000      0.0000      0.0000      0.0000
      0.0000      0.0000      0.0000      0.0000      0.0000      0.0000
      0.0000      0.0000      0.0000      0.0000      0.0000      0.0000
      0.0000      0.0000      0.0000      0.0000      0.0000      0.0000
      0.0000      0.0000      0.0000      0.0000      0.0000      0.0000
      0.0000      0.0000      0.0000      0.0000      0.0000      0.0000
      0.0000      0.0000      0.0000      0.0000      0.0000      0.0000
      0.0000      0.0000      0.0000      0.0000      0.0000      0.0000
      0.0000      0.0000      0.0000      0.0000      0.0000      0.0000
      0.0000      0.0000      0.0000      0.0000      0.0000      0.0000
      0.0000      0.0000      0.0000      0.0000      0.0000      0.0000
      0.0000      0.0000      0.0000      0.0000      0.0000      0.0000
      0.0000      0.0000      0.0000      0.0000      0.0000      0.0000
      0.0000      0.0000      0.0000      0.0000      0.0000      0.0000

      0.0000      0.0000      0.0000      0.0000      0.0000      0.0000
      0.0000      0.0000      0.0000      0.0000      0.0000      0.0000
      0.0000      0.0000      0.0000      0.0000      0.0000      0.0000
      0.0000      0.0000      0.0000      0.0000      0.0000      0.0000
      0.0000      0.0000      0.0000      0.0000      0.0000      0.0000
      0.0000      0.0000      0.0000      0.0000      0.0000      0.0000
      0.0000      0.0000      0.0000      0.0000      0.0000      0.0000
      0.0000      0.0000      0.0000      0.0000      0.0000      0.0000
      0.0000      0.0000      0.0000      0.0000      0.0000      0.0000
      0.0000      0.0000      0.0000      0.0000      0.0000      0.0000
      0.0000      0.0000      0.0000      0.0000      0.0000      0.0000
      0.0000      0.0000      0.0000      0.0000      0.0000      0.0000
      0.0000      0.0000      0.0000      0.0000      0.0000      0.0000
      0.0000      0.0000      0.0000      0.0000      0.0000      0.0000
      0.0000      0.0000      0.0000      0.0000      0.0000      0.0000
      0.0000      0.0000      0.0000      0.0000      0.0000      0.0000

  USINE N]76- SSCHAH   63  64           0.0000
      0.0000      0.0000      0.0000      0.0000      0.0000      0.0000
      0.0000      0.0000      0.0000      0.0000      0.0000      0.0000
      0.0000      0.0000      0.0000      0.0000      0.0000      0.0000
      0.0000      0.0000      0.0000      0.0000      0.0000      0.0000
      0.0000      0.0000      0.0000      0.0000      0.0000      0.0000
      0.0000      0.0000      0.0000      0.0000      0.0000      0.0000
      0.0000      0.0000      0.0000      0.0000      0.0000      0.0000
      0.0000      0.0000      0.0000      0.0000      0.0000      0.0000
      0.0000      0.0000      0.0000      0.0000      0.0000      0.0000
      0.0000      0.0000      0.0000      0.0000      0.0000      0.0000
      0.0000      0.0000      0.0000      0.0000      0.0000      0.0000
      0.0000      0.0000      0.0000      0.0000      0.0000      0.0000
      0.0000      0.0000      0.0000      0.0000      0.0000      0.0000
      0.0000      0.0000      0.0000      0.0000      0.0000      0.0000
      0.0000      0.0000      0.0000      0.0000      0.0000      0.0000
      0.0000      0.0000      0.0000      0.0000      0.0000      0.0000

      0.0000      0.0000      0.0000      0.0000      0.0000      0.0000
      0.0000      0.0000      0.0000      0.0000      0.0000      0.0000
      0.0000      0.0000      0.0000      0.0000      0.0000      0.0000
      0.0000      0.0000      0.0000      0.0000      0.0000      0.0000
      0.0000      0.0000      0.0000      0.0000      0.0000      0.0000
      0.0000      0.0000      0.0000      0.0000      0.0000      0.0000
      0.0000      0.0000      0.0000      0.0000      0.0000      0.0000
      0.0000      0.0000      0.0000      0.0000      0.0000      0.0000
      0.0000      0.0000      0.0000      0.0000      0.0000      0.0000
      0.0000      0.0000      0.0000      0.0000      0.0000      0.0000
      0.0000      0.0000      0.0000      0.0000      0.0000      0.0000
      0.0000      0.0000      0.0000      0.0000      0.0000      0.0000
      0.0000      0.0000      0.0000      0.0000      0.0000      0.0000
      0.0000      0.0000      0.0000      0.0000      0.0000      0.0000
      0.0000      0.0000      0.0000      0.0000      0.0000      0.0000
      0.0000      0.0000      0.0000      0.0000      0.0000      0.0000

  USINE N]77- RHONEH   62  65       41472.0000
    240.0000    240.0000    240.0000    240.0000    240.0000    240.0000
    240.0000    240.0000    240.0000    240.0000    240.0000    240.0000
    240.0000    240.0000    240.0000    240.0000    240.0000    240.0000
    240.0000    240.0000    240.0000    240.0000    240.0000    240.0000
    240.0000    240.0000    240.0000    240.0000    240.0000    240.0000
    240.0000    240.0000    240.0000    240.0000    240.0000    240.0000
    240.0000    240.0000    240.0000    240.0000    240.0000    240.0000
    240.0000    240.0000    240.0000    240.0000    240.0000    240.0000
    240.0000    240.0000    240.0000    240.0000    240.0000    240.0000
    240.0000    240.0000    240.0000    240.0000    240.0000    240.0000
    240.0000    240.0000    240.0000    240.0000    240.0000    240.0000
    240.0000    240.0000    240.0000    240.0000    240.0000    240.0000
    240.0000    240.0000    240.0000    240.0000    240.0000    240.0000
    240.0000    240.0000    240.0000    240.0000    240.0000    240.0000
    240.0000    240.0000    240.0000    240.0000    240.0000    240.0000
    240.0000    240.0000    240.0000    240.0000    240.0000    240.0000

      0.0000      0.0000      0.0000      0.0000      0.0000      0.0000
      0.0000      0.0000      0.0000      0.0000      0.0000      0.0000
      0.0000      0.0000      0.0000      0.0000      0.0000      0.0000
      0.0000      0.0000      0.0000      0.0000      0.0000      0.0000
      0.0000      0.0000      0.0000      0.0000      0.0000      0.0000
      0.0000      0.0000      0.0000      0.0000      0.0000      0.0000
      0.0000      0.0000      0.0000      0.0000      0.0000      0.0000
      0.0000      0.0000      0.0000      0.0000      0.0000      0.0000
      0.0000      0.0000      0.0000      0.0000      0.0000      0.0000
      0.0000      0.0000      0.0000      0.0000      0.0000      0.0000
      0.0000      0.0000      0.0000      0.0000      0.0000      0.0000
      0.0000      0.0000      0.0000      0.0000      0.0000      0.0000
      0.0000      0.0000      0.0000      0.0000      0.0000      0.0000
      0.0000      0.0000      0.0000      0.0000      0.0000      0.0000
      0.0000      0.0000      0.0000      0.0000      0.0000      0.0000
      0.0000      0.0000      0.0000      0.0000      0.0000      0.0000

  USINE N]78- BERREH   64  65           0.0000
      0.0000      0.0000      0.0000      0.0000      0.0000      0.0000
      0.0000      0.0000      0.0000      0.0000      0.0000      0.0000
      0.0000      0.0000      0.0000      0.0000      0.0000      0.0000
      0.0000      0.0000      0.0000      0.0000      0.0000      0.0000
      0.0000      0.0000      0.0000      0.0000      0.0000      0.0000
      0.0000      0.0000      0.0000      0.0000      0.0000      0.0000
      0.0000      0.0000      0.0000      0.0000      0.0000      0.0000
      0.0000      0.0000      0.0000      0.0000      0.0000      0.0000
      0.0000      0.0000      0.0000      0.0000      0.0000      0.0000
      0.0000      0.0000      0.0000      0.0000      0.0000      0.0000
      0.0000      0.0000      0.0000      0.0000      0.0000      0.0000
      0.0000      0.0000      0.0000      0.0000      0.0000      0.0000
      0.0000      0.0000      0.0000      0.0000      0.0000      0.0000
      0.0000      0.0000      0.0000      0.0000      0.0000      0.0000
      0.0000      0.0000      0.0000      0.0000      0.0000      0.0000
      0.0000      0.0000      0.0000      0.0000      0.0000      0.0000

      0.0000      0.0000      0.0000      0.0000      0.0000      0.0000
      0.0000      0.0000      0.0000      0.0000      0.0000      0.0000
      0.0000      0.0000      0.0000      0.0000      0.0000      0.0000
      0.0000      0.0000      0.0000      0.0000      0.0000      0.0000
      0.0000      0.0000      0.0000      0.0000      0.0000      0.0000
      0.0000      0.0000      0.0000      0.0000      0.0000      0.0000
      0.0000      0.0000      0.0000      0.0000      0.0000      0.0000
      0.0000      0.0000      0.0000      0.0000      0.0000      0.0000
      0.0000      0.0000      0.0000      0.0000      0.0000      0.0000
      0.0000      0.0000      0.0000      0.0000      0.0000      0.0000
      0.0000      0.0000      0.0000      0.0000      0.0000      0.0000
      0.0000      0.0000      0.0000      0.0000      0.0000      0.0000
      0.0000      0.0000      0.0000      0.0000      0.0000      0.0000
      0.0000      0.0000      0.0000      0.0000      0.0000      0.0000
      0.0000      0.0000      0.0000      0.0000      0.0000      0.0000
      0.0000      0.0000      0.0000      0.0000      0.0000      0.0000

  USINE N]79- MEDITH   65   0       41472.0000
    240.0000    240.0000    240.0000    240.0000    240.0000    240.0000
    240.0000    240.0000    240.0000    240.0000    240.0000    240.0000
    240.0000    240.0000    240.0000    240.0000    240.0000    240.0000
    240.0000    240.0000    240.0000    240.0000    240.0000    240.0000
    240.0000    240.0000    240.0000    240.0000    240.0000    240.0000
    240.0000    240.0000    240.0000    240.0000    240.0000    240.0000
    240.0000    240.0000    240.0000    240.0000    240.0000    240.0000
    240.0000    240.0000    240.0000    240.0000    240.0000    240.0000
    240.0000    240.0000    240.0000    240.0000    240.0000    240.0000
    240.0000    240.0000    240.0000    240.0000    240.0000    240.0000
    240.0000    240.0000    240.0000    240.0000    240.0000    240.0000
    240.0000    240.0000    240.0000    240.0000    240.0000    240.0000
    240.0000    240.0000    240.0000    240.0000    240.0000    240.0000
    240.0000    240.0000    240.0000    240.0000    240.0000    240.0000
    240.0000    240.0000    240.0000    240.0000    240.0000    240.0000
    240.0000    240.0000    240.0000    240.0000    240.0000    240.0000

      0.0000      0.0000      0.0000      0.0000      0.0000      0.0000
      0.0000      0.0000      0.0000      0.0000      0.0000      0.0000
      0.0000      0.0000      0.0000      0.0000      0.0000      0.0000
      0.0000      0.0000      0.0000      0.0000      0.0000      0.0000
      0.0000      0.0000      0.0000      0.0000      0.0000      0.0000
      0.0000      0.0000      0.0000      0.0000      0.0000      0.0000
      0.0000      0.0000      0.0000      0.0000      0.0000      0.0000
      0.0000      0.0000      0.0000      0.0000      0.0000      0.0000
      0.0000      0.0000      0.0000      0.0000      0.0000      0.0000
      0.0000      0.0000      0.0000      0.0000      0.0000      0.0000
      0.0000      0.0000      0.0000      0.0000      0.0000      0.0000
      0.0000      0.0000      0.0000      0.0000      0.0000      0.0000
      0.0000      0.0000      0.0000      0.0000      0.0000      0.0000
      0.0000      0.0000      0.0000      0.0000      0.0000      0.0000
      0.0000      0.0000      0.0000      0.0000      0.0000      0.0000
      0.0000      0.0000      0.0000      0.0000      0.0000      0.0000

   DONNEES POUR LA VALLEE N]11-MONTPEZA DATE: 22/03/10     2 USINE(S)     2 RESERVOIR(S)
  LAC N]66- MTPEZR     0.1000E+04      6.980       -1714.1400
  11754.0000  11754.0000  11754.0000  11754.0000  11754.0000  11754.0000
  11754.0000  11754.0000  11754.0000  11754.0000  11725.7400  11725.7400
  11697.4800  11697.4800  11665.4400  11633.4000  11601.3600  11569.3200
  11537.2800  11505.2400  11473.2000  11441.1600  11409.1200  11377.0800
  11345.0400  11313.0000  11280.9600  11248.9200  11216.8800  11184.8400
  11152.8000  11120.7600  11088.7200  11056.6800  11024.6400  11024.6400
  10992.6000  10960.5600  10928.5200  10896.4800  10864.4400  10832.4000
  10804.1400  10775.8800  10747.6200  10747.6200  10719.3600  10691.1000
  10691.1000  10691.1000  10691.1000  10691.1000  10662.8400  10662.8400
  10662.8400  10662.8400  10662.8400  10662.8400  10662.8400  10662.8400
  10662.8400  10662.8400  10662.8400  10630.8000  10598.7600  10566.7200
  10534.6800  10502.6400  10470.6001  10438.5601  10406.5201  10374.4801
  10342.4401  10310.4001  10278.3601  10253.7001  10253.7001  10253.7001
  10229.0401  10200.7801  10200.7801  10200.7801  10196.2800  10196.2800
  10196.2800  10164.2400  10132.2000  10100.1600  10068.1200  10068.1200
  10068.1200  10068.1200  10068.1200  10039.8600  10039.8600  10039.8600

  LAC N]67- P.D.VR     0.1000E+04      0.000          18.0000
    368.0400    314.0400    300.0000    300.0000    300.0000    300.0000
    300.0000    300.0000    300.0000    300.0000    300.0000    328.2600
    328.2600    356.5200    303.9600    300.0000    300.0000    300.0000
    300.0000    300.0000    300.0000    300.0000    300.0000    300.0000
    300.0000    300.0000    300.0000    300.0000    300.0000    300.0000
    300.0000    300.0000    300.0000    300.0000    332.0400    332.0400
    300.0000    300.0000    300.0000    300.0000    300.0000    300.0000
    300.0000    300.0000    300.0000    314.1300    300.0000    325.7400
    300.0000    300.0000    300.0000    300.0000    300.0000    300.0000
    300.0000    300.0000    300.0000    300.0000    300.0000    300.0000
    300.0000    300.0000    300.0000    300.0000    300.0000    300.0000
    300.0000    300.0000    300.0000    300.0000    300.0000    300.0000
    300.0000    300.0000    324.6600    349.3200    349.3200    324.6600
    300.0000    300.0000    303.6000    301.8000    300.0000    302.2500
    300.0000    300.0000    307.8300    315.6600    347.7000    379.7400
    379.7400    379.7400    379.7400    379.7400    408.0000    408.0000

  USINE N]80- MTPEZH   66  67        1714.1400
      0.0000      0.0000      0.0000      0.0000      0.0000      0.0000
      0.0000      0.0000      0.0000      0.0000     15.7000      0.0000
     15.7000      0.0000     17.8000     17.8000     17.8000     17.8000
     17.8000     17.8000     17.8000     17.8000     17.8000     17.8000
     17.8000     17.8000     17.8000     17.8000     17.8000     17.8000
     17.8000     17.8000     17.8000     17.8000     17.8000      0.0000
     17.8000     17.8000     17.8000     17.8000     17.8000     17.8000
     15.7000     15.7000     15.7000      0.0000     15.7000     15.7000
      0.0000      0.0000      0.0000      0.0000     15.7000      0.0000
      0.0000      0.0000      0.0000      0.0000      0.0000      0.0000
      0.0000      0.0000      0.0000     17.8000     17.8000     17.8000
     17.8000     17.8000     17.8000     17.8000     17.8000     17.8000
     17.8000     17.8000     17.8000     13.7000      0.0000      0.0000
     13.7000     15.7000      0.0000      0.0000      2.5000      0.0000
      0.0000     17.8000     17.8000     17.8000     17.8000      0.0000
      0.0000      0.0000      0.0000     15.7000      0.0000      0.0000

      0.0000      0.0000      0.0000      0.0000      0.0000      0.0000
      0.0000      0.0000      0.0000      0.0000     40.0000      0.0000
     40.0000      0.0000     45.0000     45.0000     45.0000     45.0000
     45.0000     45.0000     45.0000     45.0000     45.0000     45.0000
     45.0000     45.0000     45.0000     45.0000     45.0000     45.0000
     45.0000     45.0000     45.0000     45.0000     45.0000      0.0000
     45.0000     45.0000     45.0000     45.0000     45.0000     45.0000
     40.0000     40.0000     40.0000      0.0000     40.0000     40.0000
      0.0000      0.0000      0.0000      0.0000     40.0000      0.0000
      0.0000      0.0000      0.0000      0.0000      0.0000      0.0000
      0.0000      0.0000      0.0000     45.0000     45.0000     45.0000
     45.0000     45.0000     45.0000     45.0000     45.0000     45.0000
     45.0000     45.0000     45.0000     35.0000      0.0000      0.0000
     35.0000     40.0000      0.0000      0.0000      6.3870      0.0000
      0.0000     45.0000     45.0000     45.0000     45.0000      0.0000
      0.0000      0.0000      0.0000     40.0000      0.0000      0.0000

  USINE N]81- P.D.VH   67   0        1728.1800
     30.0000     30.0000      7.8000      0.0000      0.0000      0.0000
      0.0000      0.0000      0.0000      0.0000      0.0000      0.0000
      0.0000      0.0000     29.2000     20.0000     17.8000     17.8000
     17.8000     17.8000     17.8000     17.8000     17.8000     17.8000
     17.8000     17.8000     17.8000     17.8000     17.8000     17.8000
     17.8000     17.8000     17.8000     17.8000      0.0000     17.8000
     17.8000     17.8000     17.8000     17.8000     17.8000     17.8000
     17.8000     15.7000     15.7000      7.8500      7.8500      1.4000
     30.0000      0.0000      0.0000      0.0000      0.0000     15.7000
      0.0000      0.0000      0.0000      0.0000      0.0000      0.0000
      0.0000      0.0000      0.0000      0.0000     17.8000     17.8000
     17.8000     17.8000     17.8000     17.8000     17.8000     17.8000
     17.8000     17.8000      4.1000      4.1000     13.7000     13.7000
     13.7000     13.7000     13.7000      1.0000      1.0000      1.2500
      1.2500      0.0000     13.4500     13.4500      0.0000      0.0000
      0.0000      0.0000      0.0000      0.0000      0.0000      0.0000

      0.0000      0.0000      0.0000      0.0000      0.0000      0.0000
      0.0000      0.0000      0.0000      0.0000      0.0000      0.0000
      0.0000      0.0000      0.0000      0.0000      0.0000      0.0000
      0.0000      0.0000      0.0000      0.0000      0.0000      0.0000
      0.0000      0.0000      0.0000      0.0000      0.0000      0.0000
      0.0000      0.0000      0.0000      0.0000      0.0000      0.0000
      0.0000      0.0000      0.0000      0.0000      0.0000      0.0000
      0.0000      0.0000      0.0000      0.0000      0.0000      0.0000
      0.0000      0.0000      0.0000      0.0000      0.0000      0.0000
      0.0000      0.0000      0.0000      0.0000      0.0000      0.0000
      0.0000      0.0000      0.0000      0.0000      0.0000      0.0000
      0.0000      0.0000      0.0000      0.0000      0.0000      0.0000
      0.0000      0.0000      0.0000      0.0000      0.0000      0.0000
      0.0000      0.0000      0.0000      0.0000      0.0000      0.0000
      0.0000      0.0000      0.0000      0.0000      0.0000      0.0000
      0.0000      0.0000      0.0000      0.0000      0.0000      0.0000

   DONNEES POUR LA VALLEE N]12-BEYSSAC  DATE: 22/03/10     1 USINE(S)     1 RESERVOIR(S)
  LAC N]68- BEYSSR     0.1000E+04      0.050           0.0000
    684.0000    684.0000    684.0000    684.0000    684.0000    684.0000
    684.0000    684.0000    684.0000    684.0000    684.0000    684.0000
    684.0000    684.0000    684.0000    684.0000    684.0000    684.0000
    684.0000    684.0000    684.0000    684.0000    684.0000    684.0000
    684.0000    684.0000    684.0000    684.0000    684.0000    684.0000
    684.0000    684.0000    684.0000    684.0000    684.0000    684.0000
    684.0000    684.0000    684.0000    684.0000    684.0000    684.0000
    684.0000    684.0000    684.0000    684.0000    684.0000    684.0000
    684.0000    684.0000    684.0000    684.0000    684.0000    684.0000
    684.0000    684.0000    684.0000    684.0000    684.0000    684.0000
    684.0000    684.0000    684.0000    684.0000    684.0000    684.0000
    684.0000    684.0000    684.0000    684.0000    684.0000    684.0000
    684.0000    684.0000    684.0000    684.0000    684.0000    684.0000
    684.0000    684.0000    684.0000    684.0000    684.0000    684.0000
    684.0000    684.0000    684.0000    684.0000    684.0000    684.0000
    684.0000    684.0000    684.0000    684.0000    684.0000    684.0000

  USINE N]82- BEYSSH   68   0           0.0000
      0.0000      0.0000      0.0000      0.0000      0.0000      0.0000
      0.0000      0.0000      0.0000      0.0000      0.0000      0.0000
      0.0000      0.0000      0.0000      0.0000      0.0000      0.0000
      0.0000      0.0000      0.0000      0.0000      0.0000      0.0000
      0.0000      0.0000      0.0000      0.0000      0.0000      0.0000
      0.0000      0.0000      0.0000      0.0000      0.0000      0.0000
      0.0000      0.0000      0.0000      0.0000      0.0000      0.0000
      0.0000      0.0000      0.0000      0.0000      0.0000      0.0000
      0.0000      0.0000      0.0000      0.0000      0.0000      0.0000
      0.0000      0.0000      0.0000      0.0000      0.0000      0.0000
      0.0000      0.0000      0.0000      0.0000      0.0000      0.0000
      0.0000      0.0000      0.0000      0.0000      0.0000      0.0000
      0.0000      0.0000      0.0000      0.0000      0.0000      0.0000
      0.0000      0.0000      0.0000      0.0000      0.0000      0.0000
      0.0000      0.0000      0.0000      0.0000      0.0000      0.0000
      0.0000      0.0000      0.0000      0.0000      0.0000      0.0000

      0.0000      0.0000      0.0000      0.0000      0.0000      0.0000
      0.0000      0.0000      0.0000      0.0000      0.0000      0.0000
      0.0000      0.0000      0.0000      0.0000      0.0000      0.0000
      0.0000      0.0000      0.0000      0.0000      0.0000      0.0000
      0.0000      0.0000      0.0000      0.0000      0.0000      0.0000
      0.0000      0.0000      0.0000      0.0000      0.0000      0.0000
      0.0000      0.0000      0.0000      0.0000      0.0000      0.0000
      0.0000      0.0000      0.0000      0.0000      0.0000      0.0000
      0.0000      0.0000      0.0000      0.0000      0.0000      0.0000
      0.0000      0.0000      0.0000      0.0000      0.0000      0.0000
      0.0000      0.0000      0.0000      0.0000      0.0000      0.0000
      0.0000      0.0000      0.0000      0.0000      0.0000      0.0000
      0.0000      0.0000      0.0000      0.0000      0.0000      0.0000
      0.0000      0.0000      0.0000      0.0000      0.0000      0.0000
      0.0000      0.0000      0.0000      0.0000      0.0000      0.0000
      0.0000      0.0000      0.0000      0.0000      0.0000      0.0000

   DONNEES POUR LA VALLEE N]13-CHASSEZA DATE: 22/03/10     3 USINE(S)     3 RESERVOIR(S)
  LAC N]69- P.BORR     0.1000E+04      4.920        -437.4000
  16202.0000  16202.0000  16202.0000  16202.0000  16202.0000  16202.0000
  16202.0000  16202.0000  16202.0000  16202.0000  16202.0000  16202.0000
  16202.0000  16202.0000  16202.0000  16202.0000  16171.4000  16140.8000
  16097.6000  16067.0000  16036.4000  16036.4000  16036.4000  16036.4000
  16005.8000  16005.8000  16005.8000  16005.8000  16005.8000  16005.8000
  16005.8000  16005.8000  16005.8000  16005.8000  16005.8000  16005.8000
  16005.8000  15962.6000  15885.2000  15807.8000  15764.6000  15764.6000
  15764.6000  15764.6000  15764.6000  15764.6000  15764.6000  15764.6000
  15764.6000  15764.6000  15764.6000  15764.6000  15764.6000  15764.6000
  15764.6000  15764.6000  15764.6000  15764.6000  15764.6000  15764.6000
  15764.6000  15764.6000  15764.6000  15764.6000  15764.6000  15764.6000
  15764.6000  15764.6000  15764.6000  15764.6000  15764.6000  15764.6000
  15764.6000  15764.6000  15764.6000  15764.6000  15764.6000  15764.6000
  15764.6000  15764.6000  15764.6000  15764.6000  15764.6000  15764.6000
  15764.6000  15764.6000  15764.6000  15764.6000  15764.6000  15764.6000
  15764.6000  15764.6000  15764.6000  15764.6000  15764.6000  15764.6000

  LAC N]70- LAFIGR     0.1000E+04      0.000           0.0000
      0.0000      0.0000      0.0000      0.0000      0.0000      0.0000
      0.0000      0.0000      0.0000      0.0000      0.0000      0.0000
      0.0000      0.0000      0.0000      0.0000      0.0000      0.0000
      0.0000      0.0000      0.0000      0.0000      0.0000      0.0000
      0.0000      0.0000      0.0000      0.0000      0.0000      0.0000
      0.0000      0.0000      0.0000      0.0000      0.0000      0.0000
      0.0000      0.0000      0.0000      0.0000      0.0000      0.0000
      0.0000      0.0000      0.0000      0.0000      0.0000      0.0000
      0.0000      0.0000      0.0000      0.0000      0.0000      0.0000
      0.0000      0.0000      0.0000      0.0000      0.0000      0.0000
      0.0000      0.0000      0.0000      0.0000      0.0000      0.0000
      0.0000      0.0000      0.0000      0.0000      0.0000      0.0000
      0.0000      0.0000      0.0000      0.0000      0.0000      0.0000
      0.0000      0.0000      0.0000      0.0000      0.0000      0.0000
      0.0000      0.0000      0.0000      0.0000      0.0000      0.0000
      0.0000      0.0000      0.0000      0.0000      0.0000      0.0000

  LAC N]71- SALELR     0.1000E+04      0.000         -21.6000
   1107.3400   1120.4800   1133.6200   1146.7600   1159.9000   1173.0400
   1186.1800   1199.3200   1212.4600   1225.6000   1238.7400   1251.8800
   1238.0200   1251.1600   1237.3000   1201.8400   1166.3800   1161.5200
   1156.6600   1164.4000   1159.5400   1154.6800   1119.2200   1083.7600
   1048.3000   1043.4400   1007.9800    994.1200    958.6600    965.6800
    951.8200    937.9600    902.5000    888.6400    874.7800    887.9200
    874.0600    838.6000    846.3400    888.2800    930.2200    959.5600
    972.7000    985.8400    998.9800   1012.1200   1025.2600   1038.4000
   1051.5400   1064.6800   1077.8200   1090.9600   1104.1000   1117.2400
   1130.3800   1143.5200   1156.6600   1169.8000   1182.9400   1196.0800
   1209.2200   1222.3600   1235.5000   1221.6400   1186.1800   1150.7200
   1115.2600   1079.8000   1044.3400   1008.8800    973.4200    937.9600
    919.7800    884.3200    870.4600    883.6000    896.7400    909.8800
    923.0200    936.1600    949.3000    962.4400    975.5800    988.7200
   1001.8600    988.0000    974.1400    960.2800    946.4200    959.5600
    972.7000    985.8400    998.9800   1012.1200   1025.2600   1038.4000

  USINE N]83- P.BORH   69  70         437.4000
      0.0000      0.0000      0.0000      0.0000      0.0000      0.0000
      0.0000      0.0000      0.0000      0.0000      0.0000      0.0000
      0.0000      0.0000      0.0000      0.0000     17.0000     17.0000
     24.0000     17.0000     17.0000      0.0000      0.0000      0.0000
     17.0000      0.0000      0.0000      0.0000      0.0000      0.0000
      0.0000      0.0000      0.0000      0.0000      0.0000      0.0000
      0.0000     24.0000     43.0000     43.0000     24.0000      0.0000
      0.0000      0.0000      0.0000      0.0000      0.0000      0.0000
      0.0000      0.0000      0.0000      0.0000      0.0000      0.0000
      0.0000      0.0000      0.0000      0.0000      0.0000      0.0000
      0.0000      0.0000      0.0000      0.0000      0.0000      0.0000
      0.0000      0.0000      0.0000      0.0000      0.0000      0.0000
      0.0000      0.0000      0.0000      0.0000      0.0000      0.0000
      0.0000      0.0000      0.0000      0.0000      0.0000      0.0000
      0.0000      0.0000      0.0000      0.0000      0.0000      0.0000
      0.0000      0.0000      0.0000      0.0000      0.0000      0.0000

      0.0000      0.0000      0.0000      0.0000      0.0000      0.0000
      0.0000      0.0000      0.0000      0.0000      0.0000      0.0000
      0.0000      0.0000      0.0000      0.0000     19.8333     19.8333
     28.0000     19.8333     19.8333      0.0000      0.0000      0.0000
     19.8333      0.0000      0.0000      0.0000      0.0000      0.0000
      0.0000      0.0000      0.0000      0.0000      0.0000      0.0000
      0.0000     28.0000     45.5000     45.5000     28.0000      0.0000
      0.0000      0.0000      0.0000      0.0000      0.0000      0.0000
      0.0000      0.0000      0.0000      0.0000      0.0000      0.0000
      0.0000      0.0000      0.0000      0.0000      0.0000      0.0000
      0.0000      0.0000      0.0000      0.0000      0.0000      0.0000
      0.0000      0.0000      0.0000      0.0000      0.0000      0.0000
      0.0000      0.0000      0.0000      0.0000      0.0000      0.0000
      0.0000      0.0000      0.0000      0.0000      0.0000      0.0000
      0.0000      0.0000      0.0000      0.0000      0.0000      0.0000
      0.0000      0.0000      0.0000      0.0000      0.0000      0.0000

  USINE N]84- LAFIGH   70  71         437.4000
      0.0000      0.0000      0.0000      0.0000      0.0000      0.0000
      0.0000      0.0000      0.0000      0.0000      0.0000      0.0000
      0.0000      0.0000      0.0000      0.0000     17.0000     17.0000
     24.0000     17.0000     17.0000      0.0000      0.0000      0.0000
     17.0000      0.0000      0.0000      0.0000      0.0000      0.0000
      0.0000      0.0000      0.0000      0.0000      0.0000      0.0000
      0.0000     24.0000     43.0000     43.0000     24.0000      0.0000
      0.0000      0.0000      0.0000      0.0000      0.0000      0.0000
      0.0000      0.0000      0.0000      0.0000      0.0000      0.0000
      0.0000      0.0000      0.0000      0.0000      0.0000      0.0000
      0.0000      0.0000      0.0000      0.0000      0.0000      0.0000
      0.0000      0.0000      0.0000      0.0000      0.0000      0.0000
      0.0000      0.0000      0.0000      0.0000      0.0000      0.0000
      0.0000      0.0000      0.0000      0.0000      0.0000      0.0000
      0.0000      0.0000      0.0000      0.0000      0.0000      0.0000
      0.0000      0.0000      0.0000      0.0000      0.0000      0.0000

      0.0000      0.0000      0.0000      0.0000      0.0000      0.0000
      0.0000      0.0000      0.0000      0.0000      0.0000      0.0000
      0.0000      0.0000      0.0000      0.0000      7.0000      7.0000
      9.3947      7.0000      7.0000      0.0000      0.0000      0.0000
      7.0000      0.0000      0.0000      0.0000      0.0000      0.0000
      0.0000      0.0000      0.0000      0.0000      0.0000      0.0000
      0.0000      9.3947     15.4091     15.4091      9.3947      0.0000
      0.0000      0.0000      0.0000      0.0000      0.0000      0.0000
      0.0000      0.0000      0.0000      0.0000      0.0000      0.0000
      0.0000      0.0000      0.0000      0.0000      0.0000      0.0000
      0.0000      0.0000      0.0000      0.0000      0.0000      0.0000
      0.0000      0.0000      0.0000      0.0000      0.0000      0.0000
      0.0000      0.0000      0.0000      0.0000      0.0000      0.0000
      0.0000      0.0000      0.0000      0.0000      0.0000      0.0000
      0.0000      0.0000      0.0000      0.0000      0.0000      0.0000
      0.0000      0.0000      0.0000      0.0000      0.0000      0.0000

  USINE N]85- SALELH   71   0        1754.6400
      0.0000      0.0000      0.0000      0.0000      0.0000      0.0000
      0.0000      0.0000      0.0000      0.0000      0.0000      0.0000
     15.0000      0.0000     15.0000     27.0000     27.0000     27.0000
     27.0000     27.0000     27.0000     27.0000     27.0000     27.0000
     27.0000     27.0000     27.0000     15.0000     27.0000      3.4000
     15.0000     15.0000     27.0000     15.0000     15.0000      0.0000
     15.0000     27.0000     27.0000     27.0000     27.0000     15.0000
      0.0000      0.0000      0.0000      0.0000      0.0000      0.0000
      0.0000      0.0000      0.0000      0.0000      0.0000      0.0000
      0.0000      0.0000      0.0000      0.0000      0.0000      0.0000
      0.0000      0.0000      0.0000     15.0000     27.0000     27.0000
     27.0000     27.0000     27.0000     27.0000     27.0000     27.0000
     17.4000     27.0000     15.0000      0.0000      0.0000      0.0000
      0.0000      0.0000      0.0000      0.0000      0.0000      0.0000
      0.0000     15.0000     15.0000     15.0000     15.0000      0.0000
      0.0000      0.0000      0.0000      0.0000      0.0000      0.0000

      0.0000      0.0000      0.0000      0.0000      0.0000      0.0000
      0.0000      0.0000      0.0000      0.0000      0.0000      0.0000
      5.2500      0.0000      5.2500      7.0000      7.0000      7.0000
      7.0000      7.0000      7.0000      7.0000      7.0000      7.0000
      7.0000      7.0000      7.0000      5.2500      7.0000      1.1900
      5.2500      5.2500      7.0000      5.2500      5.2500      0.0000
      5.2500      7.0000      7.0000      7.0000      7.0000      5.2500
      0.0000      0.0000      0.0000      0.0000      0.0000      0.0000
      0.0000      0.0000      0.0000      0.0000      0.0000      0.0000
      0.0000      0.0000      0.0000      0.0000      0.0000      0.0000
      0.0000      0.0000      0.0000      5.2500      7.0000      7.0000
      7.0000      7.0000      7.0000      7.0000      7.0000      7.0000
      5.6000      7.0000      5.2500      0.0000      0.0000      0.0000
      0.0000      0.0000      0.0000      0.0000      0.0000      0.0000
      0.0000      5.2500      5.2500      5.2500      5.2500      0.0000
      0.0000      0.0000      0.0000      0.0000      0.0000      0.0000

   DONNEES POUR LA VALLEE N]14-ROYA     DATE: 22/03/10     4 USINE(S)     4 RESERVOIR(S)
  LAC N]72- SSDALR     0.1000E+04      9.950        -197.1199
    604.3200    608.6400    612.9600    617.2800    621.6000    625.9200
    630.2400    634.5600    638.8800    643.2000    647.5200    651.8400
    656.1600    660.4800    664.8000    669.1200    376.0833    380.4033
    384.7233    389.0433    393.3633    397.6833    402.0033    406.3233
    410.6433    414.9633    419.2833    423.6033    427.9233    432.2433
    436.5633    440.8833    445.2033    449.5233    453.8433    458.1633
    462.4833    466.8033    471.1233    475.4433    479.7633    484.0833
    488.4033    492.7233    497.0433    501.3633    505.6833    510.0033
    514.3233    518.6433    522.9633    527.2833    531.6033    535.9233
    540.2433    544.5633    548.8833    553.2033    315.0401    319.3601
    323.6801    328.0001    332.3201    336.6401    340.9601    345.2801
    349.6001    353.9201    358.2401    362.5601    366.8801    371.2001
    375.5201    379.8401    384.1601    388.4801    392.8001    397.1201
    401.4401    405.7601    410.0801    414.4001    418.7201    423.0401
    427.3601    431.6801    436.0001    440.3201    444.6401    448.9601
    453.2801    443.2001    433.1201    423.0401    412.9601    402.8801

  LAC N]73- PAGANR     0.1000E+04      0.000           0.0000
      0.0000      0.0000      0.0000      0.0000      0.0000      0.0000
      0.0000      0.0000      0.0000      0.0000      0.0000      0.0000
      0.0000      0.0000      0.0000      0.0000      0.0000      0.0000
      0.0000      0.0000      0.0000      0.0000      0.0000      0.0000
      0.0000      0.0000      0.0000      0.0000      0.0000      0.0000
      0.0000      0.0000      0.0000      0.0000      0.0000      0.0000
      0.0000      0.0000      0.0000      0.0000      0.0000      0.0000
      0.0000      0.0000      0.0000      0.0000      0.0000      0.0000
      0.0000      0.0000      0.0000      0.0000      0.0000      0.0000
      0.0000      0.0000      0.0000      0.0000      0.0000      0.0000
      0.0000      0.0000      0.0000      0.0000      0.0000      0.0000
      0.0000      0.0000      0.0000      0.0000      0.0000      0.0000
      0.0000      0.0000      0.0000      0.0000      0.0000      0.0000
      0.0000      0.0000      0.0000      0.0000      0.0000      0.0000
      0.0000      0.0000      0.0000      0.0000      0.0000      0.0000
      0.0000      0.0000      0.0000      0.0000      0.0000      0.0000

  LAC N]74- FTAN R     0.1000E+04      0.000           0.0000
      0.0000      0.0000      0.0000      0.0000      0.0000      0.0000
      0.0000      0.0000      0.0000      0.0000      0.0000      0.0000
      0.0000      0.0000      0.0000      0.0000      0.0000      0.0000
      0.0000      0.0000      0.0000      0.0000      0.0000      0.0000
      0.0000      0.0000      0.0000      0.0000      0.0000      0.0000
      0.0000      0.0000      0.0000      0.0000      0.0000      0.0000
      0.0000      0.0000      0.0000      0.0000      0.0000      0.0000
      0.0000      0.0000      0.0000      0.0000      0.0000      0.0000
      0.0000      0.0000      0.0000      0.0000      0.0000      0.0000
      0.0000      0.0000      0.0000      0.0000      0.0000      0.0000
      0.0000      0.0000      0.0000      0.0000      0.0000      0.0000
      0.0000      0.0000      0.0000      0.0000      0.0000      0.0000
      0.0000      0.0000      0.0000      0.0000      0.0000      0.0000
      0.0000      0.0000      0.0000      0.0000      0.0000      0.0000
      0.0000      0.0000      0.0000      0.0000      0.0000      0.0000
      0.0000      0.0000      0.0000      0.0000      0.0000      0.0000

  LAC N]75- BREILR     0.1000E+04      0.000           0.0000
      0.0000      0.0000      0.0000      0.0000      0.0000      0.0000
      0.0000      0.0000      0.0000      0.0000      0.0000      0.0000
      0.0000      0.0000      0.0000      0.0000      0.0000      0.0000
      0.0000      0.0000      0.0000      0.0000      0.0000      0.0000
      0.0000      0.0000      0.0000      0.0000      0.0000      0.0000
      0.0000      0.0000      0.0000      0.0000      0.0000      0.0000
      0.0000      0.0000      0.0000      0.0000      0.0000      0.0000
      0.0000      0.0000      0.0000      0.0000      0.0000      0.0000
      0.0000      0.0000      0.0000      0.0000      0.0000      0.0000
      0.0000      0.0000      0.0000      0.0000      0.0000      0.0000
      0.0000      0.0000      0.0000      0.0000      0.0000      0.0000
      0.0000      0.0000      0.0000      0.0000      0.0000      0.0000
      0.0000      0.0000      0.0000      0.0000      0.0000      0.0000
      0.0000      0.0000      0.0000      0.0000      0.0000      0.0000
      0.0000      0.0000      0.0000      0.0000      0.0000      0.0000
      0.0000      0.0000      0.0000      0.0000      0.0000      0.0000

  USINE N]86- SSDALH   72  73         100.8000
      0.0000      0.0000      0.0000      0.0000      0.0000      0.0000
      0.0000      0.0000      0.0000      0.0000      0.0000      0.0000
      0.0000      0.0000      0.0000      0.0000      8.0000      0.0000
      0.0000      0.0000      0.0000      0.0000      0.0000      0.0000
      0.0000      0.0000      0.0000      0.0000      0.0000      0.0000
      0.0000      0.0000      0.0000      0.0000      0.0000      0.0000
      0.0000      0.0000      0.0000      0.0000      0.0000      0.0000
      0.0000      0.0000      0.0000      0.0000      0.0000      0.0000
      0.0000      0.0000      0.0000      0.0000      0.0000      0.0000
      0.0000      0.0000      0.0000      0.0000      8.0000      0.0000
      0.0000      0.0000      0.0000      0.0000      0.0000      0.0000
      0.0000      0.0000      0.0000      0.0000      0.0000      0.0000
      0.0000      0.0000      0.0000      0.0000      0.0000      0.0000
      0.0000      0.0000      0.0000      0.0000      0.0000      0.0000
      0.0000      0.0000      0.0000      0.0000      0.0000      0.0000
      0.0000      8.0000      8.0000      8.0000      8.0000      8.0000

      0.0000      0.0000      0.0000      0.0000      0.0000      0.0000
      0.0000      0.0000      0.0000      0.0000      0.0000      0.0000
      0.0000      0.0000      0.0000      0.0000     24.0000      0.0000
      0.0000      0.0000      0.0000      0.0000      0.0000      0.0000
      0.0000      0.0000      0.0000      0.0000      0.0000      0.0000
      0.0000      0.0000      0.0000      0.0000      0.0000      0.0000
      0.0000      0.0000      0.0000      0.0000      0.0000      0.0000
      0.0000      0.0000      0.0000      0.0000      0.0000      0.0000
      0.0000      0.0000      0.0000      0.0000      0.0000      0.0000
      0.0000      0.0000      0.0000      0.0000     24.0000      0.0000
      0.0000      0.0000      0.0000      0.0000      0.0000      0.0000
      0.0000      0.0000      0.0000      0.0000      0.0000      0.0000
      0.0000      0.0000      0.0000      0.0000      0.0000      0.0000
      0.0000      0.0000      0.0000      0.0000      0.0000      0.0000
      0.0000      0.0000      0.0000      0.0000      0.0000      0.0000
      0.0000     24.0000     24.0000     24.0000     24.0000     24.0000

  USINE N]87- PAGANH   73  74          86.4000
      0.0000      0.0000      0.0000      0.0000      0.0000      0.0000
      0.0000      0.0000      0.0000      0.0000      0.0000      0.0000
      0.0000      0.0000      0.0000      0.0000      8.0000      0.0000
      0.0000      0.0000      0.0000      0.0000      0.0000      0.0000
      0.0000      0.0000      0.0000      0.0000      0.0000      0.0000
      0.0000      0.0000      0.0000      0.0000      0.0000      0.0000
      0.0000      0.0000      0.0000      0.0000      0.0000      0.0000
      0.0000      0.0000      0.0000      0.0000      0.0000      0.0000
      0.0000      0.0000      0.0000      0.0000      0.0000      0.0000
      0.0000      0.0000      0.0000      0.0000      0.0000      0.0000
      0.0000      0.0000      0.0000      0.0000      0.0000      0.0000
      0.0000      0.0000      0.0000      0.0000      0.0000      0.0000
      0.0000      0.0000      0.0000      0.0000      0.0000      0.0000
      0.0000      0.0000      0.0000      0.0000      0.0000      0.0000
      0.0000      0.0000      0.0000      0.0000      0.0000      0.0000
      0.0000      8.0000      8.0000      8.0000      8.0000      8.0000

      0.0000      0.0000      0.0000      0.0000      0.0000      0.0000
      0.0000      0.0000      0.0000      0.0000      0.0000      0.0000
      0.0000      0.0000      0.0000      0.0000      4.0000      0.0000
      0.0000      0.0000      0.0000      0.0000      0.0000      0.0000
      0.0000      0.0000      0.0000      0.0000      0.0000      0.0000
      0.0000      0.0000      0.0000      0.0000      0.0000      0.0000
      0.0000      0.0000      0.0000      0.0000      0.0000      0.0000
      0.0000      0.0000      0.0000      0.0000      0.0000      0.0000
      0.0000      0.0000      0.0000      0.0000      0.0000      0.0000
      0.0000      0.0000      0.0000      0.0000      0.0000      0.0000
      0.0000      0.0000      0.0000      0.0000      0.0000      0.0000
      0.0000      0.0000      0.0000      0.0000      0.0000      0.0000
      0.0000      0.0000      0.0000      0.0000      0.0000      0.0000
      0.0000      0.0000      0.0000      0.0000      0.0000      0.0000
      0.0000      0.0000      0.0000      0.0000      0.0000      0.0000
      0.0000      4.0000      4.0000      4.0000      4.0000      4.0000

  USINE N]88- FTAN H   74  75          86.4000
      0.0000      0.0000      0.0000      0.0000      0.0000      0.0000
      0.0000      0.0000      0.0000      0.0000      0.0000      0.0000
      0.0000      0.0000      0.0000      0.0000      8.0000      0.0000
      0.0000      0.0000      0.0000      0.0000      0.0000      0.0000
      0.0000      0.0000      0.0000      0.0000      0.0000      0.0000
      0.0000      0.0000      0.0000      0.0000      0.0000      0.0000
      0.0000      0.0000      0.0000      0.0000      0.0000      0.0000
      0.0000      0.0000      0.0000      0.0000      0.0000      0.0000
      0.0000      0.0000      0.0000      0.0000      0.0000      0.0000
      0.0000      0.0000      0.0000      0.0000      0.0000      0.0000
      0.0000      0.0000      0.0000      0.0000      0.0000      0.0000
      0.0000      0.0000      0.0000      0.0000      0.0000      0.0000
      0.0000      0.0000      0.0000      0.0000      0.0000      0.0000
      0.0000      0.0000      0.0000      0.0000      0.0000      0.0000
      0.0000      0.0000      0.0000      0.0000      0.0000      0.0000
      0.0000      8.0000      8.0000      8.0000      8.0000      8.0000

      0.0000      0.0000      0.0000      0.0000      0.0000      0.0000
      0.0000      0.0000      0.0000      0.0000      0.0000      0.0000
      0.0000      0.0000      0.0000      0.0000      3.5000      0.0000
      0.0000      0.0000      0.0000      0.0000      0.0000      0.0000
      0.0000      0.0000      0.0000      0.0000      0.0000      0.0000
      0.0000      0.0000      0.0000      0.0000      0.0000      0.0000
      0.0000      0.0000      0.0000      0.0000      0.0000      0.0000
      0.0000      0.0000      0.0000      0.0000      0.0000      0.0000
      0.0000      0.0000      0.0000      0.0000      0.0000      0.0000
      0.0000      0.0000      0.0000      0.0000      0.0000      0.0000
      0.0000      0.0000      0.0000      0.0000      0.0000      0.0000
      0.0000      0.0000      0.0000      0.0000      0.0000      0.0000
      0.0000      0.0000      0.0000      0.0000      0.0000      0.0000
      0.0000      0.0000      0.0000      0.0000      0.0000      0.0000
      0.0000      0.0000      0.0000      0.0000      0.0000      0.0000
      0.0000      3.3437      3.3437      3.5000      3.3437      3.3437

  USINE N]89- BREILH   75   0        2125.4400
     12.3000     12.3000     12.3000     12.3000     12.3000     12.3000
     12.3000     12.3000     12.3000     12.3000     12.3000     12.3000
     12.3000     12.3000     12.3000     12.3000     12.3000     12.3000
     12.3000     12.3000     12.3000     12.3000     12.3000     12.3000
     12.3000     12.3000     12.3000     12.3000     12.3000     12.3000
     12.3000     12.3000     12.3000     12.3000     12.3000     12.3000
     12.3000     12.3000     12.3000     12.3000     12.3000     12.3000
     12.3000     12.3000     12.3000     12.3000     12.3000     12.3000
     12.3000     12.3000     12.3000     12.3000     12.3000     12.3000
     12.3000     12.3000     12.3000     12.3000     12.3000     12.3000
     12.3000     12.3000     12.3000     12.3000     12.3000     12.3000
     12.3000     12.3000     12.3000     12.3000     12.3000     12.3000
     12.3000     12.3000     12.3000     12.3000     12.3000     12.3000
     12.3000     12.3000     12.3000     12.3000     12.3000     12.3000
     12.3000     12.3000     12.3000     12.3000     12.3000     12.3000
     12.3000     12.3000     12.3000     12.3000     12.3000     12.3000

      3.1500      3.1500      3.1500      3.1500      3.1500      3.1500
      3.1500      3.1500      3.1500      3.1500      3.1500      3.1500
      3.1500      3.1500      3.1500      3.1500      3.1500      3.1500
      3.1500      3.1500      3.1500      3.1500      3.1500      3.1500
      3.1500      3.1500      3.1500      3.1500      3.1500      3.1500
      3.1500      3.1500      3.1500      3.1500      3.1500      3.1500
      3.1500      3.1500      3.1500      3.1500      3.1500      3.1500
      3.1500      3.1500      3.1500      3.1500      3.1500      3.1500
      3.1500      3.1500      3.1500      3.1500      3.1500      3.1500
      3.1500      3.1500      3.1500      3.1500      3.1500      3.1500
      3.1500      3.1500      3.1500      3.1500      3.1500      3.1500
      3.1500      3.1500      3.1500      3.1500      3.1500      3.1500
      3.1500      3.1500      3.1500      3.1500      3.1500      3.1500
      3.1500      3.1500      3.1500      3.1500      3.1500      3.1500
      3.1500      3.1500      3.1500      3.1500      3.1500      3.1500
      3.1500      3.1500      3.1500      3.1500      3.1500      3.1500

   DONNEES POUR LA VALLEE N]15-SSCASSIE DATE: 22/03/10     1 USINE(S)     1 RESERVOIR(S)
  LAC N]76- SSCASR     0.1000E+04      1.230         426.7900
  23611.0000  23629.0000  23647.0000  23665.0000  23683.0000  23701.0000
  23719.0000  23737.0000  23755.0000  23773.0000  23758.6000  23776.6000
  23762.2000  23747.8000  23729.8000  23711.8000  23729.8000  23747.8000
  23765.8000  23783.8000  23801.8000  23819.8000  23837.8000  23855.8000
  23873.8000  23891.8000  23909.8000  23927.8000  23945.8000  23963.8000
  23981.8000  23999.8000  24017.8000  24035.8000  24053.8000  24071.8000
  24057.4000  24039.4000  24021.4000  24003.4000  23985.4000  23967.4000
  23953.0000  23938.6000  23924.2000  23942.2000  23927.8000  23913.4000
  23931.4000  23949.4000  23967.4000  23985.4000  23971.0000  23989.0000
  24007.0000  24025.0000  24043.0000  24061.0000  24079.0000  24097.0000
  24115.0000  24133.0000  24151.0000  24133.0000  24115.0000  24097.0000
  24079.0000  24061.0000  24043.0000  24025.0000  24007.0000  23989.0000
  23971.0000  23953.0000  23938.6000  23924.2000  23942.2000  23960.2000
  23945.8000  23931.4000  23949.4000  23967.4000  23953.0000  23971.0000
  23989.0000  23974.6000  23956.6000  23940.5900  23926.1900  23944.1900
  23962.1900  23980.1900  23998.1900  23983.7900  24001.7900  24019.7900

  USINE N]90- SSCASH   76   0        1301.2100
      0.0000      0.0000      0.0000      0.0000      0.0000      0.0000
      0.0000      0.0000      0.0000      0.0000     18.0000      0.0000
     18.0000     18.0000     20.0000     20.0000      0.0000      0.0000
      0.0000      0.0000      0.0000      0.0000      0.0000      0.0000
      0.0000      0.0000      0.0000      0.0000      0.0000      0.0000
      0.0000      0.0000      0.0000      0.0000      0.0000      0.0000
     18.0000     20.0000     20.0000     20.0000     20.0000     20.0000
     18.0000     18.0000     18.0000      0.0000     18.0000     18.0000
      0.0000      0.0000      0.0000      0.0000     18.0000      0.0000
      0.0000      0.0000      0.0000      0.0000      0.0000      0.0000
      0.0000      0.0000      0.0000     20.0000     20.0000     20.0000
     20.0000     20.0000     20.0000     20.0000     20.0000     20.0000
     20.0000     20.0000     18.0000     18.0000      0.0000      0.0000
     18.0000     18.0000      0.0000      0.0000     18.0000      0.0000
      0.0000     18.0000     20.0000     18.8944     18.0000      0.0000
      0.0000      0.0000      0.0000     18.0000      0.0000      0.0000

      0.0000      0.0000      0.0000      0.0000      0.0000      0.0000
      0.0000      0.0000      0.0000      0.0000      9.0000      0.0000
      9.0000      9.0000      9.2500      9.2500      0.0000      0.0000
      0.0000      0.0000      0.0000      0.0000      0.0000      0.0000
      0.0000      0.0000      0.0000      0.0000      0.0000      0.0000
      0.0000      0.0000      0.0000      0.0000      0.0000      0.0000
      9.0000      9.2500      9.2500      9.2500      9.2500      9.2500
      9.0000      9.0000      9.0000      0.0000      9.0000      9.0000
      0.0000      0.0000      0.0000      0.0000      9.0000      0.0000
      0.0000      0.0000      0.0000      0.0000      0.0000      0.0000
      0.0000      0.0000      0.0000      9.2500      9.2500      9.2500
      9.2500      9.2500      9.2500      9.2500      9.2500      9.2500
      9.2500      9.2500      9.0000      9.0000      0.0000      0.0000
      9.0000      9.0000      0.0000      0.0000      9.0000      0.0000
      0.0000      9.0000      9.2500      9.1118      9.0000      0.0000
      0.0000      0.0000      0.0000      9.0000      0.0000      0.0000

   DONNEES POUR LA VALLEE N]16-TRUY-SUP DATE: 22/03/10     2 USINE(S)     2 RESERVOIR(S)
  LAC N]77- GRANDR     0.1000E+04      1.000       -2368.8000
 126514.0000 126514.0000 126514.0000 126514.0000 126514.0000 126514.0000
 126514.0000 126514.0000 126514.0000 126514.0000 126514.0000 126514.0000
 126514.0000 126514.0000 126514.0000 126514.0000 126344.8000 126175.6000
 126006.4000 125837.2000 125668.0000 125498.8000 125329.6000 125160.4000
 124991.2000 124822.0000 124822.0000 124822.0000 124822.0000 124822.0000
 124822.0000 124822.0000 124822.0000 124822.0000 124822.0000 124822.0000
 124822.0000 124652.8000 124483.6000 124314.4000 124145.2000 124145.2000
 124145.2000 124145.2000 124145.2000 124145.2000 124145.2000 124145.2000
 124145.2000 124145.2000 124145.2000 124145.2000 124145.2000 124145.2000
 124145.2000 124145.2000 124145.2000 124145.2000 124145.2000 124145.2000
 124145.2000 124145.2000 124145.2000 124145.2000 124145.2000 124145.2000
 124145.2000 124145.2000 124145.2000 124145.2000 124145.2000 124145.2000
 124145.2000 124145.2000 124145.2000 124145.2000 124145.2000 124145.2000
 124145.2000 124145.2000 124145.2000 124145.2000 124145.2000 124145.2000
 124145.2000 124145.2000 124145.2000 124145.2000 124145.2000 124145.2000
 124145.2000 124145.2000 124145.2000 124145.2000 124145.2000 124145.2000

  LAC N]78- LANAUR     0.1000E+04      0.000           0.0000
      0.0000      0.0000      0.0000      0.0000      0.0000      0.0000
      0.0000      0.0000      0.0000      0.0000      0.0000      0.0000
      0.0000      0.0000      0.0000      0.0000      0.0000      0.0000
      0.0000      0.0000      0.0000      0.0000      0.0000      0.0000
      0.0000      0.0000      0.0000      0.0000      0.0000      0.0000
      0.0000      0.0000      0.0000      0.0000      0.0000      0.0000
      0.0000      0.0000      0.0000      0.0000      0.0000      0.0000
      0.0000      0.0000      0.0000      0.0000      0.0000      0.0000
      0.0000      0.0000      0.0000      0.0000      0.0000      0.0000
      0.0000      0.0000      0.0000      0.0000      0.0000      0.0000
      0.0000      0.0000      0.0000      0.0000      0.0000      0.0000
      0.0000      0.0000      0.0000      0.0000      0.0000      0.0000
      0.0000      0.0000      0.0000      0.0000      0.0000      0.0000
      0.0000      0.0000      0.0000      0.0000      0.0000      0.0000
      0.0000      0.0000      0.0000      0.0000      0.0000      0.0000
      0.0000      0.0000      0.0000      0.0000      0.0000      0.0000

  USINE N]91- GRANDH   77  78        2368.8000
      0.0000      0.0000      0.0000      0.0000      0.0000      0.0000
      0.0000      0.0000      0.0000      0.0000      0.0000      0.0000
      0.0000      0.0000      0.0000      0.0000     94.0000     94.0000
     94.0000     94.0000     94.0000     94.0000     94.0000     94.0000
     94.0000     94.0000      0.0000      0.0000      0.0000      0.0000
      0.0000      0.0000      0.0000      0.0000      0.0000      0.0000
      0.0000     94.0000     94.0000     94.0000     94.0000      0.0000
      0.0000      0.0000      0.0000      0.0000      0.0000      0.0000
      0.0000      0.0000      0.0000      0.0000      0.0000      0.0000
      0.0000      0.0000      0.0000      0.0000      0.0000      0.0000
      0.0000      0.0000      0.0000      0.0000      0.0000      0.0000
      0.0000      0.0000      0.0000      0.0000      0.0000      0.0000
      0.0000      0.0000      0.0000      0.0000      0.0000      0.0000
      0.0000      0.0000      0.0000      0.0000      0.0000      0.0000
      0.0000      0.0000      0.0000      0.0000      0.0000      0.0000
      0.0000      0.0000      0.0000      0.0000      0.0000      0.0000

      0.0000      0.0000      0.0000      0.0000      0.0000      0.0000
      0.0000      0.0000      0.0000      0.0000      0.0000      0.0000
      0.0000      0.0000      0.0000      0.0000     25.0000     25.0000
     25.0000     25.0000     25.0000     25.0000     25.0000     25.0000
     25.0000     25.0000      0.0000      0.0000      0.0000      0.0000
      0.0000      0.0000      0.0000      0.0000      0.0000      0.0000
      0.0000     25.0000     25.0000     25.0000     25.0000      0.0000
      0.0000      0.0000      0.0000      0.0000      0.0000      0.0000
      0.0000      0.0000      0.0000      0.0000      0.0000      0.0000
      0.0000      0.0000      0.0000      0.0000      0.0000      0.0000
      0.0000      0.0000      0.0000      0.0000      0.0000      0.0000
      0.0000      0.0000      0.0000      0.0000      0.0000      0.0000
      0.0000      0.0000      0.0000      0.0000      0.0000      0.0000
      0.0000      0.0000      0.0000      0.0000      0.0000      0.0000
      0.0000      0.0000      0.0000      0.0000      0.0000      0.0000
      0.0000      0.0000      0.0000      0.0000      0.0000      0.0000

  USINE N]92- LANAUH   78   0        2368.8000
      0.0000      0.0000      0.0000      0.0000      0.0000      0.0000
      0.0000      0.0000      0.0000      0.0000      0.0000      0.0000
      0.0000      0.0000      0.0000      0.0000     94.0000     94.0000
     94.0000     94.0000     94.0000     94.0000     94.0000     94.0000
     94.0000     94.0000      0.0000      0.0000      0.0000      0.0000
      0.0000      0.0000      0.0000      0.0000      0.0000      0.0000
      0.0000     94.0000     94.0000     94.0000     94.0000      0.0000
      0.0000      0.0000      0.0000      0.0000      0.0000      0.0000
      0.0000      0.0000      0.0000      0.0000      0.0000      0.0000
      0.0000      0.0000      0.0000      0.0000      0.0000      0.0000
      0.0000      0.0000      0.0000      0.0000      0.0000      0.0000
      0.0000      0.0000      0.0000      0.0000      0.0000      0.0000
      0.0000      0.0000      0.0000      0.0000      0.0000      0.0000
      0.0000      0.0000      0.0000      0.0000      0.0000      0.0000
      0.0000      0.0000      0.0000      0.0000      0.0000      0.0000
      0.0000      0.0000      0.0000      0.0000      0.0000      0.0000

      0.0000      0.0000      0.0000      0.0000      0.0000      0.0000
      0.0000      0.0000      0.0000      0.0000      0.0000      0.0000
      0.0000      0.0000      0.0000      0.0000      9.1762      9.1762
      9.1762      9.1762      9.1762      9.1762      9.1762      9.1762
      9.1762      9.1762      0.0000      0.0000      0.0000      0.0000
      0.0000      0.0000      0.0000      0.0000      0.0000      0.0000
      0.0000      9.1762      9.1762      9.1762      9.1762      0.0000
      0.0000      0.0000      0.0000      0.0000      0.0000      0.0000
      0.0000      0.0000      0.0000      0.0000      0.0000      0.0000
      0.0000      0.0000      0.0000      0.0000      0.0000      0.0000
      0.0000      0.0000      0.0000      0.0000      0.0000      0.0000
      0.0000      0.0000      0.0000      0.0000      0.0000      0.0000
      0.0000      0.0000      0.0000      0.0000      0.0000      0.0000
      0.0000      0.0000      0.0000      0.0000      0.0000      0.0000
      0.0000      0.0000      0.0000      0.0000      0.0000      0.0000
      0.0000      0.0000      0.0000      0.0000      0.0000      0.0000

   DONNEES POUR LA VALLEE N]17-LARDIT   DATE: 22/03/10     1 USINE(S)     1 RESERVOIR(S)
  LAC N]79- LARDIR     0.1000E+04      3.500        -122.2200
  16392.0000  16392.0000  16392.0000  16392.0000  16392.0000  16392.0000
  16392.0000  16392.0000  16392.0000  16392.0000  16392.0000  16392.0000
  16392.0000  16392.0000  16392.0000  16379.2200  16379.2200  16379.2200
  16379.2200  16379.2200  16379.2200  16379.2200  16379.2200  16379.2200
  16379.2200  16379.2200  16379.2200  16379.2200  16379.2200  16379.2200
  16379.2200  16379.2200  16379.2200  16379.2200  16379.2200  16379.2200
  16379.2200  16351.8600  16324.5000  16297.1400  16269.7800  16269.7800
  16269.7800  16269.7800  16269.7800  16269.7800  16269.7800  16269.7800
  16269.7800  16269.7800  16269.7800  16269.7800  16269.7800  16269.7800
  16269.7800  16269.7800  16269.7800  16269.7800  16269.7800  16269.7800
  16269.7800  16269.7800  16269.7800  16269.7800  16269.7800  16269.7800
  16269.7800  16269.7800  16269.7800  16269.7800  16269.7800  16269.7800
  16269.7800  16269.7800  16269.7800  16269.7800  16269.7800  16269.7800
  16269.7800  16269.7800  16269.7800  16269.7800  16269.7800  16269.7800
  16269.7800  16269.7800  16269.7800  16269.7800  16269.7800  16269.7800
  16269.7800  16269.7800  16269.7800  16269.7800  16269.7800  16269.7800

  USINE N]93- LARDIH   79   0         122.2200
      0.0000      0.0000      0.0000      0.0000      0.0000      0.0000
      0.0000      0.0000      0.0000      0.0000      0.0000      0.0000
      0.0000      0.0000      0.0000      7.1000      0.0000      0.0000
      0.0000      0.0000      0.0000      0.0000      0.0000      0.0000
      0.0000      0.0000      0.0000      0.0000      0.0000      0.0000
      0.0000      0.0000      0.0000      0.0000      0.0000      0.0000
      0.0000     15.2000     15.2000     15.2000     15.2000      0.0000
      0.0000      0.0000      0.0000      0.0000      0.0000      0.0000
      0.0000      0.0000      0.0000      0.0000      0.0000      0.0000
      0.0000      0.0000      0.0000      0.0000      0.0000      0.0000
      0.0000      0.0000      0.0000      0.0000      0.0000      0.0000
      0.0000      0.0000      0.0000      0.0000      0.0000      0.0000
      0.0000      0.0000      0.0000      0.0000      0.0000      0.0000
      0.0000      0.0000      0.0000      0.0000      0.0000      0.0000
      0.0000      0.0000      0.0000      0.0000      0.0000      0.0000
      0.0000      0.0000      0.0000      0.0000      0.0000      0.0000

      0.0000      0.0000      0.0000      0.0000      0.0000      0.0000
      0.0000      0.0000      0.0000      0.0000      0.0000      0.0000
      0.0000      0.0000      0.0000     10.0000      0.0000      0.0000
      0.0000      0.0000      0.0000      0.0000      0.0000      0.0000
      0.0000      0.0000      0.0000      0.0000      0.0000      0.0000
      0.0000      0.0000      0.0000      0.0000      0.0000      0.0000
      0.0000     19.5000     19.5000     19.5000     19.5000      0.0000
      0.0000      0.0000      0.0000      0.0000      0.0000      0.0000
      0.0000      0.0000      0.0000      0.0000      0.0000      0.0000
      0.0000      0.0000      0.0000      0.0000      0.0000      0.0000
      0.0000      0.0000      0.0000      0.0000      0.0000      0.0000
      0.0000      0.0000      0.0000      0.0000      0.0000      0.0000
      0.0000      0.0000      0.0000      0.0000      0.0000      0.0000
      0.0000      0.0000      0.0000      0.0000      0.0000      0.0000
      0.0000      0.0000      0.0000      0.0000      0.0000      0.0000
      0.0000      0.0000      0.0000      0.0000      0.0000      0.0000

   DONNEES POUR LA VALLEE N]18-TRUY-INF DATE: 22/03/10     9 USINE(S)     5 RESERVOIR(S)
  LAC N]80- SARRAR     0.1000E+04      4.290       -2655.0003
 173620.0000 173620.0000 173620.0000 173620.0000 173620.0000 173620.0000
 173620.0000 173620.0000 173620.0000 173620.0000 173620.0000 173620.0000
 173620.0000 173620.0000 173620.0000 173620.0000 173490.4000 173150.2000
 172810.0000 172680.4000 172550.8000 172550.8000 172550.8000 172550.8000
 172421.2000 172325.7997 172325.7997 172325.7997 172325.7997 172325.7997
 172325.7997 172325.7997 172325.7997 172325.7997 172325.7997 172325.7997
 172325.7997 171985.5997 171645.3997 171305.1997 170964.9997 170964.9997
 170964.9997 170964.9997 170964.9997 170964.9997 170964.9997 170964.9997
 170964.9997 170964.9997 170964.9997 170964.9997 170964.9997 170964.9997
 170964.9997 170964.9997 170964.9997 170964.9997 170964.9997 170964.9997
 170964.9997 170964.9997 170964.9997 170964.9997 170964.9997 170964.9997
 170964.9997 170964.9997 170964.9997 170964.9997 170964.9997 170964.9997
 170964.9997 170964.9997 170964.9997 170964.9997 170964.9997 170964.9997
 170964.9997 170964.9997 170964.9997 170964.9997 170964.9997 170964.9997
 170964.9997 170964.9997 170964.9997 170964.9997 170964.9997 170964.9997
 170964.9997 170964.9997 170964.9997 170964.9997 170964.9997 170964.9997

  LAC N]81- LABARR     0.1000E+04      0.000        -153.0000
   2459.6000   2468.6000   2477.6000   2486.6000   2495.6000   2504.6000
   2513.6000   2522.6000   2531.6000   2540.6000   2549.6000   2558.6000
   2567.6000   2576.6000   2585.6000   2594.6000   2346.2000   2205.8000
   2276.0000   2367.8000   2249.0000   2196.8000   2015.0000   1871.0000
   1601.0000   1548.8000   1653.2002   1662.2002   1671.2002   1680.2002
   1689.2002   1698.2002   1707.2002   1716.2002   1725.2002   1734.2002
   1743.2002   1473.2002   1543.4002   1613.6002   1683.8003   2033.0003
   2042.0003   2051.0003   2060.0003   2069.0003   2078.0003   2087.0003
   2096.0003   2105.0003   2114.0003   2123.0003   2132.0003   2141.0003
   2150.0003   2159.0003   2168.0003   2177.0003   2186.0003   2195.0003
   2204.0003   2213.0003   2222.0003   2231.0003   2087.0003   2074.4000
   1826.0000   1835.0000   1844.0000   1853.0000   1862.0000   1871.0000
   1880.0000   1889.0000   1898.0000   1907.0000   1916.0000   1925.0000
   1934.0000   1943.0000   1952.0000   1961.0000   1970.0000   1979.0000
   1988.0000   1997.0000   2006.0000   2015.0000   2024.0000   2033.0000
   2042.0000   2051.0000   2060.0000   2069.0000   2078.0000   2087.0000

  LAC N]82- COUESR     0.1000E+04      0.000        3217.0000
  13401.4000  13172.8000  12944.2000  12715.6000  12487.0000  12258.4000
  12029.8000  11801.2000  11572.6000  11344.0000  11115.4000  10886.8000
  10974.6961  10809.0501  10834.2501  10859.4501  11530.8501  12223.8501
  12916.8501  13588.2501  14259.6501  14864.4501  15469.2501  16036.2501
  16729.2501  17334.0501  17748.0501  18162.0501  18576.0501  18990.0501
  19404.0501  19818.0501  20232.0501  20646.0501  21060.0501  20894.4040
  21139.5640  21443.7640  21747.9640  22052.1640  22356.3640  22381.5640
  22215.9180  22121.6099  22472.6559  22244.0559  22015.4559  21786.8559
  21558.2559  21329.6559  21101.0559  20872.4559  20643.8559  20415.2559
  20186.6559  19958.0559  19729.4559  19500.8559  19272.2559  19043.6559
  18815.0559  18586.4559  18357.8559  18492.8559  18671.0559  18717.8561
  19000.4561  19025.6561  19050.8561  19076.0561  19101.2561  19126.4561
  19248.6561  19273.8561  19687.8561  19522.2101  19293.6101  19065.0101
  18836.4101  18607.8101  18379.2101  18150.6101  17922.0101  17693.4101
  17464.8101  17878.8101  17904.0101  18096.1540  18447.2000  18218.6000
  17990.0000  17761.4000  17532.8000  17304.2000  17075.6000  16847.0000

  LAC N]83- MTEZIR     0.1000E+04      4.530       -5849.1998
  19193.0000  19436.0000  19679.0000  19922.0000  20165.0000  20408.0000
  20651.0000  20894.0000  21137.0000  21380.0000  21623.0000  21866.0000
  21466.4000  21646.4460  21246.8460  20847.2460  20447.6460  20048.0460
  19648.4460  19248.8460  18849.2460  18449.6460  18050.0460  17650.4460
  17250.8460  16851.2460  16451.6460  16052.0460  15652.4460  15252.8460
  14853.2460  14453.6460  14054.0460  13654.4460  13254.8460  13434.8920
  13035.2920  12635.6920  12236.0920  11836.4920  11436.8920  11037.2920
  11217.3380  11326.0462  10989.4002  11232.4002  11475.4002  11718.4002
  11961.4002  12204.4002  12447.4002  12690.4002  12933.4002  13176.4002
  13419.4002  13662.4002  13905.4002  14148.4002  14391.4002  14634.4002
  14877.4002  15120.4002  15363.4002  14963.8002  14564.2002  14164.6002
  13765.0002  13365.4002  12965.8002  12566.2002  12166.6002  11767.0002
  11367.4002  10967.8002  10568.2002  10748.2462  10991.2462  11234.2462
  11477.2462  11720.2462  11963.2462  12206.2462  12449.2462  12692.2462
  12935.2462  12535.6462  12136.0462  11736.4462  11399.8002  11642.8002
  11885.8002  12128.8002  12371.8002  12614.8002  12857.8002  13100.8002

  LAC N]84- CAMBER     0.1000E+04      0.000        -172.8000
    995.6001    990.2001    984.8001    979.4001    974.0001    968.6001
    963.2001    957.8001    952.4001    947.0001    941.6001    936.2001
    930.8001   1251.5040   1239.0840   1507.4000   1700.0000   1503.8000
   1307.6000   1111.4000    965.6006    940.4006    915.2006    890.0006
    756.7366    731.5366    706.3366    700.9366    675.7366    670.3366
    664.9366    659.5366    634.3366    628.9366    623.5366    618.1366
    530.0006    530.0006    749.9606    969.9206   1175.3006   1380.6806
   1573.2806   1377.0806   1180.8806   1175.4806   1075.5806    879.3806
    901.3406    923.3006    930.6806    938.0606    837.3766    831.9766
    826.5766    821.1766    815.7766    810.3766    804.9766    799.5766
    794.1766    788.7766    713.4206    530.0006    625.5806    739.6800
    959.6400   1071.5360   1075.3680   1280.7480   1486.1280   1619.6360
   1645.0800   1480.0400   1700.0000   1516.5800   1523.9600   1518.5600
   1513.1600   1487.9600   1509.9200   1531.8800   1526.4800   1521.0800
   1463.8520   1298.5600   1025.2040   1032.5840    873.0201    880.4001
    875.0001    869.6001    864.2001    839.0001    833.6001    828.2001

  USINE N]94- SARR8H   80  81        1391.4003
      0.0000      0.0000      0.0000      0.0000      0.0000      0.0000
      0.0000      0.0000      0.0000      0.0000      0.0000      0.0000
      0.0000      0.0000      0.0000      0.0000     72.0000     72.0000
     72.0000     72.0000     72.0000      0.0000      0.0000      0.0000
     72.0000     53.0001      0.0000      0.0000      0.0000      0.0000
      0.0000      0.0000      0.0000      0.0000      0.0000      0.0000
      0.0000     72.0000     72.0000     72.0000     72.0000      0.0000
      0.0000      0.0000      0.0000      0.0000      0.0000      0.0000
      0.0000      0.0000      0.0000      0.0000      0.0000      0.0000
      0.0000      0.0000      0.0000      0.0000      0.0000      0.0000
      0.0000      0.0000      0.0000      0.0000      0.0000      0.0000
      0.0000      0.0000      0.0000      0.0000      0.0000      0.0000
      0.0000      0.0000      0.0000      0.0000      0.0000      0.0000
      0.0000      0.0000      0.0000      0.0000      0.0000      0.0000
      0.0000      0.0000      0.0000      0.0000      0.0000      0.0000
      0.0000      0.0000      0.0000      0.0000      0.0000      0.0000

      0.0000      0.0000      0.0000      0.0000      0.0000      0.0000
      0.0000      0.0000      0.0000      0.0000      0.0000      0.0000
      0.0000      0.0000      0.0000      0.0000     24.5000     24.5000
     24.5000     24.5000     24.5000      0.0000      0.0000      0.0000
     24.5000     18.0348      0.0000      0.0000      0.0000      0.0000
      0.0000      0.0000      0.0000      0.0000      0.0000      0.0000
      0.0000     24.5000     24.5000     24.5000     24.5000      0.0000
      0.0000      0.0000      0.0000      0.0000      0.0000      0.0000
      0.0000      0.0000      0.0000      0.0000      0.0000      0.0000
      0.0000      0.0000      0.0000      0.0000      0.0000      0.0000
      0.0000      0.0000      0.0000      0.0000      0.0000      0.0000
      0.0000      0.0000      0.0000      0.0000      0.0000      0.0000
      0.0000      0.0000      0.0000      0.0000      0.0000      0.0000
      0.0000      0.0000      0.0000      0.0000      0.0000      0.0000
      0.0000      0.0000      0.0000      0.0000      0.0000      0.0000
      0.0000      0.0000      0.0000      0.0000      0.0000      0.0000

  USINE N]95- SARRAH   80  81        1263.6000
      0.0000      0.0000      0.0000      0.0000      0.0000      0.0000
      0.0000      0.0000      0.0000      0.0000      0.0000      0.0000
      0.0000      0.0000      0.0000      0.0000      0.0000    117.0000
    117.0000      0.0000      0.0000      0.0000      0.0000      0.0000
      0.0000      0.0000      0.0000      0.0000      0.0000      0.0000
      0.0000      0.0000      0.0000      0.0000      0.0000      0.0000
      0.0000    117.0000    117.0000    117.0000    117.0000      0.0000
      0.0000      0.0000      0.0000      0.0000      0.0000      0.0000
      0.0000      0.0000      0.0000      0.0000      0.0000      0.0000
      0.0000      0.0000      0.0000      0.0000      0.0000      0.0000
      0.0000      0.0000      0.0000      0.0000      0.0000      0.0000
      0.0000      0.0000      0.0000      0.0000      0.0000      0.0000
      0.0000      0.0000      0.0000      0.0000      0.0000      0.0000
      0.0000      0.0000      0.0000      0.0000      0.0000      0.0000
      0.0000      0.0000      0.0000      0.0000      0.0000      0.0000
      0.0000      0.0000      0.0000      0.0000      0.0000      0.0000

      0.0000      0.0000      0.0000      0.0000      0.0000      0.0000
      0.0000      0.0000      0.0000      0.0000      0.0000      0.0000
      0.0000      0.0000      0.0000      0.0000      0.0000     37.5000
     37.5000      0.0000      0.0000      0.0000      0.0000      0.0000
      0.0000      0.0000      0.0000      0.0000      0.0000      0.0000
      0.0000      0.0000      0.0000      0.0000      0.0000      0.0000
      0.0000     37.5000     37.5000     37.5000     37.5000      0.0000
      0.0000      0.0000      0.0000      0.0000      0.0000      0.0000
      0.0000      0.0000      0.0000      0.0000      0.0000      0.0000
      0.0000      0.0000      0.0000      0.0000      0.0000      0.0000
      0.0000      0.0000      0.0000      0.0000      0.0000      0.0000
      0.0000      0.0000      0.0000      0.0000      0.0000      0.0000
      0.0000      0.0000      0.0000      0.0000      0.0000      0.0000
      0.0000      0.0000      0.0000      0.0000      0.0000      0.0000
      0.0000      0.0000      0.0000      0.0000      0.0000      0.0000
      0.0000      0.0000      0.0000      0.0000      0.0000      0.0000

  USINE N]96- BROM8H   81  82        2469.6003
      0.0000      0.0000      0.0000      0.0000      0.0000      0.0000
      0.0000      0.0000      0.0000      0.0000      0.0000      0.0000
      0.0000      0.0000      0.0000      0.0000     85.0000     85.0000
     85.0000     85.0000     85.0000     85.0000     85.0000     85.0000
     85.0000     85.0000      0.0000      0.0000      0.0000      0.0000
      0.0000      0.0000      0.0000      0.0000      0.0000      0.0000
      0.0000     85.0000     85.0000     85.0000     85.0000      0.0000
      0.0000      0.0000      0.0000      0.0000      0.0000      0.0000
      0.0000      0.0000      0.0000      0.0000      0.0000      0.0000
      0.0000      0.0000      0.0000      0.0000      0.0000      0.0000
      0.0000      0.0000      0.0000      0.0000     85.0000     12.0001
     85.0000      0.0000      0.0000      0.0000      0.0000      0.0000
      0.0000      0.0000      0.0000      0.0000      0.0000      0.0000
      0.0000      0.0000      0.0000      0.0000      0.0000      0.0000
      0.0000      0.0000      0.0000      0.0000      0.0000      0.0000
      0.0000      0.0000      0.0000      0.0000      0.0000      0.0000

      0.0000      0.0000      0.0000      0.0000      0.0000      0.0000
      0.0000      0.0000      0.0000      0.0000      0.0000      0.0000
      0.0000      0.0000      0.0000      0.0000     95.0000     95.0000
     95.0000     95.0000     95.0000     95.0000     95.0000     95.0000
     95.0000     95.0000      0.0000      0.0000      0.0000      0.0000
      0.0000      0.0000      0.0000      0.0000      0.0000      0.0000
      0.0000     95.0000     95.0000     95.0000     95.0000      0.0000
      0.0000      0.0000      0.0000      0.0000      0.0000      0.0000
      0.0000      0.0000      0.0000      0.0000      0.0000      0.0000
      0.0000      0.0000      0.0000      0.0000      0.0000      0.0000
      0.0000      0.0000      0.0000      0.0000     95.0000     13.4119
     95.0000      0.0000      0.0000      0.0000      0.0000      0.0000
      0.0000      0.0000      0.0000      0.0000      0.0000      0.0000
      0.0000      0.0000      0.0000      0.0000      0.0000      0.0000
      0.0000      0.0000      0.0000      0.0000      0.0000      0.0000
      0.0000      0.0000      0.0000      0.0000      0.0000      0.0000

  USINE N]97- BROMMH   81  82        1413.0000
      0.0000      0.0000      0.0000      0.0000      0.0000      0.0000
      0.0000      0.0000      0.0000      0.0000      0.0000      0.0000
      0.0000      0.0000      0.0000      0.0000     58.0000     70.0000
     70.0000     58.0000     58.0000     21.0000     21.0000      0.0000
     70.0000     21.0000      0.0000      0.0000      0.0000      0.0000
      0.0000      0.0000      0.0000      0.0000      0.0000      0.0000
      0.0000     70.0000     70.0000     70.0000     70.0000      0.0000
      0.0000      0.0000      0.0000      0.0000      0.0000      0.0000
      0.0000      0.0000      0.0000      0.0000      0.0000      0.0000
      0.0000      0.0000      0.0000      0.0000      0.0000      0.0000
      0.0000      0.0000      0.0000      0.0000      0.0000      0.0000
     58.0000      0.0000      0.0000      0.0000      0.0000      0.0000
      0.0000      0.0000      0.0000      0.0000      0.0000      0.0000
      0.0000      0.0000      0.0000      0.0000      0.0000      0.0000
      0.0000      0.0000      0.0000      0.0000      0.0000      0.0000
      0.0000      0.0000      0.0000      0.0000      0.0000      0.0000

      0.0000      0.0000      0.0000      0.0000      0.0000      0.0000
      0.0000      0.0000      0.0000      0.0000      0.0000      0.0000
      0.0000      0.0000      0.0000      0.0000     61.5000     73.5000
     73.5000     61.5000     61.5000     22.5000     22.5000      0.0000
     73.5000     22.5000      0.0000      0.0000      0.0000      0.0000
      0.0000      0.0000      0.0000      0.0000      0.0000      0.0000
      0.0000     73.5000     73.5000     73.5000     73.5000      0.0000
      0.0000      0.0000      0.0000      0.0000      0.0000      0.0000
      0.0000      0.0000      0.0000      0.0000      0.0000      0.0000
      0.0000      0.0000      0.0000      0.0000      0.0000      0.0000
      0.0000      0.0000      0.0000      0.0000      0.0000      0.0000
     61.5000      0.0000      0.0000      0.0000      0.0000      0.0000
      0.0000      0.0000      0.0000      0.0000      0.0000      0.0000
      0.0000      0.0000      0.0000      0.0000      0.0000      0.0000
      0.0000      0.0000      0.0000      0.0000      0.0000      0.0000
      0.0000      0.0000      0.0000      0.0000      0.0000      0.0000

  USINE N]98- MTEZIH   83  82       17982.0000
      0.0000      0.0000      0.0000      0.0000      0.0000      0.0000
      0.0000      0.0000      0.0000      0.0000      0.0000      0.0000
    222.0000      0.0000    222.0000    222.0000    222.0000    222.0000
    222.0000    222.0000    222.0000    222.0000    222.0000    222.0000
    222.0000    222.0000    222.0000    222.0000    222.0000    222.0000
    222.0000    222.0000    222.0000    222.0000    222.0000      0.0000
    222.0000    222.0000    222.0000    222.0000    222.0000    222.0000
      0.0000      0.0000    222.0000      0.0000      0.0000      0.0000
      0.0000      0.0000      0.0000      0.0000      0.0000      0.0000
      0.0000      0.0000      0.0000      0.0000      0.0000      0.0000
      0.0000      0.0000      0.0000    222.0000    222.0000    222.0000
    222.0000    222.0000    222.0000    222.0000    222.0000    222.0000
    222.0000    222.0000    222.0000      0.0000      0.0000      0.0000
      0.0000      0.0000      0.0000      0.0000      0.0000      0.0000
      0.0000    222.0000    222.0000    222.0000    222.0000      0.0000
      0.0000      0.0000      0.0000      0.0000      0.0000      0.0000

      0.0000      0.0000      0.0000      0.0000      0.0000      0.0000
      0.0000      0.0000      0.0000      0.0000      0.0000      0.0000
    380.0000      0.0000    380.0000    380.0000    380.0000    380.0000
    380.0000    380.0000    380.0000    380.0000    380.0000    380.0000
    380.0000    380.0000    380.0000    380.0000    380.0000    380.0000
    380.0000    380.0000    380.0000    380.0000    380.0000      0.0000
    380.0000    380.0000    380.0000    380.0000    380.0000    380.0000
      0.0000      0.0000    380.0000      0.0000      0.0000      0.0000
      0.0000      0.0000      0.0000      0.0000      0.0000      0.0000
      0.0000      0.0000      0.0000      0.0000      0.0000      0.0000
      0.0000      0.0000      0.0000    380.0000    380.0000    380.0000
    380.0000    380.0000    380.0000    380.0000    380.0000    380.0000
    380.0000    380.0000    380.0000      0.0000      0.0000      0.0000
      0.0000      0.0000      0.0000      0.0000      0.0000      0.0000
      0.0000    380.0000    380.0000    380.0000    380.0000      0.0000
      0.0000      0.0000      0.0000      0.0000      0.0000      0.0000

  USINE N]99- MTEZIP   82  83       12132.8002
    135.0000    135.0000    135.0000    135.0000    135.0000    135.0000
    135.0000    135.0000    135.0000    135.0000    135.0000    135.0000
      0.0000    100.0256      0.0000      0.0000      0.0000      0.0000
      0.0000      0.0000      0.0000      0.0000      0.0000      0.0000
      0.0000      0.0000      0.0000      0.0000      0.0000      0.0000
      0.0000      0.0000      0.0000      0.0000      0.0000    100.0256
      0.0000      0.0000      0.0000      0.0000      0.0000      0.0000
    100.0256     60.3934     34.9744    135.0000    135.0000    135.0000
    135.0000    135.0000    135.0000    135.0000    135.0000    135.0000
    135.0000    135.0000    135.0000    135.0000    135.0000    135.0000
    135.0000    135.0000    135.0000      0.0000      0.0000      0.0000
      0.0000      0.0000      0.0000      0.0000      0.0000      0.0000
      0.0000      0.0000      0.0000    100.0256    135.0000    135.0000
    135.0000    135.0000    135.0000    135.0000    135.0000    135.0000
    135.0000      0.0000      0.0000      0.0000     34.9744    135.0000
    135.0000    135.0000    135.0000    135.0000    135.0000    135.0000

   -307.5000   -307.5000   -307.5000   -307.5000   -307.5000   -307.5000
   -307.5000   -307.5000   -307.5000   -307.5000   -307.5000   -307.5000
      0.0000   -227.8360      0.0000      0.0000      0.0000      0.0000
      0.0000      0.0000      0.0000      0.0000      0.0000      0.0000
      0.0000      0.0000      0.0000      0.0000      0.0000      0.0000
      0.0000      0.0000      0.0000      0.0000      0.0000   -227.8360
      0.0000      0.0000      0.0000      0.0000      0.0000      0.0000
   -227.8360   -137.5628    -79.6640   -307.5000   -307.5000   -307.5000
   -307.5000   -307.5000   -307.5000   -307.5000   -307.5000   -307.5000
   -307.5000   -307.5000   -307.5000   -307.5000   -307.5000   -307.5000
   -307.5000   -307.5000   -307.5000      0.0000      0.0000      0.0000
      0.0000      0.0000      0.0000      0.0000      0.0000      0.0000
      0.0000      0.0000      0.0000   -227.8360   -307.5000   -307.5000
   -307.5000   -307.5000   -307.5000   -307.5000   -307.5000   -307.5000
   -307.5000      0.0000      0.0000      0.0000    -79.6640   -307.5000
   -307.5000   -307.5000   -307.5000   -307.5000   -307.5000   -307.5000

  USINE N]**- COUE8H   82  84        3797.6400
      0.0000      0.0000      0.0000      0.0000      0.0000      0.0000
      0.0000      0.0000      0.0000      0.0000      0.0000      0.0000
     96.0000      0.0000     96.0000     96.0000      0.0000      0.0000
      0.0000      0.0000      0.0000      0.0000      0.0000      0.0000
      0.0000      0.0000      0.0000      0.0000      0.0000      0.0000
      0.0000      0.0000      0.0000      0.0000      0.0000      0.0000
     93.8000     96.0000     96.0000     96.0000     96.0000     96.0000
      0.0000      0.0000      0.0000      0.0000      0.0000      0.0000
      0.0000      0.0000      0.0000      0.0000      0.0000      0.0000
      0.0000      0.0000      0.0000      0.0000      0.0000      0.0000
      0.0000      0.0000      0.0000     96.0000     96.0000     96.0000
     96.0000     96.0000     96.0000     96.0000     96.0000     96.0000
     96.0000     96.0000      0.0000      0.0000      0.0000      0.0000
      0.0000      0.0000      0.0000      0.0000      0.0000      0.0000
      0.0000      0.0000     96.0000     96.0000      0.0000      0.0000
      0.0000      0.0000      0.0000      0.0000      0.0000      0.0000

      0.0000      0.0000      0.0000      0.0000      0.0000      0.0000
      0.0000      0.0000      0.0000      0.0000      0.0000      0.0000
     21.5000      0.0000     21.5000     21.5000      0.0000      0.0000
      0.0000      0.0000      0.0000      0.0000      0.0000      0.0000
      0.0000      0.0000      0.0000      0.0000      0.0000      0.0000
      0.0000      0.0000      0.0000      0.0000      0.0000      0.0000
     21.0073     21.5000     21.5000     21.5000     21.5000     21.5000
      0.0000      0.0000      0.0000      0.0000      0.0000      0.0000
      0.0000      0.0000      0.0000      0.0000      0.0000      0.0000
      0.0000      0.0000      0.0000      0.0000      0.0000      0.0000
      0.0000      0.0000      0.0000     21.5000     21.5000     21.5000
     21.5000     21.5000     21.5000     21.5000     21.5000     21.5000
     21.5000     21.5000      0.0000      0.0000      0.0000      0.0000
      0.0000      0.0000      0.0000      0.0000      0.0000      0.0000
      0.0000      0.0000     21.5000     21.5000      0.0000      0.0000
      0.0000      0.0000      0.0000      0.0000      0.0000      0.0000

  USINE N]**- COUESH   82  84        4099.5601
      0.0000      0.0000      0.0000      0.0000      0.0000      0.0000
      0.0000      0.0000      0.0000      0.0000      0.0000      0.0000
     85.1689      0.0000    120.0000    120.0000      0.0000      0.0000
      0.0000      0.0000      0.0000      0.0000      0.0000      0.0000
      0.0000      0.0000      0.0000      0.0000      0.0000      0.0000
      0.0000      0.0000      0.0000      0.0000      0.0000      0.0000
      0.0000    120.0000    120.0000    120.0000    120.0000    120.0000
      0.0000      0.0000      0.0000      0.0000      0.0000      0.0000
      0.0000      0.0000      0.0000      0.0000      0.0000      0.0000
      0.0000      0.0000      0.0000      0.0000      0.0000      0.0000
      0.0000      0.0000      0.0000     59.0000    120.0000    120.0000
    120.0000    120.0000    120.0000    120.0000    120.0000    120.0000
     66.1111    120.0000      0.0000      0.0000      0.0000      0.0000
      0.0000      0.0000      0.0000      0.0000      0.0000      0.0000
      0.0000      0.0000    120.0000     27.2534      0.0000      0.0000
      0.0000      0.0000      0.0000      0.0000      0.0000      0.0000

      0.0000      0.0000      0.0000      0.0000      0.0000      0.0000
      0.0000      0.0000      0.0000      0.0000      0.0000      0.0000
     17.8625      0.0000     25.0000     25.0000      0.0000      0.0000
      0.0000      0.0000      0.0000      0.0000      0.0000      0.0000
      0.0000      0.0000      0.0000      0.0000      0.0000      0.0000
      0.0000      0.0000      0.0000      0.0000      0.0000      0.0000
      0.0000     25.0000     25.0000     25.0000     25.0000     25.0000
      0.0000      0.0000      0.0000      0.0000      0.0000      0.0000
      0.0000      0.0000      0.0000      0.0000      0.0000      0.0000
      0.0000      0.0000      0.0000      0.0000      0.0000      0.0000
      0.0000      0.0000      0.0000     12.5000     25.0000     25.0000
     25.0000     25.0000     25.0000     25.0000     25.0000     25.0000
     13.9572     25.0000      0.0000      0.0000      0.0000      0.0000
      0.0000      0.0000      0.0000      0.0000      0.0000      0.0000
      0.0000      0.0000     25.0000      5.7740      0.0000      0.0000
      0.0000      0.0000      0.0000      0.0000      0.0000      0.0000

  USINE N]**- CAMBEH   84   0        8865.0601
      4.0000      4.0000      4.0000      4.0000      4.0000      4.0000
      4.0000      4.0000      4.0000      4.0000      4.0000      4.0000
      4.0000      4.0000     15.0000     75.0356    110.0000    110.0000
    110.0000    110.0000     81.9997     15.0000     15.0000     15.0000
     75.0356     15.0000     15.0000      4.0000     15.0000      4.0000
      4.0000      4.0000     15.0000      4.0000      4.0000      4.0000
     49.9644    110.0000    110.0000    110.0000    110.0000    110.0000
    110.0000    110.0000    110.0000      4.0000     56.5000    110.0000
      4.0000      4.0000      4.0000      4.0000     64.0356      4.0000
      4.0000      4.0000      4.0000      4.0000      4.0000      4.0000
      4.0000      4.0000     49.9644    110.0000    110.0000    160.7115
    110.0000    170.0356    230.0711    110.0000    110.0000    149.9289
    209.9645    270.0000    110.0000    110.0000      4.0000      4.0000
      4.0000     15.0000      4.0000      4.0000      4.0000      4.0000
     39.8933     99.9289    159.9645    220.0000    220.0000      4.0000
      4.0000      4.0000      4.0000     15.0000      4.0000      4.0000

      0.0500      0.0500      0.0500      0.0500      0.0500      0.0500
      0.0500      0.0500      0.0500      0.0500      0.0500      0.0500
      0.0500      0.0500      0.7000      3.3925      4.9500      4.9500
      4.9500      4.9500      3.7027      0.7000      0.7000      0.7000
      3.3925      0.7000      0.7000      0.0500      0.7000      0.0500
      0.0500      0.0500      0.7000      0.0500      0.0500      0.0500
      2.2734      4.9500      4.9500      4.9500      4.9500      4.9500
      4.9500      4.9500      4.9500      0.0500      2.5668      4.9500
      0.0500      0.0500      0.0500      0.0500      2.9025      0.0500
      0.0500      0.0500      0.0500      0.0500      0.0500      0.0500
      0.0500      0.0500      2.2734      4.9500      4.9500      4.9500
      4.9500      4.9500      4.9500      4.9500      4.9500      4.9500
      4.9500      4.9500      4.9500      4.9500      0.0500      0.0500
      0.0500      0.7000      0.0500      0.0500      0.0500      0.0500
      1.6868      4.5150      7.2075      9.9000      9.9000      0.0500
      0.0500      0.0500      0.0500      0.7000      0.0500      0.0500

   DONNEES POUR LA VALLEE N]19-DORDOGNE DATE: 22/03/10     6 USINE(S)     5 RESERVOIR(S)
  LAC N]85- BORT R     0.1000E+04      3.260        -324.0000
 213680.9920 213680.9920 213680.9920 213680.9920 213680.9920 213680.9920
 213680.9920 213680.9920 213680.9920 213680.9920 213680.9920 213680.9920
 213680.9920 213680.9920 213680.9920 213680.9920 213680.9920 213680.9920
 213680.9920 213680.9920 213680.9920 213680.9920 213680.9920 213680.9920
 213680.9920 213680.9920 213680.9920 213680.9920 213680.9920 213680.9920
 213680.9920 213680.9920 213680.9920 213680.9920 213680.9920 213680.9920
 213680.9920 213680.9920 213518.9920 213356.9920 213356.9920 213356.9920
 213356.9920 213356.9920 213356.9920 213356.9920 213356.9920 213356.9920
 213356.9920 213356.9920 213356.9920 213356.9920 213356.9920 213356.9920
 213356.9920 213356.9920 213356.9920 213356.9920 213356.9920 213356.9920
 213356.9920 213356.9920 213356.9920 213356.9920 213356.9920 213356.9920
 213356.9920 213356.9920 213356.9920 213356.9920 213356.9920 213356.9920
 213356.9920 213356.9920 213356.9920 213356.9920 213356.9920 213356.9920
 213356.9920 213356.9920 213356.9920 213356.9920 213356.9920 213356.9920
 213356.9920 213356.9920 213356.9920 213356.9920 213356.9920 213356.9920
 213356.9920 213356.9920 213356.9920 213356.9920 213356.9920 213356.9920

  LAC N]86- MAREFR     0.1000E+04      0.000           0.0000
      0.0000      0.0000      0.0000      0.0000      0.0000      0.0000
      0.0000      0.0000      0.0000      0.0000      0.0000      0.0000
      0.0000      0.0000      0.0000      0.0000      0.0000      0.0000
      0.0000      0.0000      0.0000      0.0000      0.0000      0.0000
      0.0000      0.0000      0.0000      0.0000      0.0000      0.0000
      0.0000      0.0000      0.0000      0.0000      0.0000      0.0000
      0.0000      0.0000      0.0000      1.0000      1.0000      1.0000
      1.0000      1.0000      1.0000      1.0000      1.0000      1.0000
      1.0000      1.0000      1.0000      1.0000      1.0000      1.0000
      1.0000      1.0000      1.0000      1.0000      1.0000      1.0000
      1.0000      1.0000      1.0000      1.0000      1.0000      1.0000
      1.0000      1.0000      1.0000      1.0000      1.0000      1.0000
      1.0000      1.0000      1.0000      1.0000      1.0000      1.0000
      1.0000      1.0000      1.0000      1.0000      1.0000      1.0000
      1.0000      1.0000      1.0000      1.0000      1.0000      1.0000
      1.0000      1.0000      1.0000      1.0000      1.0000      1.0000

  LAC N]87- AIGLER     0.1000E+04      0.000       -1667.2000
 102218.6000 102276.2000 102333.8000 102391.4000 102449.0000 102506.6000
 102564.2000 102621.8000 102679.4000 102737.0000 102794.6000 102852.2000
 102909.8000 102967.4000 103025.0000 102805.4000 102585.8000 102366.2000
 102146.6000 101927.0000 101707.4000 101487.8000 101268.2000 101048.6000
 100829.0000 100609.4000 100636.2720 100693.8720 100751.4720 100809.0720
 100866.6720 100924.2720 100981.8720 101039.4720 101097.0720 101154.6720
 101212.2720 100992.6720 100935.0720 100876.4720 100656.8720 100714.4720
 100772.0720 100829.6720 100887.2720 100944.8720 101002.4720 101060.0720
 101117.6720 101175.2720 101232.8720 101290.4720 101348.0720 101405.6720
 101463.2720 101520.8720 101578.4720 101636.0720 101693.6720 101751.2720
 101808.8720 101866.4720 101924.0720 101704.4720 101484.8720 101265.2720
 101045.6720 100826.0720 100606.4720 100386.8720 100167.2720  99947.6720
  99728.0720  99508.4720  99566.0720  99623.6720  99681.2720  99738.8720
  99796.4720  99854.0720  99911.6720  99969.2720 100026.8720 100084.4720
 100142.0720 100199.6720  99980.0720 100032.0000 100089.6000 100147.2000
 100204.8000 100262.4000 100320.0000 100377.6000 100435.2000 100492.8000

  LAC N]88- CHASTR     0.1000E+04      0.000       -3495.2000
  86232.4000  86246.8000  86261.2000  86275.6000  86290.0000  86304.4000
  86318.8000  86333.2000  86347.6000  86362.0000  86376.4000  86390.8000
  86405.2000  86419.6000  86434.0000  86725.6000  86522.2000  86318.8000
  86115.4000  85912.0000  85708.6000  85748.2000  85787.8000  86079.4000
  85876.0000  85852.0000  85897.1280  85911.5280  85925.9280  85940.3280
  85954.7280  85969.1280  85983.5280  85997.9280  86012.3280  86026.7280
  86041.1280  85837.7280  85526.3280  85214.9280  85011.5280  84901.7280
  84916.1280  84930.5280  84572.3280  84586.7280  84601.1280  84600.0640
  84614.4640  84628.8640  84643.2640  84657.6640  84501.9270  84516.3270
  84530.7270  84545.1270  84559.5270  84573.9270  84588.3270  84602.7270
  84617.1270  84631.5270  84645.9270  84813.3270  84609.9270  84406.5270
  84203.1270  83999.7270  83796.3270  84087.9270  83935.1280  84102.5280
  84394.1280  84437.3280  84451.7280  84466.1280  84480.5280  84494.9280
  84509.3280  84523.7280  84538.1280  84552.5280  84566.9280  84581.3280
  84595.7280  84115.1280  83803.7280  83220.8000  83073.2000  83087.6000
  83102.0000  83116.4000  83130.8000  82694.0000  82708.4000  82722.8000

  LAC N]89- ARGE5R     0.1000E+04      0.000        -294.0000
   2600.2000   2350.0000   2225.8000   2101.6000   1977.4000   1853.2000
   1729.0000   1604.8000   1480.6000   1356.4000   1232.2000   1108.0000
    983.8000    859.6000    735.4000    611.2000    415.0000    713.8000
    958.6000   1257.4000   1556.2000   1872.4000   1928.2000   2056.0000
   1859.8000   2158.6000   2350.0000   2225.8000   2101.6000   1977.4000
   1853.2000   1729.0000   1604.8000   1480.6000   1356.4000   1232.2000
   1108.0000    911.8000   1156.6000   1509.4000   1979.2000   2350.0000
   2350.0000   2225.8000   2101.6000   2350.0000   2225.8000   2101.6000
   1992.8640   1868.6640   1744.4640   1620.2640   1496.0640   1542.0010
   1417.8010   1293.6010   1169.4010   1045.2010    921.0010    796.8010
    672.6010    548.4010    424.2010    300.0010    300.0010    670.8010
   1041.6010   1412.4010   1783.2010   2154.0010   2029.8010   2350.0000
   2350.0000   2225.8000   2350.0000   2225.8000   2101.6000   1977.4000
   1853.2000   1729.0000   1604.8000   1480.6000   1356.4000   1232.2000
   1108.0000    983.8000   1354.6000   1833.4000   2312.2000   2350.0000
   2225.8000   2101.6000   1977.4000   1853.2000   2180.2000   2056.0000

  USINE N]**- BORT H   85  86         324.0000
      0.0000      0.0000      0.0000      0.0000      0.0000      0.0000
      0.0000      0.0000      0.0000      0.0000      0.0000      0.0000
      0.0000      0.0000      0.0000      0.0000      0.0000      0.0000
      0.0000      0.0000      0.0000      0.0000      0.0000      0.0000
      0.0000      0.0000      0.0000      0.0000      0.0000      0.0000
      0.0000      0.0000      0.0000      0.0000      0.0000      0.0000
      0.0000      0.0000     90.0000     90.0000      0.0000      0.0000
      0.0000      0.0000      0.0000      0.0000      0.0000      0.0000
      0.0000      0.0000      0.0000      0.0000      0.0000      0.0000
      0.0000      0.0000      0.0000      0.0000      0.0000      0.0000
      0.0000      0.0000      0.0000      0.0000      0.0000      0.0000
      0.0000      0.0000      0.0000      0.0000      0.0000      0.0000
      0.0000      0.0000      0.0000      0.0000      0.0000      0.0000
      0.0000      0.0000      0.0000      0.0000      0.0000      0.0000
      0.0000      0.0000      0.0000      0.0000      0.0000      0.0000
      0.0000      0.0000      0.0000      0.0000      0.0000      0.0000

      0.0000      0.0000      0.0000      0.0000      0.0000      0.0000
      0.0000      0.0000      0.0000      0.0000      0.0000      0.0000
      0.0000      0.0000      0.0000      0.0000      0.0000      0.0000
      0.0000      0.0000      0.0000      0.0000      0.0000      0.0000
      0.0000      0.0000      0.0000      0.0000      0.0000      0.0000
      0.0000      0.0000      0.0000      0.0000      0.0000      0.0000
      0.0000      0.0000     35.5000     35.5000      0.0000      0.0000
      0.0000      0.0000      0.0000      0.0000      0.0000      0.0000
      0.0000      0.0000      0.0000      0.0000      0.0000      0.0000
      0.0000      0.0000      0.0000      0.0000      0.0000      0.0000
      0.0000      0.0000      0.0000      0.0000      0.0000      0.0000
      0.0000      0.0000      0.0000      0.0000      0.0000      0.0000
      0.0000      0.0000      0.0000      0.0000      0.0000      0.0000
      0.0000      0.0000      0.0000      0.0000      0.0000      0.0000
      0.0000      0.0000      0.0000      0.0000      0.0000      0.0000
      0.0000      0.0000      0.0000      0.0000      0.0000      0.0000

  USINE N]**- MAREFH   86  87         324.0000
      0.5556      0.0000      0.0000      0.0000      0.0000      0.0000
      0.0000      0.0000      0.0000      0.0000      0.0000      0.0000
      0.0000      0.0000      0.0000      0.0000      0.0000      0.0000
      0.0000      0.0000      0.0000      0.0000      0.0000      0.0000
      0.0000      0.0000      0.0000      0.0000      0.0000      0.0000
      0.0000      0.0000      0.0000      0.0000      0.0000      0.0000
      0.0000      0.0000     90.0000     89.4444      0.0000      0.0000
      0.0000      0.0000      0.0000      0.0000      0.0000      0.0000
      0.0000      0.0000      0.0000      0.0000      0.0000      0.0000
      0.0000      0.0000      0.0000      0.0000      0.0000      0.0000
      0.0000      0.0000      0.0000      0.0000      0.0000      0.0000
      0.0000      0.0000      0.0000      0.0000      0.0000      0.0000
      0.0000      0.0000      0.0000      0.0000      0.0000      0.0000
      0.0000      0.0000      0.0000      0.0000      0.0000      0.0000
      0.0000      0.0000      0.0000      0.0000      0.0000      0.0000
      0.0000      0.0000      0.0000      0.0000      0.0000      0.0000

      0.0000      0.0000      0.0000      0.0000      0.0000      0.0000
      0.0000      0.0000      0.0000      0.0000      0.0000      0.0000
      0.0000      0.0000      0.0000      0.0000      0.0000      0.0000
      0.0000      0.0000      0.0000      0.0000      0.0000      0.0000
      0.0000      0.0000      0.0000      0.0000      0.0000      0.0000
      0.0000      0.0000      0.0000      0.0000      0.0000      0.0000
      0.0000      0.0000      0.0000      0.0000      0.0000      0.0000
      0.0000      0.0000      0.0000      0.0000      0.0000      0.0000
      0.0000      0.0000      0.0000      0.0000      0.0000      0.0000
      0.0000      0.0000      0.0000      0.0000      0.0000      0.0000
      0.0000      0.0000      0.0000      0.0000      0.0000      0.0000
      0.0000      0.0000      0.0000      0.0000      0.0000      0.0000
      0.0000      0.0000      0.0000      0.0000      0.0000      0.0000
      0.0000      0.0000      0.0000      0.0000      0.0000      0.0000
      0.0000      0.0000      0.0000      0.0000      0.0000      0.0000
      0.0000      0.0000      0.0000      0.0000      0.0000      0.0000

  USINE N]**- AIGL8H   87  88        7520.8000
      0.0000      0.0000      0.0000      0.0000      0.0000      0.0000
      0.0000      0.0000      0.0000      0.0000      0.0000      0.0000
      0.0000      0.0000      0.0000    154.0000    154.0000    154.0000
    154.0000    154.0000    154.0000    154.0000    154.0000    154.0000
    154.0000    154.0000     17.0711      0.0000      0.0000      0.0000
      0.0000      0.0000      0.0000      0.0000      0.0000      0.0000
      0.0000    154.0000    154.0000    154.0000    154.0000      0.0000
      0.0000      0.0000      0.0000      0.0000      0.0000      0.0000
      0.0000      0.0000      0.0000      0.0000      0.0000      0.0000
      0.0000      0.0000      0.0000      0.0000      0.0000      0.0000
      0.0000      0.0000      0.0000    154.0000    154.0000    154.0000
    154.0000    154.0000    154.0000    154.0000    154.0000    154.0000
    154.0000    154.0000      0.0000      0.0000      0.0000      0.0000
      0.0000      0.0000      0.0000      0.0000      0.0000      0.0000
      0.0000      0.0000    154.0000      3.1511      0.0000      0.0000
      0.0000      0.0000      0.0000      0.0000      0.0000      0.0000

      0.0000      0.0000      0.0000      0.0000      0.0000      0.0000
      0.0000      0.0000      0.0000      0.0000      0.0000      0.0000
      0.0000      0.0000      0.0000     48.5000     48.5000     48.5000
     48.5000     48.5000     48.5000     48.5000     48.5000     48.5000
     48.5000     48.5000      5.3763      0.0000      0.0000      0.0000
      0.0000      0.0000      0.0000      0.0000      0.0000      0.0000
      0.0000     48.5000     48.5000     48.5000     48.5000      0.0000
      0.0000      0.0000      0.0000      0.0000      0.0000      0.0000
      0.0000      0.0000      0.0000      0.0000      0.0000      0.0000
      0.0000      0.0000      0.0000      0.0000      0.0000      0.0000
      0.0000      0.0000      0.0000     48.5000     48.5000     48.5000
     48.5000     48.5000     48.5000     48.5000     48.5000     48.5000
     48.5000     48.5000      0.0000      0.0000      0.0000      0.0000
      0.0000      0.0000      0.0000      0.0000      0.0000      0.0000
      0.0000      0.0000     48.5000      0.9924      0.0000      0.0000
      0.0000      0.0000      0.0000      0.0000      0.0000      0.0000

  USINE N]**- AIGLEH   87  88           0.0000
      0.0000      0.0000      0.0000      0.0000      0.0000      0.0000
      0.0000      0.0000      0.0000      0.0000      0.0000      0.0000
      0.0000      0.0000      0.0000      0.0000      0.0000      0.0000
      0.0000      0.0000      0.0000      0.0000      0.0000      0.0000
      0.0000      0.0000      0.0000      0.0000      0.0000      0.0000
      0.0000      0.0000      0.0000      0.0000      0.0000      0.0000
      0.0000      0.0000      0.0000      0.0000      0.0000      0.0000
      0.0000      0.0000      0.0000      0.0000      0.0000      0.0000
      0.0000      0.0000      0.0000      0.0000      0.0000      0.0000
      0.0000      0.0000      0.0000      0.0000      0.0000      0.0000
      0.0000      0.0000      0.0000      0.0000      0.0000      0.0000
      0.0000      0.0000      0.0000      0.0000      0.0000      0.0000
      0.0000      0.0000      0.0000      0.0000      0.0000      0.0000
      0.0000      0.0000      0.0000      0.0000      0.0000      0.0000
      0.0000      0.0000      0.0000      0.0000      0.0000      0.0000
      0.0000      0.0000      0.0000      0.0000      0.0000      0.0000

      0.0000      0.0000      0.0000      0.0000      0.0000      0.0000
      0.0000      0.0000      0.0000      0.0000      0.0000      0.0000
      0.0000      0.0000      0.0000      0.0000      0.0000      0.0000
      0.0000      0.0000      0.0000      0.0000      0.0000      0.0000
      0.0000      0.0000      0.0000      0.0000      0.0000      0.0000
      0.0000      0.0000      0.0000      0.0000      0.0000      0.0000
      0.0000      0.0000      0.0000      0.0000      0.0000      0.0000
      0.0000      0.0000      0.0000      0.0000      0.0000      0.0000
      0.0000      0.0000      0.0000      0.0000      0.0000      0.0000
      0.0000      0.0000      0.0000      0.0000      0.0000      0.0000
      0.0000      0.0000      0.0000      0.0000      0.0000      0.0000
      0.0000      0.0000      0.0000      0.0000      0.0000      0.0000
      0.0000      0.0000      0.0000      0.0000      0.0000      0.0000
      0.0000      0.0000      0.0000      0.0000      0.0000      0.0000
      0.0000      0.0000      0.0000      0.0000      0.0000      0.0000
      0.0000      0.0000      0.0000      0.0000      0.0000      0.0000

  USINE N]**- CHASTH   88  89       12398.4000
      0.0000      0.0000      0.0000      0.0000      0.0000      0.0000
      0.0000      0.0000      0.0000      0.0000      0.0000      0.0000
      0.0000      0.0000      0.0000      0.0000    275.0000    275.0000
    275.0000    275.0000    275.0000    140.0000    140.0000      0.0000
    275.0000    175.3333      0.0000      0.0000      0.0000      0.0000
      0.0000      0.0000      0.0000      0.0000      0.0000      0.0000
      0.0000    275.0000    335.0000    335.0000    275.0000     69.0000
      0.0000      0.0000    207.0000      0.0000      0.0000      8.5911
      0.0000      0.0000      0.0000      0.0000     94.5206      0.0000
      0.0000      0.0000      0.0000      0.0000      0.0000      0.0000
      0.0000      0.0000      0.0000     69.0000    275.0000    275.0000
    275.0000    275.0000    275.0000      0.0000    246.8883     69.0000
      0.0000    138.0000      0.0000      0.0000      0.0000      0.0000
      0.0000      0.0000      0.0000      0.0000      0.0000      0.0000
      0.0000    275.0000    335.0000    335.0000     90.0000      0.0000
      0.0000      0.0000      0.0000    250.6667      0.0000      0.0000

      0.0000      0.0000      0.0000      0.0000      0.0000      0.0000
      0.0000      0.0000      0.0000      0.0000      0.0000      0.0000
      0.0000      0.0000      0.0000      0.0000     77.5000     77.5000
     77.5000     77.5000     77.5000     40.0000     40.0000      0.0000
     77.5000     49.8148      0.0000      0.0000      0.0000      0.0000
      0.0000      0.0000      0.0000      0.0000      0.0000      0.0000
      0.0000     77.5000     90.0000     90.0000     77.5000     19.7143
      0.0000      0.0000     58.6111      0.0000      0.0000      2.4546
      0.0000      0.0000      0.0000      0.0000     27.0059      0.0000
      0.0000      0.0000      0.0000      0.0000      0.0000      0.0000
      0.0000      0.0000      0.0000     19.7143     77.5000     77.5000
     77.5000     77.5000     77.5000      0.0000     69.6912     19.7143
      0.0000     39.4286      0.0000      0.0000      0.0000      0.0000
      0.0000      0.0000      0.0000      0.0000      0.0000      0.0000
      0.0000     77.5000     90.0000     90.0000     25.7143      0.0000
      0.0000      0.0000      0.0000     70.7407      0.0000      0.0000

  USINE N]**- ARGE5H   89   0       13360.2000
    137.0000    140.0000     70.0000     70.0000     70.0000     70.0000
     70.0000     70.0000     70.0000     70.0000     70.0000     70.0000
     70.0000     70.0000     70.0000     70.0000    110.0000    110.0000
    140.0000    110.0000    110.0000    100.3333    110.0000     70.0000
    110.0000    110.0000     70.0000     70.0000     70.0000     70.0000
     70.0000     70.0000     70.0000     70.0000     70.0000     70.0000
     70.0000    110.0000    140.0000    140.0000     75.0000     70.0000
     70.0000     70.0000     70.0000     70.0000     70.0000     70.0000
     70.0000     70.0000     70.0000     70.0000     70.0000     70.0000
     70.0000     70.0000     70.0000     70.0000     70.0000     70.0000
     70.0000     70.0000     70.0000     70.0000     70.0000     70.0000
     70.0000     70.0000     70.0000     70.0000     70.0000     70.0000
     70.0000     70.0000     70.0000     70.0000     70.0000     70.0000
     70.0000     70.0000     70.0000     70.0000     70.0000     70.0000
     70.0000     70.0000     70.0000     70.0000     70.0000     70.0000
     70.0000     70.0000     70.0000     70.0000     70.0000     70.0000

      7.8786      8.0500      4.0500      4.0500      4.0500      4.0500
      4.0500      4.0500      4.0500      4.0500      4.0500      4.0500
      4.0500      4.0500      4.0500      4.0500      6.4500      6.4500
      8.0500      6.4500      6.4500      5.8700      6.4500      4.0500
      6.4500      6.4500      4.0500      4.0500      4.0500      4.0500
      4.0500      4.0500      4.0500      4.0500      4.0500      4.0500
      4.0500      6.4500      8.0500      8.0500      4.3500      4.0500
      4.0500      4.0500      4.0500      4.0500      4.0500      4.0500
      4.0500      4.0500      4.0500      4.0500      4.0500      4.0500
      4.0500      4.0500      4.0500      4.0500      4.0500      4.0500
      4.0500      4.0500      4.0500      4.0500      4.0500      4.0500
      4.0500      4.0500      4.0500      4.0500      4.0500      4.0500
      4.0500      4.0500      4.0500      4.0500      4.0500      4.0500
      4.0500      4.0500      4.0500      4.0500      4.0500      4.0500
      4.0500      4.0500      4.0500      4.0500      4.0500      4.0500
      4.0500      4.0500      4.0500      4.0500      4.0500      4.0500

   DONNEES POUR LA VALLEE N]20-DORDREG  DATE: 22/03/10     2 USINE(S)     2 RESERVOIR(S)
  LAC N]90- AUZERR     0.1000E+04      3.040        -657.4600
   5250.0000   5250.0000   5250.0000   5250.0000   5250.0000   5250.0000
   5250.0000   5250.0000   5250.0000   5250.0000   5250.0000   5250.0000
   5250.0000   5250.0000   5250.0000   5227.5000   5205.0000   5182.5000
   5160.0000   5137.5000   5115.0000   5092.5000   5070.0000   5047.5000
   5025.0000   5002.5000   4980.0000   4957.5000   4935.0000   4935.0000
   4935.0000   4912.5000   4890.0000   4867.5000   4867.5000   4867.5000
   4867.5000   4845.0000   4822.5000   4800.0000   4777.5000   4758.9600
   4758.9600   4758.9600   4758.9600   4758.9600   4758.9600   4758.9600
   4758.9600   4758.9600   4758.9600   4758.9600   4758.9600   4758.9600
   4758.9600   4758.9600   4758.9600   4758.9600   4758.9600   4758.9600
   4758.9600   4758.9600   4758.9600   4758.9600   4736.4600   4713.9600
   4691.4600   4668.9600   4646.4600   4633.5800   4611.0800   4592.5400
   4592.5400   4592.5400   4592.5400   4592.5400   4592.5400   4592.5400
   4592.5400   4592.5400   4592.5400   4592.5400   4592.5400   4592.5400
   4592.5400   4592.5400   4592.5400   4592.5400   4592.5400   4592.5400
   4592.5400   4592.5400   4592.5400   4592.5400   4592.5400   4592.5400

  LAC N]91- VAUSSR     0.1000E+04      0.000           0.0000
      0.0000      1.0000      1.0000      0.0000      0.0000      1.0000
      0.0000      0.0000      1.0000      1.0000      0.0000      1.0000
      0.0000      1.0000      1.0000      1.0000      1.0000      1.0000
      0.0000      0.0000      0.0000      1.0000      0.0000      1.0000
      0.0000      0.0000      0.0000      1.0000      0.0000      1.0000
      1.0000      1.0000      0.0000      0.0000      0.0000      1.0000
      1.0000      1.0000      0.0000      0.0000      0.0000      0.0000
      1.0000      1.0000      0.0000      1.0000      1.0000      0.0000
      0.0000      0.0000      1.0000      1.0000      0.0000      0.0000
      0.0000      0.0000      0.0000      1.0000      1.0000      1.0000
      1.0000      1.0000      1.0000      1.0000      0.0000      1.0000
      0.0000      0.0000      0.0000      1.0000      0.0000      0.0000
      1.0000      0.0000      0.0000      0.0000      0.0000      1.0000
      1.0000      0.0000      1.0000      1.0000      0.0000      1.0000
      1.0000      1.0000      0.0000      0.0000      0.0000      0.0000
      0.0000      0.0000      1.0000      0.0000      0.0000      0.0000

  USINE N]**- AUZERH   90  91         657.4600
      0.0000      0.0000      0.0000      0.0000      0.0000      0.0000
      0.0000      0.0000      0.0000      0.0000      0.0000      0.0000
      0.0000      0.0000      0.0000     12.5000     12.5000     12.5000
     12.5000     12.5000     12.5000     12.5000     12.5000     12.5000
     12.5000     12.5000     12.5000     12.5000     12.5000      0.0000
      0.0000     12.5000     12.5000     12.5000      0.0000      0.0000
      0.0000     12.5000     12.5000     12.5000     12.5000     10.3000
      0.0000      0.0000      0.0000      0.0000      0.0000      0.0000
      0.0000      0.0000      0.0000      0.0000      0.0000      0.0000
      0.0000      0.0000      0.0000      0.0000      0.0000      0.0000
      0.0000      0.0000      0.0000      0.0000     12.5000     12.5000
     12.5000     12.5000     12.5000      7.1555     12.5000     10.3000
      0.0000      0.0000      0.0000      0.0000      0.0000      0.0000
      0.0000      0.0000      0.0000      0.0000      0.0000      0.0000
      0.0000      0.0000      0.0000      0.0000      0.0000      0.0000
      0.0000      0.0000      0.0000      0.0000      0.0000      0.0000

      0.0000      0.0000      0.0000      0.0000      0.0000      0.0000
      0.0000      0.0000      0.0000      0.0000      0.0000      0.0000
      0.0000      0.0000      0.0000     15.0000     15.0000     15.0000
     15.0000     15.0000     15.0000     15.0000     15.0000     15.0000
     15.0000     15.0000     15.0000     15.0000     15.0000      0.0000
      0.0000     15.0000     15.0000     15.0000      0.0000      0.0000
      0.0000     15.0000     15.0000     15.0000     15.0000     12.5000
      0.0000      0.0000      0.0000      0.0000      0.0000      0.0000
      0.0000      0.0000      0.0000      0.0000      0.0000      0.0000
      0.0000      0.0000      0.0000      0.0000      0.0000      0.0000
      0.0000      0.0000      0.0000      0.0000     15.0000     15.0000
     15.0000     15.0000     15.0000      8.6839     15.0000     12.5000
      0.0000      0.0000      0.0000      0.0000      0.0000      0.0000
      0.0000      0.0000      0.0000      0.0000      0.0000      0.0000
      0.0000      0.0000      0.0000      0.0000      0.0000      0.0000
      0.0000      0.0000      0.0000      0.0000      0.0000      0.0000

  USINE N]**- B.RHUH   91   0        2385.4600
     10.0000      9.4444     10.0000     10.5556     10.0000      9.4444
     10.5556     10.0000      9.4444     10.0000     10.5556      9.4444
     10.5556      9.4444     10.0000     22.5000     22.5000     22.5000
     23.0556     22.5000     22.5000     21.9444     23.0556     21.9444
     23.0556     22.5000     22.5000     21.9444     23.0556      9.4444
     10.0000     22.5000     23.0556     22.5000     10.0000      9.4444
     10.0000     22.5000     23.0556     22.5000     22.5000     20.3000
      9.4444     10.0000     10.5556      9.4444     10.0000     10.5556
     10.0000     10.0000      9.4444     10.0000     10.5556     10.0000
     10.0000     10.0000     10.0000      9.4444     10.0000     10.0000
     10.0000     10.0000     10.0000     10.0000     23.0556     21.9444
     23.0556     22.5000     22.5000     16.6000     23.0556     20.3000
      9.4444     10.5556     10.0000     10.0000     10.0000      9.4444
     10.0000     10.5556      9.4444     10.0000     10.5556      9.4444
     10.0000     10.0000     10.5556     10.0000     10.0000     10.0000
     10.0000     10.0000      9.4444     10.5556     10.0000     10.0000

      0.0000      0.0000      0.0000      0.0000      0.0000      0.0000
      0.0000      0.0000      0.0000      0.8500      0.8972      0.8028
      0.8972      0.8028      0.8500      1.9125      1.9125      1.9125
      1.9597      1.9125      1.9125      1.8653      1.9597      1.8653
      1.9597      1.9125      1.9125      1.8653      1.9597      0.8028
      0.8500      1.9125      1.9597      1.9125      0.8500      0.8028
      0.8500      1.9125      1.9597      1.9125      1.9125      1.7255
      0.8028      0.8500      0.8972      0.0000      0.8500      0.8972
      0.8500      0.8500      0.0000      0.8500      0.8972      0.0000
      0.0000      0.0000      0.0000      0.0000      0.0000      0.0000
      0.0000      0.0000      0.8500      0.8500      1.9597      1.8653
      1.9597      1.9125      1.9125      1.4110      1.9597      1.7255
      0.8028      0.8972      0.8500      0.8500      0.0000      0.0000
      0.8500      0.8972      0.0000      0.0000      0.8972      0.0000
      0.0000      0.8500      0.8972      0.8500      0.8500      0.0000
      0.0000      0.0000      0.0000      0.8972      0.0000      0.0000

   DONNEES POUR LA VALLEE N]21-V.BEN    DATE: 22/03/10     1 USINE(S)     1 RESERVOIR(S)
  LAC N]92- V.BENR     0.1000E+04      1.160        -284.0400
   3516.8000   3527.6000   3538.4000   3549.2000   3560.0000   3570.8000
   3581.6000   3592.4000   3603.2000   3614.0000   3624.8000   3635.6000
   3646.4000   3657.2000   3668.0000   3629.8400   3591.6800   3553.5200
   3515.3600   3477.2000   3439.0400   3400.8800   3362.7200   3324.5600
   3286.4000   3248.2400   3210.0800   3171.9200   3133.7600   3144.5600
   3155.3600   3122.9705   3084.8105   3046.6505   3057.4505   3068.2505
   3079.0505   3040.8905   3002.7305   2964.5705   2926.4105   2937.2105
   2948.0105   2958.8105   2969.6105   2980.4105   2991.2105   3002.0105
   3012.8105   3023.6105   3034.4105   3045.2105   3056.0105   3066.8105
   3077.6105   3088.4105   3099.2105   3110.0105   3120.8105   3131.6105
   3142.4105   3153.2105   3164.0105   3174.8105   3136.6505   3098.4905
   3060.3305   3022.1705   2984.0105   2994.8105   2956.6505   2962.7600
   2973.5600   2984.3600   2995.1600   3005.9600   3016.7600   3027.5600
   3038.3600   3049.1600   3059.9600   3070.7600   3081.5600   3092.3600
   3103.1600   3113.9600   3124.7600   3135.5600   3146.3600   3157.1600
   3167.9600   3178.7600   3189.5600   3200.3600   3211.1600   3221.9600

  USINE N]**- V.BENH   92   0        1320.8400
      0.0000      0.0000      0.0000      0.0000      0.0000      0.0000
      0.0000      0.0000      0.0000      0.0000      0.0000      0.0000
      0.0000      0.0000      0.0000     27.2000     27.2000     27.2000
     27.2000     27.2000     27.2000     27.2000     27.2000     27.2000
     27.2000     27.2000     27.2000     27.2000     27.2000      0.0000
      0.0000     23.9942     27.2000     27.2000      0.0000      0.0000
      0.0000     27.2000     27.2000     27.2000     27.2000      0.0000
      0.0000      0.0000      0.0000      0.0000      0.0000      0.0000
      0.0000      0.0000      0.0000      0.0000      0.0000      0.0000
      0.0000      0.0000      0.0000      0.0000      0.0000      0.0000
      0.0000      0.0000      0.0000      0.0000     27.2000     27.2000
     27.2000     27.2000     27.2000      0.0000     27.2000      2.6058
      0.0000      0.0000      0.0000      0.0000      0.0000      0.0000
      0.0000      0.0000      0.0000      0.0000      0.0000      0.0000
      0.0000      0.0000      0.0000      0.0000      0.0000      0.0000
      0.0000      0.0000      0.0000      0.0000      0.0000      0.0000

      0.0000      0.0000      0.0000      0.0000      0.0000      0.0000
      0.0000      0.0000      0.0000      0.0000      0.0000      0.0000
      0.0000      0.0000      0.0000     13.0000     13.0000     13.0000
     13.0000     13.0000     13.0000     13.0000     13.0000     13.0000
     13.0000     13.0000     13.0000     13.0000     13.0000      0.0000
      0.0000     11.5089     13.0000     13.0000      0.0000      0.0000
      0.0000     13.0000     13.0000     13.0000     13.0000      0.0000
      0.0000      0.0000      0.0000      0.0000      0.0000      0.0000
      0.0000      0.0000      0.0000      0.0000      0.0000      0.0000
      0.0000      0.0000      0.0000      0.0000      0.0000      0.0000
      0.0000      0.0000      0.0000      0.0000     13.0000     13.0000
     13.0000     13.0000     13.0000      0.0000     13.0000      1.2846
      0.0000      0.0000      0.0000      0.0000      0.0000      0.0000
      0.0000      0.0000      0.0000      0.0000      0.0000      0.0000
      0.0000      0.0000      0.0000      0.0000      0.0000      0.0000
      0.0000      0.0000      0.0000      0.0000      0.0000      0.0000

   DONNEES POUR LA VALLEE N]22-MARCIL   DATE: 22/03/10     1 USINE(S)     1 RESERVOIR(S)
  LAC N]93- MARC5R     0.1000E+04      3.030         -13.8600
   7542.0000   7542.0000   7542.0000   7542.0000   7542.0000   7542.0000
   7542.0000   7542.0000   7542.0000   7542.0000   7542.0000   7542.0000
   7542.0000   7542.0000   7542.0000   7542.0000   7542.0000   7542.0000
   7542.0000   7542.0000   7542.0000   7542.0000   7542.0000   7542.0000
   7542.0000   7542.0000   7542.0000   7542.0000   7542.0000   7542.0000
   7542.0000   7542.0000   7542.0000   7542.0000   7542.0000   7542.0000
   7542.0000   7542.0000   7528.1400   7528.1400   7528.1400   7528.1400
   7528.1400   7528.1400   7528.1400   7528.1400   7528.1400   7528.1400
   7528.1400   7528.1400   7528.1400   7528.1400   7528.1400   7528.1400
   7528.1400   7528.1400   7528.1400   7528.1400   7528.1400   7528.1400
   7528.1400   7528.1400   7528.1400   7528.1400   7528.1400   7528.1400
   7528.1400   7528.1400   7528.1400   7528.1400   7528.1400   7528.1400
   7528.1400   7528.1400   7528.1400   7528.1400   7528.1400   7528.1400
   7528.1400   7528.1400   7528.1400   7528.1400   7528.1400   7528.1400
   7528.1400   7528.1400   7528.1400   7528.1400   7528.1400   7528.1400
   7528.1400   7528.1400   7528.1400   7528.1400   7528.1400   7528.1400

  USINE N]**- MARC5H   93   0          13.8600
      0.0000      0.0000      0.0000      0.0000      0.0000      0.0000
      0.0000      0.0000      0.0000      0.0000      0.0000      0.0000
      0.0000      0.0000      0.0000      0.0000      0.0000      0.0000
      0.0000      0.0000      0.0000      0.0000      0.0000      0.0000
      0.0000      0.0000      0.0000      0.0000      0.0000      0.0000
      0.0000      0.0000      0.0000      0.0000      0.0000      0.0000
      0.0000      0.0000      7.7000      0.0000      0.0000      0.0000
      0.0000      0.0000      0.0000      0.0000      0.0000      0.0000
      0.0000      0.0000      0.0000      0.0000      0.0000      0.0000
      0.0000      0.0000      0.0000      0.0000      0.0000      0.0000
      0.0000      0.0000      0.0000      0.0000      0.0000      0.0000
      0.0000      0.0000      0.0000      0.0000      0.0000      0.0000
      0.0000      0.0000      0.0000      0.0000      0.0000      0.0000
      0.0000      0.0000      0.0000      0.0000      0.0000      0.0000
      0.0000      0.0000      0.0000      0.0000      0.0000      0.0000
      0.0000      0.0000      0.0000      0.0000      0.0000      0.0000

      0.0000      0.0000      0.0000      0.0000      0.0000      0.0000
      0.0000      0.0000      0.0000      0.0000      0.0000      0.0000
      0.0000      0.0000      0.0000      0.0000      0.0000      0.0000
      0.0000      0.0000      0.0000      0.0000      0.0000      0.0000
      0.0000      0.0000      0.0000      0.0000      0.0000      0.0000
      0.0000      0.0000      0.0000      0.0000      0.0000      0.0000
      0.0000      0.0000      7.0000      0.0000      0.0000      0.0000
      0.0000      0.0000      0.0000      0.0000      0.0000      0.0000
      0.0000      0.0000      0.0000      0.0000      0.0000      0.0000
      0.0000      0.0000      0.0000      0.0000      0.0000      0.0000
      0.0000      0.0000      0.0000      0.0000      0.0000      0.0000
      0.0000      0.0000      0.0000      0.0000      0.0000      0.0000
      0.0000      0.0000      0.0000      0.0000      0.0000      0.0000
      0.0000      0.0000      0.0000      0.0000      0.0000      0.0000
      0.0000      0.0000      0.0000      0.0000      0.0000      0.0000
      0.0000      0.0000      0.0000      0.0000      0.0000      0.0000

   DONNEES POUR LA VALLEE N]23-MAULDE   DATE: 22/03/10     8 USINE(S)     8 RESERVOIR(S)
  LAC N]94- P.CHAR     0.1000E+04      3.810        -471.7400
  87504.0000  87504.0000  87504.0000  87504.0000  87504.0000  87504.0000
  87504.0000  87504.0000  87504.0000  87504.0000  87504.0000  87504.0000
  87504.0000  87504.0000  87504.0000  87475.0200  87438.1200  87401.2200
  87364.3200  87327.4200  87308.7000  87294.4800  87275.7600  87261.5400
  87242.8200  87224.1000  87209.8800  87209.8800  87208.3000  87208.3000
  87208.3000  87208.3000  87194.0800  87194.0800  87194.0800  87194.0800
  87194.0800  87157.1800  87120.2800  87083.3800  87046.4800  87046.4800
  87046.4800  87046.4800  87046.4800  87046.4800  87046.4800  87046.4800
  87046.4800  87046.4800  87046.4800  87046.4800  87046.4800  87046.4800
  87046.4800  87046.4800  87046.4800  87046.4800  87046.4800  87046.4800
  87046.4800  87046.4800  87046.4800  87046.4800  87046.4800  87046.4800
  87032.2600  87032.2600  87032.2600  87032.2600  87032.2600  87032.2600
  87032.2600  87032.2600  87032.2600  87032.2600  87032.2600  87032.2600
  87032.2600  87032.2600  87032.2600  87032.2600  87032.2600  87032.2600
  87032.2600  87032.2600  87032.2600  87032.2600  87032.2600  87032.2600
  87032.2600  87032.2600  87032.2600  87032.2600  87032.2600  87032.2600

  LAC N]95- M.LARR     0.1000E+04      0.000        -469.0000
   1969.9600   1973.9200   1977.8800   1981.8400   1985.8000   1989.7600
   1993.7200   1997.6800   2001.6400   2005.6000   2009.5600   2013.5200
   2017.4800   2021.4400   1988.1400   1981.6600   1983.1000   1983.4745
   1979.3345   1980.7745   1964.0345   1942.7945   1926.0545   1904.8145
   1888.0745   1871.3345   1850.0945   1815.7145   1781.8345   1785.7945
   1789.7545   1755.3745   1734.1345   1699.7545   1703.7145   1707.6745
   1711.6345   1707.4945   1703.3545   1699.2145   1695.0745   1661.2345
   1665.1945   1669.1545   1673.1145   1677.0745   1681.0345   1684.9945
   1688.9545   1692.9145   1696.8745   1700.8345   1704.7945   1708.7545
   1712.7145   1716.6745   1720.6345   1724.5945   1728.5545   1732.5145
   1736.4745   1740.4345   1744.3945   1748.3545   1713.9745   1679.5945
   1659.4345   1625.0545   1590.6745   1556.8345   1522.9945   1489.1545
   1455.8545   1422.5545   1426.5145   1430.4745   1434.4345   1438.3945
   1442.3545   1446.3145   1450.2745   1454.2345   1458.1945   1462.1545
   1466.1145   1470.0745   1461.3600   1465.3200   1469.2800   1473.2400
   1477.2000   1481.1600   1485.1200   1489.0800   1493.0400   1497.0000

  LAC N]96- MRNEIR     0.1000E+04      0.000           0.0000
      0.0000      0.0000      0.0000      0.0000      0.0000      0.0000
      0.0000      0.0000      0.0000      0.0000      0.0000      0.0000
      0.0000      0.0000      0.0000      0.0000      0.0000      0.0000
      0.0000      0.0000      0.0000      0.0000      0.0000      0.0000
      0.0000      0.0000      0.0000      0.0000      0.0000      0.0000
      0.0000      0.0000      0.0000      0.0000      0.0000      0.0000
      0.0000      0.0000      0.0000      0.0000      0.0000      0.0000
      0.0000      0.0000      0.0000      0.0000      0.0000      0.0000
      0.0000      0.0000      0.0000      0.0000      0.0000      0.0000
      0.0000      0.0000      0.0000      0.0000      0.0000      0.0000
      0.0000      0.0000      0.0000      0.0000      0.0000      0.0000
      0.0000      0.0000      0.0000      0.0000      0.0000      0.0000
      0.0000      0.0000      0.0000      0.0000      0.0000      0.0000
      0.0000      0.0000      0.0000      0.0000      0.0000      0.0000
      0.0000      0.0000      0.0000      0.0000      0.0000      0.0000
      0.0000      0.0000      0.0000      0.0000      0.0000      0.0000

  LAC N]97- FLEIXR     0.1000E+04      0.000           0.0000
      0.0000      0.0000      0.0000      0.0000      0.0000      0.0000
      0.0000      0.0000      0.0000      0.0000      0.0000      0.0000
      0.0000      0.0000      0.0000      0.0000      0.0000      0.0000
      0.0000      0.0000      0.0000      0.0000      0.0000      0.0000
      0.0000      0.0000      0.0000      0.0000      0.0000      0.0000
      0.0000      0.0000      0.0000      0.0000      0.0000      0.0000
      0.0000      0.0000      0.0000      0.0000      0.0000      0.0000
      0.0000      0.0000      0.0000      0.0000      0.0000      0.0000
      0.0000      0.0000      0.0000      0.0000      0.0000      0.0000
      0.0000      0.0000      0.0000      0.0000      0.0000      0.0000
      0.0000      0.0000      0.0000      0.0000      0.0000      0.0000
      0.0000      0.0000      0.0000      0.0000      0.0000      0.0000
      0.0000      0.0000      0.0000      0.0000      0.0000      0.0000
      0.0000      0.0000      0.0000      0.0000      0.0000      0.0000
      0.0000      0.0000      0.0000      0.0000      0.0000      0.0000
      0.0000      0.0000      0.0000      0.0000      0.0000      0.0000

  LAC N]98- BUJALR     0.1000E+04      0.000           0.0000
      0.0000      0.0000      0.0000      0.0000      0.0000      0.0000
      0.0000      0.0000      0.0000      0.0000      0.0000      0.0000
      0.0000      0.0000      0.0000      0.0000      0.0000      0.0000
      0.0000      0.0000      0.0000      0.0000      0.0000      0.0000
      0.0000      0.0000      0.0000      0.0000      0.0000      0.0000
      0.0000      0.0000      0.0000      0.0000      0.0000      0.0000
      0.0000      0.0000      0.0000      0.0000      0.0000      0.0000
      0.0000      0.0000      0.0000      0.0000      0.0000      0.0000
      0.0000      0.0000      0.0000      0.0000      0.0000      0.0000
      0.0000      0.0000      0.0000      0.0000      0.0000      0.0000
      0.0000      0.0000      0.0000      0.0000      0.0000      0.0000
      0.0000      0.0000      0.0000      0.0000      0.0000      0.0000
      0.0000      0.0000      0.0000      0.0000      0.0000      0.0000
      0.0000      0.0000      0.0000      0.0000      0.0000      0.0000
      0.0000      0.0000      0.0000      0.0000      0.0000      0.0000
      0.0000      0.0000      0.0000      0.0000      0.0000      0.0000

  LAC N]99- LANGLR     0.1000E+04      0.000           0.0000
      0.0000      0.0000      0.0000      0.0000      0.0000      0.0000
      0.0000      0.0000      0.0000      0.0000      0.0000      0.0000
      0.0000      0.0000      0.0000      0.0000      0.0000      0.0000
      0.0000      0.0000      0.0000      0.0000      0.0000      0.0000
      0.0000      0.0000      0.0000      0.0000      0.0000      0.0000
      0.0000      0.0000      0.0000      0.0000      0.0000      0.0000
      0.0000      0.0000      0.0000      0.0000      0.0000      0.0000
      0.0000      0.0000      0.0000      0.0000      0.0000      0.0000
      0.0000      0.0000      0.0000      0.0000      0.0000      0.0000
      0.0000      0.0000      0.0000      0.0000      0.0000      0.0000
      0.0000      0.0000      0.0000      0.0000      0.0000      0.0000
      0.0000      0.0000      0.0000      0.0000      0.0000      0.0000
      0.0000      0.0000      0.0000      0.0000      0.0000      0.0000
      0.0000      0.0000      0.0000      0.0000      0.0000      0.0000
      0.0000      0.0000      0.0000      0.0000      0.0000      0.0000
      0.0000      0.0000      0.0000      0.0000      0.0000      0.0000

  LAC N]**- VLEJOR     0.1000E+04      0.000           0.0000
      0.0000      0.0000      0.0000      0.0000      0.0000      0.0000
      0.0000      0.0000      0.0000      0.0000      0.0000      0.0000
      0.0000      0.0000      0.0000      0.0000      0.0000      0.0000
      0.0000      0.0000      0.0000      0.0000      0.0000      0.0000
      0.0000      0.0000      0.0000      0.0000      0.0000      0.0000
      0.0000      0.0000      0.0000      0.0000      0.0000      0.0000
      0.0000      0.0000      0.0000      0.0000      0.0000      0.0000
      0.0000      0.0000      0.0000      0.0000      0.0000      0.0000
      0.0000      0.0000      0.0000      0.0000      0.0000      0.0000
      0.0000      0.0000      0.0000      0.0000      0.0000      0.0000
      0.0000      0.0000      0.0000      0.0000      0.0000      0.0000
      0.0000      0.0000      0.0000      0.0000      0.0000      0.0000
      0.0000      0.0000      0.0000      0.0000      0.0000      0.0000
      0.0000      0.0000      0.0000      0.0000      0.0000      0.0000
      0.0000      0.0000      0.0000      0.0000      0.0000      0.0000
      0.0000      0.0000      0.0000      0.0000      0.0000      0.0000

  LAC N]**- LARTIR     0.1000E+04      0.000          44.5000
    323.1200    320.2400    317.3600    314.4800    311.6000    308.7200
    305.8400    302.9600    300.0800    295.7504    272.7104    249.6704
    226.6304    203.5904    217.8104    234.1904    250.5704    268.0159
    289.9759    306.3559    322.7359    339.1159    355.4959    371.8759
    388.2559    404.6359    421.0159    436.3159    452.6959    429.6559
    406.6159    421.9159    438.2959    453.5959    430.5559    407.5159
    384.4759    406.4359    428.3959    450.3559    472.3159    487.0759
    464.0359    440.9959    417.9559    415.0759    392.0359    368.9959
    367.5559    366.1159    364.6759    363.2359    361.7959    360.3559
    358.9159    357.4759    356.0359    354.5959    353.1559    351.7159
    350.2759    348.8359    347.3959    325.7959    342.5359    359.2759
    376.0159    392.7559    409.4959    425.6959    441.8960    458.0960
    473.7560    489.4160    468.7055    467.2655    465.8255    464.3855
    462.9455    461.5055    460.0655    458.6255    457.1855    455.7455
    454.3055    432.7055    423.7800    402.1800    380.5800    379.1400
    377.7000    376.2600    374.8200    373.3800    371.9400    370.5000

  USINE N]**- P.CHAH   94  95         471.7400
      0.0000      0.0000      0.0000      0.0000      0.0000      0.0000
      0.0000      0.0000      0.0000      0.0000      0.0000      0.0000
      0.0000      0.0000      0.0000     16.1000     20.5000     20.5000
     20.5000     20.5000     10.4000      7.9000     10.4000      7.9000
     10.4000     10.4000      7.9000      0.0000      0.8778      0.0000
      0.0000      0.0000      7.9000      0.0000      0.0000      0.0000
      0.0000     20.5000     20.5000     20.5000     20.5000      0.0000
      0.0000      0.0000      0.0000      0.0000      0.0000      0.0000
      0.0000      0.0000      0.0000      0.0000      0.0000      0.0000
      0.0000      0.0000      0.0000      0.0000      0.0000      0.0000
      0.0000      0.0000      0.0000      0.0000      0.0000      0.0000
      7.9000      0.0000      0.0000      0.0000      0.0000      0.0000
      0.0000      0.0000      0.0000      0.0000      0.0000      0.0000
      0.0000      0.0000      0.0000      0.0000      0.0000      0.0000
      0.0000      0.0000      0.0000      0.0000      0.0000      0.0000
      0.0000      0.0000      0.0000      0.0000      0.0000      0.0000

      0.0000      0.0000      0.0000      0.0000      0.0000      0.0000
      0.0000      0.0000      0.0000      0.0000      0.0000      0.0000
      0.0000      0.0000      0.0000     17.0000     21.0000     21.0000
     21.0000     21.0000     10.7500      8.5000     10.7500      8.5000
     10.7500     10.7500      8.5000      0.0000      0.9444      0.0000
      0.0000      0.0000      8.5000      0.0000      0.0000      0.0000
      0.0000     21.0000     21.0000     21.0000     21.0000      0.0000
      0.0000      0.0000      0.0000      0.0000      0.0000      0.0000
      0.0000      0.0000      0.0000      0.0000      0.0000      0.0000
      0.0000      0.0000      0.0000      0.0000      0.0000      0.0000
      0.0000      0.0000      0.0000      0.0000      0.0000      0.0000
      8.5000      0.0000      0.0000      0.0000      0.0000      0.0000
      0.0000      0.0000      0.0000      0.0000      0.0000      0.0000
      0.0000      0.0000      0.0000      0.0000      0.0000      0.0000
      0.0000      0.0000      0.0000      0.0000      0.0000      0.0000
      0.0000      0.0000      0.0000      0.0000      0.0000      0.0000

  USINE N]**- M.LARH   95  96        1320.9000
      0.0000      0.0000      0.0000      0.0000      0.0000      0.0000
      0.0000      0.0000      0.0000      0.0000      0.0000      0.0000
      0.0000      0.0000     20.7000     21.9000     21.9000     22.4919
     25.0000     21.9000     21.9000     21.9000     21.9000     21.9000
     21.9000     21.9000     21.9000     21.3000     21.9000      0.0000
      0.0000     21.3000     21.9000     21.3000      0.0000      0.0000
      0.0000     25.0000     25.0000     25.0000     25.0000     21.0000
      0.0000      0.0000      0.0000      0.0000      0.0000      0.0000
      0.0000      0.0000      0.0000      0.0000      0.0000      0.0000
      0.0000      0.0000      0.0000      0.0000      0.0000      0.0000
      0.0000      0.0000      0.0000      0.0000     21.3000     21.3000
     21.3000     21.3000     21.3000     21.0000     21.0000     21.0000
     20.7000     20.7000      0.0000      0.0000      0.0000      0.0000
      0.0000      0.0000      0.0000      0.0000      0.0000      0.0000
      0.0000      0.0000      7.0414      0.0000      0.0000      0.0000
      0.0000      0.0000      0.0000      0.0000      0.0000      0.0000

      0.0000      0.0000      0.0000      0.0000      0.0000      0.0000
      0.0000      0.0000      0.0000      0.0000      0.0000      0.0000
      0.0000      0.0000      3.7260      3.9420      3.9420      4.0485
      4.5000      3.9420      3.9420      3.9420      3.9420      3.9420
      3.9420      3.9420      3.9420      3.8340      3.9420      0.0000
      0.0000      3.8340      3.9420      3.8340      0.0000      0.0000
      0.0000      4.5000      4.5000      4.5000      4.5000      3.7800
      0.0000      0.0000      0.0000      0.0000      0.0000      0.0000
      0.0000      0.0000      0.0000      0.0000      0.0000      0.0000
      0.0000      0.0000      0.0000      0.0000      0.0000      0.0000
      0.0000      0.0000      0.0000      0.0000      3.8340      3.8340
      3.8340      3.8340      3.8340      3.7800      3.7800      3.7800
      3.7260      3.7260      0.0000      0.0000      0.0000      0.0000
      0.0000      0.0000      0.0000      0.0000      0.0000      0.0000
      0.0000      0.0000      1.2674      0.0000      0.0000      0.0000
      0.0000      0.0000      0.0000      0.0000      0.0000      0.0000

  USINE N]**- MRNEIH   96  97        1372.7400
      0.3000      0.3000      0.3000      0.3000      0.3000      0.3000
      0.3000      0.3000      0.3000      0.3000      0.3000      0.3000
      0.3000      0.3000     21.0000     22.2000     22.2000     22.7919
     25.3000     22.2000     22.2000     22.2000     22.2000     22.2000
     22.2000     22.2000     22.2000     21.6000     22.2000      0.3000
      0.3000     21.6000     22.2000     21.6000      0.3000      0.3000
      0.3000     25.3000     25.3000     25.3000     25.3000     21.3000
      0.3000      0.3000      0.3000      0.3000      0.3000      0.3000
      0.3000      0.3000      0.3000      0.3000      0.3000      0.3000
      0.3000      0.3000      0.3000      0.3000      0.3000      0.3000
      0.3000      0.3000      0.3000      0.3000     21.6000     21.6000
     21.6000     21.6000     21.6000     21.3000     21.3000     21.3000
     21.0000     21.0000      0.3000      0.3000      0.3000      0.3000
      0.3000      0.3000      0.3000      0.3000      0.3000      0.3000
      0.3000      0.3000      7.3414      0.3000      0.3000      0.3000
      0.3000      0.3000      0.3000      0.3000      0.3000      0.3000

      0.0000      0.0000      0.0000      0.0000      0.0000      0.0000
      0.0000      0.0000      0.0000      0.0162      0.0162      0.0162
      0.0162      0.0162      1.1351      1.2000      1.2000      1.2000
      1.2000      1.2000      1.2000      1.2000      1.2000      1.2000
      1.2000      1.2000      1.2000      1.1676      1.2000      0.0162
      0.0162      1.1676      1.2000      1.1676      0.0162      0.0162
      0.0162      1.2000      1.2000      1.2000      1.2000      1.1514
      0.0162      0.0162      0.0162      0.0000      0.0162      0.0162
      0.0162      0.0162      0.0000      0.0162      0.0162      0.0000
      0.0000      0.0000      0.0000      0.0000      0.0000      0.0000
      0.0000      0.0000      0.0162      0.0162      1.1676      1.1676
      1.1676      1.1676      1.1676      1.1514      1.1514      1.1514
      1.1351      1.1351      0.0162      0.0162      0.0000      0.0000
      0.0162      0.0162      0.0000      0.0000      0.0162      0.0000
      0.0000      0.0162      0.3968      0.0162      0.0162      0.0000
      0.0000      0.0000      0.0000      0.0162      0.0000      0.0000

  USINE N]**- FLEIXH   97  98        1424.5800
      0.6000      0.6000      0.6000      0.6000      0.6000      0.6000
      0.6000      0.6000      0.6000      0.6000      0.6000      0.6000
      0.6000      0.6000     21.3000     22.5000     22.5000     23.0919
     25.6000     22.5000     22.5000     22.5000     22.5000     22.5000
     22.5000     22.5000     22.5000     21.9000     22.5000      0.6000
      0.6000     21.9000     22.5000     21.9000      0.6000      0.6000
      0.6000     25.6000     25.6000     25.6000     25.6000     21.6000
      0.6000      0.6000      0.6000      0.6000      0.6000      0.6000
      0.6000      0.6000      0.6000      0.6000      0.6000      0.6000
      0.6000      0.6000      0.6000      0.6000      0.6000      0.6000
      0.6000      0.6000      0.6000      0.6000     21.9000     21.9000
     21.9000     21.9000     21.9000     21.6000     21.6000     21.6000
     21.3000     21.3000      0.6000      0.6000      0.6000      0.6000
      0.6000      0.6000      0.6000      0.6000      0.6000      0.6000
      0.6000      0.6000      7.6414      0.6000      0.6000      0.6000
      0.6000      0.6000      0.6000      0.6000      0.6000      0.6000

      0.0000      0.0000      0.0000      0.0000      0.0000      0.0000
      0.0000      0.0000      0.0000      0.0000      0.0000      0.0000
      0.0000      0.0000      0.0000      0.0000      0.0000      0.0000
      0.0000      0.0000      0.0000      0.0000      0.0000      0.0000
      0.0000      0.0000      0.0000      0.0000      0.0000      0.0000
      0.0000      0.0000      0.0000      0.0000      0.0000      0.0000
      0.0000      0.0000      0.0000      0.0000      0.0000      0.0000
      0.0000      0.0000      0.0000      0.0000      0.0000      0.0000
      0.0000      0.0000      0.0000      0.0000      0.0000      0.0000
      0.0000      0.0000      0.0000      0.0000      0.0000      0.0000
      0.0000      0.0000      0.0000      0.0000      0.0000      0.0000
      0.0000      0.0000      0.0000      0.0000      0.0000      0.0000
      0.0000      0.0000      0.0000      0.0000      0.0000      0.0000
      0.0000      0.0000      0.0000      0.0000      0.0000      0.0000
      0.0000      0.0000      0.0000      0.0000      0.0000      0.0000
      0.0000      0.0000      0.0000      0.0000      0.0000      0.0000

  USINE N]**- BUJALH   98  99        1476.4200
      0.9000      0.9000      0.9000      0.9000      0.9000      0.9000
      0.9000      0.9000      0.9000      0.9000      0.9000      0.9000
      0.9000      0.9000     21.6000     22.8000     22.8000     23.3919
     25.9000     22.8000     22.8000     22.8000     22.8000     22.8000
     22.8000     22.8000     22.8000     22.2000     22.8000      0.9000
      0.9000     22.2000     22.8000     22.2000      0.9000      0.9000
      0.9000     25.9000     25.9000     25.9000     25.9000     21.9000
      0.9000      0.9000      0.9000      0.9000      0.9000      0.9000
      0.9000      0.9000      0.9000      0.9000      0.9000      0.9000
      0.9000      0.9000      0.9000      0.9000      0.9000      0.9000
      0.9000      0.9000      0.9000      0.9000     22.2000     22.2000
     22.2000     22.2000     22.2000     21.9000     21.9000     21.9000
     21.6000     21.6000      0.9000      0.9000      0.9000      0.9000
      0.9000      0.9000      0.9000      0.9000      0.9000      0.9000
      0.9000      0.9000      7.9414      0.9000      0.9000      0.9000
      0.9000      0.9000      0.9000      0.9000      0.9000      0.9000

      0.0000      0.0000      0.0000      0.0000      0.0000      0.0000
      0.0000      0.0000      0.0000      0.0486      0.0486      0.0486
      0.0486      0.0486      1.1676      1.2000      1.2000      1.2000
      1.2000      1.2000      1.2000      1.2000      1.2000      1.2000
      1.2000      1.2000      1.2000      1.2000      1.2000      0.0486
      0.0486      1.2000      1.2000      1.2000      0.0486      0.0486
      0.0486      1.2000      1.2000      1.2000      1.2000      1.1838
      0.0486      0.0486      0.0486      0.0000      0.0486      0.0486
      0.0486      0.0486      0.0000      0.0486      0.0486      0.0000
      0.0000      0.0000      0.0000      0.0000      0.0000      0.0000
      0.0000      0.0000      0.0486      0.0486      1.2000      1.2000
      1.2000      1.2000      1.2000      1.1838      1.1838      1.1838
      1.1676      1.1676      0.0486      0.0486      0.0000      0.0000
      0.0486      0.0486      0.0000      0.0000      0.0486      0.0000
      0.0000      0.0486      0.4293      0.0486      0.0486      0.0000
      0.0000      0.0000      0.0000      0.0486      0.0000      0.0000

  USINE N]**- LANGLH   99  **        1528.2600
      1.2000      1.2000      1.2000      1.2000      1.2000      1.2000
      1.2000      1.2000      1.2000      1.2000      1.2000      1.2000
      1.2000      1.2000     21.9000     23.1000     23.1000     23.6919
     26.2000     23.1000     23.1000     23.1000     23.1000     23.1000
     23.1000     23.1000     23.1000     22.5000     23.1000      1.2000
      1.2000     22.5000     23.1000     22.5000      1.2000      1.2000
      1.2000     26.2000     26.2000     26.2000     26.2000     22.2000
      1.2000      1.2000      1.2000      1.2000      1.2000      1.2000
      1.2000      1.2000      1.2000      1.2000      1.2000      1.2000
      1.2000      1.2000      1.2000      1.2000      1.2000      1.2000
      1.2000      1.2000      1.2000      1.2000     22.5000     22.5000
     22.5000     22.5000     22.5000     22.2000     22.2000     22.2000
     21.9000     21.9000      1.2000      1.2000      1.2000      1.2000
      1.2000      1.2000      1.2000      1.2000      1.2000      1.2000
      1.2000      1.2000      8.2414      1.2000      1.2000      1.2000
      1.2000      1.2000      1.2000      1.2000      1.2000      1.2000

      0.0000      0.0000      0.0000      0.0000      0.0000      0.0000
      0.0000      0.0000      0.0000      0.0649      0.0649      0.0649
      0.0649      0.0649      1.1838      1.2000      1.2000      1.2000
      1.2000      1.2000      1.2000      1.2000      1.2000      1.2000
      1.2000      1.2000      1.2000      1.2000      1.2000      0.0649
      0.0649      1.2000      1.2000      1.2000      0.0649      0.0649
      0.0649      1.2000      1.2000      1.2000      1.2000      1.2000
      0.0649      0.0649      0.0649      0.0000      0.0649      0.0649
      0.0649      0.0649      0.0000      0.0649      0.0649      0.0000
      0.0000      0.0000      0.0000      0.0000      0.0000      0.0000
      0.0000      0.0000      0.0649      0.0649      1.2000      1.2000
      1.2000      1.2000      1.2000      1.2000      1.2000      1.2000
      1.1838      1.1838      0.0649      0.0649      0.0000      0.0000
      0.0649      0.0649      0.0000      0.0000      0.0649      0.0000
      0.0000      0.0649      0.4455      0.0649      0.0649      0.0000
      0.0000      0.0000      0.0000      0.0649      0.0000      0.0000

  USINE N]**- VLEJOH   **  **        1580.1000
      1.5000      1.5000      1.5000      1.5000      1.5000      1.5000
      1.5000      1.5000      1.5000      1.5000      1.5000      1.5000
      1.5000      1.5000     22.2000     23.4000     23.4000     23.9919
     26.5000     23.4000     23.4000     23.4000     23.4000     23.4000
     23.4000     23.4000     23.4000     22.8000     23.4000      1.5000
      1.5000     22.8000     23.4000     22.8000      1.5000      1.5000
      1.5000     26.5000     26.5000     26.5000     26.5000     22.5000
      1.5000      1.5000      1.5000      1.5000      1.5000      1.5000
      1.5000      1.5000      1.5000      1.5000      1.5000      1.5000
      1.5000      1.5000      1.5000      1.5000      1.5000      1.5000
      1.5000      1.5000      1.5000      1.5000     22.8000     22.8000
     22.8000     22.8000     22.8000     22.5000     22.5000     22.5000
     22.2000     22.2000      1.5000      1.5000      1.5000      1.5000
      1.5000      1.5000      1.5000      1.5000      1.5000      1.5000
      1.5000      1.5000      8.5414      1.5000      1.5000      1.5000
      1.5000      1.5000      1.5000      1.5000      1.5000      1.5000

      0.0000      0.0000      0.0000      0.0000      0.0000      0.0000
      0.0000      0.0000      0.0000      0.0811      0.0811      0.0811
      0.0811      0.0811      1.2000      1.2000      1.2000      1.2000
      1.2000      1.2000      1.2000      1.2000      1.2000      1.2000
      1.2000      1.2000      1.2000      1.2000      1.2000      0.0811
      0.0811      1.2000      1.2000      1.2000      0.0811      0.0811
      0.0811      1.2000      1.2000      1.2000      1.2000      1.2000
      0.0811      0.0811      0.0811      0.0000      0.0811      0.0811
      0.0811      0.0811      0.0000      0.0811      0.0811      0.0000
      0.0000      0.0000      0.0000      0.0000      0.0000      0.0000
      0.0000      0.0000      0.0811      0.0811      1.2000      1.2000
      1.2000      1.2000      1.2000      1.2000      1.2000      1.2000
      1.2000      1.2000      0.0811      0.0811      0.0000      0.0000
      0.0811      0.0811      0.0000      0.0000      0.0811      0.0000
      0.0000      0.0811      0.4617      0.0811      0.0811      0.0000
      0.0000      0.0000      0.0000      0.0811      0.0000      0.0000

  USINE N]**- LARTIH   **   0        1725.6800
      3.8000      3.8000      3.8000      3.8000      3.8000      3.8000
      3.8000      3.8000      3.8000      4.6053     15.0000     15.0000
     15.0000     15.0000     15.0000     15.0000     15.0000     15.0000
     15.0000     15.0000     15.0000     15.0000     15.0000     15.0000
     15.0000     15.0000     15.0000     15.0000     15.0000     15.0000
     15.0000     15.0000     15.0000     15.0000     15.0000     15.0000
     15.0000     15.0000     15.0000     15.0000     15.0000     15.0000
     15.0000     15.0000     15.0000      3.8000     15.0000     15.0000
      3.8000      3.8000      3.8000      3.8000      3.8000      3.8000
      3.8000      3.8000      3.8000      3.8000      3.8000      3.8000
      3.8000      3.8000      3.8000     15.0000     15.0000     15.0000
     15.0000     15.0000     15.0000     15.0000     15.0000     15.0000
     15.0000     15.0000     14.5058      3.8000      3.8000      3.8000
      3.8000      3.8000      3.8000      3.8000      3.8000      3.8000
      3.8000     15.0000     15.0000     15.0000     15.0000      3.8000
      3.8000      3.8000      3.8000      3.8000      3.8000      3.8000

      0.2000      0.2000      0.2000      0.2000      0.2000      0.2000
      0.2000      0.2000      0.2000      0.2360      0.7000      0.7000
      0.7000      0.7000      0.7000      0.7000      0.7000      0.7000
      0.7000      0.7000      0.7000      0.7000      0.7000      0.7000
      0.7000      0.7000      0.7000      0.7000      0.7000      0.7000
      0.7000      0.7000      0.7000      0.7000      0.7000      0.7000
      0.7000      0.7000      0.7000      0.7000      0.7000      0.7000
      0.7000      0.7000      0.7000      0.2000      0.7000      0.7000
      0.2000      0.2000      0.2000      0.2000      0.2000      0.2000
      0.2000      0.2000      0.2000      0.2000      0.2000      0.2000
      0.2000      0.2000      0.2000      0.7000      0.7000      0.7000
      0.7000      0.7000      0.7000      0.7000      0.7000      0.7000
      0.7000      0.7000      0.6779      0.2000      0.2000      0.2000
      0.2000      0.2000      0.2000      0.2000      0.2000      0.2000
      0.2000      0.7000      0.7000      0.7000      0.7000      0.2000
      0.2000      0.2000      0.2000      0.2000      0.2000      0.2000

   DONNEES POUR LA VALLEE N]24-TAURION  DATE: 22/03/10     4 USINE(S)     4 RESERVOIR(S)
  LAC N]**- CTLUSR     0.1000E+04      1.070           6.6401
    171.4000    185.8000    200.2000    214.6000    214.7634    229.1634
    225.9234    240.3234    254.7234    251.4834    248.2434    245.0034
    241.7634    238.5234    235.2834    232.0434    228.8034    225.5634
    222.3234    219.0834    215.8434    212.6034    209.3634    206.1234
    202.8834    199.6434    196.4034    193.1634    189.9234    186.6834
    183.4434    180.2034    176.9634    173.7234    170.4834    167.2434
    164.0034    160.7634    157.5234    154.2834    151.0434    147.8034
    144.5634    141.3234    138.0834    152.4834    149.2434    146.0034
    142.7634    139.5234    136.2834    133.0434    129.8034    126.5634
    123.3234    137.7234    152.1234    166.5234    180.9234    177.6834
    174.4434    171.2034    167.9634    164.7234    161.4834    158.2434
    155.0034    151.7634    148.5234    145.2834    142.0434    138.8034
    135.5634    132.3234    129.0834    125.8434    137.0001    133.7601
    130.5201    127.2801    141.6801    156.0801    152.8401    149.6001
    164.0001    160.7601    157.5201    154.2801    151.0401    165.4401
    179.8401    176.6001    173.3601    170.1201    166.8801    163.6401

  LAC N]**- CHATRR     0.1000E+04      0.000           0.0000
      0.0000      0.0000      0.0000      0.0000      0.0000      0.0000
      0.0000      0.0000      0.0000      0.0000      0.0000      0.0000
      0.0000      0.0000      0.0000      0.0000      0.0000      0.0000
      0.0000      0.0000      0.0000      0.0000      0.0000      0.0000
      0.0000      0.0000      0.0000      0.0000      0.0000      0.0000
      0.0000      0.0000      0.0000      0.0000      0.0000      0.0000
      0.0000      0.0000      0.0000      0.0000      0.0000      0.0000
      0.0000      0.0000      0.0000      0.0000      0.0000      0.0000
      0.0000      0.0000      0.0000      0.0000      0.0000      0.0000
      0.0000      0.0000      0.0000      0.0000      0.0000      0.0000
      0.0000      0.0000      0.0000      0.0000      0.0000      0.0000
      0.0000      0.0000      0.0000      0.0000      0.0000      0.0000
      0.0000      0.0000      0.0000      0.0000      0.0000      0.0000
      0.0000      0.0000      0.0000      0.0000      0.0000      0.0000
      0.0000      0.0000      0.0000      0.0000      0.0000      0.0000
      0.0000      0.0000      0.0000      0.0000      0.0000      0.0000

  LAC N]**- SSMC R     0.1000E+04      0.000          38.2600
   8878.6000   8882.2000   8885.8000   8889.4000   8907.2366   8910.8366
   8932.0766   8935.6766   8939.2766   8960.5166   8981.7566   9002.9966
   9024.2366   9045.4766   9055.7040   9009.8040   8989.6440   8969.4840
   8949.3240   8929.1640   8909.0040   8888.8440   8868.6840   8848.5240
   8828.3640   8808.2040   8788.0440   8767.8840   8747.7240   8768.9640
   8790.2040   8770.0440   8749.8840   8703.9840   8725.2240   8746.4640
   8767.7040   8721.8040   8675.9040   8630.0040   8584.1040   8538.2040
   8559.4440   8580.6840   8601.9240   8605.5240   8626.7640   8648.0040
   8669.2440   8690.4840   8711.7240   8732.9640   8754.2040   8775.4440
   8796.6840   8800.2840   8803.8840   8807.4840   8811.0840   8832.3240
   8853.5640   8874.8040   8896.0440   8850.1440   8829.9840   8809.8240
   8789.6640   8769.5040   8749.3440   8729.1840   8709.0240   8688.8640
   8668.7040   8648.5440   8669.7840   8691.0240   8697.8673   8719.1073
   8740.3473   8761.5873   8765.1873   8768.7873   8790.0273   8811.2673
   8814.8673   8836.1073   8790.2073   8778.6200   8799.8600   8803.4600
   8807.0600   8828.3000   8849.5400   8870.7800   8892.0200   8913.2600

  LAC N]**- CXVANR     0.1000E+04      0.000          28.2600
    315.1600    317.3200    319.4800    321.6400    323.8000    325.9600
    328.1200    330.2800    332.4400    334.6000    336.7600    338.9200
    312.2800    314.4400    280.8127    303.3127    300.0727    296.8327
    293.5927    290.3527    287.1127    283.8727    280.6327    277.3927
    274.1527    270.9127    267.6727    264.4327    261.1927    240.7528
    214.1128    210.8728    207.6328    230.1327    203.4927    205.6528
    179.0128    201.5127    224.0127    246.5127    269.0127    291.5127
    293.6727    295.8327    297.9927    300.1527    302.3127    304.4727
    306.6327    308.7927    310.9527    313.1127    315.2727    317.4327
    319.5927    321.7527    323.9127    326.0727    328.2327    330.3927
    332.5527    334.7127    336.8727    359.3727    356.1327    352.8927
    349.6527    346.4127    343.1727    339.9327    336.6927    333.4527
    330.2127    326.9727    323.7327    325.8927    328.0527    330.2127
    332.3727    334.5327    336.6927    338.8527    341.0127    343.1727
    345.3327    318.6927    341.1927    329.3800    326.1400    328.3000
    330.4600    332.6200    334.7800    336.9400    339.1000    341.2600

  USINE N]**- CTLUSH   **  **        1375.7599
      0.0000      0.0000      0.0000      0.0000      7.9092      0.0000
      9.8000      0.0000      0.0000      9.8000      9.8000      9.8000
      9.8000      9.8000      9.8000      9.8000      9.8000      9.8000
      9.8000      9.8000      9.8000      9.8000      9.8000      9.8000
      9.8000      9.8000      9.8000      9.8000      9.8000      9.8000
      9.8000      9.8000      9.8000      9.8000      9.8000      9.8000
      9.8000      9.8000      9.8000      9.8000      9.8000      9.8000
      9.8000      9.8000      9.8000      0.0000      9.8000      9.8000
      9.8000      9.8000      9.8000      9.8000      9.8000      9.8000
      9.8000      0.0000      0.0000      0.0000      0.0000      9.8000
      9.8000      9.8000      9.8000      9.8000      9.8000      9.8000
      9.8000      9.8000      9.8000      9.8000      9.8000      9.8000
      9.8000      9.8000      9.8000      9.8000      1.8018      9.8000
      9.8000      9.8000      0.0000      0.0000      9.8000      9.8000
      0.0000      9.8000      9.8000      9.8000      9.8000      0.0000
      0.0000      9.8000      9.8000      9.8000      9.8000      9.8000

      0.0000      0.0000      0.0000      0.0000      1.4124      0.0000
      1.7500      0.0000      0.0000      1.7500      1.7500      1.7500
      1.7500      1.7500      1.7500      1.7500      1.7500      1.7500
      1.7500      1.7500      1.7500      1.7500      1.7500      1.7500
      1.7500      1.7500      1.7500      1.7500      1.7500      1.7500
      1.7500      1.7500      1.7500      1.7500      1.7500      1.7500
      1.7500      1.7500      1.7500      1.7500      1.7500      1.7500
      1.7500      1.7500      1.7500      0.0000      1.7500      1.7500
      1.7500      1.7500      1.7500      1.7500      1.7500      1.7500
      1.7500      0.0000      0.0000      0.0000      0.0000      1.7500
      1.7500      1.7500      1.7500      1.7500      1.7500      1.7500
      1.7500      1.7500      1.7500      1.7500      1.7500      1.7500
      1.7500      1.7500      1.7500      1.7500      0.3218      1.7500
      1.7500      1.7500      0.0000      0.0000      1.7500      1.7500
      0.0000      1.7500      1.7500      1.7500      1.7500      0.0000
      0.0000      1.7500      1.7500      1.7500      1.7500      1.7500

  USINE N]**- CHATRH   **  **        1375.7599
      0.0000      0.0000      0.0000      0.0000      7.9092      0.0000
      9.8000      0.0000      0.0000      9.8000      9.8000      9.8000
      9.8000      9.8000      9.8000      9.8000      9.8000      9.8000
      9.8000      9.8000      9.8000      9.8000      9.8000      9.8000
      9.8000      9.8000      9.8000      9.8000      9.8000      9.8000
      9.8000      9.8000      9.8000      9.8000      9.8000      9.8000
      9.8000      9.8000      9.8000      9.8000      9.8000      9.8000
      9.8000      9.8000      9.8000      0.0000      9.8000      9.8000
      9.8000      9.8000      9.8000      9.8000      9.8000      9.8000
      9.8000      0.0000      0.0000      0.0000      0.0000      9.8000
      9.8000      9.8000      9.8000      9.8000      9.8000      9.8000
      9.8000      9.8000      9.8000      9.8000      9.8000      9.8000
      9.8000      9.8000      9.8000      9.8000      1.8018      9.8000
      9.8000      9.8000      0.0000      0.0000      9.8000      9.8000
      0.0000      9.8000      9.8000      9.8000      9.8000      0.0000
      0.0000      9.8000      9.8000      9.8000      9.8000      9.8000

      0.0000      0.0000      0.0000      0.0000      0.0000      0.0000
      0.0000      0.0000      0.0000      1.2544      1.2544      1.2544
      1.2544      1.2544      1.2544      1.2544      1.2544      1.2544
      1.2544      1.2544      1.2544      1.2544      1.2544      1.2544
      1.2544      1.2544      1.2544      1.2544      1.2544      1.2544
      1.2544      1.2544      1.2544      1.2544      1.2544      1.2544
      1.2544      1.2544      1.2544      1.2544      1.2544      1.2544
      1.2544      1.2544      1.2544      0.0000      1.2544      1.2544
      1.2544      1.2544      0.0000      1.2544      1.2544      0.0000
      0.0000      0.0000      0.0000      0.0000      0.0000      0.0000
      0.0000      0.0000      1.2544      1.2544      1.2544      1.2544
      1.2544      1.2544      1.2544      1.2544      1.2544      1.2544
      1.2544      1.2544      1.2544      1.2544      0.0000      0.0000
      1.2544      1.2544      0.0000      0.0000      1.2544      0.0000
      0.0000      1.2544      1.2544      1.2544      1.2544      0.0000
      0.0000      0.0000      0.0000      1.2544      0.0000      0.0000

  USINE N]**- SSMC H   **  **        2028.6999
      2.0000      2.0000      2.0000      2.0000      2.0000      2.0000
      2.0000      2.0000      2.0000      2.0000      2.0000      2.0000
      2.0000      2.0000      8.1181     39.3000     25.0000     25.0000
     25.0000     25.0000     25.0000     25.0000     25.0000     25.0000
     25.0000     25.0000     25.0000     25.0000     25.0000      2.0000
      2.0000     25.0000     25.0000     39.3000      2.0000      2.0000
      2.0000     39.3000     39.3000     39.3000     39.3000     39.3000
      2.0000      2.0000      2.0000      2.0000      2.0000      2.0000
      2.0000      2.0000      2.0000      2.0000      2.0000      2.0000
      2.0000      2.0000      2.0000      2.0000      2.0000      2.0000
      2.0000      2.0000      2.0000     39.3000     25.0000     25.0000
     25.0000     25.0000     25.0000     25.0000     25.0000     25.0000
     25.0000     25.0000      2.0000      2.0000      2.0000      2.0000
      2.0000      2.0000      2.0000      2.0000      2.0000      2.0000
      2.0000      2.0000     39.3000     20.2374      2.0000      2.0000
      2.0000      2.0000      2.0000      2.0000      2.0000      2.0000

      0.2800      0.2800      0.2800      0.2800      0.2800      0.2800
      0.2800      0.2800      0.2800      0.2800      0.2800      0.2800
      0.2800      0.2800      1.1365      5.5000      3.5000      3.5000
      3.5000      3.5000      3.5000      3.5000      3.5000      3.5000
      3.5000      3.5000      3.5000      3.5000      3.5000      0.2800
      0.2800      3.5000      3.5000      5.5000      0.2800      0.2800
      0.2800      5.5000      5.5000      5.5000      5.5000      5.5000
      0.2800      0.2800      0.2800      0.2800      0.2800      0.2800
      0.2800      0.2800      0.2800      0.2800      0.2800      0.2800
      0.2800      0.2800      0.2800      0.2800      0.2800      0.2800
      0.2800      0.2800      0.2800      5.5000      3.5000      3.5000
      3.5000      3.5000      3.5000      3.5000      3.5000      3.5000
      3.5000      3.5000      0.2800      0.2800      0.2800      0.2800
      0.2800      0.2800      0.2800      0.2800      0.2800      0.2800
      0.2800      0.2800      5.5000      2.8332      0.2800      0.2800
      0.2800      0.2800      0.2800      0.2800      0.2800      0.2800

  USINE N]**- CXVANH   **   0        2207.7999
      2.0000      2.0000      2.0000      2.0000      2.0000      2.0000
      2.0000      2.0000      2.0000      2.0000      2.0000      2.0000
     18.0000      2.0000     28.0000     28.0000     28.0000     28.0000
     28.0000     28.0000     28.0000     28.0000     28.0000     28.0000
     28.0000     28.0000     28.0000     28.0000     28.0000     14.5555
     18.0000     28.0000     28.0000     28.0000     18.0000      2.0000
     18.0000     28.0000     28.0000     28.0000     28.0000     28.0000
      2.0000      2.0000      2.0000      2.0000      2.0000      2.0000
      2.0000      2.0000      2.0000      2.0000      2.0000      2.0000
      2.0000      2.0000      2.0000      2.0000      2.0000      2.0000
      2.0000      2.0000      2.0000     28.0000     28.0000     28.0000
     28.0000     28.0000     28.0000     28.0000     28.0000     28.0000
     28.0000     28.0000      5.0000      2.0000      2.0000      2.0000
      2.0000      2.0000      2.0000      2.0000      2.0000      2.0000
      2.0000     18.0000     28.0000     28.0000      5.0000      2.0000
      2.0000      2.0000      2.0000      2.0000      2.0000      2.0000

      0.0500      0.0500      0.0500      0.0500      0.0500      0.0500
      0.0500      0.0500      0.0500      0.0500      0.0500      0.0500
      0.5000      0.0500      0.7000      0.7000      0.7000      0.7000
      0.7000      0.7000      0.7000      0.7000      0.7000      0.7000
      0.7000      0.7000      0.7000      0.7000      0.7000      0.4073
      0.5000      0.7000      0.7000      0.7000      0.5000      0.0500
      0.5000      0.7000      0.7000      0.7000      0.7000      0.7000
      0.0500      0.0500      0.0500      0.0500      0.0500      0.0500
      0.0500      0.0500      0.0500      0.0500      0.0500      0.0500
      0.0500      0.0500      0.0500      0.0500      0.0500      0.0500
      0.0500      0.0500      0.0500      0.7000      0.7000      0.7000
      0.7000      0.7000      0.7000      0.7000      0.7000      0.7000
      0.7000      0.7000      0.1500      0.0500      0.0500      0.0500
      0.0500      0.0500      0.0500      0.0500      0.0500      0.0500
      0.0500      0.5000      0.7000      0.7000      0.1500      0.0500
      0.0500      0.0500      0.0500      0.0500      0.0500      0.0500

   DONNEES POUR LA VALLEE N]25-PRAGNERE DATE: 22/03/10     9 USINE(S)     8 RESERVOIR(S)
  LAC N]**- C.LONR     0.1000E+04      0.670       -1347.0000
  38107.9757  38093.9513  38079.9270  38065.9026  38051.8783  38037.8539
  38023.8296  38009.8052  37995.7809  37981.7565  37967.7322  37953.7078
  37939.6835  37925.6591  37911.6348  37897.6104  37883.5861  37869.5617
  37855.5374  37841.5130  37827.4887  37813.4643  37799.4400  37785.4156
  37771.3913  37757.3669  37743.3426  37729.3182  37715.2939  37701.2695
  37687.2452  37673.2208  37659.1965  37645.1721  37631.1478  37617.1234
  37603.0991  37589.0747  37575.0504  37561.0260  37547.0017  37532.9774
  37518.9530  37504.9287  37490.9043  37476.8800  37462.8556  37448.8313
  37434.7913  37420.7513  37406.7113  37392.6713  37378.6313  37364.5913
  37350.5513  37336.5113  37322.4713  37308.4313  37294.3913  37280.3513
  37266.3113  37252.2713  37238.2313  37224.1913  37210.1513  37196.2000
  37182.1600  37168.1200  37154.0800  37140.0400  37126.0000  37111.9600
  37097.9200  37083.8800  37069.8400  37055.8000  37041.7600  37027.7200
  37013.6800  36999.6400  36985.6000  36971.5600  36957.5200  36943.4800
  36929.4400  36915.4000  36901.3600  36887.3200  36873.2800  36859.2400
  36845.2000  36831.1600  36817.1200  36803.0800  36789.0400  36775.0000

  LAC N]**- PRAGFR     0.1000E+04      0.000           0.0000
      0.0000      0.0000      1.0000      0.0000      0.0000      1.0000
      0.0000      1.0000      1.0000      1.0000      0.0000      1.0000
      0.0000      1.0000      1.0000      1.0000      1.0000      1.0000
      0.0000      0.0000      0.0000      1.0000      0.0000      1.0000
      0.0000      0.0000      0.0000      1.0000      0.0000      1.0000
      1.0000      1.0000      0.0000      0.0000      0.0000      1.0000
      1.0000      1.0000      0.5443      0.0000      0.0000      0.0000
      1.0000      0.4557      0.0000      1.0000      0.4557      0.0000
      0.0000      0.0000      1.0000      1.0000      0.0000      1.0000
      0.0000      1.0000      1.0000      1.0000      1.0000      1.0000
      1.0000      1.0000      1.0000      0.0000      0.0000      0.0000
      0.0000      0.0000      0.0000      0.0000      0.0000      0.0000
      0.0000      0.0000      0.0000      0.0000      0.0000      0.0000
      0.0000      0.0000      0.0000      0.0000      0.0000      0.0000
      0.0000      0.0000      0.0000      0.0000      0.0000      0.0000
      0.0000      0.0000      0.0000      0.0000      0.0000      0.0000

  LAC N]**- OSSOUR     0.1000E+04      0.000           0.0000
    129.0000    129.0000    129.0000    129.0000    129.0000    129.0000
    129.0000    129.0000    129.0000    129.0000    129.0000    129.0000
    129.0000    129.0000    129.0000    129.0000    129.0000    129.0000
    129.0000    129.0000    129.0000    129.0000    129.0000    129.0000
    129.0000    129.0000    129.0000    129.0000    128.8389    126.6789
    124.5189    122.3589    118.3989    112.6389    106.8789    101.1189
     95.3589     89.5989     83.8389     78.0789     72.3189     66.5589
     60.7989     55.0389     49.2789     43.5189     37.7589     31.9989
    129.0000    129.0000    129.0000    129.0000    129.0000    129.0000
    129.0000    129.0000    129.0000    129.0000    129.0000    129.0000
    129.0000    129.0000    129.0000    129.0000    129.0000    129.0000
    129.0000    128.2800    126.1200    123.9600    121.8000    119.6400
    117.4800    115.3200    113.1600    111.0000    108.8400    106.6800
    104.5200    102.3600     98.4000     92.6400     86.8800     81.1200
     75.3600     69.6000     63.8400     58.0800     52.3200     46.5600
     40.8000     35.0400     29.2800     23.5200     17.7600     12.0000

  LAC N]**- LUZ 2R     0.1000E+04      0.000           0.0000
      0.0000      0.0000      0.0000      0.0000      0.0000      0.0000
      0.0000      0.0000      0.0000      0.0000      0.0000      0.0000
      0.0000      0.0000      0.0000      0.0000      0.0000      0.0000
      0.0000      0.0000      0.0000      0.0000      0.0000      0.0000
      0.0000      0.0000      0.0000      0.0000      0.0000      0.0000
      0.0000      0.0000      0.0000      0.0000      0.0000      0.0000
      0.0000      0.0000      0.0000      0.0000      0.0000      0.0000
      0.0000      0.0000      0.0000      0.0000      0.0000      0.0000
      0.0000      0.0000      0.0000      0.0000      0.0000      0.0000
      0.0000      0.0000      0.0000      0.0000      0.0000      0.0000
      0.0000      0.0000      0.0000      0.0000      0.0000      0.0000
      0.0000      0.0000      0.0000      0.0000      0.0000      0.0000
      0.0000      0.0000      0.0000      0.0000      0.0000      0.0000
      0.0000      0.0000      0.0000      0.0000      0.0000      0.0000
      0.0000      0.0000      0.0000      0.0000      0.0000      0.0000
      0.0000      0.0000      0.0000      0.0000      0.0000      0.0000

  LAC N]**- P.REIR     0.1000E+04      0.000           0.0000
      0.0000      0.0000      1.0000      0.0000      0.0000      1.0000
      0.0000      1.0000      1.0000      1.0000      0.0000      1.0000
      0.0000      1.0000      1.0000      1.0000      1.0000      1.0000
      0.0000      0.0000      0.0000      1.0000      0.0000      1.0000
      0.0000      0.0000      0.0000      1.0000      0.0000      1.0000
      1.0000      1.0000      0.0000      0.0000      0.0000      1.0000
      1.0000      1.0000      0.0000      0.0000      0.0000      0.0000
      1.0000      1.0000      0.0000      1.0000      1.0000      0.0000
      0.0000      0.0000      1.0000      1.0000      0.0000      1.0000
      0.0000      1.0000      1.0000      1.0000      1.0000      1.0000
      1.0000      1.0000      1.0000      0.0000      0.0000      0.0000
      0.0000      0.0000      0.0000      0.0000      0.0000      0.0000
      0.0000      0.0000      0.0000      0.0000      0.0000      0.0000
      0.0000      0.0000      0.0000      0.0000      0.0000      0.0000
      0.0000      0.0000      0.0000      0.0000      0.0000      0.0000
      0.0000      0.0000      0.0000      0.0000      0.0000      1.0000

  LAC N]**- GEDRER     0.1000E+04      7.910        -196.5819
   1347.6000   1351.2000   1354.8000   1358.4000   1362.0000   1365.6000
   1369.2000   1372.8000   1376.4000   1380.0000   1380.3600   1373.7000
   1367.0400   1360.3800   1353.7200   1347.0600   1340.4000   1333.7400
   1327.0800   1320.4200   1313.7600   1307.1000   1300.4400   1293.7800
   1287.1200   1280.4600   1273.8000   1267.1400   1260.4800   1253.8200
   1247.1600   1240.5000   1233.8400   1227.1800   1220.5200   1213.8600
   1207.2000   1200.5400   1193.8800   1187.2200   1180.5600   1173.9000
   1177.5000   1170.8400   1164.1800   1167.7800   1171.3800   1174.9800
   1178.5800   1182.1800   1185.7800   1189.3800   1192.9800   1196.5800
   1200.1800   1203.7800   1207.3800   1210.9800   1214.5800   1218.1800
   1221.7800   1215.1200   1208.4600   1201.8000   1195.1400   1188.4800
   1181.8200   1175.1600   1168.5000   1161.8400   1155.1800   1148.5200
   1141.8600   1135.2000   1133.3781   1126.7181   1130.3181   1133.9181
   1137.5181   1141.1181   1144.7181   1148.3181   1141.6581   1145.2581
   1148.8581   1142.1981   1135.5381   1128.8781   1122.2181   1125.8181
   1129.4181   1133.0181   1136.6181   1140.2181   1143.8181   1147.4181

  LAC N]**- LUZ 1R     0.1000E+04      0.000           0.0000
      0.0000      0.0000      0.0000      0.0000      0.0000      0.0000
      0.0000      0.0000      0.0000      0.0000      0.0000      0.0000
      0.0000      0.0000      0.0000      0.0000      0.0000      0.0000
      0.0000      0.0000      0.0000      0.0000      0.0000      0.0000
      0.0000      0.0000      0.0000      0.0000      0.0000      0.0000
      0.0000      0.0000      0.0000      0.0000      0.0000      0.0000
      0.0000      0.0000      0.0000      0.0000      0.0000      0.0000
      0.0000      0.0000      0.0000      0.0000      0.0000      0.0000
      0.0000      0.0000      0.0000      0.0000      0.0000      0.0000
      0.0000      0.0000      0.0000      0.0000      0.0000      0.0000
      0.0000      0.0000      0.0000      0.0000      0.0000      0.0000
      0.0000      0.0000      0.0000      0.0000      0.0000      0.0000
      0.0000      0.0000      0.0000      0.0000      0.0000      0.0000
      0.0000      0.0000      0.0000      0.0000      0.0000      0.0000
      0.0000      0.0000      0.0000      0.0000      0.0000      0.0000
      0.0000      0.0000      0.0000      0.0000      0.0000      0.0000

  LAC N]**- SOULOR     0.1000E+04      0.000           0.0000
      0.0000      0.0000      0.0000      0.0000      0.0000      0.0000
      0.0000      0.0000      0.0000      0.0000      0.0000      0.0000
      0.0000      0.0000      0.0000      0.0000      0.0000      0.0000
      0.0000      0.0000      0.0000      0.0000      0.0000      0.0000
      0.0000      0.0000      0.0000      0.0000      0.0000      0.0000
      0.0000      0.0000      0.0000      0.0000      0.0000      0.0000
      0.0000      0.0000      0.0000      0.0000      0.0000      0.0000
      0.0000      0.0000      0.0000      0.0000      0.0000      0.0000
      0.0000      0.0000      0.0000      0.0000      0.0000      0.0000
      0.0000      0.0000      0.0000      0.0000      0.0000      0.0000
      0.0000      0.0000      0.0000      0.0000      0.0000      0.0000
      0.0000      0.0000      0.0000      0.0000      0.0000      0.0000
      0.0000      0.0000      0.0000      0.0000      0.0000      0.0000
      0.0000      0.0000      0.0000      0.0000      0.0000      0.0000
      0.0000      0.0000      0.0000      0.0000      0.0000      0.0000
      0.0000      0.0000      0.0000      0.0000      0.0000      0.0000

  USINE N]**- PRAGNH   **  **        1347.0887
      7.7913      7.7913      7.7913      7.7913      7.7913      7.7913
      7.7913      7.7913      7.7913      7.7913      7.7913      7.7913
      7.7913      7.7913      7.7913      7.7913      7.7913      7.7913
      7.7913      7.7913      7.7913      7.7913      7.7913      7.7913
      7.7913      7.7913      7.7913      7.7913      7.7913      7.7913
      7.7913      7.7913      7.7913      7.7913      7.7913      7.7913
      7.7913      7.7913      7.7913      7.7913      7.7913      7.7913
      7.7913      7.7913      7.7913      7.7913      7.7913      7.7913
      7.8000      7.8000      7.8000      7.8000      7.8000      7.8000
      7.8000      7.8000      7.8000      7.8000      7.8000      7.8000
      7.8000      7.8000      7.8000      7.8000      7.8000      7.8000
      7.8000      7.8000      7.8000      7.8000      7.8000      7.8000
      7.8000      7.8000      7.8000      7.8000      7.8000      7.8000
      7.8000      7.8000      7.8000      7.8000      7.8000      7.8000
      7.8000      7.8000      7.8000      7.8000      7.8000      7.8000
      7.8000      7.8000      7.8000      7.8000      7.8000      7.8000

     39.0000     39.0000     39.0000     39.0000     39.0000     39.0000
     39.0000     39.0000     39.0000     39.0000     39.0000     39.0000
     39.0000     39.0000     39.0000     39.0000     39.0000     39.0000
     39.0000     39.0000     39.0000     39.0000     39.0000     39.0000
     39.0000     39.0000     39.0000     39.0000     39.0000     39.0000
     39.0000     39.0000     39.0000     39.0000     39.0000     39.0000
     39.0000     39.0000     39.0000     39.0000     39.0000     39.0000
     39.0000     39.0000     39.0000     39.0000     39.0000     39.0000
     39.0444     39.0444     39.0444     39.0444     39.0444     39.0444
     39.0444     39.0444     39.0444     39.0444     39.0444     39.0444
     39.0444     39.0444     39.0444     39.0444     39.0444     39.0444
     39.0444     39.0444     39.0444     39.0444     39.0444     39.0444
     39.0444     39.0444     39.0444     39.0444     39.0444     39.0444
     39.0444     39.0444     39.0444     39.0444     39.0444     39.0444
     39.0444     39.0444     39.0444     39.0444     39.0444     39.0444
     39.0444     39.0444     39.0444     39.0444     39.0444     39.0444

  USINE N]**- PRAG8H   **  **         664.5600
      3.2000      3.2000      3.2000      3.2000      3.2000      3.2000
      3.2000      3.2000      3.2000      3.2000      3.2000      3.2000
      3.2000      3.2000      3.2000      3.2000      3.2000      3.2000
      3.2000      3.2000      3.2000      3.2000      3.2000      3.2000
      3.2000      3.2000      3.2000      3.2000      3.2000      3.2000
      3.2000      3.2000      4.2000      5.2000      5.2000      5.2000
      5.2000      5.2000      5.2000      5.2000      5.2000      5.2000
      5.2000      5.2000      5.2000      5.2000      5.2000      5.2000
      3.2000      3.2000      3.2000      3.2000      3.2000      3.2000
      3.2000      3.2000      3.2000      3.2000      3.2000      3.2000
      3.2000      3.2000      3.2000      3.2000      3.2000      3.2000
      3.2000      3.2000      3.2000      3.2000      3.2000      3.2000
      3.2000      3.2000      3.2000      3.2000      3.2000      3.2000
      3.2000      3.2000      4.2000      5.2000      5.2000      5.2000
      5.2000      5.2000      5.2000      5.2000      5.2000      5.2000
      5.2000      5.2000      5.2000      5.2000      5.2000      5.2000

     12.0000     12.0000     12.0000     12.0000     12.0000     12.0000
     12.0000     12.0000     12.0000     12.0000     12.0000     12.0000
     12.0000     12.0000     12.0000     12.0000     12.0000     12.0000
     12.0000     12.0000     12.0000     12.0000     12.0000     12.0000
     12.0000     12.0000     12.0000     12.0000     12.0000     12.0000
     12.0000     12.0000     15.3871     18.7742     18.7742     18.7742
     18.7742     18.7742     18.7742     18.7742     18.7742     18.7742
     18.7742     18.7742     18.7742     18.7742     18.7742     18.7742
     12.0000     12.0000     12.0000     12.0000     12.0000     12.0000
     12.0000     12.0000     12.0000     12.0000     12.0000     12.0000
     12.0000     12.0000     12.0000     12.0000     12.0000     12.0000
     12.0000     12.0000     12.0000     12.0000     12.0000     12.0000
     12.0000     12.0000     12.0000     12.0000     12.0000     12.0000
     12.0000     12.0000     15.3871     18.7742     18.7742     18.7742
     18.7742     18.7742     18.7742     18.7742     18.7742     18.7742
     18.7742     18.7742     18.7742     18.7742     18.7742     18.7742

  USINE N]**- PRAG9P   **  **           0.0000
      0.0000      0.0000      0.0000      0.0000      0.0000      0.0000
      0.0000      0.0000      0.0000      0.0000      0.0000      0.0000
      0.0000      0.0000      0.0000      0.0000      0.0000      0.0000
      0.0000      0.0000      0.0000      0.0000      0.0000      0.0000
      0.0000      0.0000      0.0000      0.0000      0.0000      0.0000
      0.0000      0.0000      0.0000      0.0000      0.0000      0.0000
      0.0000      0.0000      0.0000      0.0000      0.0000      0.0000
      0.0000      0.0000      0.0000      0.0000      0.0000      0.0000
      0.0000      0.0000      0.0000      0.0000      0.0000      0.0000
      0.0000      0.0000      0.0000      0.0000      0.0000      0.0000
      0.0000      0.0000      0.0000      0.0000      0.0000      0.0000
      0.0000      0.0000      0.0000      0.0000      0.0000      0.0000
      0.0000      0.0000      0.0000      0.0000      0.0000      0.0000
      0.0000      0.0000      0.0000      0.0000      0.0000      0.0000
      0.0000      0.0000      0.0000      0.0000      0.0000      0.0000
      0.0000      0.0000      0.0000      0.0000      0.0000      0.0000

      0.0000      0.0000      0.0000      0.0000      0.0000      0.0000
      0.0000      0.0000      0.0000      0.0000      0.0000      0.0000
      0.0000      0.0000      0.0000      0.0000      0.0000      0.0000
      0.0000      0.0000      0.0000      0.0000      0.0000      0.0000
      0.0000      0.0000      0.0000      0.0000      0.0000      0.0000
      0.0000      0.0000      0.0000      0.0000      0.0000      0.0000
      0.0000      0.0000      0.0000      0.0000      0.0000      0.0000
      0.0000      0.0000      0.0000      0.0000      0.0000      0.0000
      0.0000      0.0000      0.0000      0.0000      0.0000      0.0000
      0.0000      0.0000      0.0000      0.0000      0.0000      0.0000
      0.0000      0.0000      0.0000      0.0000      0.0000      0.0000
      0.0000      0.0000      0.0000      0.0000      0.0000      0.0000
      0.0000      0.0000      0.0000      0.0000      0.0000      0.0000
      0.0000      0.0000      0.0000      0.0000      0.0000      0.0000
      0.0000      0.0000      0.0000      0.0000      0.0000      0.0000
      0.0000      0.0000      0.0000      0.0000      0.0000      0.0000

  USINE N]**- PRAGFH   **  **        2011.6487
     10.9913     10.9913     10.4357     11.5469     10.9913     10.4357
     11.5469     10.4357     10.9913     10.9913     11.5469     10.4357
     11.5469     10.4357     10.9913     10.9913     10.9913     10.9913
     11.5469     10.9913     10.9913     10.4357     11.5469     10.4357
     11.5469     10.9913     10.9913     10.4357     11.5469     10.4357
     10.9913     10.9913     12.5469     12.9913     12.9913     12.4357
     12.9913     12.9913     13.2444     13.2937     12.9913     12.9913
     12.4357     13.2937     13.2444     12.4357     13.2937     13.2444
     11.0000     11.0000     10.4444     11.0000     11.5556     10.4444
     11.5556     10.4444     11.0000     11.0000     11.0000     11.0000
     11.0000     11.0000     11.0000     11.5556     11.0000     11.0000
     11.0000     11.0000     11.0000     11.0000     11.0000     11.0000
     11.0000     11.0000     11.0000     11.0000     11.0000     11.0000
     11.0000     11.0000     12.0000     13.0000     13.0000     13.0000
     13.0000     13.0000     13.0000     13.0000     13.0000     13.0000
     13.0000     13.0000     13.0000     13.0000     13.0000     13.0000

      0.0000      0.0000      0.0000      0.0000      0.0000      0.0000
      0.0000      0.0000      0.0000      0.0000      0.0000      0.0000
      0.0000      0.0000      0.0000      0.0000      0.0000      0.0000
      0.0000      0.0000      0.0000      0.0000      0.0000      0.0000
      0.0000      0.0000      0.0000      0.0000      0.0000      0.0000
      0.0000      0.0000      0.0000      0.0000      0.0000      0.0000
      0.0000      0.0000      0.0000      0.0000      0.0000      0.0000
      0.0000      0.0000      0.0000      0.0000      0.0000      0.0000
      0.0000      0.0000      0.0000      0.0000      0.0000      0.0000
      0.0000      0.0000      0.0000      0.0000      0.0000      0.0000
      0.0000      0.0000      0.0000      0.0000      0.0000      0.0000
      0.0000      0.0000      0.0000      0.0000      0.0000      0.0000
      0.0000      0.0000      0.0000      0.0000      0.0000      0.0000
      0.0000      0.0000      0.0000      0.0000      0.0000      0.0000
      0.0000      0.0000      0.0000      0.0000      0.0000      0.0000
      0.0000      0.0000      0.0000      0.0000      0.0000      0.0000

  USINE N]**- LUZ 2H   **  **        2357.2487
     12.9913     12.9913     12.4357     13.5469     12.9913     12.4357
     13.5469     12.4357     12.9913     12.9913     13.5469     12.4357
     13.5469     12.4357     12.9913     12.9913     12.9913     12.9913
     13.5469     12.9913     12.9913     12.4357     13.5469     12.4357
     13.5469     12.9913     12.9913     12.4357     13.5469     12.4357
     12.9913     12.9913     14.5469     14.9913     14.9913     14.4357
     14.9913     14.9913     15.2444     15.2937     14.9913     14.9913
     14.4357     15.2937     15.2444     14.4357     15.2937     15.2444
     13.0000     13.0000     12.4444     13.0000     13.5556     12.4444
     13.5556     12.4444     13.0000     13.0000     13.0000     13.0000
     13.0000     13.0000     13.0000     13.5556     13.0000     13.0000
     13.0000     13.0000     13.0000     13.0000     13.0000     13.0000
     13.0000     13.0000     13.0000     13.0000     13.0000     13.0000
     13.0000     13.0000     14.0000     15.0000     15.0000     15.0000
     15.0000     15.0000     15.0000     15.0000     15.0000     15.0000
     15.0000     15.0000     15.0000     15.0000     15.0000     15.0000

      0.0000      0.0000      0.0000      0.0000      0.0000      0.0000
      0.0000      0.0000      0.0000     10.0000     10.0000     10.0000
     10.0000     10.0000     10.0000     10.0000     10.0000     10.0000
     10.0000     10.0000     10.0000     10.0000     10.0000     10.0000
     10.0000     10.0000     10.0000     10.0000     10.0000     10.0000
     10.0000     10.0000     10.0000     10.0000     10.0000     10.0000
     10.0000     10.0000     10.0000     10.0000     10.0000     10.0000
     10.0000     10.0000     10.0000      0.0000     10.0000     10.0000
     10.0000     10.0000      0.0000     10.0000     10.0000      0.0000
      0.0000      0.0000      0.0000      0.0000      0.0000      0.0000
      0.0000      0.0000     10.0000     10.0000     10.0000     10.0000
     10.0000     10.0000     10.0000     10.0000     10.0000     10.0000
     10.0000     10.0000     10.0000     10.0000      0.0000      0.0000
     10.0000     10.0000      0.0000      0.0000     10.0000      0.0000
      0.0000     10.0000     10.0000     10.0000     10.0000      0.0000
      0.0000      0.0000      0.0000     10.0000      0.0000      0.0000

  USINE N]**- GEDREH   **  **         542.1819
      0.0000      0.0000      0.0000      0.0000      0.0000      0.0000
      0.0000      0.0000      0.0000      0.0000      1.8000      5.7000
      5.7000      5.7000      5.7000      5.7000      5.7000      5.7000
      5.7000      5.7000      5.7000      5.7000      5.7000      5.7000
      5.7000      5.7000      5.7000      5.7000      5.7000      5.7000
      5.7000      5.7000      5.7000      5.7000      5.7000      5.7000
      5.7000      5.7000      5.7000      5.7000      5.7000      5.7000
      0.0000      5.7000      5.7000      0.0000      0.0000      0.0000
      0.0000      0.0000      0.0000      0.0000      0.0000      0.0000
      0.0000      0.0000      0.0000      0.0000      0.0000      0.0000
      0.0000      5.7000      5.7000      5.7000      5.7000      5.7000
      5.7000      5.7000      5.7000      5.7000      5.7000      5.7000
      5.7000      5.7000      3.0122      5.7000      0.0000      0.0000
      0.0000      0.0000      0.0000      0.0000      5.7000      0.0000
      0.0000      5.7000      5.7000      5.7000      5.7000      0.0000
      0.0000      0.0000      0.0000      0.0000      0.0000      0.0000

      0.0000      0.0000      0.0000      0.0000      0.0000      0.0000
      0.0000      0.0000      0.0000      0.0000      5.0000     15.0000
     15.0000     15.0000     15.0000     15.0000     15.0000     15.0000
     15.0000     15.0000     15.0000     15.0000     15.0000     15.0000
     15.0000     15.0000     15.0000     15.0000     15.0000     15.0000
     15.0000     15.0000     15.0000     15.0000     15.0000     15.0000
     15.0000     15.0000     15.0000     15.0000     15.0000     15.0000
      0.0000     15.0000     15.0000      0.0000      0.0000      0.0000
      0.0000      0.0000      0.0000      0.0000      0.0000      0.0000
      0.0000      0.0000      0.0000      0.0000      0.0000      0.0000
      0.0000     15.0000     15.0000     15.0000     15.0000     15.0000
     15.0000     15.0000     15.0000     15.0000     15.0000     15.0000
     15.0000     15.0000      8.1082     15.0000      0.0000      0.0000
      0.0000      0.0000      0.0000      0.0000     15.0000      0.0000
      0.0000     15.0000     15.0000     15.0000     15.0000      0.0000
      0.0000      0.0000      0.0000      0.0000      0.0000      0.0000

  USINE N]**- LUZ 1H   **  **         797.6019
      7.0000      7.0000      7.0000      1.3000      1.3000      1.3000
      1.3000      1.3000      1.3000      1.3000      1.3000      1.3000
      1.3000      3.1000      7.0000      7.0000      7.0000      7.0000
      7.0000      7.0000      7.0000      7.0000      7.0000      7.0000
      7.0000      7.0000      7.0000      7.0000      7.0000      7.0000
      7.0000      7.0000      7.0000      7.0000      7.0000      7.0000
      7.0000      7.0000      7.0000      7.0000      7.0000      7.0000
      7.0000      7.0000      7.0000      1.3000      7.0000      7.0000
      1.3000      1.3000      1.3000      1.3000      1.3000      1.3000
      1.3000      1.3000      1.3000      1.3000      1.3000      1.3000
      1.3000      1.3000      1.3000      1.3000      7.0000      7.0000
      7.0000      7.0000      7.0000      7.0000      7.0000      7.0000
      7.0000      7.0000      7.0000      7.0000      7.0000      4.3122
      7.0000      1.3000      1.3000      1.3000      1.3000      1.3000
      1.3000      7.0000      1.3000      1.3000      7.0000      7.0000
      7.0000      7.0000      1.3000      1.3000      1.3000      1.3000

      8.2031      8.2031      8.2031      1.5234      1.5234      1.5234
      1.5234      1.5234      1.5234      1.5234      1.5234      1.5234
      1.5234      3.6328      8.2031      8.2031      8.2031      8.2031
      8.2031      8.2031      8.2031      8.2031      8.2031      8.2031
      8.2031      8.2031      8.2031      8.2031      8.2031      8.2031
      8.2031      8.2031      8.2031      8.2031      8.2031      8.2031
      8.2031      8.2031      8.2031      8.2031      8.2031      8.2031
      8.2031      8.2031      8.2031      1.5234      8.2031      8.2031
      1.5234      1.5234      1.5234      1.5234      1.5234      1.5234
      1.5234      1.5234      1.5234      1.5234      1.5234      1.5234
      1.5234      1.5234      1.5234      1.5234      8.2031      8.2031
      8.2031      8.2031      8.2031      8.2031      8.2031      8.2031
      8.2031      8.2031      8.2031      8.2031      8.2031      5.0534
      8.2031      1.5234      1.5234      1.5234      1.5234      1.5234
      1.5234      8.2031      1.5234      1.5234      8.2031      8.2031
      8.2031      8.2031      1.5234      1.5234      1.5234      1.5234

  USINE N]**- P.REIH   **  **        3189.4106
     20.7469     20.1913     19.0802     15.6024     14.4913     13.3802
     15.6024     13.3802     14.4913     14.4913     15.6024     13.3802
     15.6024     15.1802     20.1913     20.1913     20.1913     20.1913
     21.3024     20.1913     20.1913     19.0802     21.3024     19.0802
     21.3024     20.1913     20.1913     19.0802     21.3024     19.0802
     20.1913     20.1913     22.3024     22.1913     22.1913     21.0802
     22.1913     22.1913     23.0000     22.4937     22.1913     22.1913
     21.0802     22.4937     23.0000     15.3802     22.4937     23.0000
     14.5000     14.5000     13.3889     14.5000     15.6111     13.3889
     15.6111     13.3889     14.5000     14.5000     14.5000     14.5000
     14.5000     14.5000     14.5000     15.6111     20.2000     20.2000
     20.2000     20.2000     20.2000     20.2000     20.2000     20.2000
     20.2000     20.2000     20.2000     20.2000     20.2000     17.5122
     20.2000     14.5000     15.5000     16.5000     16.5000     16.5000
     16.5000     22.2000     16.5000     16.5000     22.2000     22.2000
     22.2000     22.2000     16.5000     16.5000     16.5000     15.9444

      0.0000      0.0000      0.0000      0.0000      0.0000      0.0000
      0.0000      0.0000      0.0000      4.2214      4.5451      3.8977
      4.5451      4.4221      5.8818      5.8818      5.8818      5.8818
      6.2055      5.8818      5.8818      5.5581      6.2055      5.5581
      6.2055      5.8818      5.8818      5.5581      6.2055      5.5581
      5.8818      5.8818      6.4968      6.4644      6.4644      6.1408
      6.4644      6.4644      6.7000      6.5525      6.4644      6.4644
      6.1408      6.5525      6.7000      0.0000      6.5525      6.7000
      4.2239      4.2239      0.0000      4.2239      4.5476      0.0000
      0.0000      0.0000      0.0000      0.0000      0.0000      0.0000
      0.0000      0.0000      4.2239      4.5476      3.3500      3.3500
      3.3500      3.3500      3.3500      3.3500      3.3500      3.3500
      3.3500      3.3500      3.3500      3.3500      0.0000      0.0000
      3.3500      3.3500      0.0000      0.0000      3.3500      0.0000
      0.0000      3.3500      3.3500      3.3500      3.3500      0.0000
      0.0000      0.0000      0.0000      3.3500      0.0000      0.0000

  USINE N]**- SOULOH   **   0        3189.4106
     20.7469     20.1913     19.0802     15.6024     14.4913     13.3802
     15.6024     13.3802     14.4913     14.4913     15.6024     13.3802
     15.6024     15.1802     20.1913     20.1913     20.1913     20.1913
     21.3024     20.1913     20.1913     19.0802     21.3024     19.0802
     21.3024     20.1913     20.1913     19.0802     21.3024     19.0802
     20.1913     20.1913     22.3024     22.1913     22.1913     21.0802
     22.1913     22.1913     23.0000     22.4937     22.1913     22.1913
     21.0802     22.4937     23.0000     15.3802     22.4937     23.0000
     14.5000     14.5000     13.3889     14.5000     15.6111     13.3889
     15.6111     13.3889     14.5000     14.5000     14.5000     14.5000
     14.5000     14.5000     14.5000     15.6111     20.2000     20.2000
     20.2000     20.2000     20.2000     20.2000     20.2000     20.2000
     20.2000     20.2000     20.2000     20.2000     20.2000     17.5122
     20.2000     14.5000     15.5000     16.5000     16.5000     16.5000
     16.5000     22.2000     16.5000     16.5000     22.2000     22.2000
     22.2000     22.2000     16.5000     16.5000     16.5000     15.9444

      0.0000      0.0000      0.0000      0.0000      0.0000      0.0000
      0.0000      0.0000      0.0000      0.0000      0.0000      0.0000
      0.0000      0.0000      0.0000      0.0000      0.0000      0.0000
      0.0000      0.0000      0.0000      0.0000      0.0000      0.0000
      0.0000      0.0000      0.0000      0.0000      0.0000      0.0000
      0.0000      0.0000      0.0000      0.0000      0.0000      0.0000
      0.0000      0.0000      0.0000      0.0000      0.0000      0.0000
      0.0000      0.0000      0.0000      0.0000      0.0000      0.0000
      0.0000      0.0000      0.0000      0.0000      0.0000      0.0000
      0.0000      0.0000      0.0000      0.0000      0.0000      0.0000
      0.0000      0.0000      0.0000      0.0000      0.0000      0.0000
      0.0000      0.0000      0.0000      0.0000      0.0000      0.0000
      0.0000      0.0000      0.0000      0.0000      0.0000      0.0000
      0.0000      0.0000      0.0000      0.0000      0.0000      0.0000
      0.0000      0.0000      0.0000      0.0000      0.0000      0.0000
      0.0000      0.0000      0.0000      0.0000      0.0000      0.0000

   DONNEES POUR LA VALLEE N]26-ARIEGE   DATE: 22/03/10     9 USINE(S)     8 RESERVOIR(S)
  LAC N]**- LANOUR     0.1000E+04     20.550           0.0000
  24757.0000  24757.0000  24757.0000  24757.0000  24757.0000  24757.0000
  24757.0000  24757.0000  24757.0000  24757.0000  24757.0000  24757.0000
  24757.0000  24757.0000  24757.0000  24757.0000  24757.0000  24757.0000
  24757.0000  24757.0000  24757.0000  24757.0000  24757.0000  24757.0000
  24757.0000  24757.0000  24757.0000  24757.0000  24757.0000  24757.0000
  24757.0000  24757.0000  24757.0000  24757.0000  24757.0000  24757.0000
  24757.0000  24757.0000  24757.0000  24757.0000  24757.0000  24757.0000
  24757.0000  24757.0000  24757.0000  24757.0000  24757.0000  24757.0000
  24757.0000  24757.0000  24757.0000  24757.0000  24757.0000  24757.0000
  24757.0000  24757.0000  24757.0000  24757.0000  24757.0000  24757.0000
  24757.0000  24757.0000  24757.0000  24757.0000  24757.0000  24757.0000
  24757.0000  24757.0000  24757.0000  24757.0000  24757.0000  24757.0000
  24757.0000  24757.0000  24757.0000  24757.0000  24757.0000  24757.0000
  24757.0000  24757.0000  24757.0000  24757.0000  24757.0000  24757.0000
  24757.0000  24757.0000  24757.0000  24757.0000  24757.0000  24757.0000
  24757.0000  24757.0000  24757.0000  24757.0000  24757.0000  24757.0000

  LAC N]**- HOSPFR     0.1000E+04      0.000           0.0000
      1.0000      1.0000      1.0000      1.0000      1.0000      1.0000
      1.0000      1.0000      1.0000      1.0000      1.0000      1.0000
      1.0000      1.0000      1.0000      1.0000      1.0000      1.0000
      1.0000      1.0000      1.0000      1.0000      1.0000      1.0000
      1.0000      1.0000      1.0000      1.0000      1.0000      1.0000
      1.0000      1.0000      1.0000      1.0000      1.0000      1.0000
      1.0000      1.0000      1.0000      1.0000      1.0000      1.0000
      1.0000      1.0000      1.0000      1.0000      1.0000      1.0000
      1.0000      1.0000      1.0000      1.0000      1.0000      1.0000
      1.0000      1.0000      1.0000      1.0000      1.0000      1.0000
      1.0000      1.0000      1.0000      1.0000      1.0000      1.0000
      1.0000      1.0000      1.0000      1.0000      1.0000      1.0000
      1.0000      1.0000      1.0000      1.0000      1.0000      1.0000
      1.0000      1.0000      1.0000      1.0000      1.0000      1.0000
      1.0000      1.0000      1.0000      1.0000      1.0000      1.0000
      1.0000      1.0000      1.0000      1.0000      1.0000      1.0000

  LAC N]**- BALDAR     0.1000E+04      0.000           0.0000
   -101.0000   -101.0000   -101.0000   -101.0000   -101.0000   -101.0000
   -101.0000   -101.0000   -101.0000   -101.0000   -101.0000   -101.0000
   -101.0000   -101.0000   -101.0000   -101.0000   -101.0000   -101.0000
   -101.0000   -101.0000   -101.0000   -101.0000   -101.0000   -101.0000
   -101.0000   -101.0000   -101.0000   -101.0000   -101.0000   -101.0000
   -101.0000   -101.0000   -101.0000   -101.0000   -101.0000   -101.0000
   -101.0000   -101.0000   -101.0000   -101.0000   -101.0000   -101.0000
   -101.0000   -101.0000   -101.0000   -101.0000   -101.0000   -101.0000
   -101.0000   -101.0000   -101.0000   -101.0000   -101.0000   -101.0000
   -101.0000   -101.0000   -101.0000   -101.0000   -101.0000   -101.0000
   -101.0000   -101.0000   -101.0000   -101.0000   -101.0000   -101.0000
   -101.0000   -101.0000   -101.0000   -101.0000   -101.0000   -101.0000
   -101.0000   -101.0000   -101.0000   -101.0000   -101.0000   -101.0000
   -101.0000   -101.0000   -101.0000   -101.0000   -101.0000   -101.0000
   -101.0000   -101.0000   -101.0000   -101.0000   -101.0000   -101.0000
   -101.0000   -101.0000   -101.0000   -101.0000   -101.0000   -101.0000

  LAC N]**- MERENR     0.1000E+04      0.000           0.0000
      0.0000      0.0000      0.0000      0.0000      0.0000      0.0000
      0.0000      0.0000      0.0000      0.0000      0.0000      0.0000
      0.0000      0.0000      0.0000      0.0000      0.0000      0.0000
      0.0000      0.0000      0.0000      0.0000      0.0000      0.0000
      0.0000      0.0000      0.0000      0.0000      0.0000      0.0000
      0.0000      0.0000      0.0000      0.0000      0.0000      0.0000
      0.0000      0.0000      0.0000      0.0000      0.0000      0.0000
      0.0000      0.0000      0.0000      0.0000      0.0000      0.0000
      0.0000      0.0000      0.0000      0.0000      0.0000      0.0000
      0.0000      0.0000      0.0000      0.0000      0.0000      0.0000
      0.0000      0.0000      0.0000      0.0000      0.0000      0.0000
      0.0000      0.0000      0.0000      0.0000      0.0000      0.0000
      0.0000      0.0000      0.0000      0.0000      0.0000      0.0000
      0.0000      0.0000      0.0000      0.0000      0.0000      0.0000
      0.0000      0.0000      0.0000      0.0000      0.0000      0.0000
      0.0000      0.0000      0.0000      0.0000      0.0000      0.0000

  LAC N]**- ASTONR     0.1000E+04      0.000           0.0000
      0.0000      0.0000      0.0000      0.0000      0.0000      0.0000
      0.0000      0.0000      0.0000      0.0000      0.0000      0.0000
      0.0000      0.0000      0.0000      0.0000      0.0000      0.0000
      0.0000      0.0000      0.0000      0.0000      0.0000      0.0000
      0.0000      0.0000      0.0000      0.0000      0.0000      0.0000
      0.0000      0.0000      0.0000      0.0000      0.0000      0.0000
      0.0000      0.0000      0.0000      0.0000      0.0000      0.0000
      0.0000      0.0000      0.0000      0.0000      0.0000      0.0000
      0.0000      0.0000      0.0000      0.0000      0.0000      0.0000
      0.0000      0.0000      0.0000      0.0000      0.0000      0.0000
      0.0000      0.0000      0.0000      0.0000      0.0000      0.0000
      0.0000      0.0000      0.0000      0.0000      0.0000      0.0000
      0.0000      0.0000      0.0000      0.0000      0.0000      0.0000
      0.0000      0.0000      0.0000      0.0000      0.0000      0.0000
      0.0000      0.0000      0.0000      0.0000      0.0000      0.0000
      0.0000      0.0000      0.0000      0.0000      0.0000      0.0000

  LAC N]**- LAPARR     0.1000E+04      8.930        -631.8000
   6000.0000   6000.0000   6000.0000   6000.0000   6000.0000   6000.0000
   6000.0000   6000.0000   6000.0000   6000.0000   6000.0000   6000.0000
   6000.0000   5983.8000   5967.6000   5967.6000   5967.6000   5967.6000
   5951.4000   5935.2000   5935.2000   5935.2000   5919.0000   5902.8000
   5902.8000   5902.8000   5902.8000   5902.8000   5902.8000   5886.6000
   5870.4000   5854.2000   5838.0000   5821.8000   5805.6000   5789.4000
   5789.4000   5789.4000   5773.2000   5757.0000   5757.0000   5757.0000
   5757.0000   5757.0000   5757.0000   5740.8000   5724.6000   5724.6000
   5724.6000   5708.4000   5692.2000   5676.0000   5659.8000   5643.6000
   5627.4000   5611.2000   5595.0000   5578.8000   5562.6000   5546.4000
   5530.2000   5514.0000   5497.8000   5497.8000   5497.8000   5481.6000
   5465.4000   5465.4000   5465.4000   5465.4000   5465.4000   5465.4000
   5465.4000   5465.4000   5465.4000   5449.2000   5433.0000   5416.8000
   5416.8000   5416.8000   5416.8000   5416.8000   5416.8000   5416.8000
   5416.8000   5416.8000   5416.8000   5416.8000   5416.8000   5416.8000
   5416.8000   5416.8000   5416.8000   5400.6000   5384.4000   5368.2000

  LAC N]**- RIETER     0.1000E+04      0.000         -36.0000
    175.0000    175.0000    175.0000    175.0000    175.0000    175.0000
    175.0000    175.0000    175.0000    175.0000    175.0000    175.0000
    175.0000    191.2000    207.4000    202.0000    193.0000    184.0000
    191.2000    198.4000    189.4000    180.4000    187.6000    194.8000
    185.8000    176.8000    167.8000    158.8000    149.8000    157.0000
    164.2000    171.4000    178.6000    185.8000    193.0000    200.2000
    191.2000    182.2000    189.4000    196.6000    187.6000    178.6000
    169.6000    160.6000    151.6000    158.8000    166.0000    157.0000
    151.6000    162.4000    173.2000    184.0000    194.8000    205.6000
    216.4000    227.2000    238.0000    248.8000    259.6000    270.4000
    281.2000    292.0000    302.8000    297.4000    288.4000    295.6000
    302.8000    293.8000    284.8000    275.8000    266.8000    257.8000
    248.8000    239.8000    230.8000    238.0000    245.2000    252.4000
    243.4000    234.4000    225.4000    216.4000    207.4000    198.4000
    189.4000    180.4000    171.4000    162.4000    153.4000    144.4000
    135.4000    126.4000    117.4000    124.6000    131.8000    139.0000

  LAC N]**- GARRAR     0.1000E+04      0.000           0.0000
      0.0000      0.0000      0.0000      0.0000      0.0000      0.0000
      0.0000      0.0000      0.0000      0.0000      0.0000      0.0000
      0.0000      0.0000      0.0000      0.0000      0.0000      0.0000
      0.0000      0.0000      0.0000      0.0000      0.0000      0.0000
      0.0000      0.0000      0.0000      0.0000      0.0000      0.0000
      0.0000      0.0000      0.0000      0.0000      0.0000      0.0000
      0.0000      0.0000      0.0000      0.0000      0.0000      0.0000
      0.0000      0.0000      0.0000      0.0000      0.0000      0.0000
      0.0000      0.0000      0.0000      0.0000      0.0000      0.0000
      0.0000      0.0000      0.0000      0.0000      0.0000      0.0000
      0.0000      0.0000      0.0000      0.0000      0.0000      0.0000
      0.0000      0.0000      0.0000      0.0000      0.0000      0.0000
      0.0000      0.0000      0.0000      0.0000      0.0000      0.0000
      0.0000      0.0000      0.0000      0.0000      0.0000      0.0000
      0.0000      0.0000      0.0000      0.0000      0.0000      0.0000
      0.0000      0.0000      0.0000      0.0000      0.0000      0.0000

  USINE N]**- HOSPIH   **  **           0.0000
      0.0000      0.0000      0.0000      0.0000      0.0000      0.0000
      0.0000      0.0000      0.0000      0.0000      0.0000      0.0000
      0.0000      0.0000      0.0000      0.0000      0.0000      0.0000
      0.0000      0.0000      0.0000      0.0000      0.0000      0.0000
      0.0000      0.0000      0.0000      0.0000      0.0000      0.0000
      0.0000      0.0000      0.0000      0.0000      0.0000      0.0000
      0.0000      0.0000      0.0000      0.0000      0.0000      0.0000
      0.0000      0.0000      0.0000      0.0000      0.0000      0.0000
      0.0000      0.0000      0.0000      0.0000      0.0000      0.0000
      0.0000      0.0000      0.0000      0.0000      0.0000      0.0000
      0.0000      0.0000      0.0000      0.0000      0.0000      0.0000
      0.0000      0.0000      0.0000      0.0000      0.0000      0.0000
      0.0000      0.0000      0.0000      0.0000      0.0000      0.0000
      0.0000      0.0000      0.0000      0.0000      0.0000      0.0000
      0.0000      0.0000      0.0000      0.0000      0.0000      0.0000
      0.0000      0.0000      0.0000      0.0000      0.0000      0.0000

      0.0000      0.0000      0.0000      0.0000      0.0000      0.0000
      0.0000      0.0000      0.0000      0.0000      0.0000      0.0000
      0.0000      0.0000      0.0000      0.0000      0.0000      0.0000
      0.0000      0.0000      0.0000      0.0000      0.0000      0.0000
      0.0000      0.0000      0.0000      0.0000      0.0000      0.0000
      0.0000      0.0000      0.0000      0.0000      0.0000      0.0000
      0.0000      0.0000      0.0000      0.0000      0.0000      0.0000
      0.0000      0.0000      0.0000      0.0000      0.0000      0.0000
      0.0000      0.0000      0.0000      0.0000      0.0000      0.0000
      0.0000      0.0000      0.0000      0.0000      0.0000      0.0000
      0.0000      0.0000      0.0000      0.0000      0.0000      0.0000
      0.0000      0.0000      0.0000      0.0000      0.0000      0.0000
      0.0000      0.0000      0.0000      0.0000      0.0000      0.0000
      0.0000      0.0000      0.0000      0.0000      0.0000      0.0000
      0.0000      0.0000      0.0000      0.0000      0.0000      0.0000
      0.0000      0.0000      0.0000      0.0000      0.0000      0.0000

  USINE N]**- HOSP8H   **  **           0.0000
      0.0000      0.0000      0.0000      0.0000      0.0000      0.0000
      0.0000      0.0000      0.0000      0.0000      0.0000      0.0000
      0.0000      0.0000      0.0000      0.0000      0.0000      0.0000
      0.0000      0.0000      0.0000      0.0000      0.0000      0.0000
      0.0000      0.0000      0.0000      0.0000      0.0000      0.0000
      0.0000      0.0000      0.0000      0.0000      0.0000      0.0000
      0.0000      0.0000      0.0000      0.0000      0.0000      0.0000
      0.0000      0.0000      0.0000      0.0000      0.0000      0.0000
      0.0000      0.0000      0.0000      0.0000      0.0000      0.0000
      0.0000      0.0000      0.0000      0.0000      0.0000      0.0000
      0.0000      0.0000      0.0000      0.0000      0.0000      0.0000
      0.0000      0.0000      0.0000      0.0000      0.0000      0.0000
      0.0000      0.0000      0.0000      0.0000      0.0000      0.0000
      0.0000      0.0000      0.0000      0.0000      0.0000      0.0000
      0.0000      0.0000      0.0000      0.0000      0.0000      0.0000
      0.0000      0.0000      0.0000      0.0000      0.0000      0.0000

      0.0000      0.0000      0.0000      0.0000      0.0000      0.0000
      0.0000      0.0000      0.0000      0.0000      0.0000      0.0000
      0.0000      0.0000      0.0000      0.0000      0.0000      0.0000
      0.0000      0.0000      0.0000      0.0000      0.0000      0.0000
      0.0000      0.0000      0.0000      0.0000      0.0000      0.0000
      0.0000      0.0000      0.0000      0.0000      0.0000      0.0000
      0.0000      0.0000      0.0000      0.0000      0.0000      0.0000
      0.0000      0.0000      0.0000      0.0000      0.0000      0.0000
      0.0000      0.0000      0.0000      0.0000      0.0000      0.0000
      0.0000      0.0000      0.0000      0.0000      0.0000      0.0000
      0.0000      0.0000      0.0000      0.0000      0.0000      0.0000
      0.0000      0.0000      0.0000      0.0000      0.0000      0.0000
      0.0000      0.0000      0.0000      0.0000      0.0000      0.0000
      0.0000      0.0000      0.0000      0.0000      0.0000      0.0000
      0.0000      0.0000      0.0000      0.0000      0.0000      0.0000
      0.0000      0.0000      0.0000      0.0000      0.0000      0.0000

  USINE N]**- HOSP9P   **  **           0.0000
      0.0000      0.0000      0.0000      0.0000      0.0000      0.0000
      0.0000      0.0000      0.0000      0.0000      0.0000      0.0000
      0.0000      0.0000      0.0000      0.0000      0.0000      0.0000
      0.0000      0.0000      0.0000      0.0000      0.0000      0.0000
      0.0000      0.0000      0.0000      0.0000      0.0000      0.0000
      0.0000      0.0000      0.0000      0.0000      0.0000      0.0000
      0.0000      0.0000      0.0000      0.0000      0.0000      0.0000
      0.0000      0.0000      0.0000      0.0000      0.0000      0.0000
      0.0000      0.0000      0.0000      0.0000      0.0000      0.0000
      0.0000      0.0000      0.0000      0.0000      0.0000      0.0000
      0.0000      0.0000      0.0000      0.0000      0.0000      0.0000
      0.0000      0.0000      0.0000      0.0000      0.0000      0.0000
      0.0000      0.0000      0.0000      0.0000      0.0000      0.0000
      0.0000      0.0000      0.0000      0.0000      0.0000      0.0000
      0.0000      0.0000      0.0000      0.0000      0.0000      0.0000
      0.0000      0.0000      0.0000      0.0000      0.0000      0.0000

      0.0000      0.0000      0.0000      0.0000      0.0000      0.0000
      0.0000      0.0000      0.0000      0.0000      0.0000      0.0000
      0.0000      0.0000      0.0000      0.0000      0.0000      0.0000
      0.0000      0.0000      0.0000      0.0000      0.0000      0.0000
      0.0000      0.0000      0.0000      0.0000      0.0000      0.0000
      0.0000      0.0000      0.0000      0.0000      0.0000      0.0000
      0.0000      0.0000      0.0000      0.0000      0.0000      0.0000
      0.0000      0.0000      0.0000      0.0000      0.0000      0.0000
      0.0000      0.0000      0.0000      0.0000      0.0000      0.0000
      0.0000      0.0000      0.0000      0.0000      0.0000      0.0000
      0.0000      0.0000      0.0000      0.0000      0.0000      0.0000
      0.0000      0.0000      0.0000      0.0000      0.0000      0.0000
      0.0000      0.0000      0.0000      0.0000      0.0000      0.0000
      0.0000      0.0000      0.0000      0.0000      0.0000      0.0000
      0.0000      0.0000      0.0000      0.0000      0.0000      0.0000
      0.0000      0.0000      0.0000      0.0000      0.0000      0.0000

  USINE N]**- HOSPFH   **  **           0.0000
      0.0000      0.0000      0.0000      0.0000      0.0000      0.0000
      0.0000      0.0000      0.0000      0.0000      0.0000      0.0000
      0.0000      0.0000      0.0000      0.0000      0.0000      0.0000
      0.0000      0.0000      0.0000      0.0000      0.0000      0.0000
      0.0000      0.0000      0.0000      0.0000      0.0000      0.0000
      0.0000      0.0000      0.0000      0.0000      0.0000      0.0000
      0.0000      0.0000      0.0000      0.0000      0.0000      0.0000
      0.0000      0.0000      0.0000      0.0000      0.0000      0.0000
      0.0000      0.0000      0.0000      0.0000      0.0000      0.0000
      0.0000      0.0000      0.0000      0.0000      0.0000      0.0000
      0.0000      0.0000      0.0000      0.0000      0.0000      0.0000
      0.0000      0.0000      0.0000      0.0000      0.0000      0.0000
      0.0000      0.0000      0.0000      0.0000      0.0000      0.0000
      0.0000      0.0000      0.0000      0.0000      0.0000      0.0000
      0.0000      0.0000      0.0000      0.0000      0.0000      0.0000
      0.0000      0.0000      0.0000      0.0000      0.0000      0.0000

      0.0000      0.0000      0.0000      0.0000      0.0000      0.0000
      0.0000      0.0000      0.0000      0.0000      0.0000      0.0000
      0.0000      0.0000      0.0000      0.0000      0.0000      0.0000
      0.0000      0.0000      0.0000      0.0000      0.0000      0.0000
      0.0000      0.0000      0.0000      0.0000      0.0000      0.0000
      0.0000      0.0000      0.0000      0.0000      0.0000      0.0000
      0.0000      0.0000      0.0000      0.0000      0.0000      0.0000
      0.0000      0.0000      0.0000      0.0000      0.0000      0.0000
      0.0000      0.0000      0.0000      0.0000      0.0000      0.0000
      0.0000      0.0000      0.0000      0.0000      0.0000      0.0000
      0.0000      0.0000      0.0000      0.0000      0.0000      0.0000
      0.0000      0.0000      0.0000      0.0000      0.0000      0.0000
      0.0000      0.0000      0.0000      0.0000      0.0000      0.0000
      0.0000      0.0000      0.0000      0.0000      0.0000      0.0000
      0.0000      0.0000      0.0000      0.0000      0.0000      0.0000
      0.0000      0.0000      0.0000      0.0000      0.0000      0.0000

  USINE N]**- MERENH   **  **         172.8000
      1.0000      1.0000      1.0000      1.0000      1.0000      1.0000
      1.0000      1.0000      1.0000      1.0000      1.0000      1.0000
      1.0000      1.0000      1.0000      1.0000      1.0000      1.0000
      1.0000      1.0000      1.0000      1.0000      1.0000      1.0000
      1.0000      1.0000      1.0000      1.0000      1.0000      1.0000
      1.0000      1.0000      1.0000      1.0000      1.0000      1.0000
      1.0000      1.0000      1.0000      1.0000      1.0000      1.0000
      1.0000      1.0000      1.0000      1.0000      1.0000      1.0000
      1.0000      1.0000      1.0000      1.0000      1.0000      1.0000
      1.0000      1.0000      1.0000      1.0000      1.0000      1.0000
      1.0000      1.0000      1.0000      1.0000      1.0000      1.0000
      1.0000      1.0000      1.0000      1.0000      1.0000      1.0000
      1.0000      1.0000      1.0000      1.0000      1.0000      1.0000
      1.0000      1.0000      1.0000      1.0000      1.0000      1.0000
      1.0000      1.0000      1.0000      1.0000      1.0000      1.0000
      1.0000      1.0000      1.0000      1.0000      1.0000      1.0000

      0.0000      0.0000      0.0000      0.0000      0.0000      0.0000
      0.0000      0.0000      0.0000      0.0000      0.0000      0.0000
      0.0000      0.0000      0.0000      0.0000      0.0000      0.0000
      0.0000      0.0000      0.0000      0.0000      0.0000      0.0000
      0.0000      0.0000      0.0000      0.0000      0.0000      0.0000
      0.0000      0.0000      0.0000      0.0000      0.0000      0.0000
      0.0000      0.0000      0.0000      0.0000      0.0000      0.0000
      0.0000      0.0000      0.0000      0.0000      0.0000      0.0000
      0.0000      0.0000      0.0000      0.0000      0.0000      0.0000
      0.0000      0.0000      0.0000      0.0000      0.0000      0.0000
      0.0000      0.0000      0.0000      0.0000      0.0000      0.0000
      0.0000      0.0000      0.0000      0.0000      0.0000      0.0000
      0.0000      0.0000      0.0000      0.0000      0.0000      0.0000
      0.0000      0.0000      0.0000      0.0000      0.0000      0.0000
      0.0000      0.0000      0.0000      0.0000      0.0000      0.0000
      0.0000      0.0000      0.0000      0.0000      0.0000      0.0000

  USINE N]**- LAPARH   **  **         631.8000
      0.0000      0.0000      0.0000      0.0000      0.0000      0.0000
      0.0000      0.0000      0.0000      0.0000      0.0000      0.0000
      0.0000      9.0000      9.0000      0.0000      0.0000      0.0000
      9.0000      9.0000      0.0000      0.0000      9.0000      9.0000
      0.0000      0.0000      0.0000      0.0000      0.0000      9.0000
      9.0000      9.0000      9.0000      9.0000      9.0000      9.0000
      0.0000      0.0000      9.0000      9.0000      0.0000      0.0000
      0.0000      0.0000      0.0000      9.0000      9.0000      0.0000
      0.0000      9.0000      9.0000      9.0000      9.0000      9.0000
      9.0000      9.0000      9.0000      9.0000      9.0000      9.0000
      9.0000      9.0000      9.0000      0.0000      0.0000      9.0000
      9.0000      0.0000      0.0000      0.0000      0.0000      0.0000
      0.0000      0.0000      0.0000      9.0000      9.0000      9.0000
      0.0000      0.0000      0.0000      0.0000      0.0000      0.0000
      0.0000      0.0000      0.0000      0.0000      0.0000      0.0000
      0.0000      0.0000      0.0000      9.0000      9.0000      9.0000

      0.0000      0.0000      0.0000      0.0000      0.0000      0.0000
      0.0000      0.0000      0.0000      0.0000      0.0000      0.0000
      0.0000     16.0000     16.0000      0.0000      0.0000      0.0000
     16.0000     16.0000      0.0000      0.0000     16.0000     16.0000
      0.0000      0.0000      0.0000      0.0000      0.0000     16.0000
     16.0000     16.0000     16.0000     16.0000     16.0000     16.0000
      0.0000      0.0000     16.0000     16.0000      0.0000      0.0000
      0.0000      0.0000      0.0000     16.0000     16.0000      0.0000
      0.0000     16.0000     16.0000     16.0000     16.0000     16.0000
     16.0000     16.0000     16.0000     16.0000     16.0000     16.0000
     16.0000     16.0000     16.0000      0.0000      0.0000     16.0000
     16.0000      0.0000      0.0000      0.0000      0.0000      0.0000
      0.0000      0.0000      0.0000     16.0000     16.0000     16.0000
      0.0000      0.0000      0.0000      0.0000      0.0000      0.0000
      0.0000      0.0000      0.0000      0.0000      0.0000      0.0000
      0.0000      0.0000      0.0000     16.0000     16.0000     16.0000

  USINE N]**- RIETEH   **  **        1531.8000
      5.0000      5.0000      5.0000      5.0000      5.0000      5.0000
      5.0000      5.0000      5.0000      5.0000      5.0000      5.0000
      5.0000      5.0000      5.0000      8.0000     10.0000     10.0000
     10.0000     10.0000     10.0000     10.0000     10.0000     10.0000
     10.0000     10.0000     10.0000     10.0000     10.0000     10.0000
     10.0000     10.0000     10.0000     10.0000     10.0000     10.0000
     10.0000     10.0000     10.0000     10.0000     10.0000     10.0000
     10.0000     10.0000     10.0000     10.0000     10.0000     10.0000
      8.0000      8.0000      8.0000      8.0000      8.0000      8.0000
      8.0000      8.0000      8.0000      8.0000      8.0000      8.0000
      8.0000      8.0000      8.0000      8.0000     10.0000     10.0000
     10.0000     10.0000     10.0000     10.0000     10.0000     10.0000
     10.0000     10.0000     10.0000     10.0000     10.0000     10.0000
     10.0000     10.0000     10.0000     10.0000     10.0000     10.0000
     10.0000     10.0000     10.0000     10.0000     10.0000     10.0000
     10.0000     10.0000     10.0000     10.0000     10.0000     10.0000

      0.0000      0.0000      0.0000      0.0000      0.0000      0.0000
      0.0000      0.0000      0.0000      0.0000      0.0000      0.0000
      0.0000      0.0000      0.0000      0.0000      0.0000      0.0000
      0.0000      0.0000      0.0000      0.0000      0.0000      0.0000
      0.0000      0.0000      0.0000      0.0000      0.0000      0.0000
      0.0000      0.0000      0.0000      0.0000      0.0000      0.0000
      0.0000      0.0000      0.0000      0.0000      0.0000      0.0000
      0.0000      0.0000      0.0000      0.0000      0.0000      0.0000
      0.0000      0.0000      0.0000      0.0000      0.0000      0.0000
      0.0000      0.0000      0.0000      0.0000      0.0000      0.0000
      0.0000      0.0000      0.0000      0.0000      0.0000      0.0000
      0.0000      0.0000      0.0000      0.0000      0.0000      0.0000
      0.0000      0.0000      0.0000      0.0000      0.0000      0.0000
      0.0000      0.0000      0.0000      0.0000      0.0000      0.0000
      0.0000      0.0000      0.0000      0.0000      0.0000      0.0000
      0.0000      0.0000      0.0000      0.0000      0.0000      0.0000

  USINE N]**- ASTONH   **  **        2736.0000
     16.0000     11.0000     11.0000     12.0000     12.0000     12.0000
     12.0000     12.0000     12.0000     12.0000     12.0000     12.0000
     12.0000     12.0000     12.0000     12.0000     15.0000     17.0000
     17.0000     17.0000     17.0000     17.0000     17.0000     17.0000
     17.0000     17.0000     17.0000     17.0000     17.0000     17.0000
     17.0000     17.0000     17.0000     17.0000     17.0000     17.0000
     17.0000     17.0000     17.0000     17.0000     17.0000     17.0000
     17.0000     17.0000     17.0000     17.0000     17.0000     17.0000
     17.0000     15.0000     15.0000     15.0000     15.0000     15.0000
     15.0000     15.0000     15.0000     15.0000     15.0000     15.0000
     15.0000     15.0000     15.0000     15.0000     15.0000     17.0000
     17.0000     17.0000     17.0000     17.0000     17.0000     17.0000
     17.0000     17.0000     17.0000     17.0000     17.0000     17.0000
     17.0000     17.0000     17.0000     17.0000     17.0000     17.0000
     17.0000     17.0000     17.0000     17.0000     17.0000     17.0000
     17.0000     17.0000     17.0000     17.0000     17.0000     17.0000

     32.0000     22.0000     22.0000     24.0000     24.0000     24.0000
     24.0000     24.0000     24.0000     24.0000     24.0000     24.0000
     24.0000     24.0000     24.0000     24.0000     30.0000     34.0000
     34.0000     34.0000     34.0000     34.0000     34.0000     34.0000
     34.0000     34.0000     34.0000     34.0000     34.0000     34.0000
     34.0000     34.0000     34.0000     34.0000     34.0000     34.0000
     34.0000     34.0000     34.0000     34.0000     34.0000     34.0000
     34.0000     34.0000     34.0000     34.0000     34.0000     34.0000
     34.0000     30.0000     30.0000     30.0000     30.0000     30.0000
     30.0000     30.0000     30.0000     30.0000     30.0000     30.0000
     30.0000     30.0000     30.0000     30.0000     30.0000     34.0000
     34.0000     34.0000     34.0000     34.0000     34.0000     34.0000
     34.0000     34.0000     34.0000     34.0000     34.0000     34.0000
     34.0000     34.0000     34.0000     34.0000     34.0000     34.0000
     34.0000     34.0000     34.0000     34.0000     34.0000     34.0000
     34.0000     34.0000     34.0000     34.0000     34.0000     34.0000

  USINE N]**- FERRIH   **   0        5984.4600
     43.1000     38.3000     38.3000     38.3000     38.9000     38.9000
     38.9000     38.7000     37.7000     32.7000     32.7000     33.7000
     26.2000     26.2000     26.2000     26.2000     26.2000     33.7000
     33.7000     33.7000     26.2000     26.2000     30.9500     30.9500
     33.9500     35.9500     35.9500     35.9500     35.9500     35.9500
     35.9500     35.9500     39.6500     39.6500     35.9500     35.9500
     35.9500     35.9500     43.4500     43.4500     43.4500     43.4500
     43.4500     43.4500     35.9500     35.9500     39.6500     39.6500
     34.9000     38.7000     38.7000     38.7000     38.7000     31.2000
     31.2000     34.9000     34.9000     32.9000     32.9000     32.9000
     32.9000     32.9000     29.2000     29.2000     29.2000     29.2000
     29.2000     29.2000     29.2000     29.2000     29.2000     29.2000
     29.2000     31.2000     38.7000     38.7000     31.2000     31.2000
     31.2000     38.7000     38.7000     38.7000     34.9000     34.9000
     34.9000     38.7000     38.7000     31.2000     31.2000     31.2000
     31.2000     31.2000     31.2000     38.7000     38.7000     34.9000

      5.5000      5.5000      5.5000      5.5000      5.5000      5.5000
      5.5000      5.5000      5.5000      5.5000      5.5000      5.5000
      5.5000      5.5000      5.5000      5.5000      5.5000      5.5000
      5.5000      5.5000      5.5000      5.5000      5.5000      5.5000
      5.5000      5.5000      5.5000      5.5000      5.5000      5.5000
      5.5000      5.5000      5.5000      5.5000      5.5000      5.5000
      5.5000      5.5000      5.5000      5.5000      5.5000      5.5000
      5.5000      5.5000      5.5000      5.5000      5.5000      5.5000
      5.5000      5.5000      5.5000      5.5000      5.5000      5.5000
      5.5000      5.5000      5.5000      5.5000      5.5000      5.5000
      5.5000      5.5000      5.5000      5.5000      5.5000      5.5000
      5.5000      5.5000      5.5000      5.5000      5.5000      5.5000
      5.5000      5.5000      5.5000      5.5000      5.5000      5.5000
      5.5000      5.5000      5.5000      5.5000      5.5000      5.5000
      5.5000      5.5000      5.5000      5.5000      5.5000      5.5000
      5.5000      5.5000      5.5000      5.5000      5.5000      5.5000

   DONNEES POUR LA VALLEE N]27-ORLU     DATE: 22/03/10     1 USINE(S)     1 RESERVOIR(S)
  LAC N]**- NAGUIR     0.1000E+04     12.950         -54.0000
  21413.0000  21413.0000  21413.0000  21413.0000  21413.0000  21413.0000
  21413.0000  21413.0000  21413.0000  21413.0000  21413.0000  21413.0000
  21413.0000  21413.0000  21413.0000  21413.0000  21413.0000  21413.0000
  21399.5000  21399.5000  21399.5000  21399.5000  21399.5000  21399.5000
  21399.5000  21399.5000  21399.5000  21399.5000  21399.5000  21399.5000
  21399.5000  21399.5000  21399.5000  21399.5000  21399.5000  21399.5000
  21399.5000  21386.0000  21372.5000  21359.0000  21359.0000  21359.0000
  21359.0000  21359.0000  21359.0000  21359.0000  21359.0000  21359.0000
  21359.0000  21359.0000  21359.0000  21359.0000  21359.0000  21359.0000
  21359.0000  21359.0000  21359.0000  21359.0000  21359.0000  21359.0000
  21359.0000  21359.0000  21359.0000  21359.0000  21359.0000  21359.0000
  21359.0000  21359.0000  21359.0000  21359.0000  21359.0000  21359.0000
  21359.0000  21359.0000  21359.0000  21359.0000  21359.0000  21359.0000
  21359.0000  21359.0000  21359.0000  21359.0000  21359.0000  21359.0000
  21359.0000  21359.0000  21359.0000  21359.0000  21359.0000  21359.0000
  21359.0000  21359.0000  21359.0000  21359.0000  21359.0000  21359.0000

  USINE N]**- ORLU H   **   0          54.0000
      0.0000      0.0000      0.0000      0.0000      0.0000      0.0000
      0.0000      0.0000      0.0000      0.0000      0.0000      0.0000
      0.0000      0.0000      0.0000      0.0000      0.0000      0.0000
      7.5000      0.0000      0.0000      0.0000      0.0000      0.0000
      0.0000      0.0000      0.0000      0.0000      0.0000      0.0000
      0.0000      0.0000      0.0000      0.0000      0.0000      0.0000
      0.0000      7.5000      7.5000      7.5000      0.0000      0.0000
      0.0000      0.0000      0.0000      0.0000      0.0000      0.0000
      0.0000      0.0000      0.0000      0.0000      0.0000      0.0000
      0.0000      0.0000      0.0000      0.0000      0.0000      0.0000
      0.0000      0.0000      0.0000      0.0000      0.0000      0.0000
      0.0000      0.0000      0.0000      0.0000      0.0000      0.0000
      0.0000      0.0000      0.0000      0.0000      0.0000      0.0000
      0.0000      0.0000      0.0000      0.0000      0.0000      0.0000
      0.0000      0.0000      0.0000      0.0000      0.0000      0.0000
      0.0000      0.0000      0.0000      0.0000      0.0000      0.0000

      0.0000      0.0000      0.0000      0.0000      0.0000      0.0000
      0.0000      0.0000      0.0000      0.0000      0.0000      0.0000
      0.0000      0.0000      0.0000      0.0000      0.0000      0.0000
     30.0000      0.0000      0.0000      0.0000      0.0000      0.0000
      0.0000      0.0000      0.0000      0.0000      0.0000      0.0000
      0.0000      0.0000      0.0000      0.0000      0.0000      0.0000
      0.0000     30.0000     30.0000     30.0000      0.0000      0.0000
      0.0000      0.0000      0.0000      0.0000      0.0000      0.0000
      0.0000      0.0000      0.0000      0.0000      0.0000      0.0000
      0.0000      0.0000      0.0000      0.0000      0.0000      0.0000
      0.0000      0.0000      0.0000      0.0000      0.0000      0.0000
      0.0000      0.0000      0.0000      0.0000      0.0000      0.0000
      0.0000      0.0000      0.0000      0.0000      0.0000      0.0000
      0.0000      0.0000      0.0000      0.0000      0.0000      0.0000
      0.0000      0.0000      0.0000      0.0000      0.0000      0.0000
      0.0000      0.0000      0.0000      0.0000      0.0000      0.0000

   DONNEES POUR LA VALLEE N]28-TARN     DATE: 22/03/10    10 USINE(S)     7 RESERVOIR(S)
  LAC N]**- PINETR     0.1000E+04      7.070         -75.4346
   2232.4000   2246.8000   2261.2000   2275.6000   2290.0000   2304.4000
   2318.8000   2333.2000   2347.6000   2362.0000   2376.4000   2390.8000
   2405.2000   2419.6000   2434.0000   2448.4000   2365.6000   2282.8000
   2200.0000   2117.2000   2075.8612   2088.5865   2102.9865   2117.3865
   2034.5865   2005.8505   2020.2505   2034.6505   2049.0505   2063.4505
   2077.8505   2092.2505   2106.6505   2121.0505   2135.4505   2149.8505
   2164.2505   2081.4505   1998.6505   1915.8505   1876.1865   1890.5865
   1904.9865   1919.3865   1933.7865   1948.1865   1962.5865   1976.9865
   1991.3865   2005.7865   2020.1865   2034.5865   2048.9865   2063.3865
   2077.7865   2092.1865   2106.5865   2120.9865   2135.3865   2149.7865
   2164.1865   2178.5865   2192.9865   2207.3865   2124.5865   2041.7865
   1958.9865   1876.1865   1795.1439   1768.1654   1782.5654   1796.9654
   1811.3654   1825.7654   1840.1654   1854.5654   1868.9654   1883.3654
   1897.7654   1912.1654   1926.5654   1940.9654   1955.3654   1969.7654
   1984.1654   1998.5654   2012.9654   2027.3654   2041.7654   2056.1654
   2070.5654   2084.9654   2099.3654   2113.7654   2128.1654   2142.5654

  LAC N]**- TRUELR     0.1000E+04      0.000         -48.6000
   1036.0000   1072.0000   1108.0000   1144.0000   1180.0000   1216.0000
   1178.0000   1214.0000   1250.0000   1250.0000   1214.0000   1250.0000
   1214.0000   1250.0000   1250.0000   1250.0000   1250.0000   1107.9800
    965.9600    900.0000    908.5788    959.0335    943.2640    992.0440
    904.0240    900.0000    900.0000    948.7800    901.6200    950.4000
    999.1800   1047.9600   1054.8800   1103.6600   1152.4400   1201.2200
   1250.0000   1184.0400   1042.0200    900.0000    900.0000    900.0000
    948.7800    997.5600    900.0000    948.7800    997.5600    950.0000
    986.0000   1022.0000   1058.0000   1094.0000    900.0000    936.0000
    972.0000   1008.0000   1044.0000   1080.0000   1116.0000   1152.0000
   1188.0000   1224.0000   1250.0000   1250.0000   1095.2000   1054.8000
    900.0000    900.0000    900.0000    977.3786    900.0000    900.0000
    936.0000    900.0000    900.0000    926.0000    962.0000    998.0000
   1034.0000   1070.0000   1106.0000   1142.0000   1178.0000   1214.0000
   1250.0000   1250.0000    998.0000    900.0000    900.0000    936.0000
    972.0000   1008.0000   1044.0000    900.0000    915.4000    951.4000

  LAC N]**- PARELR     0.1000E+04      7.070         -75.6000
 140429.0080 140429.0080 140429.0080 140429.0080 140429.0080 140429.0080
 140429.0080 140429.0080 140429.0080 140429.0080 140429.0080 140429.0080
 140429.0080 140429.0080 140429.0080 140429.0080 140429.0080 140429.0080
 140429.0080 140429.0080 140429.0080 140429.0080 140429.0080 140429.0080
 140429.0080 140429.0080 140429.0080 140429.0080 140429.0080 140429.0080
 140429.0080 140429.0080 140429.0080 140429.0080 140429.0080 140429.0080
 140429.0080 140429.0080 140391.2080 140353.4080 140353.4080 140353.4080
 140353.4080 140353.4080 140353.4080 140353.4080 140353.4080 140353.4080
 140353.4080 140353.4080 140353.4080 140353.4080 140353.4080 140353.4080
 140353.4080 140353.4080 140353.4080 140353.4080 140353.4080 140353.4080
 140353.4080 140353.4080 140353.4080 140353.4080 140353.4080 140353.4080
 140353.4080 140353.4080 140353.4080 140353.4080 140353.4080 140353.4080
 140353.4080 140353.4080 140353.4080 140353.4080 140353.4080 140353.4080
 140353.4080 140353.4080 140353.4080 140353.4080 140353.4080 140353.4080
 140353.4080 140353.4080 140353.4080 140353.4080 140353.4080 140353.4080
 140353.4080 140353.4080 140353.4080 140353.4080 140353.4080 140353.4080

  LAC N]**- VILLER     0.1000E+04      0.000         -37.8000
   7883.5800   7898.1600   7912.7400   7927.3200   7941.9000   7956.4800
   7971.0600   7985.6400   8000.2200   8014.8000   8029.3800   8043.9600
   8058.5400   8073.1200   8087.7000   8102.2800   8064.4800   8026.6800
   7988.8800   7951.0800   7913.2800   7915.0800   7909.3600   7911.1600
   7873.3600   7862.2000   7864.0000   7865.8000   7867.6000   7869.4000
   7871.2000   7873.0000   7874.8000   7876.6000   7878.4000   7880.2000
   7882.0000   7844.2000   7844.2000   7844.2000   7806.4000   7808.2000
   7810.0000   7811.8000   7813.6000   7815.4000   7817.2000   7819.0000
   7833.5800   7848.1600   7862.7400   7877.3200   7891.9000   7906.4800
   7921.0600   7935.6400   7950.2200   7964.8000   7979.3800   7993.9600
   8008.5400   8023.1200   8037.7000   8052.2800   8027.2600   8002.2400
   7977.2200   7952.2000   7927.1800   7902.1600   7877.1400   7852.1200
   7827.1000   7802.0800   7777.0600   7778.6800   7793.2600   7807.8400
   7796.3200   7784.8000   7799.3800   7813.9600   7826.1600   7840.7400
   7855.3200   7830.3000   7805.2800   7780.2600   7755.2400   7769.8200
   7784.4000   7798.9800   7813.5600   7802.0400   7816.6200   7831.2000

  LAC N]**- JOURDR     0.1000E+04      0.000         -63.0000
   2826.4000   2765.2000   2704.0000   2642.8000   2581.6000   2520.4000
   2459.2000   2472.0000   2410.8000   2349.6000   2324.4000   2335.2000
   2274.0000   2284.8000   2223.6000   2162.3342   2095.3742   2177.9942
   2385.7142   2610.3542   2758.9342   2791.5142   2688.5542   2657.6637
   2554.7037   2725.3437   2743.7201   2731.3001   2670.1001   2704.8401
   2643.6401   2582.4401   2521.2401   2501.9001   2440.7001   2379.5001
   2313.0317   2210.4975   2323.4375   2512.4375   2737.5033   2813.4789
   2801.0589   2739.8589   2678.6589   2763.7989   2702.5989   2641.3989
   2676.5389   2615.3389   2554.1389   2492.9389   2431.7389   2600.5389
   2539.3389   2478.1389   2416.9389   2355.7389   2294.5389   2233.3389
   2172.1389   2110.9389   2049.7389   1998.5389   1973.3389   2239.7389
   2391.7389   2658.1389   2769.7389   2879.5815   2857.9815   2949.7600
   2964.1600   2942.5600   2992.9600   3007.3600   2969.1200   2907.9200
   2846.7200   2811.6200   2776.5200   2715.3200   2654.1200   2595.3000
   2534.1000   2472.9000   2487.3000   2753.7000   2866.1000   2880.5000
   2819.3000   2758.1000   2696.9000   2635.7000   2780.6000   2740.0000

  LAC N]**- CROUXR     0.1000E+04      0.000         -63.0000
   1441.8142   1403.4742   1365.1342   1326.7942   1288.4542   1250.1142
   1192.1542   1170.2600   1112.3000   1054.3400    996.3800    939.4332
    917.5390    931.7106    909.8164    851.8564    793.8964    735.9364
    652.2364    594.2764    536.3164    514.4222    498.2222    482.0222
    482.7422    466.5422    486.4080    542.3396    563.3338    620.3938
    677.4538    734.5138    779.1374    794.4374    809.7374    825.0374
    813.4690    765.8348    682.1348    598.4348    550.8006    539.2322
    559.8006    616.4348    709.1348    801.8348    858.4690    879.0374
    894.3374    909.6374    924.9374    940.2374    919.4716    934.7716
    950.0716    965.3716    980.6716    995.9716   1011.2716   1026.5716
   1041.8716   1057.1716   1072.4716   1087.7716   1103.0716   1118.3716
   1133.6716   1148.9716   1164.2716   1143.5058   1086.6742   1055.3542
   1060.1000   1075.4000   1090.7000   1106.0000   1121.3000   1136.6000
   1151.9000   1167.2000   1182.5000   1197.8000   1213.1000   1228.4000
   1243.7000   1259.0000   1274.3000   1289.6000   1304.9000   1320.2000
   1335.5000   1350.8000   1366.1000   1381.4000   1396.7000   1412.0000

  LAC N]**- S.SABR     0.1000E+04      0.000           0.0000
      0.0000      0.0000      0.0000      0.0000      0.0000      0.0000
      0.0000      0.0000      0.0000      0.0000      0.0000      0.0000
      0.0000      0.0000      0.0000      0.0000      0.0000      0.0000
      0.0000      0.0000      0.0000      0.0000      0.0000      0.0000
      0.0000      0.0000      0.0000      0.0000      0.0000      0.0000
      0.0000      0.0000      0.0000      0.0000      0.0000      0.0000
      0.0000      0.0000      0.0000      0.0000      0.0000      0.0000
      0.0000      0.0000      0.0000      0.0000      0.0000      0.0000
      0.0000      0.0000      0.0000      0.0000      0.0000      0.0000
      0.0000      0.0000      0.0000      0.0000      0.0000      0.0000
      0.0000      0.0000      0.0000      0.0000      0.0000      0.0000
      0.0000      0.0000      0.0000      0.0000      0.0000      0.0000
      0.0000      0.0000      0.0000      0.0000      0.0000      0.0000
      0.0000      0.0000      0.0000      0.0000      0.0000      0.0000
      0.0000      0.0000      0.0000      0.0000      0.0000      0.0000
      0.0000      0.0000      0.0000      0.0000      0.0000      0.0000

  USINE N]**- PINETH   **  **        6123.4346
     27.0000     27.0000     27.0000     27.0000     27.0000     27.0000
     27.0000     27.0000     27.0000     27.0000     27.0000     27.0000
     27.0000     27.0000     27.0000     27.0000     81.0000     81.0000
     81.0000     81.0000     57.9660     27.9304     27.0000     27.0000
     81.0000     50.9644     27.0000     27.0000     27.0000     27.0000
     27.0000     27.0000     27.0000     27.0000     27.0000     27.0000
     27.0000     81.0000     81.0000     81.0000     57.0356     27.0000
     27.0000     27.0000     27.0000     27.0000     27.0000     27.0000
     27.0000     27.0000     27.0000     27.0000     27.0000     27.0000
     27.0000     27.0000     27.0000     27.0000     27.0000     27.0000
     27.0000     27.0000     27.0000     27.0000     81.0000     81.0000
     81.0000     81.0000     80.0236     49.9881     27.0000     27.0000
     27.0000     27.0000     27.0000     27.0000     27.0000     27.0000
     27.0000     27.0000     27.0000     27.0000     27.0000     27.0000
     27.0000     27.0000     27.0000     27.0000     27.0000     27.0000
     27.0000     27.0000     27.0000     27.0000     27.0000     27.0000

      3.5000      3.5000      3.5000      3.5000      3.5000      3.5000
      3.5000      3.5000      3.5000      3.5000      3.5000      3.5000
      3.5000      3.5000      3.5000      3.5000     10.5000     10.5000
     10.5000     10.5000      7.5141      3.6206      3.5000      3.5000
     10.5000      6.6065      3.5000      3.5000      3.5000      3.5000
      3.5000      3.5000      3.5000      3.5000      3.5000      3.5000
      3.5000     10.5000     10.5000     10.5000      7.3935      3.5000
      3.5000      3.5000      3.5000      3.5000      3.5000      3.5000
      3.5000      3.5000      3.5000      3.5000      3.5000      3.5000
      3.5000      3.5000      3.5000      3.5000      3.5000      3.5000
      3.5000      3.5000      3.5000      3.5000     10.5000     10.5000
     10.5000     10.5000     10.3734      6.4799      3.5000      3.5000
      3.5000      3.5000      3.5000      3.5000      3.5000      3.5000
      3.5000      3.5000      3.5000      3.5000      3.5000      3.5000
      3.5000      3.5000      3.5000      3.5000      3.5000      3.5000
      3.5000      3.5000      3.5000      3.5000      3.5000      3.5000

  USINE N]**- ALRANH   **  **          75.6000
      0.0000      0.0000      0.0000      0.0000      0.0000      0.0000
      0.0000      0.0000      0.0000      0.0000      0.0000      0.0000
      0.0000      0.0000      0.0000      0.0000      0.0000      0.0000
      0.0000      0.0000      0.0000      0.0000      0.0000      0.0000
      0.0000      0.0000      0.0000      0.0000      0.0000      0.0000
      0.0000      0.0000      0.0000      0.0000      0.0000      0.0000
      0.0000      0.0000     21.0000     21.0000      0.0000      0.0000
      0.0000      0.0000      0.0000      0.0000      0.0000      0.0000
      0.0000      0.0000      0.0000      0.0000      0.0000      0.0000
      0.0000      0.0000      0.0000      0.0000      0.0000      0.0000
      0.0000      0.0000      0.0000      0.0000      0.0000      0.0000
      0.0000      0.0000      0.0000      0.0000      0.0000      0.0000
      0.0000      0.0000      0.0000      0.0000      0.0000      0.0000
      0.0000      0.0000      0.0000      0.0000      0.0000      0.0000
      0.0000      0.0000      0.0000      0.0000      0.0000      0.0000
      0.0000      0.0000      0.0000      0.0000      0.0000      0.0000

      0.0000      0.0000      0.0000      0.0000      0.0000      0.0000
      0.0000      0.0000      0.0000      0.0000      0.0000      0.0000
      0.0000      0.0000      0.0000      0.0000      0.0000      0.0000
      0.0000      0.0000      0.0000      0.0000      0.0000      0.0000
      0.0000      0.0000      0.0000      0.0000      0.0000      0.0000
      0.0000      0.0000      0.0000      0.0000      0.0000      0.0000
      0.0000      0.0000      5.0000      5.0000      0.0000      0.0000
      0.0000      0.0000      0.0000      0.0000      0.0000      0.0000
      0.0000      0.0000      0.0000      0.0000      0.0000      0.0000
      0.0000      0.0000      0.0000      0.0000      0.0000      0.0000
      0.0000      0.0000      0.0000      0.0000      0.0000      0.0000
      0.0000      0.0000      0.0000      0.0000      0.0000      0.0000
      0.0000      0.0000      0.0000      0.0000      0.0000      0.0000
      0.0000      0.0000      0.0000      0.0000      0.0000      0.0000
      0.0000      0.0000      0.0000      0.0000      0.0000      0.0000
      0.0000      0.0000      0.0000      0.0000      0.0000      0.0000

  USINE N]**- POUG9H   **  **           0.0000
      0.0000      0.0000      0.0000      0.0000      0.0000      0.0000
      0.0000      0.0000      0.0000      0.0000      0.0000      0.0000
      0.0000      0.0000      0.0000      0.0000      0.0000      0.0000
      0.0000      0.0000      0.0000      0.0000      0.0000      0.0000
      0.0000      0.0000      0.0000      0.0000      0.0000      0.0000
      0.0000      0.0000      0.0000      0.0000      0.0000      0.0000
      0.0000      0.0000      0.0000      0.0000      0.0000      0.0000
      0.0000      0.0000      0.0000      0.0000      0.0000      0.0000
      0.0000      0.0000      0.0000      0.0000      0.0000      0.0000
      0.0000      0.0000      0.0000      0.0000      0.0000      0.0000
      0.0000      0.0000      0.0000      0.0000      0.0000      0.0000
      0.0000      0.0000      0.0000      0.0000      0.0000      0.0000
      0.0000      0.0000      0.0000      0.0000      0.0000      0.0000
      0.0000      0.0000      0.0000      0.0000      0.0000      0.0000
      0.0000      0.0000      0.0000      0.0000      0.0000      0.0000
      0.0000      0.0000      0.0000      0.0000      0.0000      0.0000

      0.0000      0.0000      0.0000      0.0000      0.0000      0.0000
      0.0000      0.0000      0.0000      0.0000      0.0000      0.0000
      0.0000      0.0000      0.0000      0.0000      0.0000      0.0000
      0.0000      0.0000      0.0000      0.0000      0.0000      0.0000
      0.0000      0.0000      0.0000      0.0000      0.0000      0.0000
      0.0000      0.0000      0.0000      0.0000      0.0000      0.0000
      0.0000      0.0000      0.0000      0.0000      0.0000      0.0000
      0.0000      0.0000      0.0000      0.0000      0.0000      0.0000
      0.0000      0.0000      0.0000      0.0000      0.0000      0.0000
      0.0000      0.0000      0.0000      0.0000      0.0000      0.0000
      0.0000      0.0000      0.0000      0.0000      0.0000      0.0000
      0.0000      0.0000      0.0000      0.0000      0.0000      0.0000
      0.0000      0.0000      0.0000      0.0000      0.0000      0.0000
      0.0000      0.0000      0.0000      0.0000      0.0000      0.0000
      0.0000      0.0000      0.0000      0.0000      0.0000      0.0000
      0.0000      0.0000      0.0000      0.0000      0.0000      0.0000

  USINE N]**- POUG9P   **  **         817.9200
      7.1000      7.1000      7.1000      7.1000      7.1000      7.1000
      7.1000      7.1000      7.1000      7.1000      7.1000      7.1000
      7.1000      7.1000      7.1000      7.1000      0.0000      0.0000
      0.0000      0.0000      0.0000      0.0000      0.0000      0.0000
      0.0000      0.0000      0.0000      0.0000      0.0000      0.0000
      0.0000      0.0000      0.0000      0.0000      0.0000      0.0000
      0.0000      0.0000      0.0000      0.0000      0.0000      0.0000
      0.0000      0.0000      0.0000      0.0000      0.0000      0.0000
      7.1000      7.1000      7.1000      7.1000      7.1000      7.1000
      7.1000      7.1000      7.1000      7.1000      7.1000      7.1000
      7.1000      7.1000      7.1000      7.1000      7.1000      7.1000
      7.1000      7.1000      7.1000      7.1000      7.1000      7.1000
      7.1000      7.1000      7.1000      7.1000      7.1000      7.1000
      7.1000      7.1000      7.1000      7.1000      7.1000      7.1000
      7.1000      7.1000      7.1000      7.1000      7.1000      7.1000
      7.1000      7.1000      7.1000      7.1000      7.1000      7.1000

    -18.0000    -18.0000    -18.0000    -18.0000    -18.0000    -18.0000
    -18.0000    -18.0000    -18.0000    -18.0000    -18.0000    -18.0000
    -18.0000    -18.0000    -18.0000    -18.0000      0.0000      0.0000
      0.0000      0.0000      0.0000      0.0000      0.0000      0.0000
      0.0000      0.0000      0.0000      0.0000      0.0000      0.0000
      0.0000      0.0000      0.0000      0.0000      0.0000      0.0000
      0.0000      0.0000      0.0000      0.0000      0.0000      0.0000
      0.0000      0.0000      0.0000      0.0000      0.0000      0.0000
    -18.0000    -18.0000    -18.0000    -18.0000    -18.0000    -18.0000
    -18.0000    -18.0000    -18.0000    -18.0000    -18.0000    -18.0000
    -18.0000    -18.0000    -18.0000    -18.0000    -18.0000    -18.0000
    -18.0000    -18.0000    -18.0000    -18.0000    -18.0000    -18.0000
    -18.0000    -18.0000    -18.0000    -18.0000    -18.0000    -18.0000
    -18.0000    -18.0000    -18.0000    -18.0000    -18.0000    -18.0000
    -18.0000    -18.0000    -18.0000    -18.0000    -18.0000    -18.0000
    -18.0000    -18.0000    -18.0000    -18.0000    -18.0000    -18.0000

  USINE N]**- TRUELH   **  **        5371.3946
      0.0000      0.0000      0.0000      0.0000      0.0000      0.0000
     41.1111      0.0000      0.0000     20.0000     40.0000      0.0000
     40.0000      0.0000     20.0000     20.0000     81.1000    160.0000
    160.0000    117.7444     53.3000      0.0000     35.8608      0.0000
    130.0000     53.3000     27.1000      0.0000     53.3000      0.0000
      0.0000      0.0000     23.2556      0.0000      0.0000      0.0000
      0.0000    117.7444    160.0000    160.0000     57.1356     27.1000
      0.0000      0.0000     81.3000      0.0000      0.0000     53.5222
      0.0000      0.0000      0.0000      0.0000    127.7778      0.0000
      0.0000      0.0000      0.0000      0.0000      0.0000      0.0000
      0.0000      0.0000      5.5556     20.0000    160.0000     96.4444
    160.0000     74.0000     73.0236      0.0000     62.9881     20.0000
      0.0000     40.0000     20.0000      5.5556      0.0000      0.0000
      0.0000      0.0000      0.0000      0.0000      0.0000      0.0000
      0.0000     20.0000    160.0000     74.4444     20.0000      0.0000
      0.0000      0.0000      0.0000    100.0000     11.4444      0.0000

      0.0000      0.0000      0.0000      0.0000      0.0000      0.0000
      1.5074      0.0000      0.0000      1.4259      2.8518      0.0000
      2.8518      0.0000      1.4259      1.4259      5.6847     11.0000
     11.0000      8.1691      3.8000      0.0000      2.5567      0.0000
      9.0000      3.8000      1.9321      0.0000      3.8000      0.0000
      0.0000      0.0000      1.6580      0.0000      0.0000      0.0000
      0.0000      8.1691     11.0000     11.0000      4.0600      1.9321
      0.0000      0.0000      5.6983      0.0000      0.0000      3.8151
      0.0000      0.0000      0.0000      0.0000      8.8493      0.0000
      0.0000      0.0000      0.0000      0.0000      0.0000      0.0000
      0.0000      0.0000      0.3961      1.4259     11.0000      6.7250
     11.0000      5.2034      5.1372      0.0000      4.4568      1.4259
      0.0000      2.8518      1.4259      0.3961      0.0000      0.0000
      0.0000      0.0000      0.0000      0.0000      0.0000      0.0000
      0.0000      1.4259     11.0000      5.2335      1.4259      0.0000
      0.0000      0.0000      0.0000      6.9661      0.4196      0.0000

  USINE N]**- POUG8H   **  **           0.0000
      0.0000      0.0000      0.0000      0.0000      0.0000      0.0000
      0.0000      0.0000      0.0000      0.0000      0.0000      0.0000
      0.0000      0.0000      0.0000      0.0000      0.0000      0.0000
      0.0000      0.0000      0.0000      0.0000      0.0000      0.0000
      0.0000      0.0000      0.0000      0.0000      0.0000      0.0000
      0.0000      0.0000      0.0000      0.0000      0.0000      0.0000
      0.0000      0.0000      0.0000      0.0000      0.0000      0.0000
      0.0000      0.0000      0.0000      0.0000      0.0000      0.0000
      0.0000      0.0000      0.0000      0.0000      0.0000      0.0000
      0.0000      0.0000      0.0000      0.0000      0.0000      0.0000
      0.0000      0.0000      0.0000      0.0000      0.0000      0.0000
      0.0000      0.0000      0.0000      0.0000      0.0000      0.0000
      0.0000      0.0000      0.0000      0.0000      0.0000      0.0000
      0.0000      0.0000      0.0000      0.0000      0.0000      0.0000
      0.0000      0.0000      0.0000      0.0000      0.0000      0.0000
      0.0000      0.0000      0.0000      0.0000      0.0000      0.0000

      0.0000      0.0000      0.0000      0.0000      0.0000      0.0000
      0.0000      0.0000      0.0000      0.0000      0.0000      0.0000
      0.0000      0.0000      0.0000      0.0000      0.0000      0.0000
      0.0000      0.0000      0.0000      0.0000      0.0000      0.0000
      0.0000      0.0000      0.0000      0.0000      0.0000      0.0000
      0.0000      0.0000      0.0000      0.0000      0.0000      0.0000
      0.0000      0.0000      0.0000      0.0000      0.0000      0.0000
      0.0000      0.0000      0.0000      0.0000      0.0000      0.0000
      0.0000      0.0000      0.0000      0.0000      0.0000      0.0000
      0.0000      0.0000      0.0000      0.0000      0.0000      0.0000
      0.0000      0.0000      0.0000      0.0000      0.0000      0.0000
      0.0000      0.0000      0.0000      0.0000      0.0000      0.0000
      0.0000      0.0000      0.0000      0.0000      0.0000      0.0000
      0.0000      0.0000      0.0000      0.0000      0.0000      0.0000
      0.0000      0.0000      0.0000      0.0000      0.0000      0.0000
      0.0000      0.0000      0.0000      0.0000      0.0000      0.0000

  USINE N]**- POUGEH   **  **        1104.1200
      0.0000      0.0000      0.0000      0.0000      0.0000      0.0000
      0.0000      0.0000      0.0000      0.0000      0.0000      0.0000
      0.0000      0.0000      0.0000      0.0000     22.0000     22.0000
     22.0000     22.0000     22.0000      0.0000      4.1778      0.0000
     22.0000      7.2000      0.0000      0.0000      0.0000      0.0000
      0.0000      0.0000      0.0000      0.0000      0.0000      0.0000
      0.0000     22.0000     22.0000     22.0000     22.0000      0.0000
      0.0000      0.0000      0.0000      0.0000      0.0000      0.0000
      0.0000      0.0000      0.0000      0.0000      0.0000      0.0000
      0.0000      0.0000      0.0000      0.0000      0.0000      0.0000
      0.0000      0.0000      0.0000      0.0000     22.0000     22.0000
     22.0000     22.0000     22.0000     22.0000     22.0000     22.0000
     22.0000     22.0000     22.0000      7.2000      0.0000      0.0000
     14.5000     14.5000      0.0000      0.0000      1.3222      0.0000
      0.0000     22.0000     22.0000     22.0000     22.0000      0.0000
      0.0000      0.0000      0.0000     14.5000      0.0000      0.0000

      0.0000      0.0000      0.0000      0.0000      0.0000      0.0000
      0.0000      0.0000      0.0000      0.0000      0.0000      0.0000
      0.0000      0.0000      0.0000      0.0000     42.5000     42.5000
     42.5000     42.5000     42.5000      0.0000      8.1234      0.0000
     42.5000     14.0000      0.0000      0.0000      0.0000      0.0000
      0.0000      0.0000      0.0000      0.0000      0.0000      0.0000
      0.0000     42.5000     42.5000     42.5000     42.5000      0.0000
      0.0000      0.0000      0.0000      0.0000      0.0000      0.0000
      0.0000      0.0000      0.0000      0.0000      0.0000      0.0000
      0.0000      0.0000      0.0000      0.0000      0.0000      0.0000
      0.0000      0.0000      0.0000      0.0000     42.5000     42.5000
     42.5000     42.5000     42.5000     42.5000     42.5000     42.5000
     42.5000     42.5000     42.5000     14.0000      0.0000      0.0000
     28.0000     28.0000      0.0000      0.0000      2.5710      0.0000
      0.0000     42.5000     42.5000     42.5000     42.5000      0.0000
      0.0000      0.0000      0.0000     28.0000      0.0000      0.0000

  USINE N]**- JOURDH   **  **        6795.9146
     35.0000     35.0000     35.0000     35.0000     35.0000     35.0000
     35.0000     35.0000     35.0000     35.0000     35.0000     35.0000
     35.0000     35.0000     35.0000     55.0366     58.2000     58.2000
     67.6000     58.2000     58.2000     58.2000     58.2000     58.2000
     58.2000     58.2000     51.2909     35.0000     35.0000     35.0000
     35.0000     35.0000     35.0000     35.0000     35.0000     35.0000
     37.9269     57.9634     78.0000     78.0000     57.9634     37.9269
     35.0000     35.0000     35.0000     35.0000     35.0000     35.0000
     35.0000     35.0000     35.0000     35.0000     35.0000     35.0000
     35.0000     35.0000     35.0000     35.0000     35.0000     35.0000
     35.0000     35.0000     35.0000     35.0000     35.0000     35.0000
     35.0000     35.0000     35.0000     35.0000     35.0000     35.0000
     35.0000     35.0000     35.0000     35.0000     35.0000     35.0000
     35.0000     35.0000     35.0000     35.0000     35.0000     35.0000
     35.0000     35.0000     35.0000     35.0000     35.0000     35.0000
     35.0000     35.0000     35.0000     35.0000     35.0000     35.0000

      2.0174      2.0174      2.0174      2.0174      2.0174      2.0174
      2.0174      2.0174      2.0174      2.0174      2.0174      2.0174
      2.0174      2.0174      2.0174      3.2978      3.5000      3.5000
      4.0000      3.5000      3.5000      3.5000      3.5000      3.5000
      3.5000      3.5000      3.0585      2.0174      2.0174      2.0174
      2.0174      2.0174      2.0174      2.0174      2.0174      2.0174
      2.2045      3.4849      4.5000      4.5000      3.4849      2.2045
      2.0174      2.0174      2.0174      2.0174      2.0174      2.0174
      2.0174      2.0174      2.0174      2.0174      2.0174      2.0174
      2.0174      2.0174      2.0174      2.0174      2.0174      2.0174
      2.0174      2.0174      2.0174      2.0174      2.0174      2.0174
      2.0174      2.0174      2.0174      2.0174      2.0174      2.0174
      2.0174      2.0174      2.0174      2.0174      2.0174      2.0174
      2.0174      2.0174      2.0174      2.0174      2.0174      2.0174
      2.0174      2.0174      2.0174      2.0174      2.0174      2.0174
      2.0174      2.0174      2.0174      2.0174      2.0174      2.0174

  USINE N]**- CROUXH   **  **        8445.4346
     72.8366     75.7000     75.7000     75.7000     75.7000     75.7000
     75.7000     55.6634     75.7000     75.7000     75.7000     75.1371
     55.6634     35.6269     55.6634     75.7000     75.7000     75.7000
     90.0000     75.7000     75.7000     75.7000     75.7000     75.7000
     75.7000     75.7000     55.6634     35.6269     55.0366     35.0000
     35.0000     35.0000     35.0000     35.0000     35.0000     35.0000
     49.9269     69.9634     90.0000     90.0000     69.9634     49.9269
     35.0000     35.0000     35.0000     35.0000     35.0000     35.0000
     35.0000     35.0000     35.0000     35.0000     55.0366     35.0000
     35.0000     35.0000     35.0000     35.0000     35.0000     35.0000
     35.0000     35.0000     35.0000     35.0000     35.0000     35.0000
     35.0000     35.0000     35.0000     55.0366     75.0731     60.9000
     40.8634     35.0000     35.0000     35.0000     35.0000     35.0000
     35.0000     35.0000     35.0000     35.0000     35.0000     35.0000
     35.0000     35.0000     35.0000     35.0000     35.0000     35.0000
     35.0000     35.0000     35.0000     35.0000     35.0000     35.0000

      3.8822      4.0350      4.0350      4.0350      4.0350      4.0350
      4.0350      2.9661      4.0350      4.0372      4.0372      4.0073
      2.9704      1.9005      2.9704      4.0372      4.0372      4.0372
      4.7979      4.0372      4.0372      4.0372      4.0372      4.0372
      4.0372      4.0372      2.9704      1.9005      2.9369      1.8670
      1.8670      1.8670      1.8670      1.8670      1.8670      1.8670
      2.6641      3.7321      4.7979      4.7979      3.7321      2.6641
      1.8670      1.8670      1.8670      1.8670      1.8670      1.8670
      1.8670      1.8670      1.8670      1.8670      2.9369      1.8670
      1.8670      1.8670      1.8670      1.8670      1.8670      1.8670
      1.8670      1.8670      1.8670      1.8670      1.8670      1.8670
      1.8670      1.8670      1.8670      2.9369      4.0039      3.2500
      2.1801      1.8670      1.8670      1.8670      1.8670      1.8670
      1.8670      1.8670      1.8670      1.8670      1.8670      1.8670
      1.8670      1.8670      1.8670      1.8670      1.8670      1.8670
      1.8670      1.8670      1.8670      1.8670      1.8670      1.8670

  USINE N]**- S.SABH   **   0        9701.1146
     57.1000     57.1000     57.1000     57.1000     57.1000     57.1000
     57.1000     57.1000     57.1000     57.1000     57.1000     57.1000
     57.1000     57.1000     57.1000     57.1000     77.1366     80.0000
     80.0000     80.0000     80.0000     80.0000     80.0000     59.9634
     80.0000     80.0000     80.0000     79.4371     59.9634     39.9269
     59.9634     80.0000     80.0000     80.0000     94.3000     80.0000
     80.0000     80.0000     80.0000     80.0000     80.0000     80.0000
     59.9634     39.9269     59.3366     39.3000     39.3000     39.3000
     39.3000     39.3000     39.3000     39.3000     54.2269     74.2634
     94.3000     94.3000     74.2634     54.2269     39.3000     39.3000
     39.3000     39.3000     39.3000     39.3000     39.3000     39.3000
     39.3000     39.3000     59.3366     39.3000     39.3000     39.3000
     39.3000     39.3000     39.3000     39.3000     39.3000     39.3000
     39.3000     39.3000     39.3000     39.3000     39.3000     39.3000
     39.3000     59.3366     79.3731     65.2000     45.1634     39.3000
     39.3000     39.3000     39.3000     39.3000     39.3000     39.3000

      0.0000      0.0000      0.0000      0.0000      0.0000      0.0000
      0.0000      0.0000      0.0000      4.2825      4.2825      4.2825
      4.2825      4.2825      4.2825      4.2825      5.7852      6.0000
      6.0000      6.0000      6.0000      6.0000      6.0000      4.4973
      6.0000      6.0000      6.0000      5.9578      4.4973      2.9945
      4.4973      6.0000      6.0000      6.0000      6.0000      6.0000
      6.0000      6.0000      6.0000      6.0000      6.0000      6.0000
      4.4973      2.9945      4.4502      0.0000      2.9475      2.9475
      2.9475      2.9475      0.0000      2.9475      4.0670      0.0000
      0.0000      0.0000      0.0000      0.0000      0.0000      0.0000
      0.0000      0.0000      2.9475      2.9475      2.9475      2.9475
      2.9475      2.9475      4.4502      2.9475      2.9475      2.9475
      2.9475      2.9475      2.9475      2.9475      0.0000      0.0000
      2.9475      2.9475      0.0000      0.0000      2.9475      0.0000
      0.0000      4.4502      5.9530      4.8900      3.3873      0.0000
      0.0000      0.0000      0.0000      2.9475      0.0000      0.0000

   DONNEES POUR LA VALLEE N]29-ARRENS   DATE: 22/03/10     6 USINE(S)     6 RESERVOIR(S)
  LAC N]**- MIGOER     0.1000E+04     25.540           0.0000
    840.0000    840.0000    840.0000    840.0000    840.0000    840.0000
    840.0000    840.0000    840.0000    840.0000    840.0000    840.0000
    840.0000    840.0000    840.0000    840.0000    840.0000    840.0000
    840.0000    840.0000    840.0000    840.0000    840.0000    840.0000
    840.0000    840.0000    840.0000    840.0000    840.0000    840.0000
    840.0000    840.0000    840.0000    840.0000    840.0000    840.0000
    840.0000    840.0000    840.0000    840.0000    840.0000    840.0000
    840.0000    840.0000    840.0000    840.0000    840.0000    840.0000
    840.0000    840.0000    840.0000    840.0000    840.0000    840.0000
    840.0000    840.0000    840.0000    840.0000    840.0000    840.0000
    840.0000    840.0000    840.0000    840.0000    840.0000    840.0000
    840.0000    840.0000    840.0000    840.0000    840.0000    840.0000
    840.0000    840.0000    840.0000    840.0000    840.0000    840.0000
    840.0000    840.0000    840.0000    840.0000    840.0000    840.0000
    840.0000    840.0000    840.0000    840.0000    840.0000    840.0000
    840.0000    840.0000    840.0000    840.0000    840.0000    840.0000

  LAC N]**- TUCOYR     0.1000E+04      0.000           0.0000
      0.0000      0.0000      0.0000      0.0000      0.0000      0.0000
      0.0000      0.0000      0.0000      0.0000      0.0000      0.0000
      0.0000      0.0000      0.0000      0.0000      0.0000      0.0000
      0.0000      0.0000      0.0000      0.0000      0.0000      0.0000
      0.0000      0.0000      0.0000      0.0000      0.0000      0.0000
      0.0000      0.0000      0.0000      0.0000      0.0000      0.0000
      0.0000      0.0000      0.0000      0.0000      0.0000      0.0000
      0.0000      0.0000      0.0000      0.0000      0.0000      0.0000
      0.0000      0.0000      0.0000      0.0000      0.0000      0.0000
      0.0000      0.0000      0.0000      0.0000      0.0000      0.0000
      0.0000      0.0000      0.0000      0.0000      0.0000      0.0000
      0.0000      0.0000      0.0000      0.0000      0.0000      0.0000
      0.0000      0.0000      0.0000      0.0000      0.0000      0.0000
      0.0000      0.0000      0.0000      0.0000      0.0000      0.0000
      0.0000      0.0000      0.0000      0.0000      0.0000      0.0000
      0.0000      0.0000      0.0000      0.0000      0.0000      0.0000

  LAC N]**- TECH R     0.1000E+04      0.000         -56.5800
    497.6000    510.2000    522.8000    535.4000    548.0000    560.6000
    573.2000    585.8000    598.4000    592.2800    585.9800    579.6800
    573.3800    567.0800    560.7800    554.4800    548.1800    541.8800
    535.5800    529.2800    522.9800    516.6800    510.3800    504.0800
    497.7800    491.4800    485.1800    478.8800    472.5800    466.2800
    459.9800    453.6800    447.3800    441.0800    434.7800    428.4800
    422.1800    415.8800    409.5800    403.2800    396.9800    390.6800
    384.3800    378.0800    371.7800    378.8000    372.5000    366.2000
    367.4600    374.2400    368.1200    380.7200    374.4200    387.0200
    399.6200    412.2200    424.8200    437.4200    450.0200    462.6200
    466.5800    460.4600    454.1600    447.8600    441.5600    435.2600
    428.9600    422.6600    416.3600    410.0600    403.7600    397.4600
    391.1600    384.8600    378.5600    372.2600    384.8600    388.8200
    382.5200    376.2200    388.8200    401.4200    395.1200    389.0000
    392.9600    386.6600    380.3600    374.0600    367.7600    380.3600
    392.9600    396.9200    409.5200    403.2200    415.8200    428.4200

  LAC N]**- AUCUNR     0.1000E+04      0.000           0.0000
      0.0000      0.0000      0.0000      0.0000      0.0000      0.0000
      0.0000      0.0000      0.0000      0.0000      0.0000      0.0000
      0.0000      0.0000      0.0000      0.0000      0.0000      0.0000
      0.0000      0.0000      0.0000      0.0000      0.0000      0.0000
      0.0000      0.0000      0.0000      0.0000      0.0000      0.0000
      0.0000      0.0000      0.0000      0.0000      0.0000      0.0000
      0.0000      0.0000      0.0000      0.0000      0.0000      0.0000
      0.0000      0.0000      0.0000      0.0000      0.0000      0.0000
      0.0000      0.0000      0.0000      0.0000      0.0000      0.0000
      0.0000      0.0000      0.0000      0.0000      0.0000      0.0000
      0.0000      0.0000      0.0000      0.0000      0.0000      0.0000
      0.0000      0.0000      0.0000      0.0000      0.0000      0.0000
      0.0000      0.0000      0.0000      0.0000      0.0000      0.0000
      0.0000      0.0000      0.0000      0.0000      0.0000      0.0000
      0.0000      0.0000      0.0000      0.0000      0.0000      0.0000
      0.0000      0.0000      0.0000      0.0000      0.0000      0.0000

  LAC N]**- NOUAUR     0.1000E+04      0.000           0.0000
      0.0000      0.0000      0.0000      0.0000      0.0000      0.0000
      0.0000      0.0000      0.0000      0.0000      0.0000      0.0000
      0.0000      0.0000      0.0000      0.0000      0.0000      0.0000
      0.0000      0.0000      0.0000      0.0000      0.0000      0.0000
      0.0000      0.0000      0.0000      0.0000      0.0000      0.0000
      0.0000      0.0000      0.0000      0.0000      0.0000      0.0000
      0.0000      0.0000      0.0000      0.0000      0.0000      0.0000
      0.0000      0.0000      0.0000      0.0000      0.0000      0.0000
      0.0000      0.0000      0.0000      0.0000      0.0000      0.0000
      0.0000      0.0000      0.0000      0.0000      0.0000      0.0000
      0.0000      0.0000      0.0000      0.0000      0.0000      0.0000
      0.0000      0.0000      0.0000      0.0000      0.0000      0.0000
      0.0000      0.0000      0.0000      0.0000      0.0000      0.0000
      0.0000      0.0000      0.0000      0.0000      0.0000      0.0000
      0.0000      0.0000      0.0000      0.0000      0.0000      0.0000
      0.0000      0.0000      0.0000      0.0000      0.0000      0.0000

  LAC N]**- L.BALR     0.1000E+04      0.000           0.0000
      0.0000      0.0000      0.0000      0.0000      0.0000      0.0000
      0.0000      0.0000      0.0000      0.0000      0.0000      0.0000
      0.0000      0.0000      0.0000      0.0000      0.0000      0.0000
      0.0000      0.0000      0.0000      0.0000      0.0000      0.0000
      0.0000      0.0000      0.0000      0.0000      0.0000      0.0000
      0.0000      0.0000      0.0000      0.0000      0.0000      0.0000
      0.0000      0.0000      0.0000      0.0000      0.0000      0.0000
      0.0000      0.0000      0.0000      0.0000      0.0000      0.0000
      0.0000      0.0000      0.0000      0.0000      0.0000      0.0000
      0.0000      0.0000      0.0000      0.0000      0.0000      0.0000
      0.0000      0.0000      0.0000      0.0000      0.0000      0.0000
      0.0000      0.0000      0.0000      0.0000      0.0000      0.0000
      0.0000      0.0000      0.0000      0.0000      0.0000      0.0000
      0.0000      0.0000      0.0000      0.0000      0.0000      0.0000
      0.0000      0.0000      0.0000      0.0000      0.0000      0.0000
      0.0000      0.0000      0.0000      0.0000      0.0000      0.0000

  USINE N]**- MIGOEH   **  **           0.0000
      0.0000      0.0000      0.0000      0.0000      0.0000      0.0000
      0.0000      0.0000      0.0000      0.0000      0.0000      0.0000
      0.0000      0.0000      0.0000      0.0000      0.0000      0.0000
      0.0000      0.0000      0.0000      0.0000      0.0000      0.0000
      0.0000      0.0000      0.0000      0.0000      0.0000      0.0000
      0.0000      0.0000      0.0000      0.0000      0.0000      0.0000
      0.0000      0.0000      0.0000      0.0000      0.0000      0.0000
      0.0000      0.0000      0.0000      0.0000      0.0000      0.0000
      0.0000      0.0000      0.0000      0.0000      0.0000      0.0000
      0.0000      0.0000      0.0000      0.0000      0.0000      0.0000
      0.0000      0.0000      0.0000      0.0000      0.0000      0.0000
      0.0000      0.0000      0.0000      0.0000      0.0000      0.0000
      0.0000      0.0000      0.0000      0.0000      0.0000      0.0000
      0.0000      0.0000      0.0000      0.0000      0.0000      0.0000
      0.0000      0.0000      0.0000      0.0000      0.0000      0.0000
      0.0000      0.0000      0.0000      0.0000      0.0000      0.0000

      0.0000      0.0000      0.0000      0.0000      0.0000      0.0000
      0.0000      0.0000      0.0000      0.0000      0.0000      0.0000
      0.0000      0.0000      0.0000      0.0000      0.0000      0.0000
      0.0000      0.0000      0.0000      0.0000      0.0000      0.0000
      0.0000      0.0000      0.0000      0.0000      0.0000      0.0000
      0.0000      0.0000      0.0000      0.0000      0.0000      0.0000
      0.0000      0.0000      0.0000      0.0000      0.0000      0.0000
      0.0000      0.0000      0.0000      0.0000      0.0000      0.0000
      0.0000      0.0000      0.0000      0.0000      0.0000      0.0000
      0.0000      0.0000      0.0000      0.0000      0.0000      0.0000
      0.0000      0.0000      0.0000      0.0000      0.0000      0.0000
      0.0000      0.0000      0.0000      0.0000      0.0000      0.0000
      0.0000      0.0000      0.0000      0.0000      0.0000      0.0000
      0.0000      0.0000      0.0000      0.0000      0.0000      0.0000
      0.0000      0.0000      0.0000      0.0000      0.0000      0.0000
      0.0000      0.0000      0.0000      0.0000      0.0000      0.0000

  USINE N]**- TUCOYH   **  **         518.4000
      3.0000      3.0000      3.0000      3.0000      3.0000      3.0000
      3.0000      3.0000      3.0000      3.0000      3.0000      3.0000
      3.0000      3.0000      3.0000      3.0000      3.0000      3.0000
      3.0000      3.0000      3.0000      3.0000      3.0000      3.0000
      3.0000      3.0000      3.0000      3.0000      3.0000      3.0000
      3.0000      3.0000      3.0000      3.0000      3.0000      3.0000
      3.0000      3.0000      3.0000      3.0000      3.0000      3.0000
      3.0000      3.0000      3.0000      3.0000      3.0000      3.0000
      3.0000      3.0000      3.0000      3.0000      3.0000      3.0000
      3.0000      3.0000      3.0000      3.0000      3.0000      3.0000
      3.0000      3.0000      3.0000      3.0000      3.0000      3.0000
      3.0000      3.0000      3.0000      3.0000      3.0000      3.0000
      3.0000      3.0000      3.0000      3.0000      3.0000      3.0000
      3.0000      3.0000      3.0000      3.0000      3.0000      3.0000
      3.0000      3.0000      3.0000      3.0000      3.0000      3.0000
      3.0000      3.0000      3.0000      3.0000      3.0000      3.0000

      0.0000      0.0000      0.0000      0.0000      0.0000      0.0000
      0.0000      0.0000      0.0000      2.7500      2.7500      2.7500
      2.7500      2.7500      2.7500      2.7500      2.7500      2.7500
      2.7500      2.7500      2.7500      2.7500      2.7500      2.7500
      2.7500      2.7500      2.7500      2.7500      2.7500      2.7500
      2.7500      2.7500      2.7500      2.7500      2.7500      2.7500
      2.7500      2.7500      2.7500      2.7500      2.7500      2.7500
      2.7500      2.7500      2.7500      0.0000      2.7500      2.7500
      2.7500      2.7500      0.0000      2.7500      2.7500      0.0000
      0.0000      0.0000      0.0000      0.0000      0.0000      0.0000
      0.0000      0.0000      2.7500      2.7500      2.7500      2.7500
      2.7500      2.7500      2.7500      2.7500      2.7500      2.7500
      2.7500      2.7500      2.7500      2.7500      0.0000      0.0000
      2.7500      2.7500      0.0000      0.0000      2.7500      0.0000
      0.0000      2.7500      2.7500      2.7500      2.7500      0.0000
      0.0000      0.0000      0.0000      2.7500      0.0000      0.0000

  USINE N]**- ARRENH   **  **        1266.1800
      0.0000      0.0000      0.0000      0.0000      0.0000      0.0000
      0.0000      0.0000      0.0000     10.4000     10.5000     10.5000
     10.5000     10.5000     10.5000     10.5000     10.5000     10.5000
     10.5000     10.5000     10.5000     10.5000     10.5000     10.5000
     10.5000     10.5000     10.5000     10.5000     10.5000     10.5000
     10.5000     10.5000     10.5000     10.5000     10.5000     10.5000
     10.5000     10.5000     10.5000     10.5000     10.5000     10.5000
     10.5000     10.5000     10.5000      3.1000     10.5000     10.5000
      6.3000      3.2333     10.4000      0.0000     10.5000      0.0000
      0.0000      0.0000      0.0000      0.0000      0.0000      0.0000
      4.8000     10.4000     10.5000     10.5000     10.5000     10.5000
     10.5000     10.5000     10.5000     10.5000     10.5000     10.5000
     10.5000     10.5000     10.5000     10.5000      0.0000      4.8000
     10.5000     10.5000      0.0000      0.0000     10.5000     10.4000
      4.8000     10.5000     10.5000     10.5000     10.5000      0.0000
      0.0000      4.8000      0.0000     10.5000      0.0000      0.0000

      0.0000      0.0000      0.0000      0.0000      0.0000      0.0000
      0.0000      0.0000      0.0000     11.9048     12.0000     12.0000
     12.0000     12.0000     12.0000     12.0000     12.0000     12.0000
     12.0000     12.0000     12.0000     12.0000     12.0000     12.0000
     12.0000     12.0000     12.0000     12.0000     12.0000     12.0000
     12.0000     12.0000     12.0000     12.0000     12.0000     12.0000
     12.0000     12.0000     12.0000     12.0000     12.0000     12.0000
     12.0000     12.0000     12.0000      3.5227     12.0000     12.0000
      8.0000      4.1667     11.8824      0.0000     12.0000      0.0000
      0.0000      0.0000      0.0000      0.0000      0.0000      0.0000
      5.4545     11.8824     12.0000     12.0000     12.0000     12.0000
     12.0000     12.0000     12.0000     12.0000     12.0000     12.0000
     12.0000     12.0000     12.0000     12.0000      0.0000      5.4545
     12.0000     12.0000      0.0000      0.0000     12.0000     11.8824
      5.4545     12.0000     12.0000     12.0000     12.0000      0.0000
      0.0000      5.4545      0.0000     12.0000      0.0000      0.0000

  USINE N]**- AUCUNH   **  **        1387.1400
      0.7000      0.7000      0.7000      0.7000      0.7000      0.7000
      0.7000      0.7000      0.7000     11.1000     11.2000     11.2000
     11.2000     11.2000     11.2000     11.2000     11.2000     11.2000
     11.2000     11.2000     11.2000     11.2000     11.2000     11.2000
     11.2000     11.2000     11.2000     11.2000     11.2000     11.2000
     11.2000     11.2000     11.2000     11.2000     11.2000     11.2000
     11.2000     11.2000     11.2000     11.2000     11.2000     11.2000
     11.2000     11.2000     11.2000      3.8000     11.2000     11.2000
      7.0000      3.9333     11.1000      0.7000     11.2000      0.7000
      0.7000      0.7000      0.7000      0.7000      0.7000      0.7000
      5.5000     11.1000     11.2000     11.2000     11.2000     11.2000
     11.2000     11.2000     11.2000     11.2000     11.2000     11.2000
     11.2000     11.2000     11.2000     11.2000      0.7000      5.5000
     11.2000     11.2000      0.7000      0.7000     11.2000     11.1000
      5.5000     11.2000     11.2000     11.2000     11.2000      0.7000
      0.7000      5.5000      0.7000     11.2000      0.7000      0.7000

      0.0000      0.0000      0.0000      0.0000      0.0000      0.0000
      0.0000      0.0000      0.0000      2.7750      2.8000      2.8000
      2.8000      2.8000      2.8000      2.8000      2.8000      2.8000
      2.8000      2.8000      2.8000      2.8000      2.8000      2.8000
      2.8000      2.8000      2.8000      2.8000      2.8000      2.8000
      2.8000      2.8000      2.8000      2.8000      2.8000      2.8000
      2.8000      2.8000      2.8000      2.8000      2.8000      2.8000
      2.8000      2.8000      2.8000      0.0000      2.8000      2.8000
      1.7500      0.9833      0.0000      0.1750      2.8000      0.0000
      0.0000      0.0000      0.0000      0.0000      0.0000      0.0000
      0.0000      0.0000      2.8000      2.8000      2.8000      2.8000
      2.8000      2.8000      2.8000      2.8000      2.8000      2.8000
      2.8000      2.8000      2.8000      2.8000      0.0000      0.0000
      2.8000      2.8000      0.0000      0.0000      2.8000      0.0000
      0.0000      2.8000      2.8000      2.8000      2.8000      0.0000
      0.0000      0.0000      0.0000      2.8000      0.0000      0.0000

  USINE N]**- NOUAUH   **  **        1574.3400
     10.4000     10.4000      1.6000      1.6000      1.6000      1.6000
      1.6000      1.6000      1.6000      1.6000      1.6000     12.0000
     12.1000     12.1000     12.1000     12.1000     12.1000     12.1000
     12.1000     12.1000     12.1000     12.1000     12.1000     12.1000
     12.1000     12.1000     12.1000     12.1000     12.1000     12.1000
     12.1000     12.1000     12.1000     12.1000     12.1000     12.1000
     12.1000     12.1000     12.1000     12.1000     12.1000     12.1000
     12.1000     12.1000     12.1000     12.1000     12.1000      4.7000
     12.1000     12.1000      7.9000      4.8333     12.0000      1.6000
     12.1000      1.6000      1.6000      1.6000      1.6000      1.6000
      1.6000      1.6000      6.4000     12.0000     12.1000     12.1000
     12.1000     12.1000     12.1000     12.1000     12.1000     12.1000
     12.1000     12.1000     12.1000     12.1000     12.1000     12.1000
      1.6000      6.4000     12.1000     12.1000      1.6000      1.6000
     12.1000     12.0000      6.4000     12.1000     12.1000     12.1000
     12.1000      1.6000      1.6000      6.4000      1.6000     12.1000

      0.0000      0.0000      0.0000      0.0000      0.0000      0.0000
      0.0000      0.0000      0.0000      1.2667      1.2667      9.5000
      9.5000      9.5000      9.5000      9.5000      9.5000      9.5000
      9.5000      9.5000      9.5000      9.5000      9.5000      9.5000
      9.5000      9.5000      9.5000      9.5000      9.5000      9.5000
      9.5000      9.5000      9.5000      9.5000      9.5000      9.5000
      9.5000      9.5000      9.5000      9.5000      9.5000      9.5000
      9.5000      9.5000      9.5000      0.0000      9.5000      3.7208
      9.5000      9.5000      0.0000      3.8264      9.5000      0.0000
      0.0000      0.0000      0.0000      0.0000      0.0000      0.0000
      0.0000      0.0000      5.0667      9.5000      9.5000      9.5000
      9.5000      9.5000      9.5000      9.5000      9.5000      9.5000
      9.5000      9.5000      9.5000      9.5000      0.0000      0.0000
      1.2667      5.0667      0.0000      0.0000      1.2667      0.0000
      0.0000      9.5000      5.0667      9.5000      9.5000      0.0000
      0.0000      0.0000      0.0000      5.0667      0.0000      0.0000

  USINE N]**- L.BALH   **   0        1997.7000
     13.7000     13.7000      4.9000      4.9000      4.9000      4.9000
      4.9000      4.9000      4.9000      4.9000      4.9000     15.3000
     15.4000     15.4000     15.4000     15.4000     15.4000     15.4000
     15.4000     15.4000     15.4000     15.4000     15.4000     15.4000
     15.4000     15.4000     15.4000     15.4000     15.4000     15.4000
     15.4000     15.4000     15.4000     15.4000     15.4000     15.4000
     15.4000     15.4000     15.4000     15.4000     15.4000     15.4000
     15.4000     15.4000     15.4000     15.4000     15.4000      8.0000
     13.7000     13.7000      9.5000      6.4333     13.6000      3.2000
     13.7000      3.2000      3.2000      3.2000      3.2000      3.2000
      3.2000      3.2000      8.0000     13.6000     13.7000     13.7000
     13.7000     13.7000     13.7000     13.7000     13.7000     13.7000
     13.7000     13.7000     13.7000     13.7000     13.7000     13.7000
      3.2000      8.0000     13.7000     13.7000      3.2000      3.2000
     13.7000     13.6000      8.0000     13.7000     13.7000     13.7000
     13.7000      3.2000      3.2000      8.0000      3.2000     13.7000

      0.7500      0.7500      0.7500      0.7500      0.7500      0.7500
      0.7500      0.7500      0.7500      3.6750      3.6750      6.0000
      6.0000      6.0000      6.0000      6.0000      6.0000      6.0000
      6.0000      6.0000      6.0000      6.0000      6.0000      6.0000
      6.0000      6.0000      6.0000      6.0000      6.0000      6.0000
      6.0000      6.0000      6.0000      6.0000      6.0000      6.0000
      6.0000      6.0000      6.0000      6.0000      6.0000      6.0000
      6.0000      6.0000      6.0000      0.7500      6.0000      6.0000
      6.0000      6.0000      0.7500      4.8250      6.0000      0.7500
      0.7500      0.7500      0.7500      0.7500      0.7500      0.7500
      0.7500      0.7500      6.0000      6.0000      6.0000      6.0000
      6.0000      6.0000      6.0000      6.0000      6.0000      6.0000
      6.0000      6.0000      6.0000      6.0000      0.7500      0.7500
      2.4000      6.0000      0.7500      0.7500      2.4000      0.7500
      0.7500      6.0000      6.0000      6.0000      6.0000      0.7500
      0.7500      0.7500      0.7500      6.0000      0.7500      0.7500

   DONNEES POUR LA VALLEE N]30-ADOUR    DATE: 22/03/10     4 USINE(S)     4 RESERVOIR(S)
  LAC N]**- GREZIR     0.1000E+04     21.990          -3.0600
     35.0000     35.0000     35.0000     35.0000     35.0000     35.0000
     35.0000     35.0000     35.0000     35.0000     35.0000     35.0000
     35.0000     35.0000     35.0000     35.0000     35.0000     35.0000
     35.0000     35.0000     35.0000     35.0000     35.0000     35.0000
     35.0000     35.0000     35.0000     35.0000     35.0000     35.0000
     35.0000     35.0000     35.0000     35.0000     35.0000     35.0000
     35.0000     35.0000     31.9400     31.9400     31.9400     31.9400
     31.9400     31.9400     31.9400     31.9400     31.9400     31.9400
     31.9400     31.9400     31.9400     31.9400     31.9400     31.9400
     31.9400     31.9400     31.9400     31.9400     31.9400     31.9400
     31.9400     31.9400     31.9400     31.9400     31.9400     31.9400
     31.9400     31.9400     31.9400     31.9400     31.9400     31.9400
     31.9400     31.9400     31.9400     31.9400     31.9400     31.9400
     31.9400     31.9400     31.9400     31.9400     31.9400     31.9400
     31.9400     31.9400     31.9400     31.9400     31.9400     31.9400
     31.9400     31.9400     31.9400     31.9400     31.9400     31.9400

  LAC N]**- GRIPPR     0.1000E+04      0.000           0.0000
      0.0000      0.0000      0.0000      0.0000      0.0000      0.0000
      0.0000      0.0000      0.0000      0.0000      0.0000      0.0000
      0.0000      0.0000      0.0000      0.0000      0.0000      0.0000
      0.0000      0.0000      0.0000      0.0000      0.0000      0.0000
      0.0000      0.0000      0.0000      0.0000      0.0000      0.0000
      0.0000      0.0000      0.0000      0.0000      0.0000      0.0000
      0.0000      0.0000      0.0000      0.0000      0.0000      0.0000
      0.0000      0.0000      0.0000      0.0000      0.0000      0.0000
      0.0000      0.0000      0.0000      0.0000      0.0000      0.0000
      0.0000      0.0000      0.0000      0.0000      0.0000      0.0000
      0.0000      0.0000      0.0000      0.0000      0.0000      0.0000
      0.0000      0.0000      0.0000      0.0000      0.0000      0.0000
      0.0000      0.0000      0.0000      0.0000      0.0000      0.0000
      0.0000      0.0000      0.0000      0.0000      0.0000      0.0000
      0.0000      0.0000      0.0000      0.0000      0.0000      0.0000
      0.0000      0.0000      0.0000      0.0000      0.0000      0.0000

  LAC N]**- CSTILR     0.1000E+04      0.000         -30.9400
     42.5400     43.0800     43.6200     44.1600     44.7000     45.2400
     45.7800     46.3200     46.8600     51.2000     51.7400     52.2800
     50.3000     48.3200     46.3400     44.3600     42.3800     40.4000
     38.4200     36.4400     34.4600     32.4800     30.5000     28.5200
     26.5400     24.5600     22.5800     20.6000     21.1400     21.6800
     22.2200     22.7600     23.3000     23.8400     21.8600     19.8800
     17.9000     15.9200     13.9400     11.9600      9.9800      8.0000
      8.5400      9.0800      9.6200     10.1600     10.7000     11.2400
     11.7800     12.3200     12.8600     13.4000     13.9400     14.4800
     15.0200     15.5600     16.1000     16.6400     17.1800     17.7200
     15.7400     13.7600     11.7800      9.8000     42.3800     40.4000
     38.4200     36.4400     34.4600     32.4800     30.5000     28.5200
     26.5400     24.5600     22.5800     20.6000     21.1400     21.6800
     22.2200     22.7600     23.3000     23.8400     21.8600     19.8800
     17.9000     15.9200     13.9400     11.9600      9.9800      8.0000
      8.5400      9.0800      9.6200     10.1600     10.5200     11.0600

  LAC N]**- CAMPAR     0.1000E+04      0.000           0.0000
      0.0000      0.0000      0.0000      0.0000      0.0000      0.0000
      0.0000      0.0000      0.0000      0.0000      0.0000      0.0000
      0.0000      0.0000      0.0000      0.0000      0.0000      0.0000
      0.0000      0.0000      0.0000      0.0000      0.0000      0.0000
      0.0000      0.0000      0.0000      0.0000      0.0000      0.0000
      0.0000      0.0000      0.0000      0.0000      0.0000      0.0000
      0.0000      0.0000      0.0000      0.0000      0.0000      0.0000
      0.0000      0.0000      0.0000      0.0000      0.0000      0.0000
      0.0000      0.0000      0.0000      0.0000      0.0000      0.0000
      0.0000      0.0000      0.0000      0.0000      0.0000      0.0000
      0.0000      0.0000      0.0000      0.0000      0.0000      0.0000
      0.0000      0.0000      0.0000      0.0000      0.0000      0.0000
      0.0000      0.0000      0.0000      0.0000      0.0000      0.0000
      0.0000      0.0000      0.0000      0.0000      0.0000      0.0000
      0.0000      0.0000      0.0000      0.0000      0.0000      0.0000
      0.0000      0.0000      0.0000      0.0000      0.0000      0.0000

  USINE N]**- ARTIGH   **  **           3.0600
      0.0000      0.0000      0.0000      0.0000      0.0000      0.0000
      0.0000      0.0000      0.0000      0.0000      0.0000      0.0000
      0.0000      0.0000      0.0000      0.0000      0.0000      0.0000
      0.0000      0.0000      0.0000      0.0000      0.0000      0.0000
      0.0000      0.0000      0.0000      0.0000      0.0000      0.0000
      0.0000      0.0000      0.0000      0.0000      0.0000      0.0000
      0.0000      0.0000      1.7000      0.0000      0.0000      0.0000
      0.0000      0.0000      0.0000      0.0000      0.0000      0.0000
      0.0000      0.0000      0.0000      0.0000      0.0000      0.0000
      0.0000      0.0000      0.0000      0.0000      0.0000      0.0000
      0.0000      0.0000      0.0000      0.0000      0.0000      0.0000
      0.0000      0.0000      0.0000      0.0000      0.0000      0.0000
      0.0000      0.0000      0.0000      0.0000      0.0000      0.0000
      0.0000      0.0000      0.0000      0.0000      0.0000      0.0000
      0.0000      0.0000      0.0000      0.0000      0.0000      0.0000
      0.0000      0.0000      0.0000      0.0000      0.0000      0.0000

      0.0000      0.0000      0.0000      0.0000      0.0000      0.0000
      0.0000      0.0000      0.0000      0.0000      0.0000      0.0000
      0.0000      0.0000      0.0000      0.0000      0.0000      0.0000
      0.0000      0.0000      0.0000      0.0000      0.0000      0.0000
      0.0000      0.0000      0.0000      0.0000      0.0000      0.0000
      0.0000      0.0000      0.0000      0.0000      0.0000      0.0000
      0.0000      0.0000      5.8846      0.0000      0.0000      0.0000
      0.0000      0.0000      0.0000      0.0000      0.0000      0.0000
      0.0000      0.0000      0.0000      0.0000      0.0000      0.0000
      0.0000      0.0000      0.0000      0.0000      0.0000      0.0000
      0.0000      0.0000      0.0000      0.0000      0.0000      0.0000
      0.0000      0.0000      0.0000      0.0000      0.0000      0.0000
      0.0000      0.0000      0.0000      0.0000      0.0000      0.0000
      0.0000      0.0000      0.0000      0.0000      0.0000      0.0000
      0.0000      0.0000      0.0000      0.0000      0.0000      0.0000
      0.0000      0.0000      0.0000      0.0000      0.0000      0.0000

  USINE N]**- ARTI8H   **  **         120.9600
      0.0000      0.0000      0.0000      0.0000      0.0000      0.0000
      0.0000      0.0000      0.0000      0.0000      0.0000      0.0000
      1.4000      1.4000      1.4000      1.4000      1.4000      1.4000
      1.4000      1.4000      1.4000      1.4000      1.4000      1.4000
      1.4000      1.4000      1.4000      1.4000      0.0000      0.0000
      0.0000      0.0000      0.0000      0.0000      1.4000      1.4000
      1.4000      1.4000      1.4000      1.4000      1.4000      1.4000
      0.0000      0.0000      0.0000      0.0000      0.0000      0.0000
      0.0000      0.0000      0.0000      0.0000      0.0000      0.0000
      0.0000      0.0000      0.0000      0.0000      0.0000      0.0000
      1.4000      1.4000      1.4000      1.4000      1.4000      1.4000
      1.4000      1.4000      1.4000      1.4000      1.4000      1.4000
      1.4000      1.4000      1.4000      1.4000      0.0000      0.0000
      0.0000      0.0000      0.0000      0.0000      1.4000      1.4000
      1.4000      1.4000      1.4000      1.4000      1.4000      1.4000
      0.0000      0.0000      0.0000      0.0000      0.0000      0.0000

      0.0000      0.0000      0.0000      0.0000      0.0000      0.0000
      0.0000      0.0000      0.0000      0.0000      0.0000      0.0000
      1.6471      1.6471      1.6471      1.6471      1.6471      1.6471
      1.6471      1.6471      1.6471      1.6471      1.6471      1.6471
      1.6471      1.6471      1.6471      1.6471      0.0000      0.0000
      0.0000      0.0000      0.0000      0.0000      1.6471      1.6471
      1.6471      1.6471      1.6471      1.6471      1.6471      1.6471
      0.0000      0.0000      0.0000      0.0000      0.0000      0.0000
      0.0000      0.0000      0.0000      0.0000      0.0000      0.0000
      0.0000      0.0000      0.0000      0.0000      0.0000      0.0000
      1.6471      1.6471      1.6471      1.6471      1.6471      1.6471
      1.6471      1.6471      1.6471      1.6471      1.6471      1.6471
      1.6471      1.6471      1.6471      1.6471      0.0000      0.0000
      0.0000      0.0000      0.0000      0.0000      1.6471      1.6471
      1.6471      1.6471      1.6471      1.6471      1.6471      1.6471
      0.0000      0.0000      0.0000      0.0000      0.0000      0.0000

  USINE N]**- GRIPPH   **  **         160.0200
      0.4000      0.4000      0.4000      0.4000      0.4000      0.4000
      0.4000      0.4000      0.4000      0.4000      0.4000      0.4000
      1.8000      1.8000      1.8000      1.8000      1.8000      1.8000
      1.8000      1.8000      1.8000      1.8000      1.8000      1.8000
      1.8000      1.8000      1.8000      1.8000      0.4000      0.4000
      0.4000      0.4000      0.4000      0.4000      1.8000      1.8000
      1.8000      1.8000      3.5000      1.8000      1.8000      1.8000
      0.4000      0.4000      0.4000      0.4000      0.4000      0.4000
      0.4000      0.4000      0.4000      0.4000      0.4000      0.4000
      0.4000      0.4000      0.4000      0.4000      0.4000      0.4000
      1.8000      1.0000      1.0000      1.0000      1.0000      1.0000
      1.0000      1.0000      1.0000      1.0000      1.0000      1.0000
      1.0000      1.0000      1.0000      1.0000      0.4000      0.4000
      0.4000      0.4000      0.4000      0.4000      1.0000      1.0000
      1.0000      1.0000      1.0000      1.0000      1.0000      1.0000
      0.4000      0.4000      0.4000      0.4000      0.4000      0.4000

      0.0000      0.0000      0.0000      0.0000      0.0000      0.0000
      0.0000      0.0000      0.0000      0.2400      0.2400      0.2400
      1.0800      1.0800      1.0800      1.0800      1.0800      1.0800
      1.0800      1.0800      1.0800      1.0800      1.0800      1.0800
      1.0800      1.0800      1.0800      1.0800      0.2400      0.2400
      0.2400      0.2400      0.2400      0.2400      1.0800      1.0800
      1.0800      1.0800      2.1000      1.0800      1.0800      1.0800
      0.2400      0.2400      0.2400      0.0000      0.2400      0.2400
      0.2400      0.2400      0.0000      0.2400      0.2400      0.0000
      0.0000      0.0000      0.0000      0.0000      0.0000      0.0000
      0.0000      0.0000      0.6000      0.6000      0.6000      0.6000
      0.6000      0.6000      0.6000      0.6000      0.6000      0.6000
      0.6000      0.6000      0.6000      0.6000      0.0000      0.0000
      0.2400      0.2400      0.0000      0.0000      0.6000      0.0000
      0.0000      0.6000      0.6000      0.6000      0.6000      0.0000
      0.0000      0.0000      0.0000      0.2400      0.0000      0.0000

  USINE N]**- CAMP5H   **   0         471.0600
      2.2000      2.2000      2.2000      2.2000      2.2000      2.2000
      2.2000      2.2000      2.2000      2.2000      2.2000      2.2000
      2.2000      2.2000      3.6000      3.6000      3.6000      3.6000
      3.6000      3.6000      3.6000      3.6000      3.6000      3.6000
      3.6000      3.6000      3.6000      3.6000      3.6000      3.6000
      2.2000      2.2000      2.2000      2.2000      2.2000      2.2000
      3.6000      3.6000      3.6000      3.6000      5.3000      3.6000
      3.6000      3.6000      2.2000      2.2000      2.2000      2.2000
      2.2000      2.2000      2.2000      2.2000      2.2000      2.2000
      2.2000      2.2000      2.2000      2.2000      2.2000      2.2000
      2.2000      2.2000      3.6000      2.8000      2.8000      2.8000
      2.8000      2.8000      2.8000      2.8000      2.8000      2.8000
      2.8000      2.8000      2.8000      2.8000      2.8000      2.8000
      2.2000      2.2000      2.2000      2.2000      2.2000      2.2000
      2.8000      2.8000      2.8000      2.8000      2.8000      2.8000
      2.8000      2.8000      2.2000      2.2000      2.2000      2.2000

      3.6667      3.6667      3.6667      3.6667      3.6667      3.6667
      3.6667      3.6667      3.6667      3.9286      3.9286      3.9286
      3.9286      3.9286      6.4286      6.4286      6.4286      6.4286
      6.4286      6.4286      6.4286      6.4286      6.4286      6.4286
      6.4286      6.4286      6.4286      6.4286      6.4286      6.4286
      3.9286      3.9286      3.9286      3.9286      3.9286      3.9286
      6.4286      6.4286      6.4286      6.4286      9.4643      6.4286
      6.4286      6.4286      3.9286      3.6667      3.9286      3.9286
      3.9286      3.9286      3.6667      3.9286      3.9286      3.6667
      3.6667      3.6667      3.6667      3.6667      3.6667      3.6667
      3.6667      3.6667      6.4286      5.0000      5.0000      5.0000
      5.0000      5.0000      5.0000      5.0000      5.0000      5.0000
      5.0000      5.0000      5.0000      5.0000      5.0000      5.0000
      3.9286      3.9286      3.9286      3.9286      3.9286      3.9286
      5.0000      5.0000      5.0000      5.0000      5.0000      5.0000
      5.0000      5.0000      3.9286      3.9286      3.9286      3.9286

   DONNEES POUR LA VALLEE N]31-PIQUES   DATE: 22/03/10     7 USINE(S)     7 RESERVOIR(S)
  LAC N]**- PORTIR     0.1000E+04     14.760        -262.2600
   8008.0005   8008.0005   8008.0005   8008.0005   8008.0005   8008.0005
   8008.0005   8008.0005   8008.0005   8008.0005   8008.0005   8008.0005
   8008.0005   8008.0005   7999.5405   7991.0805   7982.6205   7974.1605
   7965.7005   7960.8405   7960.8405   7960.8405   7952.3805   7943.9205
   7935.4605   7927.0005   7922.1405   7917.2805   7917.2805   7917.2805
   7917.2805   7917.2805   7917.2805   7917.2805   7912.4205   7907.5605
   7900.9005   7894.2405   7885.7805   7877.3205   7873.9005   7873.9005
   7873.9005   7873.9005   7873.9005   7873.9005   7873.9005   7873.9005
   7873.9005   7873.9005   7873.9005   7873.9005   7873.9005   7873.9005
   7873.9005   7873.9005   7873.9005   7873.9005   7873.9005   7873.9005
   7873.9005   7873.9005   7865.4405   7856.9805   7852.1205   7847.2605
   7838.8005   7830.3405   7821.8805   7817.0205   7812.1605   7807.3005
   7802.4405   7797.5805   7792.7205   7784.2605   7775.8005   7769.1405
   7762.4805   7762.4805   7762.4805   7762.4805   7762.4805   7762.4805
   7759.0605   7752.4005   7745.7405   7745.7405   7745.7405   7745.7405
   7745.7405   7745.7405   7745.7405   7745.7405   7745.7405   7745.7405

  LAC N]**- PORTFR     0.1000E+04      0.000           0.0000
      0.0000      0.0000      0.0000      0.0000      0.0000      0.0000
      0.0000      0.0000      0.0000      0.0000      0.0000      0.0000
      0.0000      0.0000      0.0000      0.0000      0.0000      0.0000
      0.0000      0.0000      0.0000      0.0000      0.0000      0.0000
      0.0000      0.0000      0.0000      0.0000      0.0000      0.0000
      0.0000      0.0000      0.0000      0.0000      0.0000      0.0000
      0.0000      0.0000      0.0000      0.0000      0.0000      0.0000
      0.0000      0.0000      0.0000      0.0000      0.0000      0.0000
      0.0000      0.0000      0.0000      0.0000      0.0000      0.0000
      0.0000      0.0000      0.0000      0.0000      0.0000      0.0000
      0.0000      0.0000      0.0000      0.0000      0.0000      0.0000
      0.0000      0.0000      0.0000      0.0000      0.0000      0.0000
      0.0000      0.0000      0.0000      0.0000      0.0000      0.0000
      0.0000      0.0000      0.0000      0.0000      0.0000      0.0000
      0.0000      0.0000      0.0000      0.0000      0.0000      0.0000
      0.0000      0.0000      0.0000      0.0000      0.0000      0.0000

  LAC N]**- BLEU R     0.1000E+04     14.760           0.0000
    202.0000    202.0000    202.0000    202.0000    202.0000    202.0000
    202.0000    202.0000    202.0000    202.0000    202.0000    202.0000
    202.0000    202.0000    202.0000    202.0000    202.0000    202.0000
    202.0000    202.0000    202.0000    202.0000    202.0000    202.0000
    202.0000    202.0000    202.0000    202.0000    202.0000    202.0000
    202.0000    202.0000    202.0000    202.0000    202.0000    202.0000
    202.0000    202.0000    202.0000    202.0000    202.0000    202.0000
    202.0000    202.0000    202.0000    202.0000    202.0000    202.0000
    202.0000    202.0000    202.0000    202.0000    202.0000    202.0000
    202.0000    202.0000    202.0000    202.0000    202.0000    202.0000
    202.0000    202.0000    202.0000    202.0000    202.0000    202.0000
    202.0000    202.0000    202.0000    202.0000    202.0000    202.0000
    202.0000    202.0000    202.0000    202.0000    202.0000    202.0000
    202.0000    202.0000    202.0000    202.0000    202.0000    202.0000
    202.0000    202.0000    202.0000    202.0000    202.0000    202.0000
    202.0000    202.0000    202.0000    202.0000    202.0000    202.0000

  LAC N]**- P.SUPR     0.1000E+04      0.000           0.0000
      0.0000      0.0000      0.0000      0.0000      0.0000      0.0000
      0.0000      0.0000      0.0000      0.0000      0.0000      0.0000
      0.0000      0.0000      0.0000      0.0000      0.0000      0.0000
      0.0000      0.0000      0.0000      0.0000      0.0000      0.0000
      0.0000      0.0000      0.0000      0.0000      0.0000      0.0000
      0.0000      0.0000      0.0000      0.0000      0.0000      0.0000
      0.0000      0.0000      0.0000      0.0000      0.0000      0.0000
      0.0000      0.0000      0.0000      0.0000      0.0000      0.0000
      0.0000      0.0000      0.0000      0.0000      0.0000      0.0000
      0.0000      0.0000      0.0000      0.0000      0.0000      0.0000
      0.0000      0.0000      0.0000      0.0000      0.0000      0.0000
      0.0000      0.0000      0.0000      0.0000      0.0000      0.0000
      0.0000      0.0000      0.0000      0.0000      0.0000      0.0000
      0.0000      0.0000      0.0000      0.0000      0.0000      0.0000
      0.0000      0.0000      0.0000      0.0000      0.0000      0.0000
      0.0000      0.0000      0.0000      0.0000      0.0000      0.0000

  LAC N]**- P.INFR     0.1000E+04      0.000           0.0000
      0.0000      0.0000      0.0000      0.0000      0.0000      0.0000
      0.0000      0.0000      0.0000      0.0000      0.0000      0.0000
      0.0000      0.0000      0.0000      0.0000      0.0000      0.0000
      0.0000      0.0000      0.0000      0.0000      0.0000      0.0000
      0.0000      0.0000      0.0000      0.0000      0.0000      0.0000
      0.0000      0.0000      0.0000      0.0000      0.0000      0.0000
      0.0000      0.0000      0.0000      0.0000      0.0000      0.0000
      0.0000      0.0000      0.0000      0.0000      0.0000      0.0000
      0.0000      0.0000      0.0000      0.0000      0.0000      0.0000
      0.0000      0.0000      0.0000      0.0000      0.0000      0.0000
      0.0000      0.0000      0.0000      0.0000      0.0000      0.0000
      0.0000      0.0000      0.0000      0.0000      0.0000      0.0000
      0.0000      0.0000      0.0000      0.0000      0.0000      0.0000
      0.0000      0.0000      0.0000      0.0000      0.0000      0.0000
      0.0000      0.0000      0.0000      0.0000      0.0000      0.0000
      0.0000      0.0000      0.0000      0.0000      0.0000      0.0000

  LAC N]**- CIERPR     0.1000E+04      0.000           0.0000
      0.0000      0.0000      1.0000      0.7200      0.0000      0.0000
      0.0000      0.0000      0.0000      0.0000      1.0000      0.0000
      1.0000      1.0000      0.0000      1.0000      0.0000      1.0000
      0.0000      1.0000      0.0000      1.0000      0.2800      1.0000
      0.2800      0.0000      1.0000      0.0000      0.0000      1.0000
      1.0000      0.7200      0.0000      1.0000      1.0000      0.0000
      1.0000      1.0000      0.0000      0.0000      0.0000      0.0000
      0.0000      0.0000      1.0000      0.0000      1.0000      1.0000
      0.0000      0.0000      0.0000      1.0000      0.0000      0.0000
      1.0000      0.0000      1.0000      1.0000      0.0000      1.0000
      0.0000      1.0000      0.0000      1.0000      0.0000      1.0000
      0.0000      1.0000      0.0000      1.0000      0.2800      1.0000
      1.0000      0.0000      1.0000      0.2800      0.0000      1.0000
      0.0000      1.0000      0.0000      0.0000      1.0000      1.0000
      1.0000      1.0000      0.0000      1.0000      0.0000      0.0000
      0.0000      0.0000      1.0000      0.0000      1.0000      0.0000

  LAC N]**- L.OO R     0.1000E+04      8.750           0.0000
   2155.0000   2155.0000   2155.0000   2155.0000   2155.0000   2155.0000
   2155.0000   2155.0000   2155.0000   2155.0000   2155.0000   2155.0000
   2155.0000   2155.0000   2155.0000   2155.0000   2155.0000   2155.0000
   2155.0000   2155.0000   2155.0000   2155.0000   2155.0000   2155.0000
   2155.0000   2155.0000   2155.0000   2155.0000   2155.0000   2155.0000
   2155.0000   2155.0000   2155.0000   2155.0000   2155.0000   2155.0000
   2155.0000   2155.0000   2155.0000   2155.0000   2155.0000   2155.0000
   2155.0000   2155.0000   2155.0000   2155.0000   2155.0000   2155.0000
   2155.0000   2155.0000   2155.0000   2155.0000   2155.0000   2155.0000
   2155.0000   2155.0000   2155.0000   2155.0000   2155.0000   2155.0000
   2155.0000   2155.0000   2155.0000   2155.0000   2155.0000   2155.0000
   2155.0000   2155.0000   2155.0000   2155.0000   2155.0000   2155.0000
   2155.0000   2155.0000   2155.0000   2155.0000   2155.0000   2155.0000
   2155.0000   2155.0000   2155.0000   2155.0000   2155.0000   2155.0000
   2155.0000   2155.0000   2155.0000   2155.0000   2155.0000   2155.0000
   2155.0000   2155.0000   2155.0000   2155.0000   2155.0000   2155.0000

  USINE N]**- PORTIH   **  **         262.2600
      0.0000      0.0000      0.0000      0.0000      0.0000      0.0000
      0.0000      0.0000      0.0000      0.0000      0.0000      0.0000
      0.0000      0.0000      4.7000      4.7000      4.7000      4.7000
      4.7000      2.7000      0.0000      0.0000      4.7000      4.7000
      4.7000      4.7000      2.7000      2.7000      0.0000      0.0000
      0.0000      0.0000      0.0000      0.0000      2.7000      2.7000
      3.7000      3.7000      4.7000      4.7000      1.9000      0.0000
      0.0000      0.0000      0.0000      0.0000      0.0000      0.0000
      0.0000      0.0000      0.0000      0.0000      0.0000      0.0000
      0.0000      0.0000      0.0000      0.0000      0.0000      0.0000
      0.0000      0.0000      4.7000      4.7000      2.7000      2.7000
      4.7000      4.7000      4.7000      2.7000      2.7000      2.7000
      2.7000      2.7000      2.7000      4.7000      4.7000      3.7000
      3.7000      0.0000      0.0000      0.0000      0.0000      0.0000
      1.9000      3.7000      3.7000      0.0000      0.0000      0.0000
      0.0000      0.0000      0.0000      0.0000      0.0000      0.0000

      0.0000      0.0000      0.0000      0.0000      0.0000      0.0000
      0.0000      0.0000      0.0000      0.0000      0.0000      0.0000
      0.0000      0.0000     25.0000     25.0000     25.0000     25.0000
     25.0000     15.0000      0.0000      0.0000     25.0000     25.0000
     25.0000     25.0000     15.0000     15.0000      0.0000      0.0000
      0.0000      0.0000      0.0000      0.0000     15.0000     15.0000
     20.0000     20.0000     25.0000     25.0000     10.0000      0.0000
      0.0000      0.0000      0.0000      0.0000      0.0000      0.0000
      0.0000      0.0000      0.0000      0.0000      0.0000      0.0000
      0.0000      0.0000      0.0000      0.0000      0.0000      0.0000
      0.0000      0.0000     25.0000     25.0000     15.0000     15.0000
     25.0000     25.0000     25.0000     15.0000     15.0000     15.0000
     15.0000     15.0000     15.0000     25.0000     25.0000     20.0000
     20.0000      0.0000      0.0000      0.0000      0.0000      0.0000
     10.0000     20.0000     20.0000      0.0000      0.0000      0.0000
      0.0000      0.0000      0.0000      0.0000      0.0000      0.0000

  USINE N]**- L.BL8H   **  **           0.0000
      0.0000      0.0000      0.0000      0.0000      0.0000      0.0000
      0.0000      0.0000      0.0000      0.0000      0.0000      0.0000
      0.0000      0.0000      0.0000      0.0000      0.0000      0.0000
      0.0000      0.0000      0.0000      0.0000      0.0000      0.0000
      0.0000      0.0000      0.0000      0.0000      0.0000      0.0000
      0.0000      0.0000      0.0000      0.0000      0.0000      0.0000
      0.0000      0.0000      0.0000      0.0000      0.0000      0.0000
      0.0000      0.0000      0.0000      0.0000      0.0000      0.0000
      0.0000      0.0000      0.0000      0.0000      0.0000      0.0000
      0.0000      0.0000      0.0000      0.0000      0.0000      0.0000
      0.0000      0.0000      0.0000      0.0000      0.0000      0.0000
      0.0000      0.0000      0.0000      0.0000      0.0000      0.0000
      0.0000      0.0000      0.0000      0.0000      0.0000      0.0000
      0.0000      0.0000      0.0000      0.0000      0.0000      0.0000
      0.0000      0.0000      0.0000      0.0000      0.0000      0.0000
      0.0000      0.0000      0.0000      0.0000      0.0000      0.0000

      0.0000      0.0000      0.0000      0.0000      0.0000      0.0000
      0.0000      0.0000      0.0000      0.0000      0.0000      0.0000
      0.0000      0.0000      0.0000      0.0000      0.0000      0.0000
      0.0000      0.0000      0.0000      0.0000      0.0000      0.0000
      0.0000      0.0000      0.0000      0.0000      0.0000      0.0000
      0.0000      0.0000      0.0000      0.0000      0.0000      0.0000
      0.0000      0.0000      0.0000      0.0000      0.0000      0.0000
      0.0000      0.0000      0.0000      0.0000      0.0000      0.0000
      0.0000      0.0000      0.0000      0.0000      0.0000      0.0000
      0.0000      0.0000      0.0000      0.0000      0.0000      0.0000
      0.0000      0.0000      0.0000      0.0000      0.0000      0.0000
      0.0000      0.0000      0.0000      0.0000      0.0000      0.0000
      0.0000      0.0000      0.0000      0.0000      0.0000      0.0000
      0.0000      0.0000      0.0000      0.0000      0.0000      0.0000
      0.0000      0.0000      0.0000      0.0000      0.0000      0.0000
      0.0000      0.0000      0.0000      0.0000      0.0000      0.0000

  USINE N]**- PORTFH   **  **         279.1800
      4.7000      4.7000      0.0000      0.0000      0.0000      0.0000
      0.0000      0.0000      0.0000      0.0000      0.0000      0.0000
      0.0000      0.0000      0.0000      0.0000      4.7000      4.7000
      4.7000      4.7000      4.7000      2.7000      0.0000      0.0000
      4.7000      4.7000      4.7000      4.7000      2.7000      2.7000
      0.0000      0.0000      0.0000      0.0000      0.0000      0.0000
      2.7000      2.7000      3.7000      3.7000      4.7000      4.7000
      1.9000      0.0000      0.0000      0.0000      0.0000      0.0000
      0.0000      0.0000      0.0000      0.0000      0.0000      0.0000
      0.0000      0.0000      0.0000      0.0000      0.0000      0.0000
      0.0000      0.0000      0.0000      0.0000      4.7000      4.7000
      2.7000      2.7000      4.7000      4.7000      4.7000      2.7000
      2.7000      2.7000      2.7000      2.7000      2.7000      4.7000
      4.7000      3.7000      3.7000      0.0000      0.0000      0.0000
      0.0000      0.0000      1.9000      3.7000      3.7000      0.0000
      0.0000      0.0000      0.0000      0.0000      0.0000      0.0000

      0.0000      0.0000      0.0000      0.0000      0.0000      0.0000
      0.0000      0.0000      0.0000      0.0000      0.0000      0.0000
      0.0000      0.0000      0.0000      0.0000      0.0000      0.0000
      0.0000      0.0000      0.0000      0.0000      0.0000      0.0000
      0.0000      0.0000      0.0000      0.0000      0.0000      0.0000
      0.0000      0.0000      0.0000      0.0000      0.0000      0.0000
      0.0000      0.0000      0.0000      0.0000      0.0000      0.0000
      0.0000      0.0000      0.0000      0.0000      0.0000      0.0000
      0.0000      0.0000      0.0000      0.0000      0.0000      0.0000
      0.0000      0.0000      0.0000      0.0000      0.0000      0.0000
      0.0000      0.0000      0.0000      0.0000      0.0000      0.0000
      0.0000      0.0000      0.0000      0.0000      0.0000      0.0000
      0.0000      0.0000      0.0000      0.0000      0.0000      0.0000
      0.0000      0.0000      0.0000      0.0000      0.0000      0.0000
      0.0000      0.0000      0.0000      0.0000      0.0000      0.0000
      0.0000      0.0000      0.0000      0.0000      0.0000      0.0000

  USINE N]**- P.SUPH   **  **         365.5800
      5.2000      5.2000      0.5000      0.5000      0.5000      0.5000
      0.5000      0.5000      0.5000      0.5000      0.5000      0.5000
      0.5000      0.5000      0.5000      0.5000      5.2000      5.2000
      5.2000      5.2000      5.2000      3.2000      0.5000      0.5000
      5.2000      5.2000      5.2000      5.2000      3.2000      3.2000
      0.5000      0.5000      0.5000      0.5000      0.5000      0.5000
      3.2000      3.2000      4.2000      4.2000      5.2000      5.2000
      2.4000      0.5000      0.5000      0.5000      0.5000      0.5000
      0.5000      0.5000      0.5000      0.5000      0.5000      0.5000
      0.5000      0.5000      0.5000      0.5000      0.5000      0.5000
      0.5000      0.5000      0.5000      0.5000      5.2000      5.2000
      3.2000      3.2000      5.2000      5.2000      5.2000      3.2000
      3.2000      3.2000      3.2000      3.2000      3.2000      5.2000
      5.2000      4.2000      4.2000      0.5000      0.5000      0.5000
      0.5000      0.5000      2.4000      4.2000      4.2000      0.5000
      0.5000      0.5000      0.5000      0.5000      0.5000      0.5000

      0.0000      0.0000      0.0000      0.3971      0.3971      0.0000
      0.0000      0.0000      0.0000      0.0000      0.0000      0.3971
      0.3971      0.3971      0.3971      0.3971      4.1294      4.1294
      4.1294      4.1294      4.1294      2.5412      0.3971      0.3971
      4.1294      4.1294      4.1294      4.1294      2.5412      2.5412
      0.3971      0.3971      0.3971      0.0000      0.3971      0.3971
      2.5412      2.5412      3.3353      3.3353      4.1294      4.1294
      1.9059      0.3971      0.0000      0.3971      0.0000      0.0000
      0.3971      0.3971      0.3971      0.0000      0.3971      0.0000
      0.0000      0.3971      0.0000      0.3971      0.3971      0.3971
      0.3971      0.0000      0.3971      0.3971      4.1294      4.1294
      2.5412      2.5412      4.1294      4.1294      4.1294      2.5412
      2.5412      2.5412      2.5412      2.5412      2.5412      4.1294
      4.1294      3.3353      3.3353      0.0000      0.0000      0.3971
      0.3971      0.3971      1.9059      3.3353      3.3353      0.3971
      0.0000      0.0000      0.0000      0.3971      0.0000      0.0000

  USINE N]**- P.INFH   **  **         434.7000
      5.6000      5.6000      0.9000      0.9000      0.9000      0.9000
      0.9000      0.9000      0.9000      0.9000      0.9000      0.9000
      0.9000      0.9000      0.9000      0.9000      5.6000      5.6000
      5.6000      5.6000      5.6000      3.6000      0.9000      0.9000
      5.6000      5.6000      5.6000      5.6000      3.6000      3.6000
      0.9000      0.9000      0.9000      0.9000      0.9000      0.9000
      3.6000      3.6000      4.6000      4.6000      5.6000      5.6000
      2.8000      0.9000      0.9000      0.9000      0.9000      0.9000
      0.9000      0.9000      0.9000      0.9000      0.9000      0.9000
      0.9000      0.9000      0.9000      0.9000      0.9000      0.9000
      0.9000      0.9000      0.9000      0.9000      5.6000      5.6000
      3.6000      3.6000      5.6000      5.6000      5.6000      3.6000
      3.6000      3.6000      3.6000      3.6000      3.6000      5.6000
      5.6000      4.6000      4.6000      0.9000      0.9000      0.9000
      0.9000      0.9000      2.8000      4.6000      4.6000      0.9000
      0.9000      0.9000      0.9000      0.9000      0.9000      0.9000

      0.0000      0.0000      0.0000      0.5226      0.5226      0.0000
      0.0000      0.0000      0.0000      0.0000      0.0000      0.5226
      0.5226      0.5226      0.5226      0.5226      3.2516      3.2516
      3.2516      3.2516      3.2516      2.0903      0.5226      0.5226
      3.2516      3.2516      3.2516      3.2516      2.0903      2.0903
      0.5226      0.5226      0.5226      0.0000      0.5226      0.5226
      2.0903      2.0903      2.6710      2.6710      3.2516      3.2516
      1.6258      0.5226      0.0000      0.5226      0.0000      0.0000
      0.5226      0.5226      0.5226      0.5226      0.5226      0.0000
      0.0000      0.5226      0.0000      0.5226      0.5226      0.5226
      0.5226      0.0000      0.5226      0.5226      3.2516      3.2516
      2.0903      2.0903      3.2516      3.2516      3.2516      2.0903
      2.0903      2.0903      2.0903      2.0903      2.0903      3.2516
      3.2516      2.6710      2.6710      0.0000      0.0000      0.5226
      0.5226      0.5226      1.6258      2.6710      2.6710      0.5226
      0.0000      0.0000      0.0000      0.5226      0.0000      0.0000

  USINE N]**- L.OO H   **  **           0.0000
      0.0000      0.0000      0.0000      0.0000      0.0000      0.0000
      0.0000      0.0000      0.0000      0.0000      0.0000      0.0000
      0.0000      0.0000      0.0000      0.0000      0.0000      0.0000
      0.0000      0.0000      0.0000      0.0000      0.0000      0.0000
      0.0000      0.0000      0.0000      0.0000      0.0000      0.0000
      0.0000      0.0000      0.0000      0.0000      0.0000      0.0000
      0.0000      0.0000      0.0000      0.0000      0.0000      0.0000
      0.0000      0.0000      0.0000      0.0000      0.0000      0.0000
      0.0000      0.0000      0.0000      0.0000      0.0000      0.0000
      0.0000      0.0000      0.0000      0.0000      0.0000      0.0000
      0.0000      0.0000      0.0000      0.0000      0.0000      0.0000
      0.0000      0.0000      0.0000      0.0000      0.0000      0.0000
      0.0000      0.0000      0.0000      0.0000      0.0000      0.0000
      0.0000      0.0000      0.0000      0.0000      0.0000      0.0000
      0.0000      0.0000      0.0000      0.0000      0.0000      0.0000
      0.0000      0.0000      0.0000      0.0000      0.0000      0.0000

      0.0000      0.0000      0.0000      0.0000      0.0000      0.0000
      0.0000      0.0000      0.0000      0.0000      0.0000      0.0000
      0.0000      0.0000      0.0000      0.0000      0.0000      0.0000
      0.0000      0.0000      0.0000      0.0000      0.0000      0.0000
      0.0000      0.0000      0.0000      0.0000      0.0000      0.0000
      0.0000      0.0000      0.0000      0.0000      0.0000      0.0000
      0.0000      0.0000      0.0000      0.0000      0.0000      0.0000
      0.0000      0.0000      0.0000      0.0000      0.0000      0.0000
      0.0000      0.0000      0.0000      0.0000      0.0000      0.0000
      0.0000      0.0000      0.0000      0.0000      0.0000      0.0000
      0.0000      0.0000      0.0000      0.0000      0.0000      0.0000
      0.0000      0.0000      0.0000      0.0000      0.0000      0.0000
      0.0000      0.0000      0.0000      0.0000      0.0000      0.0000
      0.0000      0.0000      0.0000      0.0000      0.0000      0.0000
      0.0000      0.0000      0.0000      0.0000      0.0000      0.0000
      0.0000      0.0000      0.0000      0.0000      0.0000      0.0000

  USINE N]**- CIERPH   **   0        1871.6400
     15.7000     13.6000     13.0444     13.7556     14.0000     13.6000
     13.6000     13.6000      8.9000      8.9000      8.3444      9.4556
      8.3444      8.9000      9.4556      8.3444      9.4556      8.3444
      9.4556      8.3444      9.4556      8.3444     14.0000     13.2000
     14.0000     13.7556     13.0444     12.1556      8.9000      8.3444
     13.6000     13.7556     14.0000     13.0444     11.6000     12.1556
      8.3444      8.9000      9.4556      8.9000      8.9000      8.9000
     11.6000     11.6000     12.0444     13.1556     13.0444     13.6000
     11.3556      8.9000      8.9000      8.3444      9.4556      8.9000
      8.3444      9.4556      8.3444      8.9000      9.4556      8.3444
      9.4556      8.3444      9.4556      8.3444      9.4556      8.3444
      9.4556      8.3444      9.4556      8.3444     14.0000     13.2000
     11.6000     12.1556     13.0444     14.0000     13.7556     11.0444
     12.1556     11.0444     12.1556     11.6000     11.0444     13.6000
     13.6000     12.6000     13.1556      8.3444      9.4556      8.9000
      8.9000      8.9000     10.2444     13.1556     12.0444      9.4556

      0.0000      0.0000      0.0000      5.4040      5.5000      0.0000
      0.0000      0.0000      0.0000      0.0000      0.0000      3.7147
      3.2782      3.4964      3.7147      3.2782      3.7147      3.2782
      3.7147      3.2782      3.7147      3.2782      5.5000      5.1857
      5.5000      5.4040      5.1246      4.7754      3.4964      3.2782
      5.3429      5.4040      5.5000      0.0000      4.5571      4.7754
      3.2782      3.4964      3.7147      3.4964      3.4964      3.4964
      4.5571      4.5571      0.0000      5.1683      0.0000      0.0000
      4.4611      3.4964      3.4964      3.2782      3.7147      0.0000
      0.0000      3.7147      3.2782      3.4964      3.7147      3.2782
      3.7147      0.0000      3.7147      3.2782      3.7147      3.2782
      3.7147      3.2782      3.7147      3.2782      5.5000      5.1857
      4.5571      4.7754      5.1246      5.5000      5.4040      4.3389
      4.7754      4.3389      4.7754      0.0000      0.0000      5.3429
      5.3429      4.9500      5.1683      3.2782      3.7147      3.4964
      0.0000      0.0000      0.0000      5.1683      0.0000      0.0000

   DONNEES POUR LA VALLEE N]32-ARAING   DATE: 22/03/10     2 USINE(S)     2 RESERVOIR(S)
  LAC N]**- ARAINR     0.1000E+04     15.740          -2.1600
    810.0000    810.0000    810.0000    810.0000    810.0000    810.0000
    810.0000    810.0000    810.0000    810.0000    810.0000    810.0000
    810.0000    810.0000    810.0000    810.0000    810.0000    810.0000
    810.0000    810.0000    810.0000    810.0000    810.0000    810.0000
    810.0000    810.0000    810.0000    810.0000    810.0000    810.0000
    810.0000    810.0000    810.0000    810.0000    810.0000    810.0000
    810.0000    810.0000    807.8400    807.8400    807.8400    807.8400
    807.8400    807.8400    807.8400    807.8400    807.8400    807.8400
    807.8400    807.8400    807.8400    807.8400    807.8400    807.8400
    807.8400    807.8400    807.8400    807.8400    807.8400    807.8400
    807.8400    807.8400    807.8400    807.8400    807.8400    807.8400
    807.8400    807.8400    807.8400    807.8400    807.8400    807.8400
    807.8400    807.8400    807.8400    807.8400    807.8400    807.8400
    807.8400    807.8400    807.8400    807.8400    807.8400    807.8400
    807.8400    807.8400    807.8400    807.8400    807.8400    807.8400
    807.8400    807.8400    807.8400    807.8400    807.8400    807.8400

  LAC N]**- BORD5R     0.1000E+04      0.000           0.0000
      0.0000      0.0000      0.0000      0.0000      0.0000      0.0000
      0.0000      0.0000      0.0000      0.0000      0.0000      0.0000
      0.0000      0.0000      0.0000      0.0000      0.0000      0.0000
      0.0000      0.0000      0.0000      0.0000      0.0000      0.0000
      0.0000      0.0000      0.0000      0.0000      0.0000      0.0000
      0.0000      0.0000      0.0000      0.0000      0.0000      0.0000
      0.0000      0.0000      0.0000      0.0000      0.0000      0.0000
      0.0000      0.0000      0.0000      0.0000      0.0000      0.0000
      0.0000      0.0000      0.0000      0.0000      0.0000      0.0000
      0.0000      0.0000      0.0000      0.0000      0.0000      0.0000
      0.0000      0.0000      0.0000      0.0000      0.0000      0.0000
      0.0000      0.0000      0.0000      0.0000      0.0000      0.0000
      0.0000      0.0000      0.0000      0.0000      0.0000      0.0000
      0.0000      0.0000      0.0000      0.0000      0.0000      0.0000
      0.0000      0.0000      0.0000      0.0000      0.0000      0.0000
      0.0000      0.0000      0.0000      0.0000      0.0000      0.0000

  USINE N]**- EYLIEH   **  **           2.1600
      0.0000      0.0000      0.0000      0.0000      0.0000      0.0000
      0.0000      0.0000      0.0000      0.0000      0.0000      0.0000
      0.0000      0.0000      0.0000      0.0000      0.0000      0.0000
      0.0000      0.0000      0.0000      0.0000      0.0000      0.0000
      0.0000      0.0000      0.0000      0.0000      0.0000      0.0000
      0.0000      0.0000      0.0000      0.0000      0.0000      0.0000
      0.0000      0.0000      1.2000      0.0000      0.0000      0.0000
      0.0000      0.0000      0.0000      0.0000      0.0000      0.0000
      0.0000      0.0000      0.0000      0.0000      0.0000      0.0000
      0.0000      0.0000      0.0000      0.0000      0.0000      0.0000
      0.0000      0.0000      0.0000      0.0000      0.0000      0.0000
      0.0000      0.0000      0.0000      0.0000      0.0000      0.0000
      0.0000      0.0000      0.0000      0.0000      0.0000      0.0000
      0.0000      0.0000      0.0000      0.0000      0.0000      0.0000
      0.0000      0.0000      0.0000      0.0000      0.0000      0.0000
      0.0000      0.0000      0.0000      0.0000      0.0000      0.0000

      0.0000      0.0000      0.0000      0.0000      0.0000      0.0000
      0.0000      0.0000      0.0000      0.0000      0.0000      0.0000
      0.0000      0.0000      0.0000      0.0000      0.0000      0.0000
      0.0000      0.0000      0.0000      0.0000      0.0000      0.0000
      0.0000      0.0000      0.0000      0.0000      0.0000      0.0000
      0.0000      0.0000      0.0000      0.0000      0.0000      0.0000
      0.0000      0.0000      4.5000      0.0000      0.0000      0.0000
      0.0000      0.0000      0.0000      0.0000      0.0000      0.0000
      0.0000      0.0000      0.0000      0.0000      0.0000      0.0000
      0.0000      0.0000      0.0000      0.0000      0.0000      0.0000
      0.0000      0.0000      0.0000      0.0000      0.0000      0.0000
      0.0000      0.0000      0.0000      0.0000      0.0000      0.0000
      0.0000      0.0000      0.0000      0.0000      0.0000      0.0000
      0.0000      0.0000      0.0000      0.0000      0.0000      0.0000
      0.0000      0.0000      0.0000      0.0000      0.0000      0.0000
      0.0000      0.0000      0.0000      0.0000      0.0000      0.0000

  USINE N]**- BORD5H   **   0         520.5600
      3.0000      3.0000      3.0000      3.0000      3.0000      3.0000
      3.0000      3.0000      3.0000      3.0000      3.0000      3.0000
      3.0000      3.0000      3.0000      3.0000      3.0000      3.0000
      3.0000      3.0000      3.0000      3.0000      3.0000      3.0000
      3.0000      3.0000      3.0000      3.0000      3.0000      3.0000
      3.0000      3.0000      3.0000      3.0000      3.0000      3.0000
      3.0000      3.0000      3.0000      3.0000      3.0000      4.2000
      3.0000      3.0000      3.0000      3.0000      3.0000      3.0000
      3.0000      3.0000      3.0000      3.0000      3.0000      3.0000
      3.0000      3.0000      3.0000      3.0000      3.0000      3.0000
      3.0000      3.0000      3.0000      3.0000      3.0000      3.0000
      3.0000      3.0000      3.0000      3.0000      3.0000      3.0000
      3.0000      3.0000      3.0000      3.0000      3.0000      3.0000
      3.0000      3.0000      3.0000      3.0000      3.0000      3.0000
      3.0000      3.0000      3.0000      3.0000      3.0000      3.0000
      3.0000      3.0000      3.0000      3.0000      3.0000      3.0000

      0.0000      0.0000      0.0000      0.0000      0.0000      0.0000
      0.0000      0.0000      0.0000      1.6875      1.6875      1.6875
      1.6875      1.6875      1.6875      1.6875      1.6875      1.6875
      1.6875      1.6875      1.6875      1.6875      1.6875      1.6875
      1.6875      1.6875      1.6875      1.6875      1.6875      1.6875
      1.6875      1.6875      1.6875      1.6875      1.6875      1.6875
      1.6875      1.6875      1.6875      1.6875      1.6875      2.3625
      1.6875      1.6875      1.6875      0.0000      1.6875      1.6875
      1.6875      1.6875      0.0000      1.6875      1.6875      0.0000
      0.0000      0.0000      0.0000      0.0000      0.0000      0.0000
      0.0000      0.0000      1.6875      1.6875      1.6875      1.6875
      1.6875      1.6875      1.6875      1.6875      1.6875      1.6875
      1.6875      1.6875      1.6875      1.6875      0.0000      0.0000
      1.6875      1.6875      0.0000      0.0000      1.6875      0.0000
      0.0000      1.6875      1.6875      1.6875      1.6875      0.0000
      0.0000      0.0000      0.0000      1.6875      0.0000      0.0000

   DONNEES POUR LA VALLEE N]33-VICDESSO DATE: 22/03/10     5 USINE(S)     5 RESERVOIR(S)
  LAC N]**- GNIOUR     0.1000E+04      0.290           0.0000
      0.0000      0.0000      0.0000      0.0000      0.0000      0.0000
      0.0000      0.0000      0.0000      0.0000      0.0000      0.0000
      0.0000      0.0000      0.0000      0.0000      0.0000      0.0000
      0.0000      0.0000      0.0000      0.0000      0.0000      0.0000
      0.0000      0.0000      0.0000      0.0000      0.0000      0.0000
      0.0000      0.0000      0.0000      0.0000      0.0000      0.0000
      0.0000      0.0000      0.0000      0.0000      0.0000      0.0000
      0.0000      0.0000      0.0000      0.0000      0.0000      0.0000
      0.0000      0.0000      0.0000      0.0000      0.0000      0.0000
      0.0000      0.0000      0.0000      0.0000      0.0000      0.0000
      0.0000      0.0000      0.0000      0.0000      0.0000      0.0000
      0.0000      0.0000      0.0000      0.0000      0.0000      0.0000
      0.0000      0.0000      0.0000      0.0000      0.0000      0.0000
      0.0000      0.0000      0.0000      0.0000      0.0000      0.0000
      0.0000      0.0000      0.0000      0.0000      0.0000      0.0000
      0.0000      0.0000      0.0000      0.0000      0.0000      0.0000

  LAC N]**- AUZATR     0.1000E+04      0.000           0.0000
      0.0000      0.0000      0.0000      0.0000      0.0000      0.0000
      0.0000      0.0000      0.0000      0.0000      0.0000      0.0000
      0.0000      0.0000      0.0000      0.0000      0.0000      0.0000
      0.0000      0.0000      0.0000      0.0000      0.0000      0.0000
      0.0000      0.0000      0.0000      0.0000      0.0000      0.0000
      0.0000      0.0000      0.0000      0.0000      0.0000      0.0000
      0.0000      0.0000      0.0000      0.0000      0.0000      0.0000
      0.0000      0.0000      0.0000      0.0000      0.0000      0.0000
      0.0000      0.0000      0.0000      0.0000      0.0000      0.0000
      0.0000      0.0000      0.0000      0.0000      0.0000      0.0000
      0.0000      0.0000      0.0000      0.0000      0.0000      0.0000
      0.0000      0.0000      0.0000      0.0000      0.0000      0.0000
      0.0000      0.0000      0.0000      0.0000      0.0000      0.0000
      0.0000      0.0000      0.0000      0.0000      0.0000      0.0000
      0.0000      0.0000      0.0000      0.0000      0.0000      0.0000
      0.0000      0.0000      0.0000      0.0000      0.0000      0.0000

  LAC N]**- IZOURR     0.1000E+04     12.580          -5.7600
    694.0000    694.0000    694.0000    694.0000    694.0000    694.0000
    694.0000    694.0000    694.0000    694.0000    694.0000    694.0000
    694.0000    694.0000    694.0000    694.0000    694.0000    694.0000
    694.0000    694.0000    694.0000    694.0000    694.0000    694.0000
    694.0000    694.0000    694.0000    694.0000    694.0000    694.0000
    694.0000    694.0000    694.0000    694.0000    694.0000    694.0000
    694.0000    694.0000    688.2400    688.2400    688.2400    688.2400
    688.2400    688.2400    688.2400    688.2400    688.2400    688.2400
    688.2400    688.2400    688.2400    688.2400    688.2400    688.2400
    688.2400    688.2400    688.2400    688.2400    688.2400    688.2400
    688.2400    688.2400    688.2400    688.2400    688.2400    688.2400
    688.2400    688.2400    688.2400    688.2400    688.2400    688.2400
    688.2400    688.2400    688.2400    688.2400    688.2400    688.2400
    688.2400    688.2400    688.2400    688.2400    688.2400    688.2400
    688.2400    688.2400    688.2400    688.2400    688.2400    688.2400
    688.2400    688.2400    688.2400    688.2400    688.2400    688.2400

  LAC N]**- SOULCR     0.1000E+04     10.240         -71.5500
   4614.0000   4614.0000   4614.0000   4614.0000   4614.0000   4614.0000
   4614.0000   4614.0000   4614.0000   4614.0000   4614.0000   4614.0000
   4614.0000   4614.0000   4610.7600   4607.5200   4604.2800   4601.0400
   4597.8000   4594.5600   4591.3200   4588.0800   4584.8400   4584.8400
   4584.8400   4581.6000   4581.6000   4581.6000   4581.6000   4581.6000
   4581.6000   4581.6000   4581.6000   4578.3600   4575.1200   4566.5700
   4558.0200   4551.0000   4542.4500   4542.4500   4542.4500   4542.4500
   4542.4500   4542.4500   4542.4500   4542.4500   4542.4500   4542.4500
   4542.4500   4542.4500   4542.4500   4542.4500   4542.4500   4542.4500
   4542.4500   4542.4500   4542.4500   4542.4500   4542.4500   4542.4500
   4542.4500   4542.4500   4542.4500   4542.4500   4542.4500   4542.4500
   4542.4500   4542.4500   4542.4500   4542.4500   4542.4500   4542.4500
   4542.4500   4542.4500   4542.4500   4542.4500   4542.4500   4542.4500
   4542.4500   4542.4500   4542.4500   4542.4500   4542.4500   4542.4500
   4542.4500   4542.4500   4542.4500   4542.4500   4542.4500   4542.4500
   4542.4500   4542.4500   4542.4500   4542.4500   4542.4500   4542.4500

  LAC N]**- SABARR     0.1000E+04      0.000           0.0000
      0.0000      0.0000      0.0000      0.0000      0.0000      0.0000
      0.0000      0.0000      0.0000      0.0000      0.0000      0.0000
      0.0000      0.0000      0.0000      0.0000      0.0000      0.0000
      0.0000      0.0000      0.0000      0.0000      0.0000      0.0000
      0.0000      0.0000      0.0000      0.0000      0.0000      0.0000
      0.0000      0.0000      0.0000      0.0000      0.0000      0.0000
      0.0000      0.0000      0.0000      0.0000      0.0000      0.0000
      0.0000      0.0000      0.0000      0.0000      0.0000      0.0000
      0.0000      0.0000      0.0000      0.0000      0.0000      0.0000
      0.0000      0.0000      0.0000      0.0000      0.0000      0.0000
      0.0000      0.0000      0.0000      0.0000      0.0000      0.0000
      0.0000      0.0000      0.0000      0.0000      0.0000      0.0000
      0.0000      0.0000      0.0000      0.0000      0.0000      0.0000
      0.0000      0.0000      0.0000      0.0000      0.0000      0.0000
      0.0000      0.0000      0.0000      0.0000      0.0000      0.0000
      0.0000      0.0000      0.0000      0.0000      0.0000      0.0000

  USINE N]**- PRADIH   **  **           0.0000
      0.0000      0.0000      0.0000      0.0000      0.0000      0.0000
      0.0000      0.0000      0.0000      0.0000      0.0000      0.0000
      0.0000      0.0000      0.0000      0.0000      0.0000      0.0000
      0.0000      0.0000      0.0000      0.0000      0.0000      0.0000
      0.0000      0.0000      0.0000      0.0000      0.0000      0.0000
      0.0000      0.0000      0.0000      0.0000      0.0000      0.0000
      0.0000      0.0000      0.0000      0.0000      0.0000      0.0000
      0.0000      0.0000      0.0000      0.0000      0.0000      0.0000
      0.0000      0.0000      0.0000      0.0000      0.0000      0.0000
      0.0000      0.0000      0.0000      0.0000      0.0000      0.0000
      0.0000      0.0000      0.0000      0.0000      0.0000      0.0000
      0.0000      0.0000      0.0000      0.0000      0.0000      0.0000
      0.0000      0.0000      0.0000      0.0000      0.0000      0.0000
      0.0000      0.0000      0.0000      0.0000      0.0000      0.0000
      0.0000      0.0000      0.0000      0.0000      0.0000      0.0000
      0.0000      0.0000      0.0000      0.0000      0.0000      0.0000

      0.0000      0.0000      0.0000      0.0000      0.0000      0.0000
      0.0000      0.0000      0.0000      0.0000      0.0000      0.0000
      0.0000      0.0000      0.0000      0.0000      0.0000      0.0000
      0.0000      0.0000      0.0000      0.0000      0.0000      0.0000
      0.0000      0.0000      0.0000      0.0000      0.0000      0.0000
      0.0000      0.0000      0.0000      0.0000      0.0000      0.0000
      0.0000      0.0000      0.0000      0.0000      0.0000      0.0000
      0.0000      0.0000      0.0000      0.0000      0.0000      0.0000
      0.0000      0.0000      0.0000      0.0000      0.0000      0.0000
      0.0000      0.0000      0.0000      0.0000      0.0000      0.0000
      0.0000      0.0000      0.0000      0.0000      0.0000      0.0000
      0.0000      0.0000      0.0000      0.0000      0.0000      0.0000
      0.0000      0.0000      0.0000      0.0000      0.0000      0.0000
      0.0000      0.0000      0.0000      0.0000      0.0000      0.0000
      0.0000      0.0000      0.0000      0.0000      0.0000      0.0000
      0.0000      0.0000      0.0000      0.0000      0.0000      0.0000

  USINE N]**- PRAD8H   **  **           5.7600
      0.0000      0.0000      0.0000      0.0000      0.0000      0.0000
      0.0000      0.0000      0.0000      0.0000      0.0000      0.0000
      0.0000      0.0000      0.0000      0.0000      0.0000      0.0000
      0.0000      0.0000      0.0000      0.0000      0.0000      0.0000
      0.0000      0.0000      0.0000      0.0000      0.0000      0.0000
      0.0000      0.0000      0.0000      0.0000      0.0000      0.0000
      0.0000      0.0000      3.2000      0.0000      0.0000      0.0000
      0.0000      0.0000      0.0000      0.0000      0.0000      0.0000
      0.0000      0.0000      0.0000      0.0000      0.0000      0.0000
      0.0000      0.0000      0.0000      0.0000      0.0000      0.0000
      0.0000      0.0000      0.0000      0.0000      0.0000      0.0000
      0.0000      0.0000      0.0000      0.0000      0.0000      0.0000
      0.0000      0.0000      0.0000      0.0000      0.0000      0.0000
      0.0000      0.0000      0.0000      0.0000      0.0000      0.0000
      0.0000      0.0000      0.0000      0.0000      0.0000      0.0000
      0.0000      0.0000      0.0000      0.0000      0.0000      0.0000

      0.0000      0.0000      0.0000      0.0000      0.0000      0.0000
      0.0000      0.0000      0.0000      0.0000      0.0000      0.0000
      0.0000      0.0000      0.0000      0.0000      0.0000      0.0000
      0.0000      0.0000      0.0000      0.0000      0.0000      0.0000
      0.0000      0.0000      0.0000      0.0000      0.0000      0.0000
      0.0000      0.0000      0.0000      0.0000      0.0000      0.0000
      0.0000      0.0000      5.5000      0.0000      0.0000      0.0000
      0.0000      0.0000      0.0000      0.0000      0.0000      0.0000
      0.0000      0.0000      0.0000      0.0000      0.0000      0.0000
      0.0000      0.0000      0.0000      0.0000      0.0000      0.0000
      0.0000      0.0000      0.0000      0.0000      0.0000      0.0000
      0.0000      0.0000      0.0000      0.0000      0.0000      0.0000
      0.0000      0.0000      0.0000      0.0000      0.0000      0.0000
      0.0000      0.0000      0.0000      0.0000      0.0000      0.0000
      0.0000      0.0000      0.0000      0.0000      0.0000      0.0000
      0.0000      0.0000      0.0000      0.0000      0.0000      0.0000

  USINE N]**- SOULCH   **  **          71.5500
      0.0000      0.0000      0.0000      0.0000      0.0000      0.0000
      0.0000      0.0000      0.0000      0.0000      0.0000      0.0000
      0.0000      0.0000      1.8000      1.8000      1.8000      1.8000
      1.8000      1.8000      1.8000      1.8000      1.8000      0.0000
      0.0000      1.8000      0.0000      0.0000      0.0000      0.0000
      0.0000      0.0000      0.0000      1.8000      1.8000      4.7500
      4.7500      3.9000      4.7500      0.0000      0.0000      0.0000
      0.0000      0.0000      0.0000      0.0000      0.0000      0.0000
      0.0000      0.0000      0.0000      0.0000      0.0000      0.0000
      0.0000      0.0000      0.0000      0.0000      0.0000      0.0000
      0.0000      0.0000      0.0000      0.0000      0.0000      0.0000
      0.0000      0.0000      0.0000      0.0000      0.0000      0.0000
      0.0000      0.0000      0.0000      0.0000      0.0000      0.0000
      0.0000      0.0000      0.0000      0.0000      0.0000      0.0000
      0.0000      0.0000      0.0000      0.0000      0.0000      0.0000
      0.0000      0.0000      0.0000      0.0000      0.0000      0.0000

      0.0000      0.0000      0.0000      0.0000      0.0000      0.0000
      0.0000      0.0000      0.0000      0.0000      0.0000      0.0000
      0.0000      0.0000      2.4632      2.4632      2.4632      2.4632
      2.4632      2.4632      2.4632      2.4632      2.4632      0.0000
      0.0000      2.4632      0.0000      0.0000      0.0000      0.0000
      0.0000      0.0000      0.0000      2.4632      2.4632      6.5000
      6.5000      5.3368      6.5000      0.0000      0.0000      0.0000
      0.0000      0.0000      0.0000      0.0000      0.0000      0.0000
      0.0000      0.0000      0.0000      0.0000      0.0000      0.0000
      0.0000      0.0000      0.0000      0.0000      0.0000      0.0000
      0.0000      0.0000      0.0000      0.0000      0.0000      0.0000
      0.0000      0.0000      0.0000      0.0000      0.0000      0.0000
      0.0000      0.0000      0.0000      0.0000      0.0000      0.0000
      0.0000      0.0000      0.0000      0.0000      0.0000      0.0000
      0.0000      0.0000      0.0000      0.0000      0.0000      0.0000
      0.0000      0.0000      0.0000      0.0000      0.0000      0.0000

  USINE N]**- AUZATH   **  **         630.2700
      3.2000      3.2000      3.2000      3.2000      3.2000      3.2000
      3.2000      3.2000      3.2000      3.2000      3.2000      3.2000
      3.2000      3.2000      3.2000      3.2000      3.2000      5.0000
      5.0000      5.0000      5.0000      5.0000      5.0000      5.0000
      5.0000      5.0000      3.2000      3.2000      5.0000      3.2000
      3.2000      3.2000      3.2000      3.2000      3.2000      3.2000
      5.0000      5.0000      7.9500      7.9500      7.1000     11.1500
      3.2000      3.2000      3.2000      3.2000      3.2000      3.2000
      3.2000      3.2000      3.2000      3.2000      3.2000      3.2000
      3.2000      3.2000      3.2000      3.2000      3.2000      3.2000
      3.2000      3.2000      3.2000      3.2000      3.2000      3.2000
      3.2000      3.2000      3.2000      3.2000      3.2000      3.2000
      3.2000      3.2000      3.2000      3.2000      3.2000      3.2000
      3.2000      3.2000      3.2000      3.2000      3.2000      3.2000
      3.2000      3.2000      3.2000      3.2000      3.2000      3.2000
      3.2000      3.2000      3.2000      3.2000      3.2000      3.2000

      5.1358      5.1358      5.1358      5.1358      5.1358      5.1358
      5.1358      5.1358      5.1358      5.8592      5.8592      5.8592
      5.8592      5.8592      5.8592      5.8592      5.8592      9.1549
      9.1549      9.1549      9.1549      9.1549      9.1549      9.1549
      9.1549      9.1549      5.8592      5.8592      9.1549      5.8592
      5.8592      5.8592      5.8592      5.8592      5.8592      5.8592
      9.1549      9.1549     14.3642     14.3642     13.0000     19.5000
      5.8592      5.8592      5.8592      5.1358      5.8592      5.8592
      5.8592      5.8592      5.1358      5.8592      5.8592      5.1358
      5.1358      5.1358      5.1358      5.1358      5.1358      5.1358
      5.1358      5.1358      5.8592      5.8592      5.8592      5.8592
      5.8592      5.8592      5.8592      5.8592      5.8592      5.8592
      5.8592      5.8592      5.8592      5.8592      5.1358      5.1358
      5.8592      5.8592      5.1358      5.1358      5.8592      5.1358
      5.1358      5.8592      5.8592      5.8592      5.8592      5.1358
      5.1358      5.1358      5.1358      5.8592      5.1358      5.1358

  USINE N]**- SABARH   **   0        2532.1500
     14.4000     14.4000     14.4000     14.2000     14.2000     14.2000
     14.2000     14.2000     14.2000     14.2000     14.2000     14.2000
     14.2000     14.2000     14.2000     14.2000     14.2000     14.2000
     14.2000     14.2000     16.0000     16.0000     16.0000     16.0000
     16.0000     16.0000     16.0000     16.0000     16.0000     14.2000
     14.2000     16.0000     14.2000     14.2000     14.2000     14.2000
     14.2000     14.2000     14.2000     16.0000     16.0000     18.9500
     18.9500     18.1000     22.1500     14.2000     14.2000     14.2000
     14.2000     14.2000     14.2000     14.2000     14.2000     14.2000
     14.2000     14.2000     14.2000     14.2000     14.2000     14.2000
     14.2000     14.2000     14.2000     14.2000     14.2000     14.2000
     14.2000     14.2000     14.2000     14.2000     14.2000     14.2000
     14.2000     14.2000     14.2000     14.2000     14.2000     14.2000
     14.2000     14.2000     14.2000     14.2000     14.2000     14.2000
     14.2000     14.2000     14.2000     14.2000     14.2000     14.2000
     14.2000     14.2000     14.2000     14.2000     14.2000     14.2000

      0.0000      0.0000      0.0000      0.0000      0.0000      0.0000
      0.0000      0.0000      0.0000     14.2000     14.2000     14.2000
     14.2000     14.2000     14.2000     14.2000     14.2000     14.2000
     14.2000     14.2000     16.0000     16.0000     16.0000     16.0000
     16.0000     16.0000     16.0000     16.0000     16.0000     14.2000
     14.2000     16.0000     14.2000     14.2000     14.2000     14.2000
     14.2000     14.2000     14.2000     16.0000     16.0000     16.0000
     16.0000     16.0000     16.0000      0.0000     14.2000     14.2000
     14.2000     14.2000      0.0000     14.2000     14.2000      0.0000
      0.0000      0.0000      0.0000      0.0000      0.0000      0.0000
      0.0000      0.0000     14.2000     14.2000     14.2000     14.2000
     14.2000     14.2000     14.2000     14.2000     14.2000     14.2000
     14.2000     14.2000     14.2000     14.2000      0.0000      0.0000
     14.2000     14.2000      0.0000      0.0000     14.2000      0.0000
      0.0000     14.2000     14.2000     14.2000     14.2000      0.0000
      0.0000      0.0000      0.0000     14.2000      0.0000      0.0000

   DONNEES POUR LA VALLEE N]34-AUDE     DATE: 22/03/10     2 USINE(S)     2 RESERVOIR(S)
  LAC N]**- PUYVAR     0.1000E+04      7.930           0.0000
   2303.0000   2303.0000   2303.0000   2303.0000   2303.0000   2303.0000
   2303.0000   2303.0000   2303.0000   2303.0000   2303.0000   2303.0000
   2303.0000   2303.0000   2303.0000   2303.0000   2303.0000   2303.0000
   2303.0000   2303.0000   2303.0000   2303.0000   2303.0000   2303.0000
   2303.0000   2303.0000   2303.0000   2303.0000   2303.0000   2303.0000
   2303.0000   2303.0000   2303.0000   2303.0000   2303.0000   2303.0000
   2303.0000   2303.0000   2303.0000   2303.0000   2303.0000   2303.0000
   2303.0000   2303.0000   2303.0000   2303.0000   2303.0000   2303.0000
   2303.0000   2303.0000   2303.0000   2303.0000   2303.0000   2303.0000
   2303.0000   2303.0000   2303.0000   2303.0000   2303.0000   2303.0000
   2303.0000   2303.0000   2303.0000   2303.0000   2303.0000   2303.0000
   2303.0000   2303.0000   2303.0000   2303.0000   2303.0000   2303.0000
   2303.0000   2303.0000   2303.0000   2303.0000   2303.0000   2303.0000
   2303.0000   2303.0000   2303.0000   2303.0000   2303.0000   2303.0000
   2303.0000   2303.0000   2303.0000   2303.0000   2303.0000   2303.0000
   2303.0000   2303.0000   2303.0000   2303.0000   2303.0000   2303.0000

  LAC N]**- NENTIR     0.1000E+04      0.000           0.0000
      0.0000      0.0000      0.0000      0.0000      0.0000      0.0000
      0.0000      0.0000      0.0000      0.0000      0.0000      0.0000
      0.0000      0.0000      0.0000      0.0000      0.0000      0.0000
      0.0000      0.0000      0.0000      0.0000      0.0000      0.0000
      0.0000      0.0000      0.0000      0.0000      0.0000      0.0000
      0.0000      0.0000      0.0000      0.0000      0.0000      0.0000
      0.0000      0.0000      0.0000      0.0000      0.0000      0.0000
      0.0000      0.0000      0.0000      0.0000      0.0000      0.0000
      0.0000      0.0000      0.0000      0.0000      0.0000      0.0000
      0.0000      0.0000      0.0000      0.0000      0.0000      0.0000
      0.0000      0.0000      0.0000      0.0000      0.0000      0.0000
      0.0000      0.0000      0.0000      0.0000      0.0000      0.0000
      0.0000      0.0000      0.0000      0.0000      0.0000      0.0000
      0.0000      0.0000      0.0000      0.0000      0.0000      0.0000
      0.0000      0.0000      0.0000      0.0000      0.0000      0.0000
      0.0000      0.0000      0.0000      0.0000      0.0000      0.0000

  USINE N]**- ESCO2H   **  **           0.0000
      0.0000      0.0000      0.0000      0.0000      0.0000      0.0000
      0.0000      0.0000      0.0000      0.0000      0.0000      0.0000
      0.0000      0.0000      0.0000      0.0000      0.0000      0.0000
      0.0000      0.0000      0.0000      0.0000      0.0000      0.0000
      0.0000      0.0000      0.0000      0.0000      0.0000      0.0000
      0.0000      0.0000      0.0000      0.0000      0.0000      0.0000
      0.0000      0.0000      0.0000      0.0000      0.0000      0.0000
      0.0000      0.0000      0.0000      0.0000      0.0000      0.0000
      0.0000      0.0000      0.0000      0.0000      0.0000      0.0000
      0.0000      0.0000      0.0000      0.0000      0.0000      0.0000
      0.0000      0.0000      0.0000      0.0000      0.0000      0.0000
      0.0000      0.0000      0.0000      0.0000      0.0000      0.0000
      0.0000      0.0000      0.0000      0.0000      0.0000      0.0000
      0.0000      0.0000      0.0000      0.0000      0.0000      0.0000
      0.0000      0.0000      0.0000      0.0000      0.0000      0.0000
      0.0000      0.0000      0.0000      0.0000      0.0000      0.0000

      0.0000      0.0000      0.0000      0.0000      0.0000      0.0000
      0.0000      0.0000      0.0000      0.0000      0.0000      0.0000
      0.0000      0.0000      0.0000      0.0000      0.0000      0.0000
      0.0000      0.0000      0.0000      0.0000      0.0000      0.0000
      0.0000      0.0000      0.0000      0.0000      0.0000      0.0000
      0.0000      0.0000      0.0000      0.0000      0.0000      0.0000
      0.0000      0.0000      0.0000      0.0000      0.0000      0.0000
      0.0000      0.0000      0.0000      0.0000      0.0000      0.0000
      0.0000      0.0000      0.0000      0.0000      0.0000      0.0000
      0.0000      0.0000      0.0000      0.0000      0.0000      0.0000
      0.0000      0.0000      0.0000      0.0000      0.0000      0.0000
      0.0000      0.0000      0.0000      0.0000      0.0000      0.0000
      0.0000      0.0000      0.0000      0.0000      0.0000      0.0000
      0.0000      0.0000      0.0000      0.0000      0.0000      0.0000
      0.0000      0.0000      0.0000      0.0000      0.0000      0.0000
      0.0000      0.0000      0.0000      0.0000      0.0000      0.0000

  USINE N]**- NENTIH   **   0           0.0000
      0.0000      0.0000      0.0000      0.0000      0.0000      0.0000
      0.0000      0.0000      0.0000      0.0000      0.0000      0.0000
      0.0000      0.0000      0.0000      0.0000      0.0000      0.0000
      0.0000      0.0000      0.0000      0.0000      0.0000      0.0000
      0.0000      0.0000      0.0000      0.0000      0.0000      0.0000
      0.0000      0.0000      0.0000      0.0000      0.0000      0.0000
      0.0000      0.0000      0.0000      0.0000      0.0000      0.0000
      0.0000      0.0000      0.0000      0.0000      0.0000      0.0000
      0.0000      0.0000      0.0000      0.0000      0.0000      0.0000
      0.0000      0.0000      0.0000      0.0000      0.0000      0.0000
      0.0000      0.0000      0.0000      0.0000      0.0000      0.0000
      0.0000      0.0000      0.0000      0.0000      0.0000      0.0000
      0.0000      0.0000      0.0000      0.0000      0.0000      0.0000
      0.0000      0.0000      0.0000      0.0000      0.0000      0.0000
      0.0000      0.0000      0.0000      0.0000      0.0000      0.0000
      0.0000      0.0000      0.0000      0.0000      0.0000      0.0000

      0.0000      0.0000      0.0000      0.0000      0.0000      0.0000
      0.0000      0.0000      0.0000      0.0000      0.0000      0.0000
      0.0000      0.0000      0.0000      0.0000      0.0000      0.0000
      0.0000      0.0000      0.0000      0.0000      0.0000      0.0000
      0.0000      0.0000      0.0000      0.0000      0.0000      0.0000
      0.0000      0.0000      0.0000      0.0000      0.0000      0.0000
      0.0000      0.0000      0.0000      0.0000      0.0000      0.0000
      0.0000      0.0000      0.0000      0.0000      0.0000      0.0000
      0.0000      0.0000      0.0000      0.0000      0.0000      0.0000
      0.0000      0.0000      0.0000      0.0000      0.0000      0.0000
      0.0000      0.0000      0.0000      0.0000      0.0000      0.0000
      0.0000      0.0000      0.0000      0.0000      0.0000      0.0000
      0.0000      0.0000      0.0000      0.0000      0.0000      0.0000
      0.0000      0.0000      0.0000      0.0000      0.0000      0.0000
      0.0000      0.0000      0.0000      0.0000      0.0000      0.0000
      0.0000      0.0000      0.0000      0.0000      0.0000      0.0000

   DONNEES POUR LA VALLEE N]35-AGOUT    DATE: 22/03/10     4 USINE(S)     4 RESERVOIR(S)
  LAC N]**- RAVIER     0.1000E+04      4.030         -21.6000
  21297.0000  21297.0000  21297.0000  21297.0000  21297.0000  21297.0000
  21297.0000  21297.0000  21297.0000  21297.0000  21297.0000  21297.0000
  21297.0000  21297.0000  21297.0000  21297.0000  21297.0000  21297.0000
  21297.0000  21297.0000  21297.0000  21297.0000  21297.0000  21297.0000
  21297.0000  21297.0000  21297.0000  21297.0000  21297.0000  21297.0000
  21297.0000  21297.0000  21297.0000  21297.0000  21297.0000  21297.0000
  21297.0000  21297.0000  21275.4000  21275.4000  21275.4000  21275.4000
  21275.4000  21275.4000  21275.4000  21275.4000  21275.4000  21275.4000
  21275.4000  21275.4000  21275.4000  21275.4000  21275.4000  21275.4000
  21275.4000  21275.4000  21275.4000  21275.4000  21275.4000  21275.4000
  21275.4000  21275.4000  21275.4000  21275.4000  21275.4000  21275.4000
  21275.4000  21275.4000  21275.4000  21275.4000  21275.4000  21275.4000
  21275.4000  21275.4000  21275.4000  21275.4000  21275.4000  21275.4000
  21275.4000  21275.4000  21275.4000  21275.4000  21275.4000  21275.4000
  21275.4000  21275.4000  21275.4000  21275.4000  21275.4000  21275.4000
  21275.4000  21275.4000  21275.4000  21275.4000  21275.4000  21275.4000

  LAC N]**- PONVIR     0.1000E+04      0.000          -8.6000
    151.0800    152.1600    153.2400    154.3200    155.4000    156.4800
    157.5600    158.6400    159.7200    160.8000    161.8800    162.9600
    164.0400    165.1200    166.2000    167.2800    168.3600    169.4400
    140.2800    141.3600    142.4400    143.5200    144.6000    145.6800
    146.7600    147.8400    148.9200    150.0000    151.0800    152.1600
    153.2400    154.3200    155.4000    156.4800    157.5600    158.6400
    159.7200    130.5600    123.0000     93.8400     82.0000     83.0800
     84.1600     85.2400     86.3200     87.4000     88.4800     89.5600
     90.6400     91.7200     92.8000     93.8800     94.9600     96.0400
     97.1200     98.2000     99.2800    100.3600    101.4400    102.5200
    103.6000    104.6800    105.7600    106.8400    107.9200    109.0000
    110.0800    111.1600    112.2400    113.3200    114.4000    115.4800
    116.5600    117.6400    118.7200    119.8000    120.8800    121.9600
    123.0400    124.1200    125.2000    126.2800    127.3600    128.4400
    129.5200    130.6000    131.6800    132.7600    133.8400    134.9200
    136.0000    137.0800    138.1600    139.2400    140.3200    141.4000

  LAC N]**- RECORR     0.1000E+04      0.000          84.4200
    251.1400    255.2800    259.4200    263.5600    267.7000    271.8400
    275.9800    280.1200    284.2600    288.4000    292.5400    296.6800
    300.8200    304.9600    309.1000    313.2400    304.4200    281.5600
    258.7000    235.8400    217.8800    245.7800    243.4400    241.1000
    218.2400    209.4200    213.5600    217.7000    221.8400    225.9800
    230.1200    234.2600    238.4000    242.5400    246.6800    250.8200
    254.9600    232.1000    202.0400    171.9800    179.3600    207.2600
    235.1600    245.7400    243.4000    241.0600    238.7200    236.3800
    240.5200    244.6600    248.8000    252.9400    257.0800    261.2200
    265.3600    269.5000    273.6400    277.7800    281.9200    286.0600
    290.2000    294.3400    298.4800    302.6200    306.7600    310.9000
    308.5600    306.2200    303.8800    301.5400    299.2000    296.8600
    294.5200    292.1800    296.3200    300.4600    304.6000    308.7400
    312.8800    317.0200    321.1600    325.3000    329.4400    333.5800
    337.7200    341.8600    346.0000    350.1400    347.8000    345.4600
    343.1200    340.7800    338.4400    336.1000    333.7600    331.4200

  LAC N]**- CARLAR     0.1000E+04      0.000           0.0000
      0.0000      0.0000      0.0000      0.0000      0.0000      0.0000
      0.0000      0.0000      0.0000      0.0000      0.0000      0.0000
      0.0000      0.0000      0.0000      0.0000      0.0000      0.0000
      0.0000      0.0000      0.0000      0.0000      0.0000      0.0000
      0.0000      0.0000      0.0000      0.0000      0.0000      0.0000
      0.0000      0.0000      0.0000      0.0000      0.0000      0.0000
      0.0000      0.0000      0.0000      0.0000      0.0000      0.0000
      0.0000      0.0000      0.0000      0.0000      0.0000      0.0000
      0.0000      0.0000      0.0000      0.0000      0.0000      0.0000
      0.0000      0.0000      0.0000      0.0000      0.0000      0.0000
      0.0000      0.0000      0.0000      0.0000      0.0000      0.0000
      0.0000      0.0000      0.0000      0.0000      0.0000      0.0000
      0.0000      0.0000      0.0000      0.0000      0.0000      0.0000
      0.0000      0.0000      0.0000      0.0000      0.0000      0.0000
      0.0000      0.0000      0.0000      0.0000      0.0000      0.0000
      0.0000      0.0000      0.0000      0.0000      0.0000      0.0000

  USINE N]**- RAVIEH   **  **          21.6000
      0.0000      0.0000      0.0000      0.0000      0.0000      0.0000
      0.0000      0.0000      0.0000      0.0000      0.0000      0.0000
      0.0000      0.0000      0.0000      0.0000      0.0000      0.0000
      0.0000      0.0000      0.0000      0.0000      0.0000      0.0000
      0.0000      0.0000      0.0000      0.0000      0.0000      0.0000
      0.0000      0.0000      0.0000      0.0000      0.0000      0.0000
      0.0000      0.0000     12.0000      0.0000      0.0000      0.0000
      0.0000      0.0000      0.0000      0.0000      0.0000      0.0000
      0.0000      0.0000      0.0000      0.0000      0.0000      0.0000
      0.0000      0.0000      0.0000      0.0000      0.0000      0.0000
      0.0000      0.0000      0.0000      0.0000      0.0000      0.0000
      0.0000      0.0000      0.0000      0.0000      0.0000      0.0000
      0.0000      0.0000      0.0000      0.0000      0.0000      0.0000
      0.0000      0.0000      0.0000      0.0000      0.0000      0.0000
      0.0000      0.0000      0.0000      0.0000      0.0000      0.0000
      0.0000      0.0000      0.0000      0.0000      0.0000      0.0000

      0.0000      0.0000      0.0000      0.0000      0.0000      0.0000
      0.0000      0.0000      0.0000      0.0000      0.0000      0.0000
      0.0000      0.0000      0.0000      0.0000      0.0000      0.0000
      0.0000      0.0000      0.0000      0.0000      0.0000      0.0000
      0.0000      0.0000      0.0000      0.0000      0.0000      0.0000
      0.0000      0.0000      0.0000      0.0000      0.0000      0.0000
      0.0000      0.0000      1.3000      0.0000      0.0000      0.0000
      0.0000      0.0000      0.0000      0.0000      0.0000      0.0000
      0.0000      0.0000      0.0000      0.0000      0.0000      0.0000
      0.0000      0.0000      0.0000      0.0000      0.0000      0.0000
      0.0000      0.0000      0.0000      0.0000      0.0000      0.0000
      0.0000      0.0000      0.0000      0.0000      0.0000      0.0000
      0.0000      0.0000      0.0000      0.0000      0.0000      0.0000
      0.0000      0.0000      0.0000      0.0000      0.0000      0.0000
      0.0000      0.0000      0.0000      0.0000      0.0000      0.0000
      0.0000      0.0000      0.0000      0.0000      0.0000      0.0000

  USINE N]**- BRAS5H   **  **         203.0000
      0.4000      0.4000      0.4000      0.4000      0.4000      0.4000
      0.4000      0.4000      0.4000      0.4000      0.4000      0.4000
      0.4000      0.4000      0.4000      0.4000      0.4000      0.4000
     17.2000      0.4000      0.4000      0.4000      0.4000      0.4000
      0.4000      0.4000      0.4000      0.4000      0.4000      0.4000
      0.4000      0.4000      0.4000      0.4000      0.4000      0.4000
      0.4000     17.2000     17.2000     17.2000      7.5778      0.4000
      0.4000      0.4000      0.4000      0.4000      0.4000      0.4000
      0.4000      0.4000      0.4000      0.4000      0.4000      0.4000
      0.4000      0.4000      0.4000      0.4000      0.4000      0.4000
      0.4000      0.4000      0.4000      0.4000      0.4000      0.4000
      0.4000      0.4000      0.4000      0.4000      0.4000      0.4000
      0.4000      0.4000      0.4000      0.4000      0.4000      0.4000
      0.4000      0.4000      0.4000      0.4000      0.4000      0.4000
      0.4000      0.4000      0.4000      0.4000      0.4000      0.4000
      0.4000      0.4000      0.4000      0.4000      0.4000      0.4000

      0.5000      0.5000      0.5000      0.5000      0.5000      0.5000
      0.5000      0.5000      0.5000      0.5000      0.5000      0.5000
      0.5000      0.5000      0.5000      0.5000      0.5000      0.5000
     10.0000      0.5000      0.5000      0.5000      0.5000      0.5000
      0.5000      0.5000      0.5000      0.5000      0.5000      0.5000
      0.5000      0.5000      0.5000      0.5000      0.5000      0.5000
      0.5000     10.0000     10.0000     10.0000      4.5725      0.5000
      0.5000      0.5000      0.5000      0.5000      0.5000      0.5000
      0.5000      0.5000      0.5000      0.5000      0.5000      0.5000
      0.5000      0.5000      0.5000      0.5000      0.5000      0.5000
      0.5000      0.5000      0.5000      0.5000      0.5000      0.5000
      0.5000      0.5000      0.5000      0.5000      0.5000      0.5000
      0.5000      0.5000      0.5000      0.5000      0.5000      0.5000
      0.5000      0.5000      0.5000      0.5000      0.5000      0.5000
      0.5000      0.5000      0.5000      0.5000      0.5000      0.5000
      0.5000      0.5000      0.5000      0.5000      0.5000      0.5000

  USINE N]**- LUZI2H   **  **         446.9000
      0.0000      0.0000      0.0000      0.0000      0.0000      0.0000
      0.0000      0.0000      0.0000      0.0000      0.0000      0.0000
      0.0000      0.0000      0.0000      0.0000      7.2000     15.0000
     15.0000     15.0000     12.2778      3.6000      3.6000      3.6000
     15.0000      7.2000      0.0000      0.0000      0.0000      0.0000
      0.0000      0.0000      0.0000      0.0000      0.0000      0.0000
      0.0000     15.0000     19.0000     19.0000     15.0000      3.6000
      3.6000      3.6000      3.6000      3.6000      3.6000      3.6000
      0.0000      0.0000      0.0000      0.0000      0.0000      0.0000
      0.0000      0.0000      0.0000      0.0000      0.0000      0.0000
      0.0000      0.0000      0.0000      0.0000      0.0000      0.0000
      3.6000      3.6000      3.6000      3.6000      3.6000      3.6000
      3.6000      3.6000      0.0000      0.0000      0.0000      0.0000
      0.0000      0.0000      0.0000      0.0000      0.0000      0.0000
      0.0000      0.0000      0.0000      0.0000      3.6000      3.6000
      3.6000      3.6000      3.6000      3.6000      3.6000      3.6000

      0.0000      0.0000      0.0000      0.0000      0.0000      0.0000
      0.0000      0.0000      0.0000      0.0000      0.0000      0.0000
      0.0000      0.0000      0.0000      0.0000      4.0000      8.0000
      8.0000      8.0000      6.6040      2.0000      2.0000      2.0000
      8.0000      4.0000      0.0000      0.0000      0.0000      0.0000
      0.0000      0.0000      0.0000      0.0000      0.0000      0.0000
      0.0000      8.0000      9.5000      9.5000      8.0000      2.0000
      2.0000      2.0000      2.0000      2.0000      2.0000      2.0000
      0.0000      0.0000      0.0000      0.0000      0.0000      0.0000
      0.0000      0.0000      0.0000      0.0000      0.0000      0.0000
      0.0000      0.0000      0.0000      0.0000      0.0000      0.0000
      2.0000      2.0000      2.0000      2.0000      2.0000      2.0000
      2.0000      2.0000      0.0000      0.0000      0.0000      0.0000
      0.0000      0.0000      0.0000      0.0000      0.0000      0.0000
      0.0000      0.0000      0.0000      0.0000      2.0000      2.0000
      2.0000      2.0000      2.0000      2.0000      2.0000      2.0000

  USINE N]**- CARLAH   **   0        1068.9800
      3.6000      3.6000      3.6000      3.6000      3.6000      3.6000
      3.6000      3.6000      3.6000      3.6000      3.6000      3.6000
      3.6000      3.6000      3.6000      3.6000     10.8000     18.6000
     18.6000     18.6000     15.8778      7.2000      7.2000      7.2000
     18.6000     10.8000      3.6000      3.6000      3.6000      3.6000
      3.6000      3.6000      3.6000      3.6000      3.6000      3.6000
      3.6000     18.6000     22.6000     22.6000     18.6000      7.2000
      7.2000      7.2000      7.2000      7.2000      7.2000      7.2000
      3.6000      3.6000      3.6000      3.6000      3.6000      3.6000
      3.6000      3.6000      3.6000      3.6000      3.6000      3.6000
      3.6000      3.6000      3.6000      3.6000      3.6000      3.6000
      7.2000      7.2000      7.2000      7.2000      7.2000      7.2000
      7.2000      7.2000      3.6000      3.6000      3.6000      3.6000
      3.6000      3.6000      3.6000      3.6000      3.6000      3.6000
      3.6000      3.6000      3.6000      3.6000      7.2000      7.2000
      7.2000      7.2000      7.2000      7.2000      7.2000      7.2000

      1.9200      1.9200      1.9200      1.9200      1.9200      1.9200
      1.9200      1.9200      1.9200      1.9200      1.9200      1.9200
      1.9200      1.9200      1.9200      1.9200      5.7600      9.9200
      9.9200      9.9200      8.4681      3.8400      3.8400      3.8400
      9.9200      5.7600      1.9200      1.9200      1.9200      1.9200
      1.9200      1.9200      1.9200      1.9200      1.9200      1.9200
      1.9200      9.9200     12.0533     12.0533      9.9200      3.8400
      3.8400      3.8400      3.8400      3.8400      3.8400      3.8400
      1.9200      1.9200      1.9200      1.9200      1.9200      1.9200
      1.9200      1.9200      1.9200      1.9200      1.9200      1.9200
      1.9200      1.9200      1.9200      1.9200      1.9200      1.9200
      3.8400      3.8400      3.8400      3.8400      3.8400      3.8400
      3.8400      3.8400      1.9200      1.9200      1.9200      1.9200
      1.9200      1.9200      1.9200      1.9200      1.9200      1.9200
      1.9200      1.9200      1.9200      1.9200      3.8400      3.8400
      3.8400      3.8400      3.8400      3.8400      3.8400      3.8400

