DATE DE DEBUT    0 DATE DE FIN   96 NB PAS DE TEMPS   96
 TYPE DE PARC UTILISE : THERMIQUE ET HYDRAULIQUE 
********************************************************************************

********************************************************************************

 SATISFACTION DES BESOINS / BILAN P - D 
********************************************************************************

MOYENNE DES ECARTS:

 BIL DEM :    9984.8348 BIL PRI :    -120.0684 BIL TEL :    -241.5037 BIL RES :       0.0000

  (---------------------- PUISSANCE ---------------------)(--------------------- PRIMAIRE ---------------)(--------------------- TELEREGLA ---------------)(---------------------  RESERVE  ---------------)
    MIN      MAX     DEMAND   P.THERM  P.HYDR    TOTAL    ECART      MAX     DEMAND   P.THERM  P.HYDR   TOTAL   ECART      MAX     DEMAND   P.THERM  P.HYDR    TOTAL   ECART    MAX     DEMAND   P.THERM  P.HYDR    TOTAL    ECART
 1  34708.5  54387.4  45910.6  44415.0    -74.4  44340.6  -1570.0   1613.4    542.6    412.0     82.9    494.9    -47.7   1467.0    871.2    640.0    265.3    905.3     34.0  19372.9      0.0   5215.0   7152.0  12367.0  12367.0
 2  30647.0  55120.4  43650.6  39033.5  -1559.4  37474.1  -6176.5   1622.4    547.6    786.0     12.1    798.1    250.5   1492.0    563.8    330.0      0.0    330.0   -233.8  19782.9      0.0   9553.0   8122.7  17675.7  17675.7
 3  28428.5  55518.4  44442.0  37490.0  -1759.1  35730.9  -8711.1   1732.4    548.6    856.0      9.0    865.0    316.4   1522.0    563.8    330.0      2.0    332.0   -231.8  27412.9      0.0  10915.0   8303.9  19218.9  19218.9
 4  28428.5  56158.4  43946.0  37490.0    259.9  37749.9  -6196.1   1814.4    548.6    856.0     87.6    943.6    395.0   1652.0    563.8    330.0    281.0    611.0     47.2  28747.9      0.0  12000.0   7023.1  19023.1  19023.1
 5  28416.5  57006.4  44083.7  37688.0   2346.0  40034.0  -4049.7   1826.7    549.7    856.0    125.3    981.3    431.6   1767.0    563.8    120.0    295.5    415.5   -148.3  28447.9      0.0  11815.0   5514.7  17329.7  17329.7
 6  28416.5  57374.4  41931.7  34596.0  -1848.4  32747.6  -9184.1   1823.8    548.6    998.0      5.3   1003.3    454.7   1767.0    563.8     90.0      0.0     90.0   -473.8  28390.9      0.0  14723.0   8217.9  22940.9  22940.9
 7  28397.5  57536.4  42067.1  34517.0  -1777.7  32739.3  -9327.8   1832.1    550.4    938.0      8.7    946.7    396.3   1787.0    563.8     90.0      0.0     90.0   -473.8  28356.9      0.0  14723.0   8108.5  22831.5  22831.5
 8  28397.5  57896.4  41361.1  34517.0  -1937.3  32579.7  -8781.4   1872.1    550.4    938.0      2.4    940.4    390.0   1807.0    563.8     90.0      0.0     90.0   -473.8  28356.9      0.0  14723.0   8267.8  22990.8  22990.8
 9  28377.5  58206.4  41312.1  34497.0  -1953.6  32543.4  -8768.7   2112.1    550.4    938.0      1.6    939.6    389.2   1807.0    563.8     90.0      0.0     90.0   -473.8  28356.9      0.0  14723.0   8284.1  23007.1  23007.1
10  28377.5  58866.4  41614.1  34497.0  -1844.0  32653.0  -8961.1   2112.1    550.4    938.0      6.0    944.0    393.6   2167.0    563.8     90.0      0.0     90.0   -473.8  28356.9      0.0  14723.0   8174.8  22897.8  22897.8
11  28359.5  59512.4  43482.1  35319.0  -1330.2  33988.8  -9493.3   2113.8    549.3    938.0     19.8    957.8    408.5   2167.0    563.8     90.0     30.0    120.0   -443.8  28390.9      0.0  14458.0   7710.3  22168.3  22168.3
12  28386.5  59679.4  44601.1  36936.0  -1746.0  35190.0  -9411.2   2105.7    550.4    927.0     11.0    938.0    387.6   2167.0    563.8     70.0      5.0     75.0   -488.8  28431.9      0.0  13650.0   8187.9  21837.9  21837.9
13  28939.5  59807.4  45235.1  44718.0   2856.1  47574.1   2339.0   2111.4    534.7    172.0    142.7    314.7   -220.0   2167.0    615.0     50.0    416.2    466.2   -148.8  28546.9      0.0   6813.0   5113.2  11926.2  11926.2
14  29550.5  59807.4  47603.1  45028.0   5560.0  50588.0   2984.9   2051.4    535.0    197.0    249.4    446.4    -88.6   2147.0    768.8     70.0    473.0    543.0   -225.8  28020.9      0.0   6210.0   2425.3   8635.3   8635.3
15  30991.5  60608.4  49476.1  46129.0   1403.5  47532.5  -1943.6   2158.9    533.7    209.0     87.3    296.3   -237.4   2291.0    768.8    144.0    243.0    387.0   -381.8  28020.9      0.0   6210.0   5990.9  12200.9  12200.9
16  32205.5  60410.4  50971.1  46139.0   6133.8  52272.8   1301.7   1930.4    532.6    209.0    293.5    502.5    -30.1   2146.0    614.0    144.0    539.0    683.0     69.0  26636.9      0.0   6210.0   1374.6   7584.6   7584.6
17  32458.5  59844.2  51457.1  46020.0   1245.9  47265.9  -4191.2   1901.4    519.8    374.0     86.3    460.3    -59.5   2099.0    614.0    144.0    111.0    255.0   -359.0  26141.7      0.0   6220.0   5196.3  11416.3  11416.3
18  33458.5  59773.2  52251.3  46155.0    929.0  47084.0  -5167.3   1750.9    519.8    399.0     67.3    466.3    -53.4   1968.0    614.0    119.0    102.0    221.0   -393.0  25070.7      0.0   6220.0   5438.1  11658.1  11658.1
19  33818.5  59943.2  52127.3  46407.0   1014.4  47421.4  -4705.8   1750.9    516.0    399.0     71.5    470.5    -45.5   1948.0    614.0    119.0    107.0    226.0   -388.0  24880.7      0.0   6270.0   5274.7  11544.7  11544.7
20  33818.5  59943.2  52540.3  46407.0    787.6  47194.6  -5345.7   1750.9    516.0    399.0     62.9    461.9    -54.1   1948.0    614.0    119.0    102.0    221.0   -393.0  24880.7      0.0   6270.0   5497.5  11767.5  11767.5
21  33799.5  59924.2  53074.4  46388.0   2192.1  48580.1  -4494.2   1750.9    515.0    399.0    101.3    500.3    -14.7   1948.0    614.0    119.0    126.0    245.0   -369.0  24880.7      0.0   6270.0   4573.0  10843.0  10843.0
22  34049.5  60174.2  53540.7  46638.0   1049.3  47687.3  -5853.4   1750.9    513.0    399.0     74.6    473.6    -39.4   1948.0    614.0    119.0    140.0    259.0   -355.0  24880.7      0.0   6270.0   5235.8  11505.8  11505.8
23  34031.5  60156.2  53624.4  46620.0   1152.2  47772.2  -5852.1   1800.9    508.0    399.0     78.0    477.0    -31.0   1998.0    614.0    119.0    141.8    260.8   -353.2  24880.7      0.0   6270.0   5132.9  11402.9  11402.9
24  34031.5  60156.2  54233.4  46670.0   1476.8  48146.8  -6086.6   1800.9    508.0    399.0     92.3    491.3    -16.7   1998.0    614.0    119.0    148.2    267.2   -346.7  24880.7      0.0   6220.0   4808.3  11028.3  11028.3
25  33378.5  60370.2  53207.8  46694.0   3326.4  50020.4  -3187.4   1833.4    495.5    399.0    153.4    552.4     57.0   2033.0    614.0    119.0    297.8    416.8   -197.2  25310.7      0.0   6470.0   3618.7  10088.7  10088.7
26  33128.5  60380.2  53936.8  46694.0    888.3  47582.3  -6354.5   1833.4    496.5    399.0     74.4    473.4    -23.1   2033.0    614.0    119.0    145.0    264.0   -350.0  25310.7      0.0   6470.0   5336.8  11806.8  11806.8
27  32952.5  60317.2  53283.5  46668.0   2113.4  48781.4  -4502.1   1839.1    512.0    399.0    100.9    499.9    -12.0   2033.0    614.0    119.0    168.1    287.1   -326.8  26111.7      0.0   6520.0   4734.7  11254.7  11254.7
28  32831.5  60041.2  53282.3  46668.0    599.4  47267.4  -6014.9   1758.3    512.0    399.0     70.0    469.0    -42.9   1948.0    614.0    119.0    140.0    259.0   -355.0  24997.7      0.0   6520.0   5213.2  11733.2  11733.2
29  32388.5  59832.5  53030.3  46340.0   3053.3  49393.3  -3636.9   1773.5    512.0    399.0    141.6    540.6     28.6   1973.0    614.0    119.0    299.8    418.8   -195.2  25926.0      0.0   6520.0   3513.1  10033.1  10033.1
30  33278.5  60429.9  52619.3  43144.0    819.5  43963.5  -8655.8   1788.0    512.0    749.0     73.3    822.3    310.3   2008.0    614.0    144.0    102.0    246.0   -368.0  26602.4      0.0   9514.0   5424.8  14938.8  14938.8
31  32419.5  60205.9  51977.3  42758.0   1284.6  44042.6  -7934.7   1885.0    513.7    846.0     89.2    935.2    421.5   2078.0    614.0    174.0    115.1    289.1   -324.8  26796.4      0.0   8989.0   4964.2  13953.2  13953.2
32  32094.5  60512.9  51847.3  43118.0    828.3  43946.3  -7900.9   1884.1    514.4    846.0     75.5    921.5    407.1   2078.0    614.0    174.0    107.0    281.0   -333.0  26753.4      0.0   9239.0   5373.0  14612.0  14612.0
33  29473.5  59870.2  50696.3  42789.0   -296.7  42492.3  -8204.0   1952.8    514.4    846.0     48.9    894.9    380.5   2078.0    614.0    174.0     77.0    251.0   -363.0  28646.7      0.0   9239.0   5454.4  14693.4  14693.4
34  28653.5  60291.2  50542.3  43729.5    394.0  44123.5  -6418.7   1956.4    514.4    846.0     91.4    937.4    423.0   2089.0    614.0    174.0    249.0    423.0   -191.0  28747.7      0.0   7674.0   4839.1  12513.1  12513.1
35  27245.5  60908.4  50365.3  47455.0   2893.8  50348.8    -16.5   2021.9    514.4    204.0    160.7    364.7   -149.6   2106.0    614.0    174.0    379.0    553.0    -61.0  31778.9      0.0   4647.0   4264.5   8911.5   8911.5
36  27020.5  61433.5  50205.3  48142.0   3341.8  51483.8   1278.5   2035.7    514.4    284.0    180.9    464.9    -49.5   2141.0    614.0    254.0    416.0    670.0     56.0  31954.0      0.0   4647.0   4231.6   8878.6   8878.6
37  27155.5  61382.5  49700.3  47954.0   1662.3  49616.3    -83.9   2052.4    514.4    332.0     89.1    421.1    -93.3   2196.0    614.0    294.0    254.0    548.0    -66.0  33273.0      0.0   4707.0   6093.9  10800.9  10800.9
38  27505.5  61793.4  50880.3  48374.0   2436.3  50810.3    -69.9   2052.4    515.4    382.0    121.6    503.6    -11.8   2196.0    614.0    334.0    279.0    613.0     -1.0  33277.9      0.0   4707.0   5435.9  10142.9  10142.9
39  27162.5  61475.4  50532.3  47926.0    354.3  48280.3  -2251.9   2052.4    515.1    382.0     54.5    436.5    -78.6   2196.0    614.0    334.0    120.9    454.9   -159.1  33302.9      0.0   4777.0   6663.0  11440.0  11440.0
40  27512.5  61825.4  51153.3  48039.0   3614.8  51653.8    500.6   2052.4    515.1    378.0    194.7    572.7     57.6   2196.0    767.7    274.0    514.0    788.0     20.3  33302.9      0.0   4993.0   4322.5   9315.5   9315.5
41  27168.5  61608.4  51277.9  47237.0    -25.3  47211.7  -4066.2   2052.4    515.4    486.0     40.5    526.5     11.1   2196.0    767.7    624.0     80.0    704.0    -63.7  33487.9      0.0   5183.0   7042.6  12225.6  12225.6
42  26998.5  61524.4  51369.9  47067.0   -270.7  46796.3  -4573.5   2061.4    515.4    486.0     32.0    518.0      2.5   2211.0    614.0    624.0     50.0    674.0     60.0  33487.9      0.0   5178.0   7291.5  12469.5  12469.5
43  27030.5  61556.4  50573.9  48123.0   3582.1  51705.1   1131.2   2061.4    514.4    260.0    182.1    442.1    -72.3   2211.0    614.0    324.0    464.0    788.0    174.0  33487.9      0.0   4640.0   4387.0   9027.0   9027.0
44  27030.5  61556.4  48948.2  48308.0   4259.1  52567.1   3618.9   2061.4    514.4    260.0    220.7    480.7    -33.7   2211.0    614.0    324.0    464.0    788.0    174.0  33487.9      0.0   4605.0   3722.2   8327.2   8327.2
45  27220.5  61746.4  48277.6  48568.0    836.0  49404.0   1126.4   2061.4    526.0    275.0     75.0    350.0   -176.0   2211.0    614.0    359.0    122.0    481.0   -133.0  33487.9      0.0   4580.0   6209.3  10789.3  10789.3
46  27377.5  61903.4  50284.6  48680.0   6300.6  54980.6   4696.0   2061.4    522.0    275.0    263.1    538.1     16.1   2211.0    716.5    359.0    507.0    866.0    149.5  33487.9      0.0   4625.0   1725.7   6350.7   6350.7
47  26489.5  61015.4  47739.3  47752.0   5590.9  53342.9   5603.6   2049.4    524.1    263.0    242.5    505.5    -18.5   2137.0    717.5    285.0    482.0    767.0     49.5  33487.9      0.0   4665.0   2414.4   7079.4   7079.4
48  26646.5  61172.4  46638.3  47909.0    784.1  48693.1   2054.8   2049.4    523.0    263.0     89.6    352.6   -170.5   2137.0    615.0    285.0    166.0    451.0   -164.0  33487.9      0.0   4665.0   6536.4  11201.4  11201.4
49  25313.0  62353.9  48250.1  49004.0   4975.0  53979.0   5728.9   2055.6    539.7    275.0    236.8    511.8    -27.9   2211.0    871.2    359.0    511.0    870.0     -1.2  34630.9      0.0   4665.0   3010.9   7675.9   7675.9
50  25313.0  62353.9  45861.1  48769.0   4661.6  53430.6   7569.5   2055.6    544.7    270.0    224.8    494.8    -50.0   2211.0    563.8    324.0    502.0    826.0    262.2  35494.9      0.0   4640.0   3323.9   7963.9   7963.9
51  25330.0  62370.9  46313.1  48786.0   5006.2  53792.2   7479.2   2055.6    545.7    270.0    226.2    496.2    -49.5   2211.0    563.8    324.0    475.0    799.0    235.2  35494.9      0.0   4930.0   2975.6   7905.6   7905.6
52  25330.0  62370.9  45686.1  48786.0   3427.9  52213.9   6527.8   2055.6    545.7    270.0    206.6    476.6    -69.2   2211.0    563.8    324.0    464.0    788.0    224.2  35494.9      0.0   4930.0   4558.0   9488.0   9488.0
53  25346.0  62271.9  46175.1  48802.0   5369.5  54171.5   7996.4   2049.9    547.7    270.0    236.9    506.9    -40.8   2211.0    563.8    324.0    440.0    764.0    200.2  35379.9      0.0   4930.0   2525.4   7455.4   7455.4
54  25346.0  62214.9  44757.1  48639.0   -207.3  48431.7   3674.7   2047.0    546.6    250.0     59.4    309.4   -237.3   2211.0    563.8    294.0    102.0    396.0   -167.8  35322.9      0.0   5080.0   7056.7  12136.7  12136.7
55  25347.0  62181.9  45400.1  48640.0   -800.1  47839.9   2439.9   2045.3    548.4    250.0     36.1    286.1   -262.2   2211.0    563.8    294.0    102.0    396.0   -167.8  35288.9      0.0   5080.0   7451.9  12531.9  12531.9
56  25347.0  62181.9  44692.1  48640.0   -620.9  48019.1   3327.1   2045.3    548.4    250.0     34.9    284.9   -263.4   2211.0    563.8    294.0     97.0    391.0   -172.8  35288.9      0.0   5080.0   7436.7  12516.7  12516.7
57  25348.0  62182.9  44636.1  48641.0  -1245.3  47395.7   2759.6   2045.3    548.4    250.0     26.8    276.8   -271.6   2211.0    563.8    294.0     84.0    378.0   -185.8  35288.9      0.0   5080.0   7577.1  12657.1  12657.1
58  25348.0  62182.9  44938.1  48791.0   1156.1  49947.1   5009.1   2045.3    548.4    250.0    119.9    369.9   -178.5   2211.0    563.8    274.0    365.6    639.6     75.8  35288.9      0.0   5013.0   5970.7  10983.7  10983.7
59  25348.0  62286.9  45196.5  48804.0   2529.3  51333.3   6136.8   2047.0    547.3    270.0    154.9    424.9   -122.4   2211.0    563.8    324.0    408.8    732.8    169.0  35392.9      0.0   4930.0   5344.1  10274.1  10274.1
60  25348.0  62343.9  46307.5  48972.0   5090.4  54062.4   7754.9   2049.9    548.4    222.0    221.3    443.3   -105.1   2211.0    563.8    274.0    437.0    711.0    147.2  35449.9      0.0   4870.0   2846.4   7716.4   7716.4
61  25352.0  62378.9  46653.5  48976.0   -288.8  48687.2   2033.7   2055.6    532.7    222.0     55.4    277.4   -255.3   2211.0    615.0    274.0     99.0    373.0   -242.0  35564.9      0.0   4870.0   7216.6  12086.6  12086.6
62  25352.0  62378.9  48923.5  49487.0   5920.2  55407.2   6483.7   2055.6    533.0    140.0    249.6    389.6   -143.4   2211.0    768.8    155.0    447.0    602.0   -166.7  35564.9      0.0   4080.0   2092.6   6172.6   6172.6
63  26427.0  62121.9  49440.9  49405.0   5616.2  55021.2   5580.3   2055.6    531.7    120.0    222.3    342.3   -189.3   2211.0    768.8    155.0    395.4    550.4   -218.3  34174.9      0.0   4080.0   2124.9   6204.9   6204.9
64  28120.0  62372.9  51165.9  49090.0   4136.6  53226.6   2060.7   1965.4    530.6     70.0    201.7    271.7   -258.9   2156.0    614.0    100.0    420.8    520.8    -93.2  33430.9      0.0   4105.0   3531.0   7636.0   7636.0
65  28224.0  62292.4  52016.9  47120.5   2035.3  49155.8  -2861.1   1957.1    517.8     70.0    118.4    188.4   -329.4   2144.0    614.0    100.0    267.8    367.8   -246.2  33246.4      0.0   4080.0   5082.8   9162.8   9162.8
66  28224.0  62221.4  53029.6  36600.0    188.2  36788.2 -16241.3   1858.6    517.8    458.0     45.6    503.6    -14.2   2063.0    614.0    100.0     52.0    152.0   -462.0  33175.4      0.0   6003.0   6482.8  12485.8  12485.8
67  28483.0  62077.4  53063.6  32448.0     79.5  32527.5 -20536.1   1853.4    514.3    458.0     41.0    499.0    -15.3   2043.0    614.0    100.0     52.0    152.0   -462.0  32772.4      0.0  12649.0   6406.3  19055.3  19055.3
68  29173.0  62077.4  53676.6  32516.0    695.4  33211.4 -20465.2   1785.4    514.3    398.0     78.6    476.6    -37.7   1993.0    614.0    100.0    133.0    233.0   -381.0  32082.4      0.0  21717.0   5802.4  27519.4  27519.4
69  29230.7  62134.4  54280.7  32573.7   1389.3  33963.0 -20317.7   1785.4    513.3    398.0    108.7    506.7     -6.6   1993.0    614.0    100.0    207.9    307.9   -306.1  32081.7      0.0  21717.0   5112.3  26829.3  26829.3
70  29247.4  62161.1  54427.0  32590.4    960.9  33551.3 -20875.7   1785.9    513.3    398.0     76.3    474.3    -39.0   1993.0    614.0    100.0    140.0    240.0   -374.0  32091.7      0.0  21717.0   5550.7  27267.7  27267.7
71  29627.1  62634.8  55300.7  34766.1   3397.5  38163.6 -17137.1   1790.6    513.0    383.0    163.2    546.2     33.2   1993.0    614.0    100.0    367.0    467.0   -147.0  32155.7      0.0  19923.0   3932.3  23855.3  23855.3
72  29643.8  62651.5  55916.7  34897.8   2175.8  37073.6 -18843.1   1790.6    508.0    396.0    113.7    509.7      1.8   1993.0    614.0    100.0    293.0    393.0   -221.0  32155.7      0.0  19818.0   5137.1  24955.1  24955.1
73  29894.5  62970.2  55123.1  35216.5   1349.4  36565.8 -18557.2   1850.6    495.5    396.0     88.4    484.4    -11.1   2043.0    614.0    100.0    188.3    288.3   -325.7  32163.7      0.0  19818.0   5483.5  25301.5  25301.5
74  29911.2  62986.9  55919.1  35233.2    878.5  36111.7 -19807.4   1850.6    496.5    396.0     87.2    483.2    -13.2   2043.0    614.0    100.0    173.3    273.3   -340.6  32163.7      0.0  19818.0   5722.6  25540.6  25540.6
75  30007.8  63015.6  55293.8  35136.8   1542.1  36678.9 -18614.8   1790.6    512.0    383.0    105.6    488.6    -23.3   1993.0    614.0    100.0    210.0    310.0   -304.0  32185.7      0.0  19963.0   5303.5  25266.5  25266.5
76  30024.5  63032.3  55635.6  34028.5   1800.6  35829.1 -19806.4   1790.6    512.0    191.0    112.1    303.1   -208.8   1993.0    614.0    100.0    215.0    315.0   -299.0  32185.7      0.0  19948.0   5045.0  24993.0  24993.0
77  30948.2  63381.0  55533.6  32937.2    891.9  33829.1 -21704.4   1793.4    512.0    191.0     87.3    278.3   -233.6   1893.0    614.0    150.0     52.8    202.8   -411.2  31610.7      0.0  19948.0   5742.1  25690.1  25690.1
78  30321.9  63269.6  54702.6  32925.9    379.1  33305.1 -21397.5   1787.6    512.0    191.0     60.1    251.1   -260.8   1993.0    614.0    150.0    100.0    250.0   -364.0  32125.7      0.0  22592.0   6142.0  28734.0  28734.0
79  30400.6  63348.3  54864.6  32984.6    355.8  33340.4 -21524.1   1787.6    513.7    179.0     59.6    238.6   -275.0   1993.0    614.0    125.0    100.0    225.0   -389.0  32125.7      0.0  22502.0   6157.3  28659.3  28659.3
80  30417.3  63317.0  54304.1  32936.3    292.7  33229.0 -21075.1   1785.2    514.4    179.0     57.1    236.1   -278.3   1993.0    614.0    125.0    100.0    225.0   -389.0  32077.7      0.0  22502.0   6172.5  28674.5  28674.5
81  29395.0  62902.7  53688.1  32406.0   -760.1  31645.9 -22042.1   1885.4    514.4    179.0     24.5    203.5   -310.9   2063.0    614.0    125.0     25.0    150.0   -464.0  32205.7      0.0  22752.0   6861.2  29613.2  29613.2
82  30169.7  63832.4  53186.1  33180.7   -978.8  32201.9 -20984.1   1888.9    514.9    179.0     11.0    190.0   -324.9   2074.0    614.0    125.0      0.0    125.0   -489.0  32276.7      0.0  22752.0   7158.9  29910.9  29910.9
83  28262.4  64429.3  52899.1  33231.4   2232.1  35463.5 -17435.5   2171.7    514.9    136.0    115.4    251.4   -263.5   2281.0    614.0    265.0    234.0    499.0   -115.0  34215.9      0.0  22682.0   5245.6  27927.6  27927.6
84  27777.1  64446.0  52605.1  33248.1   2207.9  35456.0 -17149.1   2171.7    514.9    136.0    122.8    258.8   -256.2   2281.0    614.0    265.0    259.0    524.0    -90.0  34215.9      0.0  22682.0   5240.1  27922.1  27922.1
85  28344.4  64811.4  52739.1  32255.4   1864.3  34119.7 -18619.4   2177.8    514.9    136.0     93.9    229.9   -285.0   2301.0    614.0    265.0    254.0    519.0    -95.0  35303.9      0.0  22682.0   6092.7  28774.7  28774.7
86  28368.8  64835.7  53591.1  31032.8   -450.8  30582.0 -23009.1   2177.8    515.4    109.0     21.9    130.9   -384.5   2301.0    614.0    195.0     27.0    222.0   -392.0  35303.9      0.0  22876.0   7749.0  30625.0  30625.0
87  27896.2  64950.1  53525.1  30560.2   -748.0  29812.2 -23712.9   2177.8    515.4     82.0      7.4     89.4   -426.0   2301.0    614.0    125.0      2.0    127.0   -487.0  35497.9      0.0  25106.0   8037.3  33143.3  33143.3
88  26555.5  64981.4  53764.2  29219.5   -629.7  28589.8 -25174.3   2245.8    515.1     82.0     15.4     97.4   -417.8   2351.0    767.7    125.0      7.0    132.0   -635.7  36194.9      0.0  25803.0   7919.0  33722.0  33722.0
89  26437.9  65068.8  54364.8  29306.9   -538.0  28768.9 -25595.9   2245.8    515.4     82.0     21.6    103.6   -411.8   2351.0    767.7    125.0     32.0    157.0   -610.7  37379.9      0.0  27162.0   7847.3  35009.3  35009.3
90  25942.2  64573.2  54333.6  28811.2   -470.1  28341.1 -25992.4   2245.8    515.4     82.0     24.6    106.6   -408.8   2351.0    614.0    125.0     32.0    157.0   -457.0  37584.9      0.0  27162.0   7787.4  34949.4  34949.4
91  25975.6  64606.5  53109.6  28977.6   2867.6  31845.2 -21264.3   2245.8    514.4    109.0    121.4    230.4   -284.0   2351.0    614.0    195.0    259.0    454.0   -160.0  37584.9      0.0  26932.0   5392.9  32324.9  32324.9
92  25999.9  64630.9  51390.8  29024.9   2516.1  31541.1 -19849.7   2245.8    514.4    127.0    111.6    238.6   -275.8   2351.0    614.0    245.0    234.0    479.0   -135.0  37584.9      0.0  26841.0   5700.8  32541.8  32541.8
93  26032.3  64663.2  51138.2  29578.3   1747.7  31326.0 -19812.2   2245.8    526.0    119.0     87.1    206.1   -319.9   2351.0    614.0    245.0    226.7    471.7   -142.3  37584.9      0.0  26328.0   6217.7  32545.7  32545.7
94  26056.7  64687.6  52892.4  29602.7   2761.7  32364.3 -20528.1   2245.8    522.0    119.0    124.2    243.2   -278.8   2351.0    716.5    245.0    272.0    517.0   -199.5  37584.9      0.0  26320.0   5437.4  31757.4  31757.4
95  26074.3  64705.3  49709.1  29545.3   -554.7  28990.7 -20718.4   2245.8    524.1    107.0     49.2    156.2   -367.8   2351.0    717.5    205.0    189.4    394.4   -323.1  37584.9      0.0  26290.0   7868.5  34158.5  34158.5
96  26097.0  64727.9  48616.4  29323.0   -258.5  29064.5 -19551.8   2245.8    523.0    102.0     51.5    153.5   -369.5   2351.0    615.0    185.0    157.3    342.3   -272.7  37584.9      0.0  26205.0   7920.3  34125.3  34125.3
 
********************************************************************************


ENERGIE THERMIQUE  : 1970449.25 ENERGIE HYDRAULIQUE:   67447.11 (MWH) ENERGIE TOTALE:      2037896.36 (MWH)

 VALLEE DORDOGNE RESERVE BORT R   COUT DESTOCKE    5365.44006479976     
 VALLEE DORDOGNE RESERVE MAREFR   COUT DESTOCKE   0.000000000000000E+000
 VALLEE DORDOGNE RESERVE AIGLER   COUT DESTOCKE   0.000000000000000E+000
 VALLEE DORDOGNE RESERVE CHASTR   COUT DESTOCKE   0.000000000000000E+000
 VALLEE DORDOGNE RESERVE ARGE5R   COUT DESTOCKE   0.000000000000000E+000
 VALLEE TRUY-SUP RESERVE GRANDR   COUT DESTOCKE   0.000000000000000E+000
 VALLEE TRUY-SUP RESERVE LANAUR   COUT DESTOCKE   0.000000000000000E+000
 VALLEE TRUY-INF RESERVE SARRAR   COUT DESTOCKE    23414.5095752850     
 VALLEE TRUY-INF RESERVE LABARR   COUT DESTOCKE   0.000000000000000E+000
 VALLEE TRUY-INF RESERVE COUESR   COUT DESTOCKE   0.000000000000000E+000
 VALLEE TRUY-INF RESERVE MTEZIR   COUT DESTOCKE    39863.9296255054     
 VALLEE TRUY-INF RESERVE CAMBER   COUT DESTOCKE   0.000000000000000E+000
 VALLEE AIN      RESERVE VOUGLR   COUT DESTOCKE    10251.6798451785     
 VALLEE AIN      RESERVE S.MORR   COUT DESTOCKE   0.000000000000000E+000
 VALLEE AIN      RESERVE COISER   COUT DESTOCKE   0.000000000000000E+000
 VALLEE AIN      RESERVE BOLOZR   COUT DESTOCKE   0.000000000000000E+000
 VALLEE AIN      RESERVE MOUX R   COUT DESTOCKE   -39.8460003480137     
 VALLEE AIN      RESERVE ALLEMR   COUT DESTOCKE   0.000000000000000E+000
 VALLEE AIN      RESERVE CUSSER   COUT DESTOCKE   0.000000000000000E+000
 VALLEE ARC      RESERVE P.AVAR   COUT DESTOCKE    263.928719490220     
 VALLEE ARC      RESERVE FRENER   COUT DESTOCKE   0.000000000000000E+000
 VALLEE ARC      RESERVE MTCENR   COUT DESTOCKE   0.000000000000000E+000
 VALLEE ARC      RESERVE P.CHER   COUT DESTOCKE   0.000000000000000E+000
 VALLEE ARC      RESERVE BISSOR   COUT DESTOCKE    16067.8759151948     
 VALLEE ARC      RESERVE SSMARR   COUT DESTOCKE   0.000000000000000E+000
 VALLEE ARC      RESERVE LONGER   COUT DESTOCKE   0.000000000000000E+000
 VALLEE ARC      RESERVE V.ARCR   COUT DESTOCKE   0.000000000000000E+000
 VALLEE ARC      RESERVE FLUMER   COUT DESTOCKE   0.000000000000000E+000
 VALLEE ARC      RESERVE B.CHER   COUT DESTOCKE   0.000000000000000E+000
 VALLEE ROMANCHE RESERVE G.MARR   COUT DESTOCKE    4439.28620425254     
 VALLEE ROMANCHE RESERVE VERN7R   COUT DESTOCKE   0.000000000000000E+000
 VALLEE ROMANCHE RESERVE B.ROMR   COUT DESTOCKE   0.000000000000000E+000
 VALLEE ROMANCHE RESERVE CBON R   COUT DESTOCKE    20168.3804585292     
 VALLEE ROMANCHE RESERVE CLAPIR   COUT DESTOCKE   0.000000000000000E+000
 VALLEE DRAC1    RESERVE SAUTER   COUT DESTOCKE    188.891996436028     
 VALLEE DRAC1    RESERVE SSCOGR   COUT DESTOCKE   0.000000000000000E+000
 VALLEE DRAC2    RESERVE MTEYNR   COUT DESTOCKE    510.012027900027     
 VALLEE DRAC2    RESERVE SSCOMR   COUT DESTOCKE   0.000000000000000E+000
 VALLEE DRAC2    RESERVE CHAMPR   COUT DESTOCKE   0.000000000000000E+000
 VALLEE DRAC2    RESERVE P.CLAR   COUT DESTOCKE   0.000000000000000E+000
 VALLEE DRAC2    RESERVE D.INFR   COUT DESTOCKE   0.000000000000000E+000
 VALLEE ROSELEND RESERVE ROSELR   COUT DESTOCKE    21447.1282697257     
 VALLEE H-ISERE  RESERVE TIGNER   COUT DESTOCKE    19821.8280457280     
 VALLEE H-ISERE  RESERVE MTRIGR   COUT DESTOCKE   0.000000000000000E+000
 VALLEE H-ISERE  RESERVE POMMOR   COUT DESTOCKE   0.000000000000000E+000
 VALLEE H-ISERE  RESERVE AIGUER   COUT DESTOCKE   0.000000000000000E+000
 VALLEE H-ISERE  RESERVE COCHER   COUT DESTOCKE   0.000000000000000E+000
 VALLEE H-ISERE  RESERVE SSEG5R   COUT DESTOCKE   0.000000000000000E+000
 VALLEE H-ISERE  RESERVE BXVOIR   COUT DESTOCKE   0.000000000000000E+000
 VALLEE H-ISERE  RESERVE SSHILR   COUT DESTOCKE   0.000000000000000E+000
 VALLEE H-ISERE  RESERVE PIZANR   COUT DESTOCKE   0.000000000000000E+000
 VALLEE H-ISERE  RESERVE VANELR   COUT DESTOCKE   0.000000000000000E+000
 VALLEE H-ISERE  RESERVE B.MONR   COUT DESTOCKE   0.000000000000000E+000
 VALLEE PRAGNERE RESERVE C.LONR   COUT DESTOCKE   0.000000000000000E+000
 VALLEE PRAGNERE RESERVE PRAGFR   COUT DESTOCKE   0.000000000000000E+000
 VALLEE PRAGNERE RESERVE OSSOUR   COUT DESTOCKE   0.000000000000000E+000
 VALLEE PRAGNERE RESERVE LUZ 2R   COUT DESTOCKE   0.000000000000000E+000
 VALLEE PRAGNERE RESERVE P.REIR   COUT DESTOCKE   0.000000000000000E+000
 VALLEE PRAGNERE RESERVE GEDRER   COUT DESTOCKE   -132.408052282952     
 VALLEE PRAGNERE RESERVE LUZ 1R   COUT DESTOCKE   0.000000000000000E+000
 VALLEE PRAGNERE RESERVE SOULOR   COUT DESTOCKE   0.000000000000000E+000
 VALLEE ARIEGE   RESERVE LANOUR   COUT DESTOCKE    14350.0036878659     
 VALLEE ARIEGE   RESERVE HOSPFR   COUT DESTOCKE   0.000000000000000E+000
 VALLEE ARIEGE   RESERVE BALDAR   COUT DESTOCKE   0.000000000000000E+000
 VALLEE ARIEGE   RESERVE MERENR   COUT DESTOCKE   0.000000000000000E+000
 VALLEE ARIEGE   RESERVE ASTONR   COUT DESTOCKE   0.000000000000000E+000
 VALLEE ARIEGE   RESERVE LAPARR   COUT DESTOCKE    17966.4940198801     
 VALLEE ARIEGE   RESERVE RIETER   COUT DESTOCKE   0.000000000000000E+000
 VALLEE ARIEGE   RESERVE GARRAR   COUT DESTOCKE   0.000000000000000E+000
 VALLEE ORLU     RESERVE NAGUIR   COUT DESTOCKE   0.000000000000000E+000
 VALLEE MONTAHUT RESERVE LAOUZR   COUT DESTOCKE    4908.98190592808     
 VALLEE DURANCE  RESERVE S.PONR   COUT DESTOCKE    124717.701859582     
 VALLEE DURANCE  RESERVE ESPINR   COUT DESTOCKE   0.000000000000000E+000
 VALLEE DURANCE  RESERVE SISTER   COUT DESTOCKE   0.000000000000000E+000
 VALLEE DURANCE  RESERVE LAZERR   COUT DESTOCKE   0.000000000000000E+000
 VALLEE DURANCE  RESERVE SSLAZR   COUT DESTOCKE   0.000000000000000E+000
 VALLEE DURANCE  RESERVE ESCALR   COUT DESTOCKE   0.000000000000000E+000
 VALLEE DURANCE  RESERVE MANOSR   COUT DESTOCKE   0.000000000000000E+000
 VALLEE DURANCE  RESERVE SSTULR   COUT DESTOCKE   0.000000000000000E+000
 VALLEE DURANCE  RESERVE LARGUR   COUT DESTOCKE   0.000000000000000E+000
 VALLEE DURANCE  RESERVE BXMONR   COUT DESTOCKE   0.000000000000000E+000
 VALLEE DURANCE  RESERVE CADARR   COUT DESTOCKE   0.000000000000000E+000
 VALLEE DURANCE  RESERVE SSCROR   COUT DESTOCKE    19103.4654362721     
 VALLEE DURANCE  RESERVE QUINSR   COUT DESTOCKE   0.000000000000000E+000
 VALLEE DURANCE  RESERVE GREOUR   COUT DESTOCKE   0.000000000000000E+000
 VALLEE DURANCE  RESERVE SSESTR   COUT DESTOCKE   0.000000000000000E+000
 VALLEE DURANCE  RESERVE MALLER   COUT DESTOCKE   0.000000000000000E+000
 VALLEE DURANCE  RESERVE SALONR   COUT DESTOCKE   0.000000000000000E+000
 VALLEE DURANCE  RESERVE SSCHAR   COUT DESTOCKE   0.000000000000000E+000
 VALLEE DURANCE  RESERVE BERRER   COUT DESTOCKE   0.000000000000000E+000
 VALLEE DURANCE  RESERVE MEDITR   COUT DESTOCKE   0.000000000000000E+000
 VALLEE CHASSEZA RESERVE P.BORR   COUT DESTOCKE    3772.40877000001     
 VALLEE CHASSEZA RESERVE LAFIGR   COUT DESTOCKE   0.000000000000000E+000
 VALLEE CHASSEZA RESERVE SALELR   COUT DESTOCKE   0.000000000000000E+000
 VALLEE MAULDE   RESERVE P.CHAR   COUT DESTOCKE    11597.8808113775     
 VALLEE MAULDE   RESERVE M.LARR   COUT DESTOCKE   0.000000000000000E+000
 VALLEE MAULDE   RESERVE MRNEIR   COUT DESTOCKE   0.000000000000000E+000
 VALLEE MAULDE   RESERVE FLEIXR   COUT DESTOCKE   0.000000000000000E+000
 VALLEE MAULDE   RESERVE BUJALR   COUT DESTOCKE   0.000000000000000E+000
 VALLEE MAULDE   RESERVE LANGLR   COUT DESTOCKE   0.000000000000000E+000
 VALLEE MAULDE   RESERVE VLEJOR   COUT DESTOCKE   0.000000000000000E+000
 VALLEE MAULDE   RESERVE LARTIR   COUT DESTOCKE   0.000000000000000E+000
 VALLEE TAURION  RESERVE CTLUSR   COUT DESTOCKE   0.160829940245397     
 VALLEE TAURION  RESERVE CHATRR   COUT DESTOCKE   0.000000000000000E+000
 VALLEE TAURION  RESERVE SSMC R   COUT DESTOCKE   0.000000000000000E+000
 VALLEE TAURION  RESERVE CXVANR   COUT DESTOCKE   0.000000000000000E+000
 VALLEE CREUSE   RESERVE EGUZOR   COUT DESTOCKE    42.2505893599180     
 VALLEE CREUSE   RESERVE R.MOIR   COUT DESTOCKE   0.000000000000000E+000
 VALLEE CREUSE   RESERVE R.AIGR   COUT DESTOCKE   0.000000000000000E+000
 VALLEE MARONNE  RESERVE ENCHAR   COUT DESTOCKE    289.800010800000     
 VALLEE MARONNE  RESERVE GOURNR   COUT DESTOCKE   0.000000000000000E+000
 VALLEE MARONNE  RESERVE HAUTER   COUT DESTOCKE   0.000000000000000E+000
 VALLEE CERE     RESERVE SSCANR   COUT DESTOCKE    7473.07246998332     
 VALLEE CERE     RESERVE NEPESR   COUT DESTOCKE   0.000000000000000E+000
 VALLEE CERE     RESERVE MTVERR   COUT DESTOCKE   0.000000000000000E+000
 VALLEE CERE     RESERVE CAMPSR   COUT DESTOCKE   0.000000000000000E+000
 VALLEE CERE     RESERVE BRUG1R   COUT DESTOCKE   0.000000000000000E+000
 VALLEE CERE     RESERVE CANDER   COUT DESTOCKE   0.000000000000000E+000
 VALLEE DORDREG  RESERVE AUZERR   COUT DESTOCKE   0.000000000000000E+000
 VALLEE DORDREG  RESERVE VAUSSR   COUT DESTOCKE   0.000000000000000E+000
 VALLEE V.BEN    RESERVE V.BENR   COUT DESTOCKE    450.302210393372     
 VALLEE NEUVIC   RESERVE N.USSR   COUT DESTOCKE   0.000000000000000E+000
 VALLEE MARCIL   RESERVE MARC5R   COUT DESTOCKE    1418.61598663386     
 VALLEE LARDIT   RESERVE LARDIR   COUT DESTOCKE    1179.71642596692     
 VALLEE LOT      RESERVE CSLNAR   COUT DESTOCKE    1125.30021488500     
 VALLEE LOT      RESERVE GOLINR   COUT DESTOCKE   0.000000000000000E+000
 VALLEE ARRENS   RESERVE MIGOER   COUT DESTOCKE    1547.07851567058     
 VALLEE ARRENS   RESERVE TUCOYR   COUT DESTOCKE   0.000000000000000E+000
 VALLEE ARRENS   RESERVE TECH R   COUT DESTOCKE   0.000000000000000E+000
 VALLEE ARRENS   RESERVE AUCUNR   COUT DESTOCKE   0.000000000000000E+000
 VALLEE ARRENS   RESERVE NOUAUR   COUT DESTOCKE   0.000000000000000E+000
 VALLEE ARRENS   RESERVE L.BALR   COUT DESTOCKE   0.000000000000000E+000
 VALLEE PIQUES   RESERVE PORTIR   COUT DESTOCKE   0.000000000000000E+000
 VALLEE PIQUES   RESERVE PORTFR   COUT DESTOCKE   0.000000000000000E+000
 VALLEE PIQUES   RESERVE BLEU R   COUT DESTOCKE   0.000000000000000E+000
 VALLEE PIQUES   RESERVE P.SUPR   COUT DESTOCKE   0.000000000000000E+000
 VALLEE PIQUES   RESERVE P.INFR   COUT DESTOCKE   0.000000000000000E+000
 VALLEE PIQUES   RESERVE CIERPR   COUT DESTOCKE   0.000000000000000E+000
 VALLEE PIQUES   RESERVE L.OO R   COUT DESTOCKE    577.886335437715     
 VALLEE ARAING   RESERVE ARAINR   COUT DESTOCKE    1228.15433737253     
 VALLEE ARAING   RESERVE BORD5R   COUT DESTOCKE   0.000000000000000E+000
 VALLEE VICDESSO RESERVE GNIOUR   COUT DESTOCKE   0.000000000000000E+000
 VALLEE VICDESSO RESERVE AUZATR   COUT DESTOCKE   0.000000000000000E+000
 VALLEE VICDESSO RESERVE IZOURR   COUT DESTOCKE   0.000000000000000E+000
 VALLEE VICDESSO RESERVE SOULCR   COUT DESTOCKE   0.000000000000000E+000
 VALLEE VICDESSO RESERVE SABARR   COUT DESTOCKE   0.000000000000000E+000
 VALLEE AUDE     RESERVE PUYVAR   COUT DESTOCKE   0.000000000000000E+000
 VALLEE AUDE     RESERVE NENTIR   COUT DESTOCKE   0.000000000000000E+000
 VALLEE HTVERDON RESERVE CASTIR   COUT DESTOCKE    2542.17582964800     
 VALLEE HTVERDON RESERVE CXDANR   COUT DESTOCKE   0.000000000000000E+000
 VALLEE BEYSSAC  RESERVE BEYSSR   COUT DESTOCKE   -60.2905112885922     
COUT_DES_PLANNINGS_THERMIQUES               51890.8834 kUM
COUT_DES_DESTOCKES                           3758.6180 kUM
COUT_TOTAL_DES_PLANNINGS                    55649.5014 kUM
------- SUR LA PERIODE OPTIMISEE -------------
COUT_DES_PLANNINGS_THERMIQUES               51890.8834 kUM
COUT_DES_DESTOCKES                           3758.6180 kUM
COUT_TOTAL_DES_PLANNINGS                    55649.5014 kUM
PENALISATION_ECARTS_CONSOMMATION           184589.3240 kUM
PENALISATION_ECARTS_RESERVE_PRIM             4595.0856 kUM
PENALISATION_ECARTS_TELEREGLAGE             13735.1420 kUM
PENALISATION_ECARTS_RESERVE                     0.0000 kUM
  COUT TOTAL PENALISE:    258569.053043354     
  COUT TOTAL DES PLANNING (TH et HYD):    55649.5013863573     
  COUT TOTAL DE LA DEFAILLANCE:    202919.551656996     
FONCTION_OBJECTIF_MINIMISEE                258569.0530 kUM
VALEUR_BORNE_INFERIEURE                -100000000.0000 kUM
ECART_CRITERE_BORNE_INFERIEURE                100.2586 % 
 
SOLUTION_RETENUE_ITERATION                    329

 COUTS MARGINAUX (EN CTS/KWH)
    0.000    0.000    0.000    0.000    0.000    0.000    0.000    0.000    0.000    0.000    0.000    0.000
    0.000    0.000    0.000    0.000    0.000    0.000    0.000    0.000    0.000    0.000    0.000    0.000
    0.000    0.000    0.000    0.000    0.000    0.000    0.000    0.000    0.000    0.000    0.000    0.000
    0.000    0.000    0.000    0.000    0.000    0.000    0.000    0.000    0.000    0.000    0.000    0.000
    0.000    0.000    0.000    0.000    0.000    0.000    0.000    0.000    0.000    0.000    0.000    0.000
    0.000    0.000    0.000    0.000    0.000    0.000    0.000    0.000    0.000    0.000    0.000    0.000
    0.000    0.000    0.000    0.000    0.000    0.000    0.000    0.000    0.000    0.000    0.000    0.000
    0.000    0.000    0.000    0.000    0.000    0.000    0.000    0.000    0.000    0.000    0.000    0.000

 PRIX RESERVE PRIM (EN CTS/KWH)
    0.000    0.000    0.000    0.000    0.000    0.000    0.000    0.000    0.000    0.000    0.000    0.000
    0.000    0.000    0.000    0.000    0.000    0.000    0.000    0.000    0.000    0.000    0.000    0.000
    0.000    0.000    0.000    0.000    0.000    0.000    0.000    0.000    0.000    0.000    0.000    0.000
    0.000    0.000    0.000    0.000    0.000    0.000    0.000    0.000    0.000    0.000    0.000    0.000
    0.000    0.000    0.000    0.000    0.000    0.000    0.000    0.000    0.000    0.000    0.000    0.000
    0.000    0.000    0.000    0.000    0.000    0.000    0.000    0.000    0.000    0.000    0.000    0.000
    0.000    0.000    0.000    0.000    0.000    0.000    0.000    0.000    0.000    0.000    0.000    0.000
    0.000    0.000    0.000    0.000    0.000    0.000    0.000    0.000    0.000    0.000    0.000    0.000

 PRIX DU TELEREGLAGE (EN CTS/KWH)
    0.000    0.000    0.000    0.000    0.000    0.000    0.000    0.000    0.000    0.000    0.000    0.000
    0.000    0.000    0.000    0.000    0.000    0.000    0.000    0.000    0.000    0.000    0.000    0.000
    0.000    0.000    0.000    0.000    0.000    0.000    0.000    0.000    0.000    0.000    0.000    0.000
    0.000    0.000    0.000    0.000    0.000    0.000    0.000    0.000    0.000    0.000    0.000    0.000
    0.000    0.000    0.000    0.000    0.000    0.000    0.000    0.000    0.000    0.000    0.000    0.000
    0.000    0.000    0.000    0.000    0.000    0.000    0.000    0.000    0.000    0.000    0.000    0.000
    0.000    0.000    0.000    0.000    0.000    0.000    0.000    0.000    0.000    0.000    0.000    0.000
    0.000    0.000    0.000    0.000    0.000    0.000    0.000    0.000    0.000    0.000    0.000    0.000

 PRIX DE LA RESERVE (EN CTS/KWH)
    0.000    0.000    0.000    0.000    0.000    0.000    0.000    0.000    0.000    0.000    0.000    0.000
    0.000    0.000    0.000    0.000    0.000    0.000    0.000    0.000    0.000    0.000    0.000    0.000
    0.000    0.000    0.000    0.000    0.000    0.000    0.000    0.000    0.000    0.000    0.000    0.000
    0.000    0.000    0.000    0.000    0.000    0.000    0.000    0.000    0.000    0.000    0.000    0.000
    0.000    0.000    0.000    0.000    0.000    0.000    0.000    0.000    0.000    0.000    0.000    0.000
    0.000    0.000    0.000    0.000    0.000    0.000    0.000    0.000    0.000    0.000    0.000    0.000
    0.000    0.000    0.000    0.000    0.000    0.000    0.000    0.000    0.000    0.000    0.000    0.000
    0.000    0.000    0.000    0.000    0.000    0.000    0.000    0.000    0.000    0.000    0.000    0.000

********************************************************************************


 ____________________________________________________________________________________________________________________________________________________________________
 ____________________________________________________________________________________________________________________________________________________________________
   
   
                                         LEGENDE:
   
 C.FIXE : COUT FIXE (EN 10UM/MWH)
 C.DIFF : COUT DIFFERENTIEL (EN 10UM/MWH)
 C.MOY  : COUT MOYEN (EN 10UM/MWH)
 PMAX   : PUISSANCE MAX. DE LA PERIODE
 TMF    : TEMPS MINIMUM DE MARCHE (EN NB DE POINTS)
 TMA    : TEMPS MINIMUM D'ARRET (EN NB DE POINTS)
 TEXT   : TEMPS D'EXTINCTION (EN NB DE POINTS)
 TDEM   : TEMPS DE DEMARRAGE (EN NB DE POINTS)
   
 POUR LES GROUPES THERMIQUES ET NUCLEAIRES:
   
 M : GR. IMPOSE
 I : GR. INDISPONIBLE
 < : GR. EN MONTEE
 > : GR. EN BAISSE
 + : GR. MARGINAL
 ! : PERIODE NON OPTIMISEE
 R : EN PRIMAIRE+TELEREGLAGE A PMAX
 S : EN PRIMAIRE+TELEREGLAGE A PMIN
 X : EN PRIMAIRE SEUL A PMAX
 N : EN PRIMAIRE SEUL A PMIN
 Z : EN PRIMAIRE SEUL A RPMAX
   
 POUR LES GROUPES THERMIQUES CLASSIQUES:
   
 L : GR. LIBRE A PMAX
 - : GR. LIBRE A PMIN
 t : GR. LIBRE SUR PALIER INTERMEDIAIRE
 P : GR. A PMAX, EN PRESENCE IMPOSEE A CAUSE DES DONNEES OU DES CONTRAINTES
     DE FONCTIONNEMENT
 . : GR. A PMIN, EN PRESENCE IMPOSEE A CAUSE DES DONNEES OU DES CONTRAINTES
     DE FONCTIONNEMENT
 i : GR. A PUISSANCE INTERMEDIAIRE EN PRESENCE IMPOSEE A CAUSE DES DONNEES
     OU DES CONTRAINTES DE FONCTIONNEMENT
   : GR. ARRETE PAR DECISION DU PROGRAMME
   
 POUR LES GROUPES NUCLEAIRES:
   
 =    : GR. A PMAX
 _    : GR. A PMIN
 1..9 : PUISSANCE EN CENTAINES DE MW, EX: CODE 2 SI 150 MW <= P < 250 MW
 A..D : PUISSANCE COMPRISE ENTRE 950 MW ET 1350 MW, EX: CODE B SI
        1050 MW <= P < 1150 MW
 ____________________________________________________________________________________________________________________________________________________________________
   
                    000000000111111111122222222223333333333444444444455555555556666666666777777777788888888889999999 C.FIXE   C.DIFF C.MOY   PMAX  TMF TMA TEXT TDEM 
 ____________________________________________________________________________________________________________________________________________________________________
   
 PROVET 4 T.A.   48 IIIIIIIIIIIIIIIIIIIIIIIIIIIIIIIIIIIIIIIIIIIIIIIIIIIIIIIIIIIIIIIIIIIIIIIIIIIIIIIIIIIIIIIIIIIIIIII    0.000 95.000 95.000    0.0  31  48   2    7  
 CGDPBT 1 T.A.   48 IIIIIIIIIIIIIIIIIIIIIIIIIIIIIIIIIIIIIIIIIIIIIIIIIIIIIIIIIIIIIIIIIIIIIIIIIIIIIIIIIIIIIIIIIIIIIIII    0.000 32.100 32.100    0.0  48  48   2    2  
 CGDPAT 1 T.A.   48 IIIIIIIIIIIIIIIIIIIIIIIIIIIIIIIIIIIIIIIIIIIIIIIIIIIIIIIIIIIIIIIIIIIIIIIIIIIIIIIIIIIIIIIIIIIIIIII    0.000 32.000 32.000    0.0  48  48   2    2  
 CGPTFT 1 T.A.   48 IIIIIIIIIIIIIIIIIIIIIIIIIIIIIIIIIIIIIIIIIIIIIIIIIIIIIIIIIIIIIIIIIIIIIIIIIIIIIIIIIIIIIIIIIIIIIIII    0.000 29.000 29.000    0.0  48  48   2    2  
 CGPTFT 2 T.A.   48 IIIIIIIIIIIIIIIIIIIIIIIIIIIIIIIIIIIIIIIIIIIIIIIIIIIIIIIIIIIIIIIIIIIIIIIIIIIIIIIIIIIIIIIIIIIIIIII    0.000 29.000 29.000    0.0  48  48   2    2  
 CGPTXT 1 T.M.  960 MMMMMMMMMMMMMMMMMMMMMMMMMMMMMMMMMMMMMMMMMMMMMMMMMMMMMMMMMMMMMMMMMMMMMMMMMMMMMMMMMMMMMMMMMMMMMMMM    0.000 29.000 29.000    7.0  48  48   2    2  
 CGPTXT 2 T.A.   48 IIIIIIIIIIIIIIIIIIIIIIIIIIIIIIIIIIIIIIIIIIIIIIIIIIIIIIIIIIIIIIIIIIIIIIIIIIIIIIIIIIIIIIIIIIIIIIII    0.000 29.000 29.000    0.0  48  48   2    2  
 CGRPDT 1 T.M.  239 MMMMMMMMMMMMMMMMMMMMMMMMMMMMMMMMMMMMMMMMMMMMMMMMMMMMMMMMMMMMMMMMMMMMMMMMMMMMMMMMMMMMMMMMMMMMMMMM    0.000 29.000 29.000    7.0  48  48   2    2  
 CGRPDT 2 T.A.   48 IIIIIIIIIIIIIIIIIIIIIIIIIIIIIIIIIIIIIIIIIIIIIIIIIIIIIIIIIIIIIIIIIIIIIIIIIIIIIIIIIIIIIIIIIIIIIIII    0.000 29.000 29.000    0.0  48  48   2    2  
 THPTFT 1 T.A.   48 IIIIIIIIIIIIIIIIIIIIIIIIIIIIIIIIIIIIIIIIIIIIIIIIIIIIIIIIIIIIIIIIIIIIIIIIIIIIIIIIIIIIIIIIIIIIIIII    0.000 29.000 29.000    0.0  48  48   2    2  
 THPTXT 1 T.M.  960 MMMMMMMMMMMMMMMMMMMMMMMMMMMMMMMMMMMMMMMMMMMMMMMMMMMMMMMMMMMMMMMMMMMMMMMMMMMMMMMMMMMMMMMMMMMMMMMM    0.000 29.000 29.000  101.0  48  48   2    2  
 THRPDT 1 T.M.  960 MMMMMMMMMMMMMMMMMMMMMMMMMMMMMMMMMMMMMMMMMMMMMMMMMMMMMMMMMMMMMMMMMMMMMMMMMMMMMMMMMMMMMMMMMMMMMMMM    0.000 29.000 29.000  208.0  48  48   2    2  
 EOPTFT 1 T.A.   48 IIIIIIIIIIIIIIIIIIIIIIIIIIIIIIIIIIIIIIIIIIIIIIIIIIIIIIIIIIIIIIIIIIIIIIIIIIIIIIIIIIIIIIIIIIIIIIII    0.000 29.000 29.000    0.0  48  48   2    2  
 EOPTXT 1 T.M.  960 MMMMMMMMMMMMMMMMMMMMMMMMMMMMMMMMMMMMMMMMMMMMMMMMMMMMMMMMMMMMMMMMMMMMMMMMMMMMMMMMMMMMMMMMMMMMMMMM    0.000 29.000 29.000   61.0  48  48   2    2  
 EOPTXT 2 T.A.   48 IIIIIIIIIIIIIIIIIIIIIIIIIIIIIIIIIIIIIIIIIIIIIIIIIIIIIIIIIIIIIIIIIIIIIIIIIIIIIIIIIIIIIIIIIIIIIIII    0.000 29.000 29.000    0.0  48  48   2    2  
 EORPDT 1 T.M.  960 MMMMMMMMMMMMMMMMMMMMMMMMMMMMMMMMMMMMMMMMMMMMMMMMMMMMMMMMMMMMMMMMMMMMMMMMMMMMMMMMMMMMMMMMMMMMMMMM    0.000 29.000 29.000 1041.0  48  48   2    2  
 EORPDT 2 T.A.   48 IIIIIIIIIIIIIIIIIIIIIIIIIIIIIIIIIIIIIIIIIIIIIIIIIIIIIIIIIIIIIIIIIIIIIIIIIIIIIIIIIIIIIIIIIIIIIIII    0.000 29.000 29.000    0.0  48  48   2    2  
 EORPDT 3 T.A.   48 IIIIIIIIIIIIIIIIIIIIIIIIIIIIIIIIIIIIIIIIIIIIIIIIIIIIIIIIIIIIIIIIIIIIIIIIIIIIIIIIIIIIIIIIIIIIIIII    0.000 29.000 29.000    0.0  48  48   2    2  
 HYPTLT 1 T.A.   48 IIIIIIIIIIIIIIIIIIIIIIIIIIIIIIIIIIIIIIIIIIIIIIIIIIIIIIIIIIIIIIIIIIIIIIIIIIIIIIIIIIIIIIIIIIIIIIII    0.000 29.000 29.000    0.0  48  48   2    2  
 HYPTET 1 T.A.   48 IIIIIIIIIIIIIIIIIIIIIIIIIIIIIIIIIIIIIIIIIIIIIIIIIIIIIIIIIIIIIIIIIIIIIIIIIIIIIIIIIIIIIIIIIIIIIIII    0.000 29.000 29.000    0.0  48  48   2    2  
 HYPTFT 1 T.A.   48 IIIIIIIIIIIIIIIIIIIIIIIIIIIIIIIIIIIIIIIIIIIIIIIIIIIIIIIIIIIIIIIIIIIIIIIIIIIIIIIIIIIIIIIIIIIIIIII    0.000 29.000 29.000    0.0  48  48   2    2  
 HYPTXT 1 T.M.  960 MMMMMMMMMMMMMMMMMMMMMMMMMMMMMMMMMMMMMMMMMMMMMMMMMMMMMMMMMMMMMMMMMMMMMMMMMMMMMMMMMMMMMMMMMMMMMMMM    0.000 29.000 29.000   33.0  48  48   2    2  
 HYRPDT 1 T.M.  960 MMMMMMMMMMMMMMMMMMMMMMMMMMMMMMMMMMMMMMMMMMMMMMMMMMMMMMMMMMMMMMMMMMMMMMMMMMMMMMMMMMMMMMMMMMMMMMMM    0.000 29.000 29.000  256.0  48  48   2    2  
 AUPTFT 1 T.A.   48 IIIIIIIIIIIIIIIIIIIIIIIIIIIIIIIIIIIIIIIIIIIIIIIIIIIIIIIIIIIIIIIIIIIIIIIIIIIIIIIIIIIIIIIIIIIIIIII    0.000 29.000 29.000    0.0  48  48   2    2  
 AUPTXT 1 T.M.  960 MMMMMMMMMMMMMMMMMMMMMMMMMMMMMMMMMMMMMMMMMMMMMMMMMMMMMMMMMMMMMMMMMMMMMMMMMMMMMMMMMMMMMMMMMMMMMMMM    0.000 29.000 29.000   38.0  48  48   2    2  
 AURPDT 1 T.M.  960 MMMMMMMMMMMMMMMMMMMMMMMMMMMMMMMMMMMMMMMMMMMMMMMMMMMMMMMMMMMMMMMMMMMMMMMMMMMMMMMMMMMMMMMMMMMMMMMM    0.000 29.000 29.000  106.0  48  48   2    2  
 CGPTPT 1 T.A.   48 IIIIIIIIIIIIIIIIIIIIIIIIIIIIIIIIIIIIIIIIIIIIIIIIIIIIIIIIIIIIIIIIIIIIIIIIIIIIIIIIIIIIIIIIIIIIIIII    0.000 28.900 28.900    0.0  48  48   2    2  
 CGPTPT 2 T.A.   48 IIIIIIIIIIIIIIIIIIIIIIIIIIIIIIIIIIIIIIIIIIIIIIIIIIIIIIIIIIIIIIIIIIIIIIIIIIIIIIIIIIIIIIIIIIIIIIII    0.000 28.900 28.900    0.0  48  48   2    2  
 THPTPT 1 T.A.   48 IIIIIIIIIIIIIIIIIIIIIIIIIIIIIIIIIIIIIIIIIIIIIIIIIIIIIIIIIIIIIIIIIIIIIIIIIIIIIIIIIIIIIIIIIIIIIIII    0.000 28.900 28.900    0.0  48  48   2    2  
 AUPTPT 1 T.A.   48 IIIIIIIIIIIIIIIIIIIIIIIIIIIIIIIIIIIIIIIIIIIIIIIIIIIIIIIIIIIIIIIIIIIIIIIIIIIIIIIIIIIIIIIIIIIIIIII    0.000 28.900 28.900    0.0  48  48   2    2  
 CGDTPT 1 T.A.   48 IIIIIIIIIIIIIIIIIIIIIIIIIIIIIIIIIIIIIIIIIIIIIIIIIIIIIIIIIIIIIIIIIIIIIIIIIIIIIIIIIIIIIIIIIIIIIIII    0.000 28.900 28.900    0.0  48  48   2    2  
 CGDTXT 1 T.A.   48 IIIIIIIIIIIIIIIIIIIIIIIIIIIIIIIIIIIIIIIIIIIIIIIIIIIIIIIIIIIIIIIIIIIIIIIIIIIIIIIIIIIIIIIIIIIIIIII    0.000 28.900 28.900    0.0  48  48   2    2  
 CGDRPT 1 T.A.   48 IIIIIIIIIIIIIIIIIIIIIIIIIIIIIIIIIIIIIIIIIIIIIIIIIIIIIIIIIIIIIIIIIIIIIIIIIIIIIIIIIIIIIIIIIIIIIIII    0.000 28.900 28.900    0.0  48  48   2    2  
 M.PONT 3 T.A.   48 IIIIIIIIIIIIIIIIIIIIIIIIIIIIIIIIIIIIIIIIIIIIIIIIIIIIIIIIIIIIIIIIIIIIIIIIIIIIIIIIIIIIIIIIIIIIIIII  371.822 28.347 29.835    0.0  10   8   2    5  
 CGHTAT 1 T.M.  960 MMMMMMMMMMMMMMMMMMMMMMMMMMMMMMMMMMMMMMMMMMMMMMMMMMMMMMMMMMMMMMMMMMMMMMMMMMMMMMMMMMMMMMMMMMMMMMMM    0.000 28.300 28.300  243.0  48  48   2    2  
 CGHTAT 2 T.A.   48 IIIIIIIIIIIIIIIIIIIIIIIIIIIIIIIIIIIIIIIIIIIIIIIIIIIIIIIIIIIIIIIIIIIIIIIIIIIIIIIIIIIIIIIIIIIIIIII    0.000 28.200 28.200    0.0  48  48   2    2  
 CGHTBT 1 T.M.  960 MMMMMMMMMMMMMMMMMMMMMMMMMMMMMMMMMMMMMMMMMMMMMMMMMMMMMMMMMMMMMMMMMMMMMMMMMMMMMMMMMMMMMMMMMMMMMMMM    0.000 28.100 28.100  731.0  48  48   2    2  
 CGHTBT 2 T.A.   48 IIIIIIIIIIIIIIIIIIIIIIIIIIIIIIIIIIIIIIIIIIIIIIIIIIIIIIIIIIIIIIIIIIIIIIIIIIIIIIIIIIIIIIIIIIIIIIII    0.000 28.000 28.000    0.0  48  48   2    2  
 VLEJUT 1 T.A.   48 IIIIIIIIIIIIIIIIIIIIIIIIIIIIIIIIIIIIIIIIIIIIIIIIIIIIIIIIIIIIIIIIIIIIIIIIIIIIIIIIIIIIIIIIIIIIIIII    0.000 24.623 24.623    0.0   1   1   2    2  
 DIRINT 2 T.A.   48 IIIIIIIIIIIIIIIIIIIIIIIIIIIIIIIIIIIIIIIIIIIIIIIIIIIIIIIIIIIIIIIIIIIIIIIIIIIIIIIIIIIIIIIIIIIIIIII  448.312 14.199 20.603    0.0   1   1   2    2  
 DIRINT 1 T.A.   48 IIIIIIIIIIIIIIIIIIIIIIIIIIIIIIIIIIIIIIIIIIIIIIIIIIIIIIIIIIIIIIIIIIIIIIIIIIIIIIIIIIIIIIIIIIIIIIII  429.294 13.596 19.729    0.0   1   1   2    2  
 ARRI5T 1 T.A.   48 IIIIIIIIIIIIIIIIIIIIIIIIIIIIIIIIIIIIIIIIIIIIIIIIIIIIIIIIIIIIIIIIIIIIIIIIIIIIIIIIIIIIIIIIIIIIIIII  520.581 13.464 17.629    0.0   1   1   2    2  
 ARRI5T 2 T.A.   48 IIIIIIIIIIIIIIIIIIIIIIIIIIIIIIIIIIIIIIIIIIIIIIIIIIIIIIIIIIIIIIIIIIIIIIIIIIIIIIIIIIIIIIIIIIIIIIII  485.881 13.454 17.220    0.0   1   1   2    2  
 BRENNT 2 T.A.   48 IIIIIIIIIIIIIIIIIIIIIIIIIIIIIIIIIIIIIIIIIIIIIIIIIIIIIIIIIIIIIIIIIIIIIIIIIIIIIIIIIIIIIIIIIIIIIIII  414.230 13.371 19.289    0.0   1   1   4    4  
 BRENNT 1 T.A.   48 IIIIIIIIIIIIIIIIIIIIIIIIIIIIIIIIIIIIIIIIIIIIIIIIIIIIIIIIIIIIIIIIIIIIIIIIIIIIIIIIIIIIIIIIIIIIIIII  410.107 13.238 19.097    0.0   1   1   4    4  
 BRENNT 3 T.A.   48 IIIIIIIIIIIIIIIIIIIIIIIIIIIIIIIIIIIIIIIIIIIIIIIIIIIIIIIIIIIIIIIIIIIIIIIIIIIIIIIIIIIIIIIIIIIIIIII  463.020 13.173 16.877    0.0   1   1   4    4  
 DFEGST 1 T.A.   48 IIIIIIIIIIIIIIIIIIIIIIIIIIIIIIIIIIIIIIIIIIIIIIIIIIIIIIIIIIIIIIIIIIIIIIIIIIIIIIIIIIIIIIIIIIIIIIII    0.000 11.946 11.946    0.0  48  48   2    2  
 DSEGST 1 T.A.   48 IIIIIIIIIIIIIIIIIIIIIIIIIIIIIIIIIIIIIIIIIIIIIIIIIIIIIIIIIIIIIIIIIIIIIIIIIIIIIIIIIIIIIIIIIIIIIIII    0.000 11.946 11.946    0.0  48  48   2    2  
 DWEGST 1 T.A.   48 IIIIIIIIIIIIIIIIIIIIIIIIIIIIIIIIIIIIIIIIIIIIIIIIIIIIIIIIIIIIIIIIIIIIIIIIIIIIIIIIIIIIIIIIIIIIIIII    0.000 11.946 11.946    0.0  48  48   2    2  
 DWELDT 1 T.A.   48 IIIIIIIIIIIIIIIIIIIIIIIIIIIIIIIIIIIIIIIIIIIIIIIIIIIIIIIIIIIIIIIIIIIIIIIIIIIIIIIIIIIIIIIIIIIIIIII    0.000 11.946 11.946    0.0  48  48   2    2  
 DFELDT 1 T.A.   48 IIIIIIIIIIIIIIIIIIIIIIIIIIIIIIIIIIIIIIIIIIIIIIIIIIIIIIIIIIIIIIIIIIIIIIIIIIIIIIIIIIIIIIIIIIIIIIII    0.000 11.946 11.946    0.0  48  48   2    2  
 VAIR6T 1 T.A.   48 IIIIIIIIIIIIIIIIIIIIIIIIIIIIIIIIIIIIIIII                                                          703.331 11.785 15.410    0.0   2   1   2    2  
 VAIR6T 3 T.A.   13 IIIIIIIIIIIIIIIIIIIIIIIIIIIIIIIIIIIIIIIIIIIIIIIIIIIIIIIIIIIIIIIIIIIIIIIIIIIIIIIIIIIIIIIIIIIIIIII  691.523 11.587 15.152    0.0   2   1   2    2  
 VAIR6T 2 T.A.   48                                                                                                   656.008 10.992 14.538    0.0   2   1   2    2  
 CORD5T 2 T.M.   32 MMMMMMMMMMMMMMMMMMMMMMMMMMMMMMMMMMMMMMMMMMMMMMMMMMMMMMMMMMMMMMMMMMMMMMMMMMMMMMMMMMMMMMMMMMMMMMMM  388.119  9.405 10.012  700.0  16   8   3    2  
 CORD5T 3 T.A.   48                                                                                                   388.043  9.403  9.970    0.0  16   8   3    5  
 ARAMOT 1 T.A.   48                                                                                                   404.583  9.251  9.842    0.0   8   5   3    4  
 ARAMOT 2 T.A.   48 IIIIIIIIIIIIIIIIIIIIIIIIIIIIIIIIIIIIIIIIIIIIIIIIIIIIIIIIIIIIIIIIIIIIIIIIIIIIIIIIIIIIIIIIIIIIIIII  404.583  9.251  9.842    0.0   8   6   3    4  
 PORC2T 3 T.A.   48                                                                                                   301.665  8.542  9.058    0.0  12  12   3   10  
 PORC2T 4 T.A.   48                                                                                                   301.599  8.541  9.056    0.0  12  12   3   10  
 PORC2T 1 T.A.   48                                                                                                   302.948  8.271  8.789    0.0  12  12   3   10  
 PORC2T 2 T.A.   48                                                                                                   302.948  8.271  8.789    0.0  18  12   3   10  
 M.PONT 1 T.A.   48 IIIIIIIIIIIIIIIIIIIIIIII                                                                          102.140  7.787  8.196  150.0  10   8   2    5  
 M.PONT 2 T.A.   48               <<<ttttttRRRttt>                               SSSStttttttttSSS-                    102.140  7.787  8.196  200.0  10   8   2    5  
 RICHET 0 T.A.   48 IIIIIIIIIIIIIIIIIIIIIIIIIIIIIIIIIIIIIIIIIIIIIIIIIIIIIIIIIIIIIIIIIIIIIIIIIIIIIIIIIIIIIIIIIIIIIIII   61.333  7.367  7.900    0.0  12  12   3    4  
 GENN3T 1 T.A.   48 IIIIIIIIIIIIIIIIIIIIIIIIIIIIIIIIIIIIIIIIIIIIIIIIIIIIIIIIIIIIIIIIIIIIIIIIIIIIIIIIIIIIIIIIIIIIIIII  380.686  6.599  8.345    0.0   2   4   2    2  
 PS60.T 1 T.A.   48 IIIIIIIIIIIIIIIIIIIIIIIIIIIIIIIIIIIIIIIIIIIIIIIIIIIIIIIIIIIIIIIIIIIIIIIIIIIIIIIIIIIIIIIIIIIIIIII    0.000  4.477  4.477    0.0  10   6   2    2  
 PSMA.T 1 T.A.    2 IIIIIIIIIIIIIIIIIIIIIIIIIIIIIIIIIIIIIIIIIIIIIIIIIIIIIIIIIIIIIIIIIIIIIIIIIIIIIIIIIIIIIIIIIIIIIIII    0.000  4.460  4.460    0.0  10   4   2    2  
 PSMA.T 2 T.A.   48 IIIIIIIIIIIIIIIIIIIIIIIIIIIIIIIIIIIIIIIIIIIIIIIIIIIIIIIIIIIIIIIIIIIIIIIIIIIIIIIIIIIIIIIIIIIIIIII    0.000  4.460  4.460    0.0  10   6   2    2  
 PSMA.T 3 T.A.   48 IIIIIIIIIIIIIIIIIIIIIIIIIIIIIIIIIIIIIIIIIIIIIIIIIIIIIIIIIIIIIIIIIIIIIIIIIIIIIIIIIIIIIIIIIIIIIIII    0.000  4.460  4.460    0.0  10   6   2    2  
 PCMA.T 9 T.M.    1 MMMMMMMMMMMMMMMMMMMMMMMMMMMMMMMMMMMMMMMMMMMMMMMMRRRRRRRRRRRRRLLLL                                   0.000  4.460  4.460 1163.0  10   6   2    2  
 PSAP.T 1 T.A.    2 IIII         RRRRRRRRRRRRRRRRRRRRRRRRRRRRRRRR>ttt            RRRRRRRRRRRRRRRRRRRRRRRRRRRRRR>ttt     0.000  4.419  4.419  265.0  10   6   2    2  
 PS25.T 1 T.A.   48 IIIIIIIIIIIIIIIIIIIIIIIIIIIIIIIIIIIIIIIIIIIIIIIIIIIIIIIIIIIIIIIIIIIIIIIIIIIIIIIIIIIIIIIIIIIIIIII    0.000  4.393  4.393    0.0  10   6   2    2  
 VITRYT 3 T.A.   48                               <<<<<<<tttttRRRRRRRRRRRRRRRRRRRLL>>>                                 65.147  4.362  4.623  250.0   8   8   3    8  
 VITRYT 4 T.A.   48                               <<<<<<<tttttRRRRRRRRRRRRRRRRRRRLL>>>                                 65.063  4.357  4.617  250.0   8   8   3    8  
 MAXE T 2 T.M.   35 >>                               <<RRRRSSSRRRRRRRRRRRRRRRRRRRLL>>                                  67.719  4.334  4.605  250.0   8   8   3    3  
 BOUCHT 1 T.M.   36 >                                         <<RRRRRRRRRRRRRRRRRRR>>                                 110.565  4.234  4.676  200.0  16  16   3    3  
 MAXE T 1 T.M.   36 >>                               <<RRRRSSSRRRRRRRRRRRRRRRRRLLLL>>                                  65.893  4.217  4.481  250.0   8  20   3    3  
 BLENOT 2 T.M.   31 NNNNNNNNNNN<<XXXXXXXXXXXXXXXXXRRRRRRRRRRRRRRRRRRRttttttttttRRRRRRRRRRRRRRRRRRRRRRRRRRRRRRRRRRRtt   63.048  4.110  4.362  225.0   8   8   4    4  
 BLENOT 3 T.M.   32                                  <<<RRRtttRRRRRRRRRRRRRRRRRRRRR>>>                                 69.351  4.065  4.342  195.0   8   8   4    4  
 HAVRET 2 T.M.   41 >>                               <<ttt>SSS<<RRRRRRRRRRRRRRRXXX>>>>                                155.713  4.013  4.280  565.0   8   8   3    2  
 BLENOT 4 T.A.   48 IIIIIIIIIIIIIIIIIIIIIIIIIIIIIIIIIIIIIIIIIIIIIIIIIIIIIIIIIIIIIIIIIIIIIIIIIIIIIIIIIIIIIIIIIIIIIIII   68.368  4.007  4.281    0.0   8   8   4    7  
 HAVRET 1 T.M.   32 >                                <<<RRRtttRRRRRRRRRRRRRRRRRLLLL>>                                  55.236  4.006  4.246  230.0   8   8   2    3  
 CORD5T 5 T.M.   34 RRRRRSSSSSS<RRRRRXXXXXXXXXXXXRRRRRRRRRRRRR++++++++++++++++++++++RXXXXXXXXXXXRRRRRRRRRRRRRRRRRRRR  158.774  3.684  3.958  540.0  16  16   3    3  
 HAVRET 4 T.A.   48 IIIIIIIIIIIIIIIIIIIIIIIIIIIIIIIIIIIIIIIIIIIIIIIIIIIIIIIIIIIIIIIIIIIIIIIIIIIIIIIIIIIIIIIIIIIIIIII  156.103  3.650  3.919    0.0   8   8   3    9  
 CORD5T 4 T.A.   48 IIIIIIIIIIIIIIIIIIIIIIIIIIIIIIIIIIIIIIIIIIIIIIIIIIIIIIIIIIIIIIIIIIIIIIIIIIIIIIIIIIIIIIIIIIIIIIII  155.940  3.618  3.878    0.0  16  16   3    6  
 PI25.T 1 T.A.    4 IIIIIIIIIIIIIIIIIIIIIIIIIIIIIIIIIIIIIIIIIIIIIIIIIIIIIIIIIIIIIIIIIIIIIIIIIIIIIIIIIIIIIIIIIIIIIIII   43.687  2.835  3.017    0.0  10   4   2    2  
 PIMP.T 1 T.A.    4 IIIIIIIIIIIIIIIIIIIIIIIIIIIIIIIIIIIIIIIIIIIIIIIIIIIIIIIIIIIIIIIIIIIIIIIIIIIIIIIIIIIIIIIIIIIIIIII   43.687  2.835 90.210    0.0  10   4   2    2  
 PSSA.T 1 T.A.    4 IIIIIIIIIIIIIIIIIIIIIIIIIIIIIIIIIIIIIIIIIIIIIIIIIIIIIIIIIIIIIIIIIIIIIIIIIIIIIIIIIIIIIIIIIIIIIIII   43.687  2.835 90.210    0.0  10   4   2    2  
 PMAR.T 1 T.A.    4 IIIIIIIIIIIIIIIIIIIIIIIIIIIIIIIIIIIIIIIIIIIIIIIIIIIIIIIIIIIIIIIIIIIIIIIIIIIIIIIIIIIIIIIIIIIIIIII   43.687  2.835 90.210    0.0  10   4   2    2  
 GOLF5T 2 PUIS 1171 RRRRRRRRRRRR====ZZZZZZZZZZZZZZZZZZZZZZZZZZ======================>                                   0.000  2.010  2.010 1268.0  48  96   2    2  
 BUGEYT 2 PUIS  857 NNNNN_______====================================================+                                   0.000  1.320  1.320  875.0  48  48   2    2  
 CHOO2T 2 PUIS 1420 X>NNNN_____<=MMMMMMMMMMMMMMMMMMMMM===============================>                                  0.000  0.888  0.888 1450.0  48  48   2    2  
 CIVAUT 2 PUIS  -25 IIIIIIIIIIIIIIIIIIIIIIIIIIIIIMMMMMMMMMMMMMMMMMMMMMMMMMMMMMMMMMMMMMMMMMMMMMMMMMMMMMMMMMMMMMMMMMMM    0.000  0.886  0.886 1181.0  48  48   2    2  
 SSEA2T 2 PUIS  890 MMMMMMMMMMMMMMMMMMMMMMMMMMMMMMMMMMMMMMMMMMMMMMMMMMMMMMMMMMMMMMMMMMMMMMMMMMMMMMMMMMMMMMMMMMMMMMMM    0.000  0.884  0.884  890.0  48  48   2    2  
 SSEA2T 1 PUIS  890 MMMMMMMMMMMMMMMMMMMMMMMMMMMMMMMMMMMMMMMMMMMMMMMMMMMMMMMMMMMMMMMMMMMMMMMMMMMMMMMMMMMMMMMMMMMMMMMM    0.000  0.882  0.882  890.0  48  48   2    2  
 D.BURT 1 PUIS  802 RNNNNNNNNNNNXXXXXXXXXXXXXXXXXNNNNN===============================ZZMMMMM==MMMMMMMMMMMMM____SRRRR    0.000  0.880  0.880  870.0  48  48   2    2  
 TRICAT 2 PUIS  853 MMMMMMMMMMMMMMMMMMMMMMMMMMMMMMMMMMMMMMMMMMMMMMMMMMMMMMMMMMMMMMMMMMMMMMMMMMMMMMMMMMMMMMMMMMMMMMMM    0.000  0.878  0.878  853.0  72  48   2    2  
 D.BURT 2 PUIS  852 XNNNN_______=MMMMMMMMMMMMMM=====================================>                                   0.000  0.876  0.876  870.0  48  48   2    2  
 CATTET 4 PUIS 1290 MMMMMMMMMMMMMM=============MMMMM========RR=======================>                                  0.000  0.874  0.874 1290.0  48  48   2    2  
 FLAMAT 2 PUIS 1237 SNNNNNNNNNNN===MMMMMMMMMMMMMMMMMMMMMMMMMMMMMMMMMMMMMMMMMMMMMMMMMMMMMMMMMMMMMMMMMMMRRRR>             0.000  0.872  0.872 1334.0  98  48   2    2  
 PALUET 4 PUIS 1187 RRRRXNNNNNNNXXXXZZZZZZZZZZZZZZZZZZ======RR=======================>                                  0.000  0.870  0.870 1284.0  98  48   2    2  
 PALUET 3 PUIS 1253 XXNNNNNNNNNN===MMMMMMMMMMMMMMMZZZZ======RR=======================>                                  0.000  0.868  0.868 1280.0  98  48   2    2  
 CATTET 2 PUIS 1250 =XXXXXXXXXXMMMMMMMMMMMMMMM======================================>                                   0.000  0.866  0.866 1250.0  48  48   2    2  
 PENLYT 2 PUIS 1190 MMMMMMMMMMMMMMMMMMMMMMMMMMMMMMMMMMMMMMMMMMMMMMMMMMMMMMMMMMMMMMMMMMMMMMMMMMMMMMMMMMMMMMMMMMMMMMMM    0.000  0.864  0.864 1190.0  98  48   2    2  
 PALUET 2 PUIS 1230 MMMMMMMMMMMMMMMMMMMMMMMMMMMMMMMMMMMMMMMMMMMMMMMMMMMMMMMMMMMMMMMMMMMMMMMMMMMMMMMMMMMMMMMMMMMMMMMM    0.000  0.862  0.862 1230.0  98  47   2    2  
 CATTET 1 PUIS 1196 RNNNNNNNNNNN=================NNNNN===============================ZZZZZZZZZZ>                        0.000  0.860  0.860 1293.0  48  48   2    2  
 BUGEYT 5 PUIS  817 XXXXXXXXXXXX=====================================================_________________________======    0.000  0.841  0.841  817.0  48  48   2    2  
 GRAV5T 5 PUIS  910 =XXXXXXXXXXX===MMMMMMMMMMMMMMMMMMMMMMMMMMMMMMMMMMMMMMMMMMMMMMMMMMMMMMMMMMMMMMMMMMM==>               0.000  0.822  0.822  910.0  48  48   2    2  
 TRICAT 3 PUIS  880 XXXXXXXXXXXXXXXXXXXXXXXXXXXXXXXXXX=============================MMMMMMMMMMMMMMMMMMMMMMMMMMMMMMMMM    0.000  0.820  0.820  898.0  72  48   2    2  
 TRICAT 1 PUIS  859 MMMMMMMMMMMMMMMMMMMMMMMMMMMMMMMMMMMMMMMMMMMMMMMMMMMMMMMMMMMMMMMMMMMMMMMMMMMMMMMMMMMMMMMMMMMMMMMM    0.000  0.818  0.818  859.0  72  48   2    2  
 GRAV5T 2 PUIS  869 XXXXXXXXXXXX===MMMMMMMMM=========================================>                                  0.000  0.816  0.816  887.0  48  48   2    2  
 CRUA5T 4 PUIS  890 MMMMMMMMMMMMMMMMMMMMMMMMMMMMMMMMMMMMMMMMMMMMMMMMMMMMMMMMMMMMMMMMMMMMMMMMMMMMMMMMMMMMMMMMMMMMMMMM    0.000  0.814  0.814  890.0  72  48   2    2  
 GRAV5T 4 PUIS  814 RNNNNNNNNNNNXXXXXXXXXXXXXXXXXNNNNN=============================MMMMMMMMMMMMMMMMMMMMMMMMMMMMMMMMM    0.000  0.812  0.812  882.0  48  48   2    2  
 CRUA5T 1 PUIS  880 MMMMMMMMMMMMMMMMMMMMMMMMMMMMMMMMMMMMMMMMMMMMMMMMMMMMMMMMMMMMMMMMMMMMMMMMMMMMMMMMMMMMMMMMMMMMMMMM    0.000  0.810  0.810  880.0  72  48   2    2  
 N.SE5T 2 PUIS  -25 IIIIIIIIIIIIIIIIIIIIIIIIIIIIIIIIIIIIIIIIIIIIIIIIIIIIIIIIIIIIIIIIIIIIIIIIIIIIIIIIIIIIIIIIIIIIIIII    0.000  0.749  0.749  -25.0  48  48   2    2  
 PALUET 1 PUIS 1173 RRRRXNNNNNNN=====MMMMMMMMMMMMMMMMMMMMMMMMMMMMMMMMMMMMMMMMMMMMMMMMMMMMMMMMMMMMMMMMM==>               0.000  0.747  0.747 1270.0  98  47   2    2  
 GOLF5T 1 PUIS 1268 MMMMMMMMMMMMMMMMMMMMMMMMMMMMMMMMMMMMMMMMMMMMMMMMMMMMMMMMMMMMMMMMMMMMMMMMMMMMMMMMMMMMMMMMMMMMMMMM    0.000  0.745  0.745 1268.0  48  48   2    2  
 SSAL7T 1 PUIS 1280 MMMMMMMMMMMMMMMMMMMMMMMMMMMMMMMMMMMMMMMMMMMMMMMMMMMMMMMMMMMMMMMMMMMMMMMMMMMMMMMMMMMMMMMMMMMMMMMM    0.000  0.743  0.743 1280.0  48  48   2    2  
 BVIL7T 1 PUIS 1163 SNNNNNNNNNNNXXXXXXXXXXXXXXXXXZZZZZ======RR=======================NNNNNNNNNNN++++++++++++++++++++    0.000  0.741  0.741 1260.0  48  48   2    2  
 PENLYT 1 PUIS 1204 RRRRXNNNNNNN++++++++++++++++++++NN++++++++=======================Z++++++++++                        0.000  0.739  0.739 1301.0  98  48   2    2  
 CHOO2T 1 PUIS 1370 +>NNNN____<<=================MMM++===============================+                                  0.000  0.728  0.728 1400.0  48  48   2    2  
 CIVAUT 1 PUIS 1420 =+++++++++++===============MMMMMMMMMMMMMMMMMMMMMMMMMMMMMMMMMMMMMMMMMMMMMMMMMMMMMMMMMMMMMMMMMMMMM    0.000  0.726  0.726 1420.0  48  48   2    2  
 BLAYAT 1 PUIS  879 MMMMMMMMMMMMMMMMMMMMMMMMMMMMMMMMMMMMMMMMMMMMMMMMMMMMMMMMMMMMMMMMMMMMMMMMMMMMMMMMMMMMMMMMMMMMMMMM    0.000  0.710  0.710  879.0  48  48   2    2  
 BLAYAT 2 PUIS    0 MMMMMMMMMMMMMMMMMMMMMMMMMMMMMMMMMMMMMMMMMMMMMMMMMMMMMMMMMMMMMMMMMMMMMMMMMMMMMMMMMMMMMMMMMMMMMMMM    0.000  0.710  0.710  534.0  48  48   2    2  
 BLAYAT 3 PUIS  715 MMMMMMMMMMMMMMMMMMMMMMMMMMMMMMMMMMMMMMMMMMMMMMMMMMMMMMMMMMMMMMMMMMMMMMMMMMMMMMMMMMMMMMMMMMMMMMMM    0.000  0.710  0.710  715.0  48  48   2    2  
 BLAYAT 4 PUIS  -25 IIIIIIIIIIIIIIIIIIIIIIIIIIIIIIIIIIIIIIIIIIIIIIIIIIIIIIIIIIIIIIIIIIIIIIIIIIIIIIIIIIIIIIIIIIIIIIII    0.000  0.710  0.710  -25.0  48  48   2    2  
 BUGEYT 3 PUIS  -25 IIIIIIIIIIIIIIIIIIIIIIIIIIIIIIIIIIIIIIIIIIIIIIIIIIIIIIIIIIIIIIIIIIIIIIIIIIIIIIIIIIIIIIIIIIIIIIII    0.000  0.710  0.710  -25.0  48  48   2    2  
 BUGEYT 4 PUIS  -25 IIIIIIIIIIIIIIIIIIIIIIIIIIIIIIIIIIIIIIIIIIIIIIIIIIIIIIIIIIIIIIIIIIIIIIIIIIIIIIIIIIIIIIIIIIIIIIII    0.000  0.710  0.710  -25.0  48  48   2    2  
 BVIL7T 2 PUIS  -25 IIIIIIIIIIIIIIIIIIIIIIIIIIIIIIIIIIIIIIIIIIIIIIIIIIIIIIIIIIIIIIIIIIIIIIIIIIIIIIIIIIIIIIIIIIIIIIII    0.000  0.710  0.710  -25.0  48  48   2    2  
 CATTET 3 PUIS  -25 IIIIIIIIIIIIIIIIIIIIIIIIIIIIIIIIIIIIIIIIIIIIIIIIIIIIIIIIIIIIIIIIIIIIIIIIIIIIIIIIIIIIIIIIIIIIIIII    0.000  0.710  0.710  -25.0  48  48   2    2  
 CHIN2T 1 PUIS  -25 IIIIIIIIIIIIIIIIIIIIIIIIIIIIIIIIIIIIIIIIIIIIIIIIIIIIIIIIIIIIIIIIIIIIIIIIIIIIIIIIIIIIIIIIIIIIIIII    0.000  0.710  0.710  -25.0  48  48   2    2  
 CHIN2T 2 PUIS  890 MMMMMMMMMMMMMMMMMMMMMMMMMMMMMMMMMMMMMMMMMMMMMMMMMMMMMMMMMMMMMMMMMMMMMMMMMMMMMMMMMMMMMMMMMMMMMMMM    0.000  0.710  0.710  890.0  48  48   2    2  
 CHIN2T 3 PUIS    0 IIIIIIIIIIIIIIIIIIIIIIIIIIIIIIIIIIIIIIIIIIIIIIIIIIIIIIIIIIIIIIIIIIIIIIIIIIIIIIIIIIIIIIIIIIIIIIII    0.000  0.710  0.710    0.0  48  48   2    2  
 CHIN2T 4 PUIS  888 MMMMMMMMMMMMMMMMMMMMMMMMMMMMMMMMMMMMMMMMMMMMMMMMMMMMMMMMMMMMMMMMMMMMMMMMMMMMMMMMMMMMMMMMMMMMMMMM    0.000  0.710  0.710  888.0  48  48   2    2  
 CRUA5T 2 PUIS  900 MMMMMMMMMMMMMMMMMMMMMMMMMMMMMMMMMMMMMMMMMMMMMMMMMMMMMMMMMMMMMMMMMMMMMMMMMMMMMMMMMMMMMMMMMMMMMMMM    0.000  0.710  0.710  900.0  72  48   2    2  
 CRUA5T 3 PUIS  -25 IIIIIIIIIIIIIIIIIIIIIIIIIIIIIIIIIIIIIIIIIIIIIIIIIIIIIIIIIIIIIIIIIIIIIIIIIIIIIIIIIIIIIIIIIIIIIIII    0.000  0.710  0.710  -25.0  72  48   2    2  
 D.BURT 3 PUIS    0 IIIIIIIIIIIIIIIIIIIIIIIIIIIIIIIIIIIIIIIIIIIIIIIIIIIIIIIIIIIIIIIIIIIIIIIIIIIIIIIIIIIIIIIIIIIIIIII    0.000  0.710  0.710  -25.0  48  48   2    2  
 D.BURT 4 PUIS  905 MMMMMMMMMMMMMMMMMMMMMMMMMMMMMMMMMMMMMMMMMMMMMMMMMMMMMMMMMMMMMMMMMMMMMMMMMMMMMMMMMMMMMMMMMMMMMMMM    0.000  0.710  0.710  905.0  48  96   2    2  
 FESS5T 1 PUIS  838 MMMMMMMMMMMMMMMMMMMMMMMMMMMMMMMMMMMMMMMMMMMMMMMMMMMMMMMMMMMMMMMMMMMMMMMMMMMMMMMMMMMMMMMMMMMMMMMM    0.000  0.710  0.710  838.0  48  48   2    2  
 FESS5T 2 PUIS  -25 IIIIIIIIIIIIIIIIIIIIIIIIIIIIIIIIIIIIIIIIIIIIIIIIIIIIIIIIIIIIIIIIIIIIIIIIIIIIIIIIIIIIIIIIIIIIIIII    0.000  0.710  0.710  -25.0  48  48   2    2  
 FLAMAT 1 PUIS  -25 IIIIIIIIIIIIIIIIIIIIIIIIIIIIIIIIIIIIIIIIIIIIIIIIIIIIIIIIIIIIIIIIIIIIIIIIIIIIIIIIIIIIIIIIIIIIIIII    0.000  0.710  0.710  -25.0  98  48   2    2  
 GRAV5T 1 PUIS  -25 IIIIIIIIIIIIIIIIIIIIIIIIIIIIIIIIIIIIIIIIIIIIIIIIIIIIIIIIIIIIIIIIIIIIIIIIIIIIIIIIIIIIIIIIIIIIIIII    0.000  0.710  0.710  -25.0  48  48   2    2  
 GRAV5T 3 PUIS  878 MMMMMMMMMMMMMMMMMMMMMMMMMMMMMMMMMMMMMMMMMMMMMMMMMMMMMMMMMMMMMMMMMMMMMMMMMMMMMMMMMMMMMMMMMMMMMMMM    0.000  0.710  0.710  878.0  48  48   2    2  
 GRAV5T 6 PUIS  915 MMMMMMMMMMMMMMMMMMMMMMMMMMMMMMMMMMMMMMMMMMMMMMMMMMMMMMMMMMMMMMMMMMMMMMMMMMMMMMMMMMMMMMMMMMMMMMMM    0.000  0.710  0.710  915.0  48  48   2    2  
 N.SE5T 1 PUIS  -25 IIIIIIIIIIIIIIIIIIIIIIIIIIIIIIIIIIIIIIIIIIIIIIIIIIIIIIIIIIIIIIIIIIIIIIIIIIIIIIIIIIIIIIIIIIIIIIII    0.000  0.710  0.710  -25.0  48  48   2    2  
 SSAL7T 2 PUIS  -25 IIIIIIIIIIIIIIIIIIIIIIIIIIIIIIIIIIIIIIIIIIIIIIIIIIIIIIIIIIIIIIIMMMMMMMMMMMMMMMMMMMMMMMMMMMMMMMMM    0.000  0.710  0.710  665.0  95  48   2    2  
 TRICAT 4 PUIS  -25 IIIIIIIIIIIIIIIIIIIIIIIIIIIIIIIIIIIIIIIIIIIIIIIIIIIIIIIIIIIIIIIIIIIIIIIIIIIIIIIIIIIIIIIIIIIIIIII    0.000  0.710  0.710  -25.0  72  48   2    2  
 PHENIT 1 T.A.   48 IIIIIIIIIIIIIIIIIIIIIIIIIIIIIIIIIIIIIIIIIIIIIIIIIIIIIIIIIIIIIIIIIIIIIIIIIIIIIIIIIIIIIIIIIIIIIIII   11.650  0.450  0.500    0.0  72  47   4    9  
   
 ____________________________________________________________________________________________________________________________________________________________________
 ____________________________________________________________________________________________________________________________________________________________________
   

 BILANS DES PRODUCTIONS PAR VALLEES
 
 DORDOGNE   E    2229.0 MWh

            W
      44.0000       2.3286       2.3286      44.0000      44.0000       2.3286
       2.3286       2.3286       2.3286       2.3286       4.0000       2.3286
      44.0000     188.8211      44.0000     345.0000      44.0000       2.3286
       3.6898       2.3286      44.0000       2.3286       2.3286      44.0000
      44.0000       4.0000      44.0000       2.3286      44.0000       2.3286
      35.4667       2.3286       2.3286      44.0000      44.0000      44.0000
      44.0000      44.0000      44.0000      44.0000       4.0000       2.3286
      44.0000      44.0000      44.0000     345.0000     270.0000      44.0000
      44.0000      44.0000     115.0000      44.0000     345.0000      44.0000
      44.0000      44.0000      44.0000      44.0000      44.0000     142.0463
      44.0000     345.0000     345.0000      44.0000      44.0000       2.3286
       2.3286       2.3286       2.3286       2.3286      44.0000       3.5000
       2.3286       2.3286       2.3286       2.3286       2.3286       2.3286
       2.3286       2.3286       2.3286       2.3286      44.0000      44.0000
      44.0000       2.3286       2.3286       2.3286       2.3286       2.3286
      44.0000      44.0000      44.0000      44.0000       2.3286      25.9421
 
            B
       4.0000       0.0000       0.0000       4.0000       4.0000       0.0000
       0.0000       0.0000       0.0000       0.0000       0.0000       0.0000
       4.0000       4.0000       4.0000      15.0000       4.0000       0.0000
       0.0000       0.0000       4.0000       0.0000       0.0000       4.0000
       4.0000       0.0000       4.0000       0.0000       4.0000       0.0000
       3.1467       0.0000       0.0000       4.0000       4.0000       4.0000
       4.0000       4.0000       4.0000       4.0000       0.0000       0.0000
       4.0000       4.0000       4.0000      15.0000      15.0000       4.0000
       4.0000       4.0000      15.0000       4.0000      15.0000       4.0000
       4.0000       4.0000       4.0000       4.0000       4.0000      15.0000
       4.0000      15.0000      15.0000       4.0000       4.0000       0.0000
       0.0000       0.0000       0.0000       0.0000       4.0000       0.0000
       0.0000       0.0000       0.0000       0.0000       0.0000       0.0000
       0.0000       0.0000       0.0000       0.0000       4.0000       4.0000
       4.0000       0.0000       0.0000       0.0000       0.0000       0.0000
       4.0000       4.0000       4.0000       4.0000       0.0000       2.3379
 
            R
     331.0000     372.6714     372.6714     331.0000     331.0000     372.6714
     372.6714     372.6714     372.6714     372.6714     371.0000     372.6714
     331.0000     186.1789     331.0000      30.0000     331.0000     301.6714
     300.3102     301.6714     260.0000     301.6714     301.6714     260.0000
     260.0000     300.0000     260.0000     301.6714     260.0000     301.6714
     268.5333     301.6714     301.6714     331.0000     331.0000     331.0000
     331.0000     331.0000     331.0000     331.0000     371.0000     372.6714
     331.0000     331.0000     331.0000      30.0000     105.0000     331.0000
     331.0000     331.0000     260.0000     331.0000      30.0000     331.0000
     331.0000     331.0000     331.0000     331.0000     331.0000     232.9537
     331.0000      30.0000      30.0000     331.0000     331.0000     301.6714
     301.6714     301.6714     301.6714     301.6714     260.0000     300.5000
     301.6714     301.6714     301.6714     301.6714     301.6714     301.6714
     301.6714     301.6714     301.6714     372.6714     331.0000     331.0000
     331.0000     372.6714     372.6714     372.6714     372.6714     372.6714
     331.0000     331.0000     331.0000     331.0000     372.6714     349.0579
 
 TRUY-SUP   E       0.0 MWh

            W
       0.0000       0.0000       0.0000       0.0000       0.0000       0.0000
       0.0000       0.0000       0.0000       0.0000       0.0000       0.0000
       0.0000       0.0000       0.0000       0.0000       0.0000       0.0000
       0.0000       0.0000       0.0000       0.0000       0.0000       0.0000
       0.0000       0.0000       0.0000       0.0000       0.0000       0.0000
       0.0000       0.0000       0.0000       0.0000       0.0000       0.0000
       0.0000       0.0000       0.0000       0.0000       0.0000       0.0000
       0.0000       0.0000       0.0000       0.0000       0.0000       0.0000
       0.0000       0.0000       0.0000       0.0000       0.0000       0.0000
       0.0000       0.0000       0.0000       0.0000       0.0000       0.0000
       0.0000       0.0000       0.0000       0.0000       0.0000       0.0000
       0.0000       0.0000       0.0000       0.0000       0.0000       0.0000
       0.0000       0.0000       0.0000       0.0000       0.0000       0.0000
       0.0000       0.0000       0.0000       0.0000       0.0000       0.0000
       0.0000       0.0000       0.0000       0.0000       0.0000       0.0000
       0.0000       0.0000       0.0000       0.0000       0.0000       0.0000
 
            B
       0.0000       0.0000       0.0000       0.0000       0.0000       0.0000
       0.0000       0.0000       0.0000       0.0000       0.0000       0.0000
       0.0000       0.0000       0.0000       0.0000       0.0000       0.0000
       0.0000       0.0000       0.0000       0.0000       0.0000       0.0000
       0.0000       0.0000       0.0000       0.0000       0.0000       0.0000
       0.0000       0.0000       0.0000       0.0000       0.0000       0.0000
       0.0000       0.0000       0.0000       0.0000       0.0000       0.0000
       0.0000       0.0000       0.0000       0.0000       0.0000       0.0000
       0.0000       0.0000       0.0000       0.0000       0.0000       0.0000
       0.0000       0.0000       0.0000       0.0000       0.0000       0.0000
       0.0000       0.0000       0.0000       0.0000       0.0000       0.0000
       0.0000       0.0000       0.0000       0.0000       0.0000       0.0000
       0.0000       0.0000       0.0000       0.0000       0.0000       0.0000
       0.0000       0.0000       0.0000       0.0000       0.0000       0.0000
       0.0000       0.0000       0.0000       0.0000       0.0000       0.0000
       0.0000       0.0000       0.0000       0.0000       0.0000       0.0000
 
            R
      20.5000      20.5000      20.5000      20.5000      20.5000      20.5000
      20.5000      20.5000      20.5000      20.5000      20.5000      20.5000
      20.5000      20.5000      20.5000      20.5000      20.5000      20.5000
      20.5000      20.5000      20.5000      20.5000      20.5000      20.5000
      20.5000      20.5000      20.5000      20.5000      20.5000      20.5000
      20.5000      20.5000      20.5000      20.5000      20.5000      20.5000
      20.5000      20.5000      20.5000      20.5000      20.5000      20.5000
      20.5000      20.5000      20.5000      20.5000      20.5000      20.5000
      20.5000      20.5000      20.5000      20.5000      20.5000      20.5000
      20.5000      20.5000      20.5000      20.5000      20.5000      20.5000
      20.5000      20.5000      20.5000      20.5000      20.5000      20.5000
      20.5000      20.5000      20.5000      20.5000      20.5000      20.5000
      20.5000      20.5000      20.5000      20.5000      20.5000      20.5000
      20.5000      20.5000      20.5000      20.5000      20.5000      20.5000
      20.5000      20.5000      20.5000      20.5000      20.5000      20.5000
      20.5000      20.5000      20.5000      20.5000      20.5000      20.5000
 
 TRUY-INF   E    8007.6 MWh

            W
    -570.7000    -570.7000    -588.6000    -589.5455    -589.5455    -614.5455
    -614.5455    -614.5455    -614.5455    -614.5455    -614.5455    -594.5455
    -594.5455      70.4545      70.4545     811.4000     786.4000     786.4000
     785.4545     785.4545     786.4000    1014.4000     989.8000     995.2000
     957.2000     982.2000     977.7000     977.7000     977.7000     785.4545
     785.4545     785.4545     595.4545     570.4545      20.4545      50.0000
      50.0000     235.4545     235.4545     380.4545     380.4545     380.4545
       0.4545       0.4545     191.4000     236.4000    -159.5455    -506.5455
    -312.0000    -420.0000    -613.6000    -613.6000    -593.6000    -594.5455
    -594.5455    -614.5455    -614.5455    -614.5455    -614.5455    -589.5455
    -589.5455    -384.5455       0.4545       0.4545      25.4545     406.4000
     406.4000     786.4000    1014.4000    1029.3000     997.9000     997.9000
     989.4000    1014.4000     975.4545     975.4545    1075.4545     760.4545
     760.4545     760.4545     191.4000       1.4000      20.4545     210.4545
     191.4000     216.4000      25.4545      45.4545     235.4545     236.4000
      21.4000      20.4545      20.4545     211.4000    -218.6000    -613.6000
 
            B
       0.0000       0.0000       2.0000       2.0000       2.0000       0.0000
       0.0000       0.0000       0.0000       0.0000       0.0000       5.0000
       5.0000       9.0000       9.0000     104.0000     102.0000     102.0000
     102.0000     102.0000     102.0000     140.0000     138.0000     138.0000
     138.0000     140.0000     140.0000     140.0000     140.0000     102.0000
     102.0000     102.0000      77.0000      75.0000       5.0000       7.0000
       7.0000      32.0000      32.0000      50.0000      50.0000      50.0000
       0.0000       0.0000      25.0000      32.0000       7.0000       9.0000
      47.0000      38.0000       0.0000       0.0000       5.0000       5.0000
       5.0000       0.0000       0.0000       0.0000       0.0000       2.0000
       2.0000       2.0000       0.0000       0.0000       2.0000      52.0000
      52.0000     102.0000     140.0000     140.0000     138.0000     138.0000
     138.0000     140.0000     140.0000     140.0000      40.0000     100.0000
     100.0000     100.0000      25.0000       0.0000       5.0000      30.0000
      25.0000      27.0000       2.0000       7.0000      32.0000      32.0000
       5.0000       5.0000       5.0000      43.0000      38.0000       0.0000
 
            R
    1638.6000    1638.6000    1656.5000    1657.4455    1657.4455    1682.4455
    1682.4455    1682.4455    1682.4455    1682.4455    1682.4455    1662.4455
    1662.4455     997.4455     997.4455     236.5000     236.5000     236.5000
     237.4455     237.4455     236.5000       8.5000      33.1000      27.7000
      65.7000      40.7000      45.2000      45.2000      45.2000     237.4455
     237.4455     237.4455     427.4455     452.4455    1047.4455    1013.0000
    1013.0000     832.4455     832.4455     687.4455     687.4455     687.4455
    1067.4455    1067.4455     876.5000     831.5000    1227.4455    1574.4455
    1379.9000    1487.9000    1681.5000    1681.5000    1661.5000    1662.4455
    1662.4455    1682.4455    1682.4455    1682.4455    1682.4455    1657.4455
    1657.4455    1452.4455    1067.4455    1047.4455     997.4455     616.5000
     616.5000     236.5000       8.5000       3.6000      25.0000      25.0000
      33.5000       8.5000      47.4455      47.4455      47.4455     262.4455
     262.4455     262.4455     831.5000    1021.5000    1047.4455     857.4455
     876.5000     851.5000    1042.4455    1022.4455     832.4455     831.5000
    1046.5000    1047.4455    1047.4455     856.5000    1286.5000    1681.5000
 
 AIN        E    3597.5 MWh

            W
      45.7512      45.7512       1.9512      45.7512      75.1964       1.9512
       1.9512       1.9512       1.9512       1.9512      45.7512       1.9512
      92.8961     249.8000      60.8951     259.8000      62.5939      44.7512
      40.4512      40.4512      60.4504      40.4512      41.4011      41.3584
      76.5000      48.7676      48.7676       3.2957      76.7676       2.1457
      53.4721       2.1457       3.2957      54.2676     214.3272     137.4117
      67.4627      76.7676      67.4721      88.7676      41.6620       3.2957
     151.6221     237.0000      77.9654     260.0000     251.9444      84.3905
     250.0000     245.2954     260.0000     237.0000     260.0000      76.8395
      60.0000      59.9512      60.0000      93.1416     176.8768     260.0000
      75.0951     260.0000     260.0000     250.0000      90.7939       1.9512
       1.9512       1.9512      45.9512      45.9512      52.1385      45.1858
      40.4812       1.9512      40.4812      45.1858       1.9512       1.9512
       1.9512       1.9512       1.9512       1.9512      73.1558      54.4512
      40.4512       1.9512       1.9512       1.9512       1.9512       1.9512
      68.4512      40.4512      40.4512      40.4512      40.4512      40.4512
 
            B
       0.0000       0.0000       0.0000       0.0000       0.0000       0.0000
       0.0000       0.0000       0.0000       0.0000       0.0000       0.0000
       0.0000       0.0000       0.0000       0.0000       0.0000       0.0000
       0.0000       0.0000       0.0000       0.0000       0.0000       0.0000
       0.0000       0.0000       0.0000       0.0000       0.0000       0.0000
       0.0000       0.0000       0.0000       0.0000       0.0000       0.0000
       0.0000       0.0000       0.0000       0.0000       0.0000       0.0000
       0.0000       0.0000       0.0000       0.0000       0.0000       0.0000
       0.0000       0.0000       0.0000       0.0000       0.0000       0.0000
       0.0000       0.0000       0.0000       0.0000       0.0000       0.0000
       0.0000       0.0000       0.0000       0.0000       0.0000       0.0000
       0.0000       0.0000       0.0000       0.0000       0.0000       0.0000
       0.0000       0.0000       0.0000       0.0000       0.0000       0.0000
       0.0000       0.0000       0.0000       0.0000       0.0000       0.0000
       0.0000       0.0000       0.0000       0.0000       0.0000       0.0000
       0.0000       0.0000       0.0000       0.0000       0.0000       0.0000
 
            R
     218.2488     218.2488     262.0488     218.2488     188.8036     262.0488
     262.0488     262.0488     262.0488     262.0488     218.2488     262.0488
     171.1039      14.2000     203.1049       0.2000     197.4061     215.2488
     219.5488     219.5488     199.5496     219.5488     218.5989     218.6416
     183.5000     211.2324     211.2324     256.7043     183.2324     257.8543
     206.5279     257.8543     256.7043     205.7324      45.6728     122.5883
     192.5373     183.2324     192.5279     171.2324     218.3380     256.7043
     108.3779      23.0000     182.0346       0.0000       8.0556     175.6095
      10.0000      14.7046       0.0000      23.0000       0.0000     183.1605
     200.0000     200.0488     200.0000     166.8584      83.1232       0.0000
     184.9049       0.0000       0.0000      10.0000     169.2061     258.0488
     258.0488     258.0488     214.0488     214.0488     207.8615     214.8142
     219.5188     258.0488     219.5188     214.8142     258.0488     258.0488
     258.0488     258.0488     258.0488     258.0488     186.8442     205.5488
     219.5488     258.0488     258.0488     258.0488     258.0488     258.0488
     191.5488     219.5488     219.5488     219.5488     219.5488     219.5488
 
 ARC        E    6116.6 MWh

            W
     285.2142    -718.0000    -718.0000     515.8889     834.5268    -718.0000
    -718.0000    -718.0000    -718.0000    -718.0000    -657.6000    -718.0000
     537.1889    1096.4675     -79.0754    1000.1039      63.4766       2.0000
       2.0000       2.0000      26.5675       0.0000       0.0000       0.0000
      48.0000    -240.0000      98.4443    -240.0000      36.4800     145.0000
     210.0000     210.0000    -720.0000    -720.0000     281.8832     710.5112
       7.5359     233.9619    -150.0000     903.8832    -240.0000    -240.0000
    1033.5026    1125.8500      25.3452    1194.4660    1183.4232     372.6082
    1333.4233    1316.8542    1333.8507    1247.5395    1232.8438      35.5485
    -202.1219     -39.2204    -578.4480     491.0689     600.7429    1232.6983
    -172.6752    1231.6984    1027.0700     923.4830     382.5649    -239.7385
    -240.0000     -80.5814     112.1602    -233.9929     426.6242       2.1384
      -7.6886     -64.5069     363.0104     381.0381    -173.1874    -240.0000
    -240.0000    -240.0000    -720.0000    -720.0000     -68.9964     -87.9931
     121.0035    -240.0000    -240.0000    -240.0000    -240.0000    -240.0000
     419.7147     366.0071      91.5857     399.8116    -231.1919    -214.5483
 
            B
     106.2718       0.0000       0.0000     120.0000     120.0000       0.0000
       0.0000       0.0000       0.0000       0.0000       0.0000       0.0000
      67.2496     120.0000      50.0000     120.0000       0.0000       0.0000
       0.0000       0.0000       0.0000       0.0000       0.0000       0.0000
       0.0000       0.0000      19.1419       0.0000       0.0000       0.0000
       5.0000       5.0000       0.0000       0.0000      50.0000      85.0000
      50.0000      50.0000      50.0000     120.0000       0.0000       0.0000
     120.0000     120.0000      50.0000     120.0000     120.0000      50.0000
     120.0000     120.0000     120.0000     120.0000     120.0000      50.0000
      50.0000      50.0000      50.0000      50.0000      64.7842     120.0000
      50.0000     120.0000      80.4062      76.7771      76.7771       0.0000
       0.0000      30.9981      67.8916       0.0000      70.0000       0.0000
       0.0000      33.3432      70.0000      70.0000      12.7962       0.0000
       0.0000       0.0000       0.0000       0.0000      70.0000      70.0000
      70.0000       0.0000       0.0000       0.0000       0.0000       0.0000
      70.0000      70.0000      62.7229      70.0000       0.0000       0.0000
 
            R
     661.6024    1156.0000    1156.0000     642.1111     264.4732    1041.0000
    1041.0000    1041.0000    1041.0000    1041.0000     980.6000    1041.0000
     660.8110     117.5325     997.0754      83.8961     784.5234     846.0000
     846.0000     846.0000     821.4325     848.0000     848.0000     848.0000
     980.0000    1028.0000     929.5557     731.0000     694.5200     766.0000
     701.0000     701.0000     551.0000     551.0000     276.1168     267.4888
    1039.2646     924.0381    1068.0000     294.1168    1158.0000    1158.0000
     174.4974      88.1500     892.6548      19.5340      30.5768     820.9474
      28.5767      45.1458      28.1493     114.4605      14.1562     887.4515
     965.1219     962.2204    1021.4480     746.9311     639.7779      14.3017
    1050.6752      46.3016     250.9300     354.5170     895.4351    1277.7385
    1278.0000    1118.5814     925.8398    1271.9929     851.3758    1263.1557
    1272.9827    1102.5069     914.9896     896.9619    1211.1874    1278.0000
    1278.0000    1278.0000    1278.0000    1278.0000     866.9964     885.9931
     916.9965    1278.0000    1278.0000    1278.0000    1278.0000    1278.0000
     858.2853     911.9929     946.4143     878.1884    1269.1919    1252.5483
 
 ROMANCHE   E    1751.8 MWh

            W
    -252.0000    -555.4650    -639.0000    -221.3563     716.4007    -639.0000
    -612.0000    -639.0000    -639.0000    -607.5759    -501.0175    -598.0000
    1064.0000    1064.1775     388.0000     816.0000    -298.0351    -308.0702
    -288.0000    -339.3333     204.0000    -311.6405    -276.0000    -276.0000
     864.0000    -276.0000     204.0000    -390.0000     864.0000    -390.0000
    -276.0000    -438.0000    -438.0000     -54.5082     426.0000     426.0000
     426.0000     426.0000    -440.0075     426.0000    -598.0000    -598.0000
     414.4242     416.4242    -496.0000    1069.1713    1066.4242    -493.5758
     927.7576     806.4242    1078.4242     416.4242    1078.4242    -493.5758
    -519.5758    -519.5758    -519.5758    -274.7825     416.4242    1078.4242
    -520.6667    1077.3333     816.0000     414.0000      92.9334    -390.0000
    -400.3605    -390.0000    -276.0000    -276.0000     864.0000     474.0000
    -194.5342    -390.0000    -276.0000    -276.0000    -390.0000    -479.0000
    -479.0000    -479.0000    -479.0000    -479.0000    1076.0000    1076.0000
    1067.2605    -639.0000    -639.0000    -639.0000    -639.0000    -639.0000
    1076.0000    1064.0000    1064.0000    1064.0000    -328.0000     107.9915
 
            B
     150.0000       0.0000       0.0000     150.0000     150.0000       0.0000
       0.0000       0.0000       0.0000       0.0000       0.0000       0.0000
     150.0000     150.0000     150.0000     150.0000       0.0000       0.0000
       0.0000       0.0000       0.0000       0.0000       0.0000       0.0000
     150.0000       0.0000       0.0000       0.0000     150.0000       0.0000
       0.0000       0.0000       0.0000     150.0000     150.0000     150.0000
     150.0000     150.0000      28.4483     150.0000       0.0000       0.0000
     150.0000     150.0000       0.0000     150.0000     150.0000       0.0000
     150.0000     150.0000     150.0000     150.0000     150.0000       0.0000
       0.0000       0.0000       0.0000     121.5518     150.0000     150.0000
       0.0000     150.0000     150.0000     150.0000     150.0000       0.0000
       0.0000       0.0000       0.0000       0.0000     150.0000     150.0000
      45.2588       0.0000       0.0000       0.0000       0.0000       0.0000
       0.0000       0.0000       0.0000       0.0000     150.0000     150.0000
     150.0000       0.0000       0.0000       0.0000       0.0000       0.0000
     150.0000     150.0000     150.0000     150.0000     150.0000     150.0000
 
            R
     690.4242     993.8893    1077.4242     659.7806     362.0235    1077.4242
    1050.4242    1077.4242    1077.4242    1046.0002     939.4418    1036.4242
      14.4242      14.2467     430.4242       2.4242     684.4593     694.4944
     674.4242     725.7576     662.4242     698.0647     662.4242     662.4242
       2.4242     662.4242     662.4242     776.4242       2.4242     776.4242
     662.4242     776.4242     776.4242     392.9325     652.4242     652.4242
     652.4242     652.4242     878.4317     652.4242    1036.4242    1036.4242
     664.0000     662.0000     934.4242       9.2529      12.0000     932.0000
     150.6666     272.0000       0.0000     662.0000       0.0000     932.0000
     958.0000     958.0000     958.0000     713.2068     662.0000       0.0000
     959.0909       1.0909       2.4242     404.4242     404.4242     776.4242
     786.7847     776.4242     662.4242     662.4242       2.4242     392.4242
     580.9585     776.4242     662.4242     662.4242     776.4242     865.4242
     865.4242     817.4242     817.4242     817.4242       2.4242       2.4242
      11.1638    1077.4242    1077.4242    1077.4242    1077.4242    1077.4242
       2.4242      14.4242      14.4242      14.4242     766.4242     678.4533
 
 DRAC1      E     714.0 MWh

            W
       0.0000       0.0000       0.0000       0.0000       0.0000       0.0000
       0.0000       0.0000       0.0000       0.0000       0.0000       0.0000
       0.0000      78.0000       0.0000      78.0000       0.0000       0.0000
       0.0000       0.0000       0.0000       0.0000       0.0000       0.0000
       0.0000       0.0000       0.0000       0.0000       0.0000       0.0000
       0.0000       0.0000       0.0000       0.0000      42.0000      42.0000
       0.0000       0.0000       0.0000       0.0000       0.0000       0.0000
      78.0000      78.0000       0.0000      78.0000      78.0000       0.0000
      78.0000      78.0000      78.0000      78.0000      78.0000       0.0000
       0.0000       0.0000       0.0000      60.9166      78.0000      78.0000
       0.0000     113.0000      78.0000      78.0000       0.0000       0.0000
       0.0000       0.0000       0.0000       0.0000       0.0000       0.0000
       0.0000       0.0000       0.0000       0.0000       0.0000       0.0000
       0.0000       0.0000       0.0000       0.0000       0.0000       0.0000
       0.0000       0.0000       0.0000       0.0000       0.0000       0.0000
       0.0000       0.0000       0.0000       0.0000       0.0000       0.0000
 
            B
       0.0000       0.0000       0.0000       0.0000       0.0000       0.0000
       0.0000       0.0000       0.0000       0.0000       0.0000       0.0000
       0.0000       0.0000       0.0000       0.0000       0.0000       0.0000
       0.0000       0.0000       0.0000       0.0000       0.0000       0.0000
       0.0000       0.0000       0.0000       0.0000       0.0000       0.0000
       0.0000       0.0000       0.0000       0.0000       0.0000       0.0000
       0.0000       0.0000       0.0000       0.0000       0.0000       0.0000
       0.0000       0.0000       0.0000       0.0000       0.0000       0.0000
       0.0000       0.0000       0.0000       0.0000       0.0000       0.0000
       0.0000       0.0000       0.0000       0.0000       0.0000       0.0000
       0.0000       0.0000       0.0000       0.0000       0.0000       0.0000
       0.0000       0.0000       0.0000       0.0000       0.0000       0.0000
       0.0000       0.0000       0.0000       0.0000       0.0000       0.0000
       0.0000       0.0000       0.0000       0.0000       0.0000       0.0000
       0.0000       0.0000       0.0000       0.0000       0.0000       0.0000
       0.0000       0.0000       0.0000       0.0000       0.0000       0.0000
 
            R
     158.0000     158.0000     158.0000     158.0000     158.0000     158.0000
     158.0000     158.0000     158.0000     158.0000     158.0000     158.0000
     158.0000      80.0000     158.0000      80.0000     158.0000     158.0000
     158.0000     158.0000     158.0000     158.0000     158.0000     158.0000
     158.0000     158.0000     158.0000     158.0000     158.0000     158.0000
     158.0000     158.0000     158.0000     158.0000     116.0000     116.0000
     158.0000     158.0000     158.0000     158.0000     158.0000     158.0000
      80.0000      80.0000     158.0000      80.0000      80.0000     158.0000
      80.0000      80.0000      80.0000      80.0000      80.0000     158.0000
     158.0000     158.0000     158.0000      97.0834      80.0000      80.0000
     158.0000      45.0000      80.0000      80.0000     158.0000     158.0000
     158.0000     158.0000     158.0000     158.0000     158.0000     158.0000
     158.0000     158.0000     158.0000     158.0000     158.0000     158.0000
     158.0000     158.0000     158.0000     158.0000     158.0000     158.0000
     158.0000     158.0000     158.0000     158.0000     158.0000     158.0000
     158.0000     158.0000     158.0000     158.0000     158.0000     158.0000
 
 DRAC2      E     609.1 MWh

            W
      15.5966      15.5966       0.0000      15.5966      15.5966       0.0000
       0.0000       0.0000       0.0000       0.0000      13.1436       0.0000
      11.9171      11.9171      11.9171      11.9171      11.9171      11.9171
      11.9171      13.1436      15.5966      15.5966      15.5966      15.5966
      15.5966      15.5966      18.0448       0.0000      18.0448       0.0000
      18.0448       0.0000       0.0000      18.0448      18.0448      18.0448
      18.0448      18.0448      18.0448      18.0448      18.0448       0.0000
      17.5627      17.2138      14.3701      36.6683      14.3701      14.3701
      14.3701      20.0000      13.1436      13.1436      35.4418      13.1436
      13.1436      13.1436      20.0000      13.1436      13.1436      35.4418
      13.1436     104.4236      18.7182      20.0000      13.1436       0.0000
       0.0000       0.0000      14.8607      14.8607      14.8607      14.8607
      15.5966       0.0000      18.0448      18.0448       0.0000       0.0000
       0.0000       0.0000       0.0000       0.0000      18.0448      18.0448
      16.8228       0.0000       0.0000       0.0000       0.0000       0.0000
      16.8228      14.3701      14.3701      14.3701      14.3701      14.3701
 
            B
       0.0000       0.0000       0.0000       0.0000       0.0000       0.0000
       0.0000       0.0000       0.0000       0.0000       0.0000       0.0000
       0.0000       0.0000       0.0000       0.0000       0.0000       0.0000
       0.0000       0.0000       0.0000       0.0000       0.0000       0.0000
       0.0000       0.0000       0.0000       0.0000       0.0000       0.0000
       0.0000       0.0000       0.0000       0.0000       0.0000       0.0000
       0.0000       0.0000       0.0000       0.0000       0.0000       0.0000
       0.0000       0.0000       0.0000       0.0000       0.0000       0.0000
       0.0000       0.0000       0.0000       0.0000       0.0000       0.0000
       0.0000       0.0000       0.0000       0.0000       0.0000       0.0000
       0.0000      10.0000       0.0000       0.0000       0.0000       0.0000
       0.0000       0.0000       0.0000       0.0000       0.0000       0.0000
       0.0000       0.0000       0.0000       0.0000       0.0000       0.0000
       0.0000       0.0000       0.0000       0.0000       0.0000       0.0000
       0.0000       0.0000       0.0000       0.0000       0.0000       0.0000
       0.0000       0.0000       0.0000       0.0000       0.0000       0.0000
 
            R
     135.4034     135.4034     151.0000     135.4034     135.4034     151.0000
     151.0000     151.0000     151.0000     151.0000     137.8564     151.0000
     139.0829     139.0829     139.0829     139.0829     139.0829     139.0829
     139.0829     137.8564     135.4034     135.4034     135.4034     135.4034
     135.4034     135.4034     132.9552     151.0000     132.9552     151.0000
     132.9552     151.0000     151.0000     132.9552     132.9552     132.9552
     132.9552     132.9552     132.9552     132.9552     132.9552     151.0000
     133.4373     133.7862     136.6299     114.3317     136.6299     136.6299
     136.6299     131.0000     137.8564     137.8564     115.5582     137.8564
     137.8564     137.8564     131.0000     137.8564     137.8564     115.5582
     137.8564      46.5764     132.2818     131.0000     137.8564     151.0000
     151.0000     151.0000     136.1393     136.1393     136.1393     136.1393
     135.4034     151.0000     132.9552     132.9552     151.0000     151.0000
     151.0000     151.0000     151.0000     151.0000     132.9552     132.9552
     134.1772     151.0000     151.0000     151.0000     151.0000     151.0000
     134.1772     136.6299     136.6299     136.6299     136.6299     136.6299
 
 ROSELEND   E    3140.0 MWh

            W
       0.0000       0.0000       0.0000       0.0000       0.0000       0.0000
       0.0000       0.0000       0.0000       0.0000       0.0000       0.0000
     240.0000     320.0000       0.0000     360.0000       0.0000       0.0000
       0.0000       0.0000       0.0000       0.0000       0.0000       0.0000
       0.0000       0.0000       0.0000       0.0000       0.0000       0.0000
       0.0000       0.0000       0.0000       0.0000     240.0000     240.0000
       0.0000       0.0000       0.0000     240.0000       0.0000       0.0000
     240.0000     240.0000       0.0000     320.0000     320.0000       0.0000
     320.0000     320.0000     320.0000     320.0000     360.0000       0.0000
       0.0000       0.0000       0.0000     240.0000     240.0000     360.0000
       0.0000     360.0000     360.0000     320.0000       0.0000       0.0000
       0.0000       0.0000       0.0000       0.0000       0.0000       0.0000
       0.0000       0.0000       0.0000       0.0000       0.0000       0.0000
       0.0000       0.0000       0.0000       0.0000       0.0000       0.0000
       0.0000       0.0000       0.0000       0.0000       0.0000       0.0000
       0.0000       0.0000       0.0000       0.0000       0.0000       0.0000
 
            B
       0.0000       0.0000       0.0000       0.0000       0.0000       0.0000
       0.0000       0.0000       0.0000       0.0000       0.0000       0.0000
      80.0000      80.0000       0.0000      40.0000       0.0000       0.0000
       0.0000       0.0000       0.0000       0.0000       0.0000       0.0000
       0.0000       0.0000       0.0000       0.0000       0.0000       0.0000
       0.0000       0.0000       0.0000       0.0000      80.0000      80.0000
       0.0000       0.0000       0.0000      80.0000       0.0000       0.0000
      80.0000      80.0000       0.0000      80.0000      80.0000       0.0000
      80.0000      80.0000      80.0000      80.0000      40.0000       0.0000
       0.0000       0.0000       0.0000      80.0000      80.0000      40.0000
       0.0000      40.0000      40.0000      80.0000       0.0000       0.0000
       0.0000       0.0000       0.0000       0.0000       0.0000       0.0000
       0.0000       0.0000       0.0000       0.0000       0.0000       0.0000
       0.0000       0.0000       0.0000       0.0000       0.0000       0.0000
       0.0000       0.0000       0.0000       0.0000       0.0000       0.0000
       0.0000       0.0000       0.0000       0.0000       0.0000       0.0000
 
            R
     360.0000     360.0000     360.0000     360.0000     360.0000     360.0000
     360.0000     360.0000     360.0000     360.0000     360.0000     360.0000
     120.0000      40.0000     360.0000       0.0000     360.0000     360.0000
     360.0000     360.0000     360.0000     360.0000     360.0000     360.0000
     360.0000     360.0000     360.0000     360.0000     360.0000     360.0000
     360.0000     360.0000     360.0000     360.0000     120.0000     120.0000
     360.0000     360.0000     360.0000     120.0000     360.0000     360.0000
     120.0000     120.0000     360.0000      40.0000      40.0000     360.0000
      40.0000      40.0000      40.0000      40.0000       0.0000     360.0000
     360.0000     360.0000     360.0000     120.0000     120.0000       0.0000
     360.0000       0.0000       0.0000      40.0000     360.0000     360.0000
     360.0000     360.0000     360.0000     360.0000     360.0000     360.0000
     360.0000     360.0000     360.0000     360.0000     360.0000     360.0000
     360.0000     360.0000     360.0000     360.0000     360.0000     360.0000
     544.0000     544.0000     544.0000     544.0000     544.0000     544.0000
     544.0000     544.0000     544.0000     544.0000     544.0000     544.0000
 
 H-ISERE    E    5230.9 MWh

            W
       8.4990       8.4990      -0.0926      98.8495     119.4550     -17.5452
      -0.0926     -50.2956     -50.2956     -18.7559       3.9990      -0.0926
     251.7050     453.3915     100.0260     453.3915       3.9990       3.9990
       3.9990       3.9990     107.7469       3.9990       3.9990      90.5995
     121.7050       3.9990      94.4995       0.1210     121.7050      -0.0926
       3.9990      -0.0926      -0.0926       3.9990     234.8495     220.5995
      90.5995      90.5995      35.6122     220.5995       3.9990      -0.0926
     220.5995     274.2914       3.9990     441.7050     441.7050     133.9990
     441.7050     441.7050     448.4134     277.4110     453.3915       3.9990
       3.9990      18.2490      18.2490     234.8495     304.8495     523.3915
      88.2490     523.3915     523.3915     511.7050     174.8495      12.3533
     -35.8547      -0.0926       3.9990      37.6559     176.3367     124.2564
      22.4605      -0.0926       7.4901     125.0996       1.1438     -15.5973
     -18.8245     -21.0247     -50.2956     -50.2956     134.5604     109.8076
      41.8232      -0.0926     -50.2956     -50.2956     -50.2956     -50.2956
     157.0689     169.1328     127.4245     130.7306       6.3059     129.9973
 
            B
       0.0000       0.0000       0.0000       0.0000       0.0000       0.0000
       0.0000       0.0000       0.0000       0.0000       0.0000       0.0000
      60.0000      60.0000       0.0000      60.0000       0.0000       0.0000
       0.0000       0.0000       0.0000       0.0000       0.0000       0.0000
       0.0000       0.0000       0.0000       0.0000       0.0000       0.0000
       0.0000       0.0000       0.0000       0.0000      60.0000      60.0000
       0.0000       0.0000       0.0000      60.0000       0.0000       0.0000
      60.0000      60.0000       0.0000      60.0000      60.0000      60.0000
      60.0000      60.0000      60.0000      60.0000      60.0000       0.0000
       0.0000       0.0000       0.0000      60.0000      60.0000      60.0000
       0.0000      60.0000      60.0000      60.0000       0.0000       0.0000
       0.0000       0.0000       0.0000       0.0000       0.0000       0.0000
       0.0000       0.0000       0.0000       0.0000       0.0000       0.0000
       0.0000       0.0000       0.0000       0.0000       0.0000       0.0000
       0.0000       0.0000       0.0000       0.0000       0.0000       0.0000
       0.0000       0.0000       0.0000       0.0000       0.0000       0.0000
 
            R
     464.5010     464.5010     473.0926     374.1505     353.5450     490.5452
     473.0926     523.2956     523.2956     491.7559     469.0010     473.0926
     221.2950      19.6085     372.9740      19.6085     349.0010     349.0010
     337.0010     337.0010     233.2531     337.0010     337.0010     250.4005
     219.2950     337.0010     246.5005     340.8790     219.2950     341.0926
     337.0010     341.0926     353.0926     349.0010     238.1505     252.4005
     382.4005     382.4005     437.3878     252.4005     469.0010     473.0926
     252.4005     198.7086     469.0010      31.2950      31.2950     339.0010
      31.2950      31.2950      24.5866     195.5890      19.6085     469.0010
     469.0010     454.7510     454.7510     238.1505     238.1505      19.6085
     454.7510      19.6085      19.6085      31.2950     248.1505     410.6467
     446.8547     411.0926     407.0010     373.3441     234.6633     286.7436
     388.5395     411.0926     403.5099     285.9004     409.8562     426.5973
     429.8245     432.0247     473.2956     473.2956     458.4396     483.1924
     551.1768     593.0926     643.2956     643.2956     643.2956     643.2956
     435.9311     423.8672     465.5755     462.2694     586.6941     463.0027
 
 PRAGNERE   E     359.9 MWh

            W
       3.2433       2.9196       0.0000       2.9196       3.2433       0.0000
       0.0000       0.0000       0.0000       0.0000       3.2433       0.0000
       2.9196       3.2433       2.5959      38.1814       2.9196       2.5959
       3.2433       2.5959       3.2433       2.5959       2.9196       2.9196
       3.2433       2.5959       3.2433       0.0000       1.7544       0.0000
       1.7544       0.0000       0.0000       2.9196       3.2433       2.9196
       2.5959       3.2433       2.5959       3.2433       2.9196       0.0000
       2.9196       3.2433       2.5959      64.2647      33.0997       2.5959
       3.2433       2.5959       3.2433       2.5959      34.7217       2.9196
       2.5959       3.2433       2.5959       2.9196       2.9196       3.2433
       2.5959      64.2647      41.4845       7.8381       7.8381       0.0000
       0.0000       0.0000       3.2433       2.5959      37.4099      32.9196
      32.9196      30.0000       2.9196       3.2433       0.0000       0.0000
       0.0000       0.0000       0.0000       0.0000      57.7856       7.0863
       2.9196       0.0000       0.0000       0.0000       0.0000       0.0000
      64.2647       2.9196       2.5959      10.1292       2.5959       2.9196
 
            B
       0.0000       0.0000       0.0000       0.0000       0.0000       0.0000
       0.0000       0.0000       0.0000       0.0000       0.0000       0.0000
       0.0000       0.0000       0.0000       0.0000       0.0000       0.0000
       0.0000       0.0000       0.0000       0.0000       0.0000       0.0000
       0.0000       0.0000       0.0000       0.0000       0.0000       0.0000
       0.0000       0.0000       0.0000       0.0000       0.0000       0.0000
       0.0000       0.0000       0.0000       0.0000       0.0000       0.0000
       0.0000       0.0000       0.0000       0.0000       0.0000       0.0000
       0.0000       0.0000       0.0000       0.0000       0.0000       0.0000
       0.0000       0.0000       0.0000       0.0000       0.0000       0.0000
       0.0000       0.0000       0.0000       0.0000       0.0000       0.0000
       0.0000       0.0000       0.0000       0.0000       0.0000       0.0000
       0.0000       0.0000       0.0000       0.0000       0.0000       0.0000
       0.0000       0.0000       0.0000       0.0000       0.0000       0.0000
       0.0000       0.0000       0.0000       0.0000       0.0000       0.0000
       0.0000       0.0000       0.0000       0.0000       0.0000       0.0000
 
            R
      80.1567      80.4804      83.4000      80.4804      80.1567      83.4000
      83.4000      83.4000      83.4000      83.4000      80.1567      83.4000
      80.4804      80.1567      80.8041      72.7562      73.7804      74.1041
      73.4567      74.1041      73.4567      74.1041      73.7804      73.7804
      73.4567      74.1041      73.4567      76.7000      68.2456      70.0000
      68.2456      70.0000      76.7000      73.7804      80.1567      80.4804
      80.8041      80.1567      80.8041      80.1567      80.4804      83.4000
      80.4804      80.1567      80.8041      64.1353      74.3003      80.8041
      80.1567      80.8041      80.1567      80.8041      72.6783      80.4804
      80.8041      80.1567      80.8041      80.4804      80.4804      80.1567
      80.8041      64.1353      71.1844      79.3119      79.3119      83.4000
      83.4000      83.4000      80.1567      80.8041      50.1567      50.4804
      50.4804      53.4000      80.4804      80.1567      83.4000      83.4000
      83.4000      83.4000      83.4000      83.4000      65.7972      80.4804
      80.4804      83.4000      83.4000      83.4000      83.4000      83.4000
      64.1353      80.4804      80.8041      78.5208      80.8041      80.4804
 
 ARIEGE     E    4727.6 MWh

            W
      74.6250      44.0833      44.1767      64.2750      70.1230      30.5767
      30.5767      30.5767      30.5767      30.5767     149.4500      28.9050
     149.4167     185.7500     146.3611     189.3611      99.0250      64.8028
     101.2472      29.0250     119.6292      33.7750      53.0409      99.1136
      69.5332      66.9556      71.6083      29.0250      67.0054      28.9050
      61.0250      31.8277      28.9050     121.0875     149.8333     147.7500
     174.0278     187.9722     102.6507     187.1389     184.3611      28.9050
     189.3611     183.5278     149.6111     194.3889     190.5000     188.2778
     191.3333     187.1389     190.7778     186.6111     189.3611     189.3889
     188.2778     192.4444     189.9444     189.1111     190.5000     193.8333
     187.1667     191.8889     192.4444     187.1667     133.8569      71.5758
      69.3536      46.2490      33.4972      33.7750      66.0528      65.4972
      66.0528      33.5758      33.4972      62.5750      28.9050      28.9050
      28.9050      28.9050      28.9050      28.9050      61.0250      61.0250
      61.0250      28.9050      28.9050      28.9050      28.9050      28.9050
     147.7500      61.0250      61.0250      99.0250      38.1942      61.0250
 
            B
       5.0000       0.0000       0.0000       5.0000       6.4620       0.0000
       0.0000       0.0000       0.0000       0.0000      30.0000       0.0000
      30.0000      30.0000      30.0000      30.0000       5.0000       0.0000
       5.0000       0.0000      20.0000       0.0000       3.7525       6.2255
       5.8170       5.0000       5.0000       0.0000       5.8170       0.0000
       5.0000       0.0000       0.0000      20.0000      30.0000      30.0000
      30.0000      30.0000       6.4620      30.0000      30.0000       0.0000
      30.0000      30.0000      30.0000      30.0000      30.0000      30.0000
      30.0000      30.0000      30.0000      30.0000      30.0000      30.0000
      30.0000      30.0000      30.0000      30.0000      30.0000      30.0000
      30.0000      30.0000      30.0000      30.0000      15.0000       0.0000
       0.0000       0.0000       0.0000       0.0000       5.0000       5.0000
       5.0000       0.0000       0.0000       5.0000       0.0000       0.0000
       0.0000       0.0000       0.0000       0.0000       5.0000       5.0000
       5.0000       0.0000       0.0000       0.0000       0.0000       0.0000
      30.0000       5.0000       5.0000       5.0000       1.4327       5.0000
 
            R
     199.9750     230.5167     230.4233     210.3250     204.4770     244.0233
     244.0233     244.0233     244.0233     244.0233     125.1500     245.6950
     125.1833      88.8500     128.2389      85.2389     156.5750     190.7972
     154.3528     226.5750     135.9708     221.8250     202.5591     156.4864
     186.0668     188.6444     183.9917     226.5750     188.5946     226.6950
     194.5750     223.7723     226.6950     134.5125     124.7667     126.8500
     100.5722      86.6278     171.9493      87.4611      90.2389     245.6950
      85.2389      91.0722     124.9889      80.2111      84.1000      86.3222
      83.2667      87.4611      83.8222      87.9889      85.2389      85.2111
      86.3222      82.1556      84.6556      85.4889      84.1000      80.7667
      87.4333      82.7111      82.1556      87.4333     121.7431     184.0242
     186.2464     209.3510     222.1028     221.8250     189.5472     190.1028
     189.5472     222.0242     222.1028     193.0250     226.6950     226.6950
     226.6950     226.6950     226.6950     226.6950     213.5750     213.5750
     213.5750     245.6950     245.6950     245.6950     245.6950     245.6950
     126.8500     213.5750     213.5750     175.5750     236.4058     213.5750
 
 ORLU       E       0.0 MWh

            W
       0.0000       0.0000       0.0000       0.0000       0.0000       0.0000
       0.0000       0.0000       0.0000       0.0000       0.0000       0.0000
       0.0000       0.0000       0.0000       0.0000       0.0000       0.0000
       0.0000       0.0000       0.0000       0.0000       0.0000       0.0000
       0.0000       0.0000       0.0000       0.0000       0.0000       0.0000
       0.0000       0.0000       0.0000       0.0000       0.0000       0.0000
       0.0000       0.0000       0.0000       0.0000       0.0000       0.0000
       0.0000       0.0000       0.0000       0.0000       0.0000       0.0000
       0.0000       0.0000       0.0000       0.0000       0.0000       0.0000
       0.0000       0.0000       0.0000       0.0000       0.0000       0.0000
       0.0000       0.0000       0.0000       0.0000       0.0000       0.0000
       0.0000       0.0000       0.0000       0.0000       0.0000       0.0000
       0.0000       0.0000       0.0000       0.0000       0.0000       0.0000
       0.0000       0.0000       0.0000       0.0000       0.0000       0.0000
       0.0000       0.0000       0.0000       0.0000       0.0000       0.0000
       0.0000       0.0000       0.0000       0.0000       0.0000       0.0000
 
            B
       0.0000       0.0000       0.0000       0.0000       0.0000       0.0000
       0.0000       0.0000       0.0000       0.0000       0.0000       0.0000
       0.0000       0.0000       0.0000       0.0000       0.0000       0.0000
       0.0000       0.0000       0.0000       0.0000       0.0000       0.0000
       0.0000       0.0000       0.0000       0.0000       0.0000       0.0000
       0.0000       0.0000       0.0000       0.0000       0.0000       0.0000
       0.0000       0.0000       0.0000       0.0000       0.0000       0.0000
       0.0000       0.0000       0.0000       0.0000       0.0000       0.0000
       0.0000       0.0000       0.0000       0.0000       0.0000       0.0000
       0.0000       0.0000       0.0000       0.0000       0.0000       0.0000
       0.0000       0.0000       0.0000       0.0000       0.0000       0.0000
       0.0000       0.0000       0.0000       0.0000       0.0000       0.0000
       0.0000       0.0000       0.0000       0.0000       0.0000       0.0000
       0.0000       0.0000       0.0000       0.0000       0.0000       0.0000
       0.0000       0.0000       0.0000       0.0000       0.0000       0.0000
       0.0000       0.0000       0.0000       0.0000       0.0000       0.0000
 
            R
       0.0000       0.0000       0.0000       0.0000       0.0000       0.0000
       0.0000       0.0000       0.0000       0.0000       0.0000       0.0000
       0.0000       0.0000       0.0000       0.0000       0.0000       0.0000
       0.0000       0.0000       0.0000       0.0000       0.0000       0.0000
       0.0000       0.0000       0.0000       0.0000       0.0000       0.0000
       0.0000       0.0000       0.0000       0.0000       0.0000       0.0000
       0.0000       0.0000       0.0000       0.0000       0.0000       0.0000
       0.0000       0.0000       0.0000       0.0000       0.0000       0.0000
       0.0000       0.0000       0.0000       0.0000       0.0000       0.0000
       0.0000       0.0000       0.0000       0.0000       0.0000       0.0000
       0.0000       0.0000       0.0000       0.0000       0.0000       0.0000
       0.0000       0.0000       0.0000       0.0000       0.0000       0.0000
       0.0000       0.0000       0.0000       0.0000       0.0000       0.0000
       0.0000       0.0000       0.0000       0.0000       0.0000       0.0000
       0.0000       0.0000       0.0000       0.0000       0.0000       0.0000
       0.0000       0.0000       0.0000       0.0000       0.0000       0.0000
 
 MONTAHUT   E     857.5 MWh

            W
       0.0000       0.0000       0.0000       0.0000      35.0000       0.0000
       0.0000       0.0000       0.0000       0.0000       0.0000       0.0000
      70.0000      70.0000       0.0000      70.0000       0.0000       0.0000
       0.0000       0.0000       0.0000       0.0000       0.0000       0.0000
       0.0000       0.0000       0.0000       0.0000       0.0000       0.0000
       0.0000       0.0000       0.0000       0.0000       0.0000       0.0000
      35.0000      35.0000       0.0000      70.0000       0.0000       0.0000
      70.0000      70.0000      35.0000      70.0000      70.0000      35.0000
      70.0000      70.0000      70.0000      70.0000      70.0000      35.0000
      35.0000      35.0000       0.0000      70.0000      70.0000      70.0000
      35.0000      70.0000      70.0000      70.0000      70.0000       0.0000
       0.0000       0.0000       0.0000       0.0000       0.0000       0.0000
       0.0000       0.0000       0.0000       0.0000       0.0000       0.0000
       0.0000       0.0000       0.0000       0.0000       0.0000       0.0000
       0.0000       0.0000       0.0000       0.0000       0.0000       0.0000
       0.0000       0.0000       0.0000       0.0000       0.0000       0.0000
 
            B
       0.0000       0.0000       0.0000       0.0000      13.0000       0.0000
       0.0000       0.0000       0.0000       0.0000       0.0000       0.0000
      20.0000      20.0000       0.0000      20.0000       0.0000       0.0000
       0.0000       0.0000       0.0000       0.0000       0.0000       0.0000
       0.0000       0.0000       0.0000       0.0000       0.0000       0.0000
       0.0000       0.0000       0.0000       0.0000       0.0000       0.0000
      13.0000      13.0000       0.0000      20.0000       0.0000       0.0000
      20.0000      20.0000      13.0000      20.0000      20.0000      13.0000
      20.0000      20.0000      20.0000      20.0000      20.0000      13.0000
      13.0000      13.0000       0.0000      20.0000      20.0000      20.0000
      13.0000      20.0000      20.0000      20.0000      20.0000       0.0000
       0.0000       0.0000       0.0000       0.0000       0.0000       0.0000
       0.0000       0.0000       0.0000       0.0000       0.0000       0.0000
       0.0000       0.0000       0.0000       0.0000       0.0000       0.0000
       0.0000       0.0000       0.0000       0.0000       0.0000       0.0000
       0.0000       0.0000       0.0000       0.0000       0.0000       0.0000
 
            R
      70.0000      70.0000      70.0000      70.0000      35.0000      70.0000
      70.0000      70.0000      70.0000      70.0000      70.0000      70.0000
       0.0000       0.0000      70.0000       0.0000      70.0000      70.0000
       0.0000       0.0000       0.0000       0.0000       0.0000       0.0000
       0.0000       0.0000       0.0000       0.0000       0.0000       0.0000
       0.0000       0.0000       0.0000       0.0000       0.0000       0.0000
      35.0000      35.0000      70.0000       0.0000      70.0000      70.0000
       0.0000       0.0000      35.0000       0.0000       0.0000      35.0000
       0.0000       0.0000       0.0000       0.0000       0.0000      35.0000
      35.0000      35.0000      70.0000       0.0000       0.0000       0.0000
      35.0000       0.0000       0.0000       0.0000       0.0000      70.0000
       0.0000       0.0000       0.0000       0.0000       0.0000       0.0000
       0.0000       0.0000       0.0000       0.0000       0.0000       0.0000
       0.0000       0.0000       0.0000       0.0000       0.0000       0.0000
      70.0000      70.0000      70.0000      70.0000      70.0000      70.0000
      70.0000      70.0000      70.0000      70.0000      70.0000      70.0000
 
 DURANCE    E   22987.4 MWh

            W
     221.4494     146.4053     102.4000     180.6374     774.1522      92.4889
     118.3030      36.2963      20.0000      66.2879     202.9274     117.5578
     729.8467    1301.1683     517.2572    1277.3843     432.6552     287.8170
     325.7717     227.3358     654.3719     227.3358     298.5794     378.9148
     940.0660     251.9728     384.6832     175.7651     615.7490     168.2333
     301.0054     168.2333     184.5296     278.7643     991.6228    1070.2983
     494.2025     841.0392     306.3890     764.9943     145.6376     104.5932
     800.2996    1171.6407     559.0987    1408.0580    1348.9344     710.1065
    1207.8957    1144.7106    1254.1628     811.1376    1184.1366     339.6350
      79.5000     103.4872      60.0000     331.3278     726.9915    1162.1123
     449.3756    1260.8236    1238.4251     947.4976     778.9047     316.0194
     247.3329     322.8802     410.5580     282.4490     629.6425     386.0535
     353.9436     244.7296     357.2524     434.1149     328.1520     302.9456
     282.8262     221.9038     214.4993     185.7927     666.0933     626.2106
     199.7524     150.4398      94.4000     192.7030      94.4000     150.3611
     630.7801     611.9565     160.1894     614.9191     100.6833     157.3761
 
            B
       0.0000       0.0000       0.0000       0.0000       0.0000       0.0000
       0.0000       0.0000       0.0000       0.0000       0.0000       0.0000
       0.0000       0.0000       0.0000       0.0000       0.0000       0.0000
       0.0000       0.0000       0.0000       0.0000       0.0000       0.0000
       0.0000       0.0000       0.0000       0.0000       0.0000       0.0000
       0.0000       0.0000       0.0000       0.0000       0.0000       0.0000
       0.0000       0.0000       0.0000       0.0000       0.0000       0.0000
       0.0000       0.0000       0.0000       0.0000       0.0000       0.0000
       0.0000       0.0000       0.0000       0.0000       0.0000       0.0000
       0.0000       0.0000       0.0000       0.0000       0.0000       0.0000
       0.0000       0.0000       0.0000       0.0000       0.0000       0.0000
       0.0000       0.0000       0.0000       0.0000       0.0000       0.0000
       0.0000       0.0000       0.0000       0.0000       0.0000       0.0000
       0.0000       0.0000       0.0000       0.0000       0.0000       0.0000
       0.0000       0.0000       0.0000       0.0000       0.0000       0.0000
       0.0000       0.0000       0.0000       0.0000       0.0000       0.0000
 
            R
    1295.5684    1365.5086    1395.1000    1330.5549     733.8196    1345.1000
    1280.1970    1362.2037    1378.5000    1332.2121    1240.4316    1391.9991
     787.6533     216.3317     995.4038     223.6962     917.3448    1062.1830
    1024.2283    1122.6642     695.6281    1122.6642    1051.4206     971.0852
     409.9340    1098.0272     860.3168    1069.2349     629.2510    1076.7667
     943.9946    1076.7667    1060.4704     966.2357     497.8772     419.2017
     995.2975     648.4608    1183.1111     724.5057    1343.8624    1392.9352
     710.9184     345.8593     958.4013     109.4420     168.5657     807.3935
     169.6043     232.7894     123.3372     566.3624     193.3634     980.8650
    1207.0000    1183.0128    1226.5000     955.1722     593.5085     215.3877
     928.1244     116.6765     139.0749     430.0024     583.0953    1033.1530
     998.6387     935.1198     847.4420     975.5510     732.3575     975.9465
    1008.0564    1117.2704    1004.7476     927.8851     922.6756     935.0544
     947.1738    1008.0962    1119.5007    1156.2357     705.1247     751.2894
    1172.9086    1207.8879    1255.1000    1156.7970    1255.1000    1207.1673
     740.4379     760.7045    1200.8911     734.5809    1248.8167    1192.1239
 
 CHASSEZA   E     813.6 MWh

            W
       0.0000       0.0000       0.0000       0.0000      39.8824       0.0000
       0.0000       0.0000       0.0000       0.0000       0.0000       0.0000
      69.3000      69.3000       0.0000      10.5000       0.0000       0.0000
       0.0000       0.0000       0.0000       0.0000       0.0000       0.0000
       0.0000       0.0000       0.0000       0.0000       0.0000       0.0000
       0.0000       0.0000       0.0000       0.0000      10.5000      10.5000
      39.8824      60.6768       0.0000      69.3000       0.0000       0.0000
      69.3000      69.3000      39.8824      69.3000      69.3000      69.3000
      69.3000      69.3000      69.3000      69.3000      72.8000      18.8815
       0.0000       0.0000       0.0000      69.3000      69.3000      69.3000
       0.0000      72.8000      72.8000      69.3000      69.3000       0.0000
       0.0000       0.0000       0.0000       0.0000       0.0000       0.0000
       0.0000       0.0000       0.0000       0.0000       0.0000       0.0000
       0.0000       0.0000       0.0000       0.0000       0.0000       0.0000
       0.0000       0.0000       0.0000       0.0000       0.0000       0.0000
       0.0000       0.0000       0.0000       0.0000       0.0000       0.0000
 
            B
       0.0000       0.0000       0.0000       0.0000       0.0000       0.0000
       0.0000       0.0000       0.0000       0.0000       0.0000       0.0000
       0.0000       0.0000       0.0000       0.0000       0.0000       0.0000
       0.0000       0.0000       0.0000       0.0000       0.0000       0.0000
       0.0000       0.0000       0.0000       0.0000       0.0000       0.0000
       0.0000       0.0000       0.0000       0.0000       0.0000       0.0000
       0.0000       0.0000       0.0000       0.0000       0.0000       0.0000
       0.0000       0.0000       0.0000       0.0000       0.0000       0.0000
       0.0000       0.0000       0.0000       0.0000       0.0000       0.0000
       0.0000       0.0000       0.0000       0.0000       0.0000       0.0000
       0.0000       0.0000       0.0000       0.0000       0.0000       0.0000
       0.0000       0.0000       0.0000       0.0000       0.0000       0.0000
       0.0000       0.0000       0.0000       0.0000       0.0000       0.0000
       0.0000       0.0000       0.0000       0.0000       0.0000       0.0000
       0.0000       0.0000       0.0000       0.0000       0.0000       0.0000
       0.0000       0.0000       0.0000       0.0000       0.0000       0.0000
 
            R
      76.0000      76.0000      76.0000      76.0000      36.1176      76.0000
      76.0000      76.0000      76.0000      76.0000      76.0000      76.0000
       6.7000       6.7000      76.0000      21.5000      32.0000      32.0000
      32.0000      32.0000      32.0000      32.0000      32.0000      32.0000
      32.0000      32.0000      32.0000      32.0000      32.0000      32.0000
      32.0000      32.0000      32.0000      32.0000      21.5000      21.5000
      36.1176      15.3232      76.0000       6.7000      76.0000      76.0000
       6.7000       6.7000      36.1176       6.7000       6.7000       6.7000
       6.7000       6.7000       6.7000       6.7000       3.2000      57.1185
      76.0000      76.0000      76.0000       6.7000       6.7000       6.7000
      76.0000       3.2000       3.2000       6.7000       6.7000      76.0000
      76.0000      76.0000      76.0000      76.0000      76.0000      76.0000
      76.0000      76.0000      76.0000      76.0000      76.0000      76.0000
      76.0000      76.0000      76.0000      76.0000      76.0000      76.0000
      76.0000      76.0000      76.0000      76.0000      76.0000      76.0000
      76.0000      76.0000      76.0000      76.0000      76.0000      76.0000
 
 MAULDE     E    1925.2 MWh

            W
      30.7594       1.3755       1.2133      61.7594      76.8973       1.2133
       1.2133       1.2133       1.2133       1.2133       1.3755       1.2133
      78.0133      78.0133      76.8973      78.0133      13.6910       1.3755
       1.3755       1.3755      76.8973       1.3755       1.3755      65.8505
      77.3583       1.3755      76.8973       1.2133      76.8973       1.2133
       7.5892       1.2133       1.2133      55.7836      78.0133      78.0133
      76.8973      78.0133      76.8973      78.0133       1.3755       1.2133
      78.0133      78.0133      76.8973      78.0133      78.0133      78.0133
      76.8973      76.8973      76.8973      73.1677      78.0133      66.5892
      60.3755      66.5892      60.3755      72.7594      72.7594      76.8973
      60.3755      78.0133      78.0133      76.8505      72.6910       1.2133
       1.2133       1.2133      13.7594      11.4721      78.0133      19.0133
      17.8973       1.2133       7.0782      19.0133       1.2133       1.2133
       1.2133       1.2133       1.2133       1.2133      78.0133      78.0133
      67.0133       1.2133       1.2133       1.2133       1.2133       1.2133
      78.0133      78.0133      67.0133      78.0133       7.5892      19.0133
 
            B
       0.0000       0.0000       0.0000       0.0000       0.0000       0.0000
       0.0000       0.0000       0.0000       0.0000       0.0000       0.0000
       0.0000       0.0000       0.0000       0.0000       0.0000       0.0000
       0.0000       0.0000       0.0000       0.0000       0.0000       0.0000
       0.0000       0.0000       0.0000       0.0000       0.0000       0.0000
       0.0000       0.0000       0.0000       0.0000       0.0000       0.0000
       0.0000       0.0000       0.0000       0.0000       0.0000       0.0000
       0.0000       0.0000       0.0000       0.0000       0.0000       0.0000
       0.0000       0.0000       0.0000       0.0000       0.0000       0.0000
       0.0000       0.0000       0.0000       0.0000       0.0000       0.0000
       0.0000       0.0000       0.0000       0.0000       0.0000       0.0000
       0.0000       0.0000       0.0000       0.0000       0.0000       0.0000
       0.0000       0.0000       0.0000       0.0000       0.0000       0.0000
       0.0000       0.0000       0.0000       0.0000       0.0000       0.0000
       0.0000       0.0000       0.0000       0.0000       0.0000       0.0000
       0.0000       0.0000       0.0000       0.0000       0.0000       0.0000
 
            R
      47.4406      76.8245      76.9867      16.4406       1.3027      76.9867
      76.9867      76.9867      76.9867      76.9867      76.8245      76.9867
       0.1867       0.1867       1.3027       0.1867      64.5090      76.8245
      76.8245      76.8245       1.3027      76.8245      76.8245      12.3495
       0.8417      76.8245       1.3027      76.9867       1.3027      76.9867
      70.6108      76.9867      76.9867      22.4164       0.1867       0.1867
       1.3027       0.1867       1.3027       0.1867      76.8245      76.9867
       0.1867       0.1867       1.3027       0.1867       0.1867       0.1867
       1.3027       1.3027       1.3027       5.0323       0.1867      11.6108
      17.8245      11.6108      17.8245       5.4406       5.4406       1.3027
      17.8245       0.1867       0.1867       1.3495       5.5090      76.9867
      76.9867      76.9867      64.4406      66.7279       0.1867      59.1867
      60.3027      76.9867      71.1218      59.1867      76.9867      76.9867
      76.9867      76.9867      76.9867      76.9867       0.1867       0.1867
      11.1867      76.9867      76.9867      76.9867      76.9867      76.9867
       0.1867       0.1867      11.1867       0.1867      70.6108      59.1867
 
 TAURION    E      93.9 MWh

            W
       0.6600       0.6600       0.6600       0.6600       0.6600       0.6600
       0.6600       0.6600       0.6600       0.6600       0.6600       0.6600
       0.8600       1.1957       0.6600       2.0763       0.6600       0.6600
       0.6600       0.6600       0.6600       0.6600       0.6600       0.6600
       0.6600       0.6600       0.6600       0.6600       0.6600       0.6600
       0.6600       0.6600       0.6600       0.6600       0.8600       0.8600
       0.6600       0.6600       0.6600       0.8600       0.6600       0.6600
       0.8600       0.8600       0.6600      13.7014       1.2600       0.6600
       1.2600       1.2600       9.6572       1.2600      23.8200       1.2600
       1.2600       1.2600       1.0600       1.2600       1.2600      12.0419
       1.2600      23.8200      23.8200       1.8731       1.8731       0.6600
       0.6600       0.6600       0.5600       0.5600       0.5600       0.5600
       0.5600       0.5600       0.5600       0.5600       0.5600       0.5600
       0.5600       0.5600       0.5600       0.5600       1.0600       0.8600
       0.8427       0.6600       0.6600       0.6600       0.6600       0.6600
      10.4379       0.8600       0.6600       0.8600       0.6600       0.6600
 
            B
       0.0000       0.0000       0.0000       0.0000       0.0000       0.0000
       0.0000       0.0000       0.0000       0.0000       0.0000       0.0000
       0.0000       0.0000       0.0000       0.0000       0.0000       0.0000
       0.0000       0.0000       0.0000       0.0000       0.0000       0.0000
       0.0000       0.0000       0.0000       0.0000       0.0000       0.0000
       0.0000       0.0000       0.0000       0.0000       0.0000       0.0000
       0.0000       0.0000       0.0000       0.0000       0.0000       0.0000
       0.0000       0.0000       0.0000       0.0000       0.0000       0.0000
       0.0000       0.0000       0.0000       0.0000       0.0000       0.0000
       0.0000       0.0000       0.0000       0.0000       0.0000       0.0000
       0.0000       0.0000       0.0000       0.0000       0.0000       0.0000
       0.0000       0.0000       0.0000       0.0000       0.0000       0.0000
       0.0000       0.0000       0.0000       0.0000       0.0000       0.0000
       0.0000       0.0000       0.0000       0.0000       0.0000       0.0000
       0.0000       0.0000       0.0000       0.0000       0.0000       0.0000
       0.0000       0.0000       0.0000       0.0000       0.0000       0.0000
 
            R
      24.4400      24.4400      24.4400      24.4400      24.4400      24.4400
      24.4400      24.4400      24.4400      24.4400      24.4400      24.4400
      24.2400      23.9043      24.4400      23.0237      24.4400      24.4400
      24.4400      24.4400      24.4400      24.4400      24.4400      24.4400
      24.4400      24.4400      24.4400      24.4400      24.4400      24.4400
      24.4400      24.4400      24.4400      24.4400      24.2400      24.2400
      24.4400      24.4400      24.4400      24.2400      24.4400      24.4400
      24.2400      24.2400      24.4400      11.3986      23.8400      24.4400
      23.8400      23.8400      15.4428      23.8400       1.2800      23.8400
      23.8400      23.8400      24.0400      23.8400      23.8400      13.0581
      23.8400       1.2800       1.2800      23.2269      23.2269      24.4400
      24.4400      24.4400      23.8400      23.8400      23.8400      23.8400
      23.8400      23.8400      23.8400      23.8400      23.8400      23.8400
      23.8400      23.8400      23.8400      23.8400      24.0400      24.2400
      24.2573      24.4400      24.4400      24.4400      24.4400      24.4400
      14.6621      24.2400      24.4400      24.2400      24.4400      24.4400
 
 CREUSE     E      49.7 MWh

            W
       0.4000       0.4000       0.2000       0.4000       0.4000       0.2000
       0.2000       0.2000       0.2000       0.2000       0.4000       0.2000
       0.4000       0.4000       0.4000       0.4000       0.4000       0.4000
       0.4000       0.4000       0.4000       0.4000       0.4000       0.4000
       0.4000       0.4000       0.4000       0.2000       0.4000       0.2000
       0.4000       0.2000       0.2000       0.4000       0.4000       0.4000
       0.4000       0.4000       0.4000       0.4000       0.4000       0.2000
       0.4000       0.4000       0.4000      16.6798       0.4000       0.4000
       0.4000       0.4000       0.4000       0.4000       0.4000       0.4000
       0.4000       0.4000       0.4000       0.4000       0.4000       0.4000
       0.4000      33.3000      17.5904       0.4000       0.4000       0.2000
       0.2000       0.2000       0.4000       0.4000       0.4000       0.4000
       0.4000       0.2000       0.4000       0.4000       0.2000       0.2000
       0.2000       0.2000       0.2000       0.2000       0.4000       0.4000
       0.4000       0.2000       0.2000       0.2000       0.2000       0.2000
       0.4000       0.4000       0.4000       0.4000       0.4000       0.4000
 
            B
       0.0000       0.0000       0.0000       0.0000       0.0000       0.0000
       0.0000       0.0000       0.0000       0.0000       0.0000       0.0000
       0.0000       0.0000       0.0000       0.0000       0.0000       0.0000
       0.0000       0.0000       0.0000       0.0000       0.0000       0.0000
       0.0000       0.0000       0.0000       0.0000       0.0000       0.0000
       0.0000       0.0000       0.0000       0.0000       0.0000       0.0000
       0.0000       0.0000       0.0000       0.0000       0.0000       0.0000
       0.0000       0.0000       0.0000       0.0000       0.0000       0.0000
       0.0000       0.0000       0.0000       0.0000       0.0000       0.0000
       0.0000       0.0000       0.0000       0.0000       0.0000       0.0000
       0.0000       0.0000       0.0000       0.0000       0.0000       0.0000
       0.0000       0.0000       0.0000       0.0000       0.0000       0.0000
       0.0000       0.0000       0.0000       0.0000       0.0000       0.0000
       0.0000       0.0000       0.0000       0.0000       0.0000       0.0000
       0.0000       0.0000       0.0000       0.0000       0.0000       0.0000
       0.0000       0.0000       0.0000       0.0000       0.0000       0.0000
 
            R
      47.9000      47.9000      48.1000      47.9000      47.9000      48.1000
      48.1000      48.1000      48.1000      48.1000      47.9000      48.1000
      47.9000      47.9000      47.9000      47.9000      47.9000      47.9000
      47.9000      47.9000      47.9000      47.9000      47.9000      47.9000
      47.9000      47.9000      47.9000      48.1000      47.9000      48.1000
      47.9000      48.1000      48.1000      47.9000      47.9000      47.9000
      47.9000      47.9000      47.9000      47.9000      47.9000      48.1000
      47.9000      47.9000      47.9000      31.6202      47.9000      47.9000
      47.9000      47.9000      47.9000      47.9000      47.9000      47.9000
      47.9000      47.9000      47.9000      47.9000      47.9000      47.9000
      47.9000      15.0000      30.7096      47.9000      47.9000      48.1000
      48.1000      48.1000      47.9000      47.9000      47.9000      47.9000
      47.9000      48.1000      47.9000      47.9000      48.1000      48.1000
      48.1000      48.1000      48.1000      48.1000      47.9000      47.9000
      47.9000      48.1000      48.1000      48.1000      48.1000      48.1000
      47.9000      47.9000      47.9000      47.9000      47.9000      47.9000
 
 MARONNE    E      57.2 MWh

            W
       0.0000       0.0000       0.0000       0.0000       0.0000       0.0000
       0.0000       0.0000       0.0000       0.0000       0.0000       0.0000
       0.0000       0.0000       0.0000       0.0000       0.0000       0.0000
       0.0000       0.0000       0.0000       0.0000       0.0000       0.0000
       0.0000       0.0000       0.0000       0.0000       0.0000       0.0000
       0.0000       0.0000       0.0000       0.0000       0.0000       0.0000
       0.0000       0.0000       0.0000       0.0000       0.0000       0.0000
       0.0000       0.0000       0.0000       0.0000       0.0000       0.0000
       0.0000       0.0000       0.0000       0.0000      26.0000       0.0000
       0.0000       0.0000       0.0000       0.0000       0.0000      13.3646
       0.0000      49.0000      26.0000       0.0000       0.0000       0.0000
       0.0000       0.0000       0.0000       0.0000       0.0000       0.0000
       0.0000       0.0000       0.0000       0.0000       0.0000       0.0000
       0.0000       0.0000       0.0000       0.0000       0.0000       0.0000
       0.0000       0.0000       0.0000       0.0000       0.0000       0.0000
       0.0000       0.0000       0.0000       0.0000       0.0000       0.0000
 
            B
       0.0000       0.0000       0.0000       0.0000       0.0000       0.0000
       0.0000       0.0000       0.0000       0.0000       0.0000       0.0000
       0.0000       0.0000       0.0000       0.0000       0.0000       0.0000
       0.0000       0.0000       0.0000       0.0000       0.0000       0.0000
       0.0000       0.0000       0.0000       0.0000       0.0000       0.0000
       0.0000       0.0000       0.0000       0.0000       0.0000       0.0000
       0.0000       0.0000       0.0000       0.0000       0.0000       0.0000
       0.0000       0.0000       0.0000       0.0000       0.0000       0.0000
       0.0000       0.0000       0.0000       0.0000       0.0000       0.0000
       0.0000       0.0000       0.0000       0.0000       0.0000       0.0000
       0.0000       0.0000       0.0000       0.0000       0.0000       0.0000
       0.0000       0.0000       0.0000       0.0000       0.0000       0.0000
       0.0000       0.0000       0.0000       0.0000       0.0000       0.0000
       0.0000       0.0000       0.0000       0.0000       0.0000       0.0000
       0.0000       0.0000       0.0000       0.0000       0.0000       0.0000
       0.0000       0.0000       0.0000       0.0000       0.0000       0.0000
 
            R
      57.0000      57.0000      57.0000      57.0000      57.0000      57.0000
      57.0000      57.0000      57.0000      57.0000      57.0000      57.0000
      57.0000      57.0000      57.0000      57.0000      57.0000      57.0000
      57.0000      57.0000      57.0000      57.0000      57.0000      57.0000
      57.0000      57.0000      57.0000      43.0000      43.0000      43.0000
      43.0000      43.0000      43.0000      43.0000      57.0000      57.0000
      57.0000      57.0000      57.0000      57.0000      57.0000      57.0000
      57.0000      57.0000      57.0000      57.0000      57.0000      57.0000
      57.0000      57.0000      57.0000      57.0000      31.0000      57.0000
      57.0000      57.0000      57.0000      57.0000      57.0000      43.6354
      57.0000       8.0000      31.0000      57.0000      57.0000      57.0000
      57.0000      57.0000      57.0000      57.0000      57.0000      57.0000
      57.0000      57.0000      57.0000      57.0000      57.0000      57.0000
      57.0000      57.0000      57.0000      57.0000      57.0000      57.0000
      57.0000      57.0000      57.0000      57.0000      57.0000      57.0000
      57.0000      57.0000      57.0000      57.0000      57.0000      57.0000
 
 CERE       E    1742.0 MWh

            W
       1.9800       0.9765       0.8800       1.8835      91.8835       0.8800
       0.8800       0.8800       0.8800       0.8800       1.8835       0.9765
      91.9800     165.9800      46.9800     139.5484       1.9800       1.9800
       1.9800       1.9800      75.9800       1.8357       1.9800       1.9800
      91.9800       1.9800      46.9800       0.9765      91.9800       0.9765
       1.8835       0.8800       0.9765       1.9800      91.9800      91.9800
      75.9800      75.9800      26.9798      91.9800       1.9800       1.9800
      91.9800     110.8221      46.9800     165.9800     164.1712       1.9800
      91.9800      91.9800     107.1621      91.9800     165.9800       1.9800
       1.9800       1.9800       1.9800      86.8574      91.9800     165.9800
       1.9800     165.9800     165.9800     101.4011      46.9800       1.9800
       0.9765       0.8800       0.8800       0.8800       0.8800       0.8800
       0.8800       0.8800       0.8800       0.8800       0.8800       0.8800
       0.8800       0.8800       0.8800       0.8800      61.8635       0.8800
       0.8800       0.8800       0.8800       0.8800       0.8800       0.8800
      90.8800       0.8800       0.8800       0.8800       0.8800       0.8800
 
            B
       0.0000       0.0000       0.0000       0.0000       0.0000       0.0000
       0.0000       0.0000       0.0000       0.0000       0.0000       0.0000
       0.0000       0.0000       0.0000       0.0000       0.0000       0.0000
       0.0000       0.0000       0.0000       0.0000       0.0000       0.0000
       0.0000       0.0000       0.0000       0.0000       0.0000       0.0000
       0.0000       0.0000       0.0000       0.0000       0.0000       0.0000
       0.0000       0.0000       0.0000       0.0000       0.0000       0.0000
       0.0000       0.0000       0.0000       0.0000       0.0000       0.0000
       0.0000       0.0000       0.0000       0.0000       0.0000       0.0000
       0.0000       0.0000       0.0000       0.0000       0.0000       0.0000
       0.0000       0.0000       0.0000       0.0000       0.0000       0.0000
       0.0000       0.0000       0.0000       0.0000       0.0000       0.0000
       0.0000       0.0000       0.0000       0.0000       0.0000       0.0000
       0.0000       0.0000       0.0000       0.0000       0.0000       0.0000
       0.0000       0.0000       0.0000       0.0000       0.0000       0.0000
       0.0000       0.0000       0.0000       0.0000       0.0000       0.0000
 
            R
     194.0200     195.0235     195.1200     194.1165     104.1165     195.1200
     195.1200     195.1200     195.1200     195.1200     194.1165     195.0235
     104.0200      30.0200     119.0200      26.4516     164.0200     164.0200
     164.0200     164.0200      90.0200     164.1643     164.0200     164.0200
      74.0200     164.0200     119.0200     165.0235      74.0200     165.0235
     164.1165     170.1200     170.0235     169.0200      79.0200      79.0200
      95.0200      95.0200     169.0202     104.0200     194.0200     194.0200
     104.0200      85.1779     149.0200      30.0200      31.8288     194.0200
     104.0200     104.0200      88.8379     104.0200      30.0200     194.0200
     194.0200     194.0200     194.0200     109.1426     104.0200      30.0200
     194.0200      30.0200      30.0200      94.5989     149.0200     194.0200
     195.0235     195.1200     195.1200     195.1200     195.1200     195.1200
     195.1200     195.1200     195.1200     195.1200     195.1200     195.1200
     195.1200     195.1200     195.1200     195.1200     134.1365     195.1200
     195.1200     195.1200     195.1200     195.1200     195.1200     195.1200
     105.1200     195.1200     195.1200     195.1200     195.1200     195.1200
 
 DORDREG    E       0.0 MWh

            W
       0.0000       0.0000       0.0000       0.0000       0.0000       0.0000
       0.0000       0.0000       0.0000       0.0000       0.0000       0.0000
       0.0000       0.0000       0.0000       0.0000       0.0000       0.0000
       0.0000       0.0000       0.0000       0.0000       0.0000       0.0000
       0.0000       0.0000       0.0000       0.0000       0.0000       0.0000
       0.0000       0.0000       0.0000       0.0000       0.0000       0.0000
       0.0000       0.0000       0.0000       0.0000       0.0000       0.0000
       0.0000       0.0000       0.0000       0.0000       0.0000       0.0000
       0.0000       0.0000       0.0000       0.0000       0.0000       0.0000
       0.0000       0.0000       0.0000       0.0000       0.0000       0.0000
       0.0000       0.0000       0.0000       0.0000       0.0000       0.0000
       0.0000       0.0000       0.0000       0.0000       0.0000       0.0000
       0.0000       0.0000       0.0000       0.0000       0.0000       0.0000
       0.0000       0.0000       0.0000       0.0000       0.0000       0.0000
       0.0000       0.0000       0.0000       0.0000       0.0000       0.0000
       0.0000       0.0000       0.0000       0.0000       0.0000       0.0000
 
            B
       0.0000       0.0000       0.0000       0.0000       0.0000       0.0000
       0.0000       0.0000       0.0000       0.0000       0.0000       0.0000
       0.0000       0.0000       0.0000       0.0000       0.0000       0.0000
       0.0000       0.0000       0.0000       0.0000       0.0000       0.0000
       0.0000       0.0000       0.0000       0.0000       0.0000       0.0000
       0.0000       0.0000       0.0000       0.0000       0.0000       0.0000
       0.0000       0.0000       0.0000       0.0000       0.0000       0.0000
       0.0000       0.0000       0.0000       0.0000       0.0000       0.0000
       0.0000       0.0000       0.0000       0.0000       0.0000       0.0000
       0.0000       0.0000       0.0000       0.0000       0.0000       0.0000
       0.0000       0.0000       0.0000       0.0000       0.0000       0.0000
       0.0000       0.0000       0.0000       0.0000       0.0000       0.0000
       0.0000       0.0000       0.0000       0.0000       0.0000       0.0000
       0.0000       0.0000       0.0000       0.0000       0.0000       0.0000
       0.0000       0.0000       0.0000       0.0000       0.0000       0.0000
       0.0000       0.0000       0.0000       0.0000       0.0000       0.0000
 
            R
       0.0000       0.0000       0.0000       0.0000       0.0000       0.0000
       0.0000       0.0000       0.0000       0.0000       0.0000       0.0000
       0.0000       0.0000       0.0000       0.0000       0.0000       0.0000
       0.0000       0.0000       0.0000       0.0000       0.0000       0.0000
       0.0000       0.0000       0.0000       0.0000       0.0000       0.0000
       0.0000       0.0000       0.0000       0.0000       0.0000       0.0000
       0.0000       0.0000       0.0000       0.0000       0.0000       0.0000
       0.0000       0.0000       0.0000       0.0000       0.0000       0.0000
       0.0000       0.0000       0.0000       0.0000       0.0000       0.0000
       0.0000       0.0000       0.0000       0.0000       0.0000       0.0000
       0.0000       0.0000       0.0000       0.0000       0.0000       0.0000
       0.0000       0.0000       0.0000       0.0000       0.0000       0.0000
       0.0000       0.0000       0.0000       0.0000       0.0000       0.0000
       0.0000       0.0000       0.0000       0.0000       0.0000       0.0000
       0.0000       0.0000       0.0000       0.0000       0.0000       0.0000
       0.0000       0.0000       0.0000       0.0000       0.0000       0.0000
 
 V.BEN      E     172.6 MWh

            W
       0.0000       0.0000       0.0000       0.0000       0.0000       0.0000
       0.0000       0.0000       0.0000       0.0000       0.0000       0.0000
       0.0000      26.0000       0.0000      26.0000       0.0000       0.0000
       0.0000       0.0000       0.0000       0.0000       0.0000       0.0000
       0.0000       0.0000       0.0000       0.0000       0.0000       0.0000
       0.0000       0.0000       0.0000       0.0000       0.0000       0.0000
       0.0000       0.0000       0.0000       0.0000       0.0000       0.0000
       0.0000      25.1039       0.0000      26.0000      26.0000       0.0000
      26.0000      26.0000      26.0000       8.0577      26.0000       0.0000
       0.0000       0.0000       0.0000       0.0000       0.0000      26.0000
       0.0000      26.0000      26.0000      26.0000       0.0000       0.0000
       0.0000       0.0000       0.0000       0.0000       0.0000       0.0000
       0.0000       0.0000       0.0000       0.0000       0.0000       0.0000
       0.0000       0.0000       0.0000       0.0000       0.0000       0.0000
       0.0000       0.0000       0.0000       0.0000       0.0000       0.0000
       0.0000       0.0000       0.0000       0.0000       0.0000       0.0000
 
            B
       0.0000       0.0000       0.0000       0.0000       0.0000       0.0000
       0.0000       0.0000       0.0000       0.0000       0.0000       0.0000
       0.0000       0.0000       0.0000       0.0000       0.0000       0.0000
       0.0000       0.0000       0.0000       0.0000       0.0000       0.0000
       0.0000       0.0000       0.0000       0.0000       0.0000       0.0000
       0.0000       0.0000       0.0000       0.0000       0.0000       0.0000
       0.0000       0.0000       0.0000       0.0000       0.0000       0.0000
       0.0000       0.0000       0.0000       0.0000       0.0000       0.0000
       0.0000       0.0000       0.0000       0.0000       0.0000       0.0000
       0.0000       0.0000       0.0000       0.0000       0.0000       0.0000
       0.0000       0.0000       0.0000       0.0000       0.0000       0.0000
       0.0000       0.0000       0.0000       0.0000       0.0000       0.0000
       0.0000       0.0000       0.0000       0.0000       0.0000       0.0000
       0.0000       0.0000       0.0000       0.0000       0.0000       0.0000
       0.0000       0.0000       0.0000       0.0000       0.0000       0.0000
       0.0000       0.0000       0.0000       0.0000       0.0000       0.0000
 
            R
      26.0000      26.0000      26.0000      26.0000      26.0000      26.0000
      26.0000      26.0000      26.0000      26.0000      26.0000      26.0000
      26.0000       0.0000      26.0000       0.0000      26.0000      26.0000
      26.0000      26.0000      26.0000      26.0000      26.0000      26.0000
      26.0000      26.0000      26.0000      26.0000      26.0000      26.0000
      26.0000      26.0000      26.0000      26.0000      26.0000      26.0000
      26.0000      26.0000      26.0000      26.0000      26.0000      26.0000
      26.0000       0.8961      26.0000       0.0000       0.0000      26.0000
       0.0000       0.0000       0.0000      17.9423       0.0000      26.0000
      26.0000      26.0000      26.0000      26.0000      26.0000       0.0000
      26.0000       0.0000       0.0000       0.0000      26.0000      26.0000
      26.0000      26.0000      26.0000      26.0000      26.0000      26.0000
      26.0000      26.0000      26.0000      26.0000      26.0000      26.0000
      26.0000      26.0000      26.0000      26.0000      26.0000      26.0000
      26.0000      26.0000      26.0000      26.0000      26.0000      26.0000
      26.0000      26.0000      26.0000      26.0000      26.0000      26.0000
 
 NEUVIC     E       0.0 MWh

            W
       0.0000       0.0000       0.0000       0.0000       0.0000       0.0000
       0.0000       0.0000       0.0000       0.0000       0.0000       0.0000
       0.0000       0.0000       0.0000       0.0000       0.0000       0.0000
       0.0000       0.0000       0.0000       0.0000       0.0000       0.0000
       0.0000       0.0000       0.0000       0.0000       0.0000       0.0000
       0.0000       0.0000       0.0000       0.0000       0.0000       0.0000
       0.0000       0.0000       0.0000       0.0000       0.0000       0.0000
       0.0000       0.0000       0.0000       0.0000       0.0000       0.0000
       0.0000       0.0000       0.0000       0.0000       0.0000       0.0000
       0.0000       0.0000       0.0000       0.0000       0.0000       0.0000
       0.0000       0.0000       0.0000       0.0000       0.0000       0.0000
       0.0000       0.0000       0.0000       0.0000       0.0000       0.0000
       0.0000       0.0000       0.0000       0.0000       0.0000       0.0000
       0.0000       0.0000       0.0000       0.0000       0.0000       0.0000
       0.0000       0.0000       0.0000       0.0000       0.0000       0.0000
       0.0000       0.0000       0.0000       0.0000       0.0000       0.0000
 
            B
       0.0000       0.0000       0.0000       0.0000       0.0000       0.0000
       0.0000       0.0000       0.0000       0.0000       0.0000       0.0000
       0.0000       0.0000       0.0000       0.0000       0.0000       0.0000
       0.0000       0.0000       0.0000       0.0000       0.0000       0.0000
       0.0000       0.0000       0.0000       0.0000       0.0000       0.0000
       0.0000       0.0000       0.0000       0.0000       0.0000       0.0000
       0.0000       0.0000       0.0000       0.0000       0.0000       0.0000
       0.0000       0.0000       0.0000       0.0000       0.0000       0.0000
       0.0000       0.0000       0.0000       0.0000       0.0000       0.0000
       0.0000       0.0000       0.0000       0.0000       0.0000       0.0000
       0.0000       0.0000       0.0000       0.0000       0.0000       0.0000
       0.0000       0.0000       0.0000       0.0000       0.0000       0.0000
       0.0000       0.0000       0.0000       0.0000       0.0000       0.0000
       0.0000       0.0000       0.0000       0.0000       0.0000       0.0000
       0.0000       0.0000       0.0000       0.0000       0.0000       0.0000
       0.0000       0.0000       0.0000       0.0000       0.0000       0.0000
 
            R
       0.0000       0.0000       0.0000       0.0000       0.0000       0.0000
       0.0000       0.0000       0.0000       0.0000       0.0000       0.0000
       0.0000       0.0000       0.0000       0.0000       0.0000       0.0000
       0.0000       0.0000       0.0000       0.0000       0.0000       0.0000
       0.0000       0.0000       0.0000       0.0000       0.0000       0.0000
       0.0000       0.0000       0.0000       0.0000       0.0000       0.0000
       0.0000       0.0000       0.0000       0.0000       0.0000       0.0000
       0.0000       0.0000       0.0000       0.0000       0.0000       0.0000
       0.0000       0.0000       0.0000       0.0000       0.0000       0.0000
       0.0000       0.0000       0.0000       0.0000       0.0000       0.0000
       0.0000       0.0000       0.0000       0.0000       0.0000       0.0000
       0.0000       0.0000       0.0000       0.0000       0.0000       0.0000
       0.0000       0.0000       0.0000       0.0000       0.0000       0.0000
       0.0000       0.0000       0.0000       0.0000       0.0000       0.0000
       0.0000       0.0000       0.0000       0.0000       0.0000       0.0000
       0.0000       0.0000       0.0000       0.0000       0.0000       0.0000
 
 MARCIL     E     212.5 MWh

            W
       0.0000       0.0000       0.0000       0.0000       0.0000       0.0000
       0.0000       0.0000       0.0000       0.0000       0.0000       0.0000
       0.0000      32.0000       0.0000      32.0000       0.0000       0.0000
       0.0000       0.0000       0.0000       0.0000       0.0000       0.0000
       0.0000       0.0000       0.0000       0.0000       0.0000       0.0000
       0.0000       0.0000       0.0000       0.0000       0.0000       0.0000
       0.0000       0.0000       0.0000       0.0000       0.0000       0.0000
       0.0000      15.0000       0.0000      32.0000      32.0000       0.0000
      32.0000      32.0000      32.0000      15.0000      32.0000       0.0000
       0.0000       0.0000       0.0000       0.0000      15.0000      32.0000
       0.0000      32.0000      32.0000      28.0000       0.0000       0.0000
       0.0000       0.0000       0.0000       0.0000       0.0000       0.0000
       0.0000       0.0000       0.0000       0.0000       0.0000       0.0000
       0.0000       0.0000       0.0000       0.0000       0.0000       0.0000
       0.0000       0.0000       0.0000       0.0000       0.0000       0.0000
       0.0000       0.0000       0.0000       0.0000       0.0000       0.0000
 
            B
       0.0000       0.0000       0.0000       0.0000       0.0000       0.0000
       0.0000       0.0000       0.0000       0.0000       0.0000       0.0000
       0.0000       0.0000       0.0000       0.0000       0.0000       0.0000
       0.0000       0.0000       0.0000       0.0000       0.0000       0.0000
       0.0000       0.0000       0.0000       0.0000       0.0000       0.0000
       0.0000       0.0000       0.0000       0.0000       0.0000       0.0000
       0.0000       0.0000       0.0000       0.0000       0.0000       0.0000
       0.0000       0.0000       0.0000       0.0000       0.0000       0.0000
       0.0000       0.0000       0.0000       0.0000       0.0000       0.0000
       0.0000       0.0000       0.0000       0.0000       0.0000       0.0000
       0.0000       0.0000       0.0000       0.0000       0.0000       0.0000
       0.0000       0.0000       0.0000       0.0000       0.0000       0.0000
       0.0000       0.0000       0.0000       0.0000       0.0000       0.0000
       0.0000       0.0000       0.0000       0.0000       0.0000       0.0000
       0.0000       0.0000       0.0000       0.0000       0.0000       0.0000
       0.0000       0.0000       0.0000       0.0000       0.0000       0.0000
 
            R
      32.0000      32.0000      32.0000      32.0000      32.0000      32.0000
      32.0000      32.0000      32.0000      32.0000      32.0000      32.0000
      32.0000       0.0000      32.0000       0.0000      32.0000      32.0000
      32.0000      32.0000      32.0000      32.0000      32.0000      32.0000
      32.0000      32.0000      32.0000      32.0000      32.0000      32.0000
      32.0000      32.0000      32.0000      32.0000      32.0000      32.0000
      32.0000      32.0000      32.0000      32.0000      32.0000      32.0000
      32.0000      17.0000      32.0000       0.0000       0.0000      32.0000
       0.0000       0.0000       0.0000      17.0000       0.0000      32.0000
      32.0000      32.0000      32.0000      32.0000      17.0000       0.0000
      32.0000       0.0000       0.0000       4.0000      32.0000      32.0000
      32.0000      32.0000      32.0000      32.0000      32.0000      32.0000
      32.0000      32.0000      32.0000      32.0000      32.0000      32.0000
      32.0000      32.0000      32.0000      32.0000      32.0000      32.0000
      32.0000      32.0000      32.0000      32.0000      32.0000      32.0000
      32.0000      32.0000      32.0000      32.0000      32.0000      32.0000
 
 LARDIT     E     202.0 MWh

            W
       0.0000       0.0000       0.0000       0.0000       0.0000       0.0000
       0.0000       0.0000       0.0000       0.0000       0.0000       0.0000
       0.0000      22.0000       0.0000      22.0000       0.0000       0.0000
       0.0000       0.0000       0.0000       0.0000       0.0000       0.0000
       0.0000       0.0000       0.0000       0.0000       0.0000       0.0000
       0.0000       0.0000       0.0000       0.0000      20.0000       0.0000
       0.0000       0.0000       0.0000       0.0000       0.0000       0.0000
      20.0000      20.0000       0.0000      22.0000      22.0000       0.0000
      22.0000      22.0000      22.0000      20.0000      22.0000       0.0000
       0.0000       0.0000       0.0000      20.0000      20.0000      22.0000
       0.0000      22.0000      22.0000      20.0000       0.0000       0.0000
      22.0000       0.0000       0.0000       0.0000       0.0000       0.0000
       0.0000       0.0000       0.0000       0.0000       0.0000       0.0000
       0.0000       0.0000       0.0000       0.0000       0.0000       0.0000
       0.0000       0.0000       0.0000       0.0000       0.0000       0.0000
       0.0000       0.0000       0.0000       0.0000       0.0000       0.0000
 
            B
       0.0000       0.0000       0.0000       0.0000       0.0000       0.0000
       0.0000       0.0000       0.0000       0.0000       0.0000       0.0000
       0.0000       0.0000       0.0000       0.0000       0.0000       0.0000
       0.0000       0.0000       0.0000       0.0000       0.0000       0.0000
       0.0000       0.0000       0.0000       0.0000       0.0000       0.0000
       0.0000       0.0000       0.0000       0.0000       0.0000       0.0000
       0.0000       0.0000       0.0000       0.0000       0.0000       0.0000
       0.0000       0.0000       0.0000       0.0000       0.0000       0.0000
       0.0000       0.0000       0.0000       0.0000       0.0000       0.0000
       0.0000       0.0000       0.0000       0.0000       0.0000       0.0000
       0.0000       0.0000       0.0000       0.0000       0.0000       0.0000
       0.0000       0.0000       0.0000       0.0000       0.0000       0.0000
       0.0000       0.0000       0.0000       0.0000       0.0000       0.0000
       0.0000       0.0000       0.0000       0.0000       0.0000       0.0000
       0.0000       0.0000       0.0000       0.0000       0.0000       0.0000
       0.0000       0.0000       0.0000       0.0000       0.0000       0.0000
 
            R
      22.0000      22.0000      22.0000      22.0000      22.0000      22.0000
      22.0000      22.0000      22.0000      22.0000      22.0000      22.0000
      22.0000       0.0000      22.0000       0.0000      22.0000      22.0000
      22.0000      22.0000      22.0000      22.0000      22.0000      22.0000
      22.0000      22.0000      22.0000      22.0000      22.0000      22.0000
      22.0000      22.0000      22.0000      22.0000       2.0000      22.0000
      22.0000      22.0000      22.0000      22.0000      22.0000      22.0000
       2.0000       2.0000      22.0000       0.0000       0.0000      22.0000
       0.0000       0.0000       0.0000       2.0000       0.0000      22.0000
      22.0000      22.0000      22.0000       2.0000       2.0000       0.0000
      22.0000       0.0000       0.0000       2.0000      22.0000      22.0000
       0.0000      22.0000      22.0000      22.0000      22.0000      22.0000
      22.0000      22.0000      22.0000      22.0000      22.0000      22.0000
      22.0000      22.0000      22.0000      22.0000      22.0000      22.0000
      22.0000      22.0000      22.0000      22.0000      22.0000      22.0000
      22.0000      22.0000      22.0000      22.0000      22.0000      22.0000
 
 LOT        E     194.1 MWh

            W
       1.4000       1.4000       1.4000       1.4000       1.4000       1.4000
       1.4000       1.4000       1.4000       1.4000       1.4000       1.4000
       1.4000       1.4000       1.4000       1.4000       1.4000       1.4000
       1.4000       1.4000       1.4000       1.4000       1.4000       1.4000
       1.4000       9.0392      28.7000      28.7000       1.4000      21.0636
      21.0636      21.0636       1.4000       1.4000       1.4000       1.4000
       1.4000       1.4000       1.4000       1.4000       1.4000       1.4000
       1.4000       1.4000       1.4000       1.4000       1.4000       1.4000
       1.4000       1.4000       1.4000       1.4000      38.3966       1.4000
       1.4000       1.4000       1.4000       1.4000       1.4000       1.7972
       1.4000      55.0000      42.9762       1.4000       1.4000       1.4000
       1.4000       1.4000       1.4000       1.4000       1.4000       1.4000
       1.4000       1.4000       1.4000       1.4000       1.4000       1.4000
       1.4000       1.4000       1.4000       1.4000       1.4000       1.4000
       1.4000       1.4000       1.4000       1.4000       1.4000       1.4000
       1.4000       1.4000       1.4000       1.4000       1.4000       1.4000
 
            B
       0.0000       0.0000       0.0000       0.0000       0.0000       0.0000
       0.0000       0.0000       0.0000       0.0000       0.0000       0.0000
       0.0000       0.0000       0.0000       0.0000       0.0000       0.0000
       0.0000       0.0000       0.0000       0.0000       0.0000       0.0000
       0.0000       0.0000       0.0000       0.0000       0.0000       0.0000
       0.0000       0.0000       0.0000       0.0000       0.0000       0.0000
       0.0000       0.0000       0.0000       0.0000       0.0000       0.0000
       0.0000       0.0000       0.0000       0.0000       0.0000       0.0000
       0.0000       0.0000       0.0000       0.0000       0.0000       0.0000
       0.0000       0.0000       0.0000       0.0000       0.0000       0.0000
       0.0000       0.0000       0.0000       0.0000       0.0000       0.0000
       0.0000       0.0000       0.0000       0.0000       0.0000       0.0000
       0.0000       0.0000       0.0000       0.0000       0.0000       0.0000
       0.0000       0.0000       0.0000       0.0000       0.0000       0.0000
       0.0000       0.0000       0.0000       0.0000       0.0000       0.0000
       0.0000       0.0000       0.0000       0.0000       0.0000       0.0000
 
            R
      56.6000      56.6000      56.6000      56.6000      56.6000      56.6000
      56.6000      56.6000      56.6000      56.6000      56.6000      56.6000
      56.6000      56.6000      56.6000      56.6000      56.6000      56.6000
      56.6000      56.6000      56.6000      56.6000      56.6000      56.6000
      56.6000      48.9608      37.3000      37.3000      56.6000      19.3000
      19.3000      19.3000      56.6000      56.6000      56.6000      56.6000
      56.6000      56.6000      56.6000      56.6000      56.6000      56.6000
      56.6000      56.6000      56.6000      56.6000      56.6000      56.6000
      56.6000      56.6000      56.6000      56.6000      19.6034      56.6000
      56.6000      56.6000      56.6000      56.6000      56.6000      56.2028
      56.6000       3.0000      15.0238      56.6000      56.6000      56.6000
      56.6000      56.6000      56.6000      56.6000      56.6000      56.6000
      56.6000      56.6000      56.6000      56.6000      56.6000      56.6000
      56.6000      56.6000      56.6000      56.6000      56.6000      56.6000
      56.6000      56.6000      56.6000      56.6000      56.6000      56.6000
      56.6000      56.6000      56.6000      56.6000      56.6000      56.6000
 
 ARRENS     E     500.0 MWh

            W
       2.3917       2.3917       1.5000       2.3917       2.3917       1.5000
       1.5000       1.5000       1.5000       1.5000       2.3917       1.5000
       2.3917      18.1417       2.3917      58.9500       2.3917      12.2583
       2.3917       2.3917       2.3917       2.3917       2.3917       2.3917
       2.3917       2.3917       2.3917       1.5000       2.3917       1.5000
       2.3917       1.5000       1.5000       2.3917      11.9917       3.7250
      12.2583       3.7621       2.3917       2.3917       2.3917       1.5000
      11.9917      18.1417      28.0083      65.1000      35.1000      35.1000
      35.1000      35.1000      65.1000      35.1000      65.1000      19.3500
      19.3500       2.3917       2.3917      18.1417       2.3917      65.1000
      18.1417      65.1000      65.1000      19.3500      19.3500       1.5000
       1.5000       1.5000       2.3917       2.3917       2.3917       2.3917
       2.3917       1.5000       2.3917       2.3917       1.5000       1.5000
       1.5000       1.5000       1.5000       1.5000       2.3917       2.3917
       2.3917       1.5000       1.5000       1.5000       1.5000       1.5000
       2.3917       2.3917       2.3917       2.3917       2.3917       2.3917
 
            B
       0.0000       0.0000       0.0000       0.0000       0.0000       0.0000
       0.0000       0.0000       0.0000       0.0000       0.0000       0.0000
       0.0000       0.0000       0.0000       0.0000       0.0000       0.0000
       0.0000       0.0000       0.0000       0.0000       0.0000       0.0000
       0.0000       0.0000       0.0000       0.0000       0.0000       0.0000
       0.0000       0.0000       0.0000       0.0000       0.0000       0.0000
       0.0000       0.0000       0.0000       0.0000       0.0000       0.0000
       0.0000       0.0000       0.0000       0.0000       0.0000       0.0000
       0.0000       0.0000       0.0000       0.0000       0.0000       0.0000
       0.0000       0.0000       0.0000       0.0000       0.0000       0.0000
       0.0000       0.0000       0.0000       0.0000       0.0000       0.0000
       0.0000       0.0000       0.0000       0.0000       0.0000       0.0000
       0.0000       0.0000       0.0000       0.0000       0.0000       0.0000
       0.0000       0.0000       0.0000       0.0000       0.0000       0.0000
       0.0000       0.0000       0.0000       0.0000       0.0000       0.0000
       0.0000       0.0000       0.0000       0.0000       0.0000       0.0000
 
            R
      86.6083      86.6083      87.5000      86.6083      86.6083      87.5000
      87.5000      87.5000      87.5000      87.5000      86.6083      87.5000
      86.6083      70.8583      86.6083      30.0500      77.6083      67.7417
      77.6083      77.6083      77.6083      77.6083      77.6083      77.6083
      77.6083      77.6083      77.6083      78.5000      77.6083      78.5000
      77.6083      78.5000      78.5000      77.6083      77.0083      85.2750
      76.7417      85.2379      86.6083      86.6083      86.6083      87.5000
      77.0083      70.8583      60.9917      23.9000      53.9000      53.9000
      53.9000      53.9000      23.9000      53.9000      23.9000      69.6500
      69.6500      86.6083      86.6083      70.8583      86.6083      23.9000
      70.8583      23.9000      23.9000      69.6500      60.6500      78.5000
      78.5000      78.5000      77.6083      77.6083      77.6083      77.6083
      77.6083      78.5000      77.6083      77.6083      78.5000      78.5000
      78.5000      78.5000      78.5000      78.5000      86.6083      86.6083
      86.6083      87.5000      87.5000      87.5000      87.5000      87.5000
      86.6083      86.6083      86.6083      86.6083      86.6083      86.6083
 
 PIQUES     E     225.9 MWh

            W
       3.9108       3.9108       0.0000       3.9108       3.9108       0.0000
       0.0000       0.0000       0.0000       0.0000       3.9108       0.0000
       3.9108      16.9108       3.9108      16.9108       3.9108       3.9108
       3.9108       3.9108       3.9108       3.9108       3.9108       3.9108
       3.9108       3.9108       3.9108       0.0000       3.9108       0.0000
       3.9108       0.0000       0.0000       3.9108       3.9108       3.9108
       3.9108       3.9108       3.9108       3.9108       3.9108       0.0000
       3.9108      16.9108       3.9108      16.9108      16.9108       3.9108
      16.9108      16.9108      16.9108      16.9108      16.9108       3.9108
       3.9108       3.9108       3.9108       3.9108       3.9108      16.9108
       3.9108      16.9108      16.9108      16.9108       3.9108       0.0000
       0.0000       0.0000       3.9108       3.9108       3.9108       3.9108
       3.9108       0.0000       3.9108       3.9108       0.0000       0.0000
       0.0000       0.0000       0.0000       0.0000       3.9108       3.9108
       3.9108       0.0000       0.0000       0.0000       0.0000       0.0000
       3.9108       3.9108       3.9108       3.9108       3.9108       3.9108
 
            B
       0.0000       0.0000       0.0000       0.0000       0.0000       0.0000
       0.0000       0.0000       0.0000       0.0000       0.0000       0.0000
       0.0000       0.0000       0.0000       0.0000       0.0000       0.0000
       0.0000       0.0000       0.0000       0.0000       0.0000       0.0000
       0.0000       0.0000       0.0000       0.0000       0.0000       0.0000
       0.0000       0.0000       0.0000       0.0000       0.0000       0.0000
       0.0000       0.0000       0.0000       0.0000       0.0000       0.0000
       0.0000       0.0000       0.0000       0.0000       0.0000       0.0000
       0.0000       0.0000       0.0000       0.0000       0.0000       0.0000
       0.0000       0.0000       0.0000       0.0000       0.0000       0.0000
       0.0000       0.0000       0.0000       0.0000       0.0000       0.0000
       0.0000       0.0000       0.0000       0.0000       0.0000       0.0000
       0.0000       0.0000       0.0000       0.0000       0.0000       0.0000
       0.0000       0.0000       0.0000       0.0000       0.0000       0.0000
       0.0000       0.0000       0.0000       0.0000       0.0000       0.0000
       0.0000       0.0000       0.0000       0.0000       0.0000       0.0000
 
            R
      13.0000      13.0000      13.0000      13.0000      13.0000      13.0000
      13.0000      13.0000      13.0000      13.0000      13.0000      13.0000
      13.0000       0.0000      13.0000       0.0000      13.0000      13.0000
      13.0000      13.0000      13.0000      13.0000      13.0000      13.0000
      13.0000      13.0000      13.0000      13.0000      13.0000      13.0000
      13.0000      13.0000      13.0000      13.0000      13.0000      13.0000
      13.0000      13.0000      13.0000      13.0000      13.0000      13.0000
      13.0000       0.0000      13.0000       0.0000       0.0000      13.0000
       0.0000       0.0000       0.0000       0.0000       0.0000      13.0000
      13.0000      13.0000      13.0000      13.0000      13.0000       0.0000
      13.0000       0.0000       0.0000       0.0000      13.0000      13.0000
      13.0000      13.0000      13.0000      13.0000      13.0000      13.0000
      13.0000      13.0000      13.0000      13.0000      13.0000      13.0000
      13.0000      13.0000      13.0000      13.0000      13.0000      13.0000
      13.0000      13.0000      13.0000      13.0000      13.0000      13.0000
      13.0000      13.0000      13.0000      13.0000      13.0000      13.0000
 
 ARAING     E     188.2 MWh

            W
       0.5625       0.5625       0.0000       0.5625       0.5625       0.0000
       0.0000       0.0000       0.0000       0.0000       0.5625       0.0000
       0.5625      27.5625       0.5625      27.5625       4.6125       0.5625
       4.6125       0.5625       0.5625       0.5625       0.5625       0.5625
       0.5625       0.5625       0.5625       0.0000       0.5625       0.0000
       0.5625       0.0000       0.0000       0.5625       0.5625       0.5625
       0.5625       0.5625       0.5625       0.5625       0.5625       0.0000
       0.5625       0.5625       0.5625      27.5625      27.5625       0.5625
      31.6125      31.6125      27.5625       4.6125      31.6125       4.6125
       0.5625       4.6125       0.5625       0.5625       0.5625      27.5625
       0.5625      27.5625      31.6125       0.5625       4.6125       0.0000
       0.0000       0.0000       0.5625       0.5625       0.5625       0.5625
       0.5625       0.0000       0.5625       0.5625       0.0000       0.0000
       0.0000       0.0000       0.0000       0.0000       0.5625       0.5625
       0.5625       0.0000       0.0000       0.0000       0.0000       0.0000
       0.5625       0.5625       0.5625       0.5625       0.5625       0.5625
 
            B
       0.0000       0.0000       0.0000       0.0000       0.0000       0.0000
       0.0000       0.0000       0.0000       0.0000       0.0000       0.0000
       0.0000       0.0000       0.0000       0.0000       0.0000       0.0000
       0.0000       0.0000       0.0000       0.0000       0.0000       0.0000
       0.0000       0.0000       0.0000       0.0000       0.0000       0.0000
       0.0000       0.0000       0.0000       0.0000       0.0000       0.0000
       0.0000       0.0000       0.0000       0.0000       0.0000       0.0000
       0.0000       0.0000       0.0000       0.0000       0.0000       0.0000
       0.0000       0.0000       0.0000       0.0000       0.0000       0.0000
       0.0000       0.0000       0.0000       0.0000       0.0000       0.0000
       0.0000       0.0000       0.0000       0.0000       0.0000       0.0000
       0.0000       0.0000       0.0000       0.0000       0.0000       0.0000
       0.0000       0.0000       0.0000       0.0000       0.0000       0.0000
       0.0000       0.0000       0.0000       0.0000       0.0000       0.0000
       0.0000       0.0000       0.0000       0.0000       0.0000       0.0000
       0.0000       0.0000       0.0000       0.0000       0.0000       0.0000
 
            R
      27.0000      27.0000      27.0000      27.0000      27.0000      27.0000
      27.0000      27.0000      27.0000      27.0000      27.0000      27.0000
      27.0000       0.0000      27.0000       0.0000      27.0000      27.0000
      27.0000      27.0000      27.0000      27.0000      27.0000      27.0000
      27.0000      27.0000      27.0000      27.0000      27.0000      27.0000
      27.0000      27.0000      27.0000      27.0000      27.0000      27.0000
      27.0000      27.0000      27.0000      27.0000      27.0000      27.0000
      27.0000      27.0000      27.0000       0.0000       0.0000      27.0000
       0.0000       0.0000       0.0000      27.0000       0.0000      27.0000
      27.0000      27.0000      27.0000      27.0000      27.0000       0.0000
      27.0000       0.0000       0.0000      27.0000      27.0000      27.0000
      27.0000      27.0000      27.0000      27.0000      27.0000      27.0000
      27.0000      27.0000      27.0000      27.0000      27.0000      27.0000
      27.0000      27.0000      27.0000      27.0000      27.0000      27.0000
      27.0000      27.0000      27.0000      27.0000      27.0000      27.0000
      27.0000      27.0000      27.0000      27.0000      27.0000      27.0000
 
 VICDESSO   E      17.8 MWh

            W
       0.4000       0.0000       0.4000       0.4000       0.4000       0.0000
       0.4000       0.0000       0.0000       0.4000       0.4000       0.4000
       0.4000       0.4000       0.4000       0.4000       0.4000       0.4000
       0.4000       0.4000       0.4000       0.4000       0.4000       0.4000
       0.4000       0.4000       0.4000       0.4000       0.4000       0.4000
       0.4000       0.4000       0.4000       0.4000       0.4000       0.4000
       0.4000       0.4000       0.4000       0.4000       0.4000       0.4000
       0.4000       0.4000       0.4000       0.4000       0.4000       0.0000
       0.4000       0.0000       0.4000       0.4000       0.4000       0.0000
       0.4000       0.4000       0.4000       0.4000       0.4000       0.4000
       0.4000       0.4000       0.4000       0.4000       0.4000       0.4000
       0.4000       0.4000       0.4000       0.4000       0.4000       0.4000
       0.4000       0.4000       0.4000       0.4000       0.4000       0.4000
       0.4000       0.4000       0.4000       0.4000       0.4000       0.4000
       0.4000       0.4000       0.4000       0.4000       0.4000       0.4000
       0.4000       0.4000       0.4000       0.4000       0.4000       0.4000
 
            B
       0.0000       0.0000       0.0000       0.0000       0.0000       0.0000
       0.0000       0.0000       0.0000       0.0000       0.0000       0.0000
       0.0000       0.0000       0.0000       0.0000       0.0000       0.0000
       0.0000       0.0000       0.0000       0.0000       0.0000       0.0000
       0.0000       0.0000       0.0000       0.0000       0.0000       0.0000
       0.0000       0.0000       0.0000       0.0000       0.0000       0.0000
       0.0000       0.0000       0.0000       0.0000       0.0000       0.0000
       0.0000       0.0000       0.0000       0.0000       0.0000       0.0000
       0.0000       0.0000       0.0000       0.0000       0.0000       0.0000
       0.0000       0.0000       0.0000       0.0000       0.0000       0.0000
       0.0000       0.0000       0.0000       0.0000       0.0000       0.0000
       0.0000       0.0000       0.0000       0.0000       0.0000       0.0000
       0.0000       0.0000       0.0000       0.0000       0.0000       0.0000
       0.0000       0.0000       0.0000       0.0000       0.0000       0.0000
       0.0000       0.0000       0.0000       0.0000       0.0000       0.0000
       0.0000       0.0000       0.0000       0.0000       0.0000       0.0000
 
            R
      16.0000      16.0000      16.0000      16.0000      16.0000      16.0000
      16.0000      16.0000      16.0000      16.0000      16.0000      16.0000
      16.0000      16.0000      16.0000      16.0000      16.0000      16.0000
      16.0000      16.0000      16.0000      16.0000      16.0000      16.0000
      16.0000      16.0000      16.0000      16.0000      16.0000      16.0000
      16.0000      16.0000      16.0000      16.0000      16.0000      16.0000
      16.0000      16.0000      16.0000      16.0000      16.0000      16.0000
      16.0000      16.0000      16.0000      16.0000      16.0000      16.0000
      16.0000      16.0000      16.0000      16.0000      16.0000      16.0000
      16.0000      16.0000      16.0000      16.0000      16.0000      16.0000
      16.0000      16.0000      16.0000      16.0000      16.0000      16.0000
      16.0000      16.0000      16.0000      16.0000      16.0000      16.0000
      16.0000      16.0000      16.0000      16.0000      16.0000      16.0000
      16.0000      16.0000      16.0000      16.0000      16.0000      16.0000
      16.0000      16.0000      16.0000      16.0000      16.0000      16.0000
      16.0000      16.0000      16.0000      16.0000      16.0000      16.0000
 
 AUDE       E       0.0 MWh

            W
       0.0000       0.0000       0.0000       0.0000       0.0000       0.0000
       0.0000       0.0000       0.0000       0.0000       0.0000       0.0000
       0.0000       0.0000       0.0000       0.0000       0.0000       0.0000
       0.0000       0.0000       0.0000       0.0000       0.0000       0.0000
       0.0000       0.0000       0.0000       0.0000       0.0000       0.0000
       0.0000       0.0000       0.0000       0.0000       0.0000       0.0000
       0.0000       0.0000       0.0000       0.0000       0.0000       0.0000
       0.0000       0.0000       0.0000       0.0000       0.0000       0.0000
       0.0000       0.0000       0.0000       0.0000       0.0000       0.0000
       0.0000       0.0000       0.0000       0.0000       0.0000       0.0000
       0.0000       0.0000       0.0000       0.0000       0.0000       0.0000
       0.0000       0.0000       0.0000       0.0000       0.0000       0.0000
       0.0000       0.0000       0.0000       0.0000       0.0000       0.0000
       0.0000       0.0000       0.0000       0.0000       0.0000       0.0000
       0.0000       0.0000       0.0000       0.0000       0.0000       0.0000
       0.0000       0.0000       0.0000       0.0000       0.0000       0.0000
 
            B
       0.0000       0.0000       0.0000       0.0000       0.0000       0.0000
       0.0000       0.0000       0.0000       0.0000       0.0000       0.0000
       0.0000       0.0000       0.0000       0.0000       0.0000       0.0000
       0.0000       0.0000       0.0000       0.0000       0.0000       0.0000
       0.0000       0.0000       0.0000       0.0000       0.0000       0.0000
       0.0000       0.0000       0.0000       0.0000       0.0000       0.0000
       0.0000       0.0000       0.0000       0.0000       0.0000       0.0000
       0.0000       0.0000       0.0000       0.0000       0.0000       0.0000
       0.0000       0.0000       0.0000       0.0000       0.0000       0.0000
       0.0000       0.0000       0.0000       0.0000       0.0000       0.0000
       0.0000       0.0000       0.0000       0.0000       0.0000       0.0000
       0.0000       0.0000       0.0000       0.0000       0.0000       0.0000
       0.0000       0.0000       0.0000       0.0000       0.0000       0.0000
       0.0000       0.0000       0.0000       0.0000       0.0000       0.0000
       0.0000       0.0000       0.0000       0.0000       0.0000       0.0000
       0.0000       0.0000       0.0000       0.0000       0.0000       0.0000
 
            R
      34.0000      34.0000      34.0000      34.0000      34.0000      34.0000
      34.0000      34.0000      34.0000      34.0000      34.0000      34.0000
      34.0000      34.0000      34.0000      34.0000      34.0000      34.0000
      34.0000      34.0000      34.0000      34.0000      34.0000      34.0000
      34.0000      34.0000      34.0000      34.0000      34.0000      34.0000
      34.0000      34.0000      34.0000      34.0000      34.0000      34.0000
      34.0000      34.0000      34.0000      34.0000      34.0000      34.0000
      34.0000      34.0000      34.0000      34.0000      34.0000      34.0000
      34.0000      34.0000      34.0000      34.0000      34.0000      34.0000
      34.0000      34.0000      34.0000      34.0000      34.0000      34.0000
      34.0000      34.0000      34.0000      34.0000      34.0000      34.0000
      34.0000      34.0000      34.0000      34.0000      34.0000      34.0000
      34.0000      34.0000      34.0000      34.0000      34.0000      34.0000
      34.0000      34.0000      34.0000      34.0000      34.0000      34.0000
      34.0000      34.0000      34.0000      34.0000      34.0000      34.0000
      34.0000      34.0000      34.0000      34.0000      34.0000      34.0000
 
 HTVERDON   E     680.5 MWh

            W
       7.5000       7.5000      29.5000      29.5000      29.5000       7.5000
       7.5000       7.5000       7.5000       7.5000       7.5000       7.5000
       7.5000       7.5000       7.5000       7.5000       7.5000       7.5000
       7.5000       7.5000       7.5000       7.5000       7.5000       7.5000
       7.5000       7.5000       7.5000       7.5000      51.5000      51.5000
      51.5000      40.5000      40.5000       7.5000       7.5000      40.5000
      40.5000      18.5000      18.5000      18.5000      18.5000      40.5000
      40.5000      40.5000      29.5000      29.5000       7.5000       7.5000
       0.0000       0.0000       0.0000       0.0000      22.0000      22.0000
       0.0000       0.0000       0.0000       0.0000       0.0000      11.0000
      11.0000      11.0000       0.0000       0.0000       0.0000       0.0000
       0.0000       0.0000       0.0000       0.0000       0.0000       0.0000
       0.0000       0.0000       0.0000       0.0000      11.0000      11.0000
      11.0000      11.0000      44.0000      44.0000       0.0000       0.0000
       0.0000      22.0000      22.0000      22.0000      22.0000      33.0000
      33.0000      33.0000      44.0000      44.0000       0.0000       0.0000
 
            B
       0.0000       0.0000       0.0000       0.0000       0.0000       0.0000
       0.0000       0.0000       0.0000       0.0000       0.0000       0.0000
       0.0000       0.0000       0.0000       0.0000       0.0000       0.0000
       0.0000       0.0000       0.0000       0.0000       0.0000       0.0000
       0.0000       0.0000       0.0000       0.0000       0.0000       0.0000
       0.0000       0.0000       0.0000       0.0000       0.0000       0.0000
       0.0000       0.0000       0.0000       0.0000       0.0000       0.0000
       0.0000       0.0000       0.0000       0.0000       0.0000       0.0000
       0.0000       0.0000       0.0000       0.0000       0.0000       0.0000
       0.0000       0.0000       0.0000       0.0000       0.0000       0.0000
       0.0000       0.0000       0.0000       0.0000       0.0000       0.0000
       0.0000       0.0000       0.0000       0.0000       0.0000       0.0000
       0.0000       0.0000       0.0000       0.0000       0.0000       0.0000
       0.0000       0.0000       0.0000       0.0000       0.0000       0.0000
       0.0000       0.0000       0.0000       0.0000       0.0000       0.0000
       0.0000       0.0000       0.0000       0.0000       0.0000       0.0000
 
            R
      44.0000      44.0000      22.0000      22.0000      22.0000      44.0000
      44.0000      44.0000      44.0000      44.0000      44.0000      44.0000
      44.0000      44.0000      44.0000      44.0000       0.0000       0.0000
       0.0000       0.0000       0.0000       0.0000       0.0000       0.0000
       0.0000       0.0000       0.0000       0.0000       0.0000       0.0000
       0.0000      11.0000      11.0000      44.0000      44.0000      11.0000
      11.0000      33.0000      33.0000      33.0000      33.0000      11.0000
      11.0000      11.0000      22.0000      22.0000      44.0000      44.0000
      44.0000      44.0000      44.0000      44.0000      22.0000      22.0000
      44.0000      44.0000      44.0000      44.0000      44.0000      33.0000
      33.0000      33.0000      44.0000      44.0000       0.0000       0.0000
       0.0000       0.0000       0.0000       0.0000       0.0000       0.0000
       0.0000       0.0000       0.0000       0.0000      33.0000      33.0000
      33.0000      33.0000       0.0000       0.0000      44.0000      44.0000
      44.0000      22.0000      22.0000      22.0000      42.0000      31.0000
      31.0000      31.0000      20.0000      20.0000      64.0000      64.0000
 
 BEYSSAC    E      43.1 MWh

            W
       0.0000       0.0000       0.0000       0.0000       0.0000       0.0000
       0.0000       0.0000       0.0000       0.0000       0.0000       0.0000
       0.0000       0.0000       0.0000       0.0000       0.0000       0.0000
       0.0000       0.0000       0.0000       0.0000       0.0000       0.0000
       0.0000       0.0000       0.0000       0.0000       0.0000       0.0000
       0.0000       0.0000       0.0000       0.0000       0.0000       0.0000
       0.0000       0.0000       0.0000       0.0000       0.0000       0.0000
       0.0000       0.0000       0.0000      17.8845       0.0000       0.0000
       0.0000       0.0000       0.0000       0.0000      20.3118       0.0000
       0.0000       0.0000       0.0000       0.0000       0.0000       0.0000
       0.0000      24.0000      24.0000       0.0000       0.0000       0.0000
       0.0000       0.0000       0.0000       0.0000       0.0000       0.0000
       0.0000       0.0000       0.0000       0.0000       0.0000       0.0000
       0.0000       0.0000       0.0000       0.0000       0.0000       0.0000
       0.0000       0.0000       0.0000       0.0000       0.0000       0.0000
       0.0000       0.0000       0.0000       0.0000       0.0000       0.0000
 
            B
       0.0000       0.0000       0.0000       0.0000       0.0000       0.0000
       0.0000       0.0000       0.0000       0.0000       0.0000       0.0000
       0.0000       0.0000       0.0000       0.0000       0.0000       0.0000
       0.0000       0.0000       0.0000       0.0000       0.0000       0.0000
       0.0000       0.0000       0.0000       0.0000       0.0000       0.0000
       0.0000       0.0000       0.0000       0.0000       0.0000       0.0000
       0.0000       0.0000       0.0000       0.0000       0.0000       0.0000
       0.0000       0.0000       0.0000       0.0000       0.0000       0.0000
       0.0000       0.0000       0.0000       0.0000       0.0000       0.0000
       0.0000       0.0000       0.0000       0.0000       0.0000       0.0000
       0.0000       0.0000       0.0000       0.0000       0.0000       0.0000
       0.0000       0.0000       0.0000       0.0000       0.0000       0.0000
       0.0000       0.0000       0.0000       0.0000       0.0000       0.0000
       0.0000       0.0000       0.0000       0.0000       0.0000       0.0000
       0.0000       0.0000       0.0000       0.0000       0.0000       0.0000
       0.0000       0.0000       0.0000       0.0000       0.0000       0.0000
 
            R
      24.0000      24.0000      24.0000      24.0000      24.0000      24.0000
      24.0000      24.0000      24.0000      24.0000      24.0000      24.0000
      24.0000      24.0000      24.0000      24.0000      24.0000      24.0000
      24.0000      24.0000      24.0000      24.0000      24.0000      24.0000
      24.0000      24.0000      24.0000      24.0000      24.0000      24.0000
      24.0000      24.0000      24.0000      24.0000      24.0000      24.0000
      24.0000      24.0000      24.0000      24.0000      24.0000      24.0000
      24.0000      24.0000      24.0000       6.1155      24.0000      24.0000
      24.0000      24.0000      24.0000      24.0000       3.6882      24.0000
      24.0000      24.0000      24.0000      24.0000      24.0000      24.0000
      24.0000       0.0000       0.0000       0.0000       0.0000       0.0000
       0.0000       0.0000       0.0000       0.0000       0.0000       0.0000
       0.0000       0.0000       0.0000       0.0000       0.0000       0.0000
       0.0000       0.0000       0.0000       0.0000       0.0000       0.0000
      24.0000      24.0000      24.0000      24.0000      24.0000      24.0000
      24.0000      24.0000      24.0000      24.0000      24.0000      24.0000
 
  
********************************************************************************
  
ENERGIES SUR LA PREMIERE JOURNEE:
  
ENERGIE THERMIQUE:                     1057225.5 MWH
  
ENERGIE HYDRAULIQUE:                     30473.5 MWH
  
COUTS SUR LA PREMIERE JOURNEE:
  
COUT_DES_PLANNINGS_THERMIQUES:           25423.4 kUM
  
PENALISATION_ECARTS_CONSOMMATION:        63307.9 kUM
  
PENALISATION_ECARTS_RESERVE_PRIM:         1027.5 kUM
  
PENALISATION_ECARTS_TELEREGLAGE:          8969.7 kUM
  
PENALISATION_ECARTS_RESERVE:                 0.0 kUM
  
COUT_DES_DESTOCKES:                       1716.3 kUM
