DATE DE DEBUT    0 DATE DE FIN   96 NB PAS DE TEMPS   96
 TYPE DE PARC UTILISE : THERMIQUE ET HYDRAULIQUE 
********************************************************************************

********************************************************************************

 SATISFACTION DES BESOINS / BILAN P - D 
********************************************************************************

MOYENNE DES ECARTS:

 BIL DEM :    7043.5639 BIL PRI :    -153.0605 BIL TEL :    -224.7825 BIL RES :       0.0000

  (---------------------- PUISSANCE ---------------------)(--------------------- PRIMAIRE ---------------)(--------------------- TELEREGLA ---------------)(---------------------  RESERVE  ---------------)
    MIN      MAX     DEMAND   P.THERM  P.HYDR    TOTAL    ECART      MAX     DEMAND   P.THERM  P.HYDR   TOTAL   ECART      MAX     DEMAND   P.THERM  P.HYDR    TOTAL   ECART    MAX     DEMAND   P.THERM  P.HYDR    TOTAL    ECART
 1  34708.5  54387.4  45910.6  44189.0   1335.1  45524.1   -386.5   1613.4    542.6    355.0    143.8    498.8    -43.8   1467.0    871.2    590.0    425.3   1015.3    144.0  19372.9      0.0   5140.0   5742.5  10882.5  10882.5
 2  30647.0  55120.4  43650.6  40183.5  -1480.1  38703.4  -4947.2   1622.4    547.6    487.0     26.2    513.2    -34.4   1492.0    563.8    280.0     60.0    340.0   -223.8  19782.9      0.0   8877.0   8039.9  16916.9  16916.9
 3  28428.5  55518.4  44442.0  39947.0  -1647.9  38299.1  -6142.9   1732.4    548.6    547.0     12.1    559.1     10.4   1522.0    563.8    490.0     20.0    510.0    -53.8  27412.9      0.0   8737.0   8196.2  16933.2  16933.2
 4  28428.5  56158.4  43946.0  39947.0   1501.3  41448.3  -2497.7   1814.4    548.6    547.0    127.8    674.8    126.1   1652.0    563.8    490.0    379.0    869.0    305.2  28747.9      0.0  10402.0   5781.7  16183.7  16183.7
 5  28416.5  57006.4  44083.7  40005.0   3527.2  43532.2   -551.5   1826.7    549.7    547.0    167.7    714.7    165.1   1767.0    563.8    420.0    393.5    813.5    249.8  28447.9      0.0  10217.0   4333.5  14550.5  14550.5
 6  28416.5  57374.4  41931.7  39000.0  -1815.2  37184.8  -4746.9   1823.8    548.6    587.0      5.6    592.6     44.0   1767.0    563.8    420.0      0.0    420.0   -143.8  28390.9      0.0  11173.0   8184.7  19357.7  19357.7
 7  28397.5  57536.4  42067.1  38921.0  -1643.0  37278.0  -4789.1   1832.1    550.4    527.0     11.3    538.3    -12.1   1787.0    563.8    420.0      0.0    420.0   -143.8  28356.9      0.0  11173.0   7977.3  19150.3  19150.3
 8  28397.5  57896.4  41361.1  38926.0  -1887.1  37038.9  -4322.2   1872.1    550.4    527.0      3.3    530.3    -20.1   1807.0    563.8    420.0      0.0    420.0   -143.8  28356.9      0.0  10923.0   8217.6  19140.6  19140.6
 9  28377.5  58206.4  41312.1  38911.0  -1903.4  37007.6  -4304.5   2112.1    550.4    527.0      2.4    529.4    -20.9   1807.0    563.8    420.0      0.0    420.0   -143.8  28356.9      0.0  10923.0   8233.9  19156.9  19156.9
10  28377.5  58866.4  41614.1  38921.0  -1805.7  37115.3  -4498.8   2112.1    550.4    527.0      6.3    533.3    -17.0   2167.0    563.8    420.0      0.0    420.0   -143.8  28356.9      0.0  10923.0   8140.0  19063.0  19063.0
11  28359.5  59512.4  43482.1  39278.0  -1309.3  37968.7  -5513.4   2113.8    549.3    527.0     20.0    547.0     -2.3   2167.0    563.8    420.0     30.0    450.0   -113.8  28390.9      0.0  10658.0   7689.5  18347.5  18347.5
12  28386.5  59679.4  44601.1  40213.0  -1659.8  38553.2  -6047.9   2105.7    550.4    527.0     10.1    537.1    -13.2   2167.0    563.8    420.0      0.0    420.0   -143.8  28431.9      0.0  10298.0   8105.2  18403.2  18403.2
13  28939.5  59807.4  45235.1  43503.0   4095.5  47598.5   2363.4   2111.4    534.7    315.0    180.0    495.0    -39.7   2167.0    615.0    420.0    455.2    875.2    260.2  28546.9      0.0   7355.0   3873.7  11228.7  11228.7
14  29550.5  59807.4  47603.1  43548.0   6273.7  49821.7   2218.6   2051.4    535.0    315.0    287.3    602.3     67.3   2147.0    768.8    420.0    571.0    991.0    222.2  28020.9      0.0   7347.0   1711.6   9058.6   9058.6
15  30991.5  60608.4  49476.1  44789.0   2075.8  46864.8  -2611.3   2158.9    533.7    322.0    127.8    449.8    -83.8   2291.0    768.8    444.0    354.0    798.0     29.2  28020.9      0.0   7332.0   5318.7  12650.7  12650.7
16  32205.5  60410.4  50971.1  45177.0   6111.5  51288.5    317.5   1930.4    532.6    214.0    288.5    502.5    -30.2   2146.0    614.0    164.0    537.0    701.0     87.0  26636.9      0.0   7367.0   1396.9   8763.9   8763.9
17  32458.5  59844.2  51457.1  45287.0    160.0  45447.0  -6010.0   1901.4    519.8    187.0     48.1    235.1   -284.7   2099.0    614.0     94.0     69.0    163.0   -451.0  26141.7      0.0   7375.0   6282.1  13657.1  13657.1
18  33458.5  59773.2  52251.3  45322.0   -230.1  45091.9  -7159.3   1750.9    519.8    187.0     31.1    218.1   -301.7   1968.0    614.0     94.0     60.0    154.0   -460.0  25070.7      0.0   7340.0   6597.1  13937.1  13937.1
19  33818.5  59943.2  52127.3  45574.0   -247.1  45326.9  -6800.4   1750.9    516.0    187.0     32.8    219.8   -296.2   1948.0    614.0     94.0     65.0    159.0   -455.0  24880.7      0.0   7340.0   6536.3  13876.3  13876.3
20  33818.5  59943.2  52540.3  45574.0   -387.4  45186.6  -7353.6   1750.9    516.0    187.0     26.4    213.4   -302.6   1948.0    614.0     94.0     60.0    154.0   -460.0  24880.7      0.0   7340.0   6672.5  14012.5  14012.5
21  33799.5  59924.2  53074.4  45652.0   2143.7  47795.7  -5278.6   1750.9    515.0     92.0    116.1    208.1   -306.8   1948.0    614.0     94.0    184.0    278.0   -336.0  24880.7      0.0   7338.0   4621.4  11959.4  11959.4
22  34049.5  60174.2  53540.7  45902.0   -324.6  45577.4  -7963.3   1750.9    513.0     92.0     35.8    127.8   -385.2   1948.0    614.0     94.0     60.0    154.0   -460.0  24880.7      0.0   7338.0   6609.7  13947.7  13947.7
23  34031.5  60156.2  53624.4  45884.0   -283.6  45600.4  -8024.0   1800.9    508.0     92.0     38.3    130.3   -377.7   1998.0    614.0     94.0     63.8    157.8   -456.2  24880.7      0.0   7338.0   6568.7  13906.7  13906.7
24  34031.5  60156.2  54233.4  45884.0   1410.3  47294.3  -6939.1   1800.9    508.0     92.0     88.2    180.2   -327.8   1998.0    614.0     94.0    170.2    264.2   -349.7  24880.7      0.0   7338.0   4874.8  12212.8  12212.8
25  33378.5  60370.2  53207.8  45908.0   3159.2  49067.2  -4140.6   1833.4    495.5     92.0    148.5    240.5   -254.9   2033.0    614.0     94.0    319.8    413.8   -200.2  25310.7      0.0   7588.0   3782.0  11370.0  11370.0
26  33128.5  60380.2  53936.8  45908.0   -221.1  45686.9  -8249.8   1833.4    496.5     92.0     37.8    129.8   -366.7   2033.0    614.0     94.0     65.0    159.0   -455.0  25310.7      0.0   7588.0   6446.2  14034.2  14034.2
27  32952.5  60317.2  53283.5  45932.0   1857.9  47789.9  -5493.5   1839.1    512.0     92.0    104.4    196.4   -315.6   2033.0    614.0     94.0    188.1    282.1   -331.8  26111.7      0.0   7588.0   4990.2  12578.2  12578.2
28  32831.5  60041.2  53282.3  45932.0   -817.0  45115.0  -8167.3   1758.3    512.0     92.0     31.0    123.0   -389.0   1948.0    614.0     94.0     60.0    154.0   -460.0  24997.7      0.0   7588.0   6633.2  14221.2  14221.2
29  32388.5  59832.5  53030.3  45604.0   2761.3  48365.3  -4664.9   1773.5    512.0     92.0    144.3    236.3   -275.7   1973.0    614.0     94.0    319.8    413.8   -200.2  25926.0      0.0   7588.0   3805.1  11393.1  11393.1
30  33278.5  60429.9  52619.3  43504.0   -355.9  43148.1  -9471.1   1788.0    512.0    400.0     43.8    443.8    -68.1   2008.0    614.0     94.0     60.0    154.0   -460.0  26602.4      0.0   9738.0   6603.6  16341.6  16341.6
31  32419.5  60205.9  51977.3  43305.0    -15.0  43290.0  -8687.2   1885.0    513.7    400.0     48.3    448.3    -65.3   2078.0    614.0     94.0     73.1    167.1   -446.8  26796.4      0.0   9463.0   6263.7  15726.7  15726.7
32  32094.5  60512.9  51847.3  43660.0   -432.2  43227.8  -8619.5   1884.1    514.4    400.0     33.7    433.7    -80.7   2078.0    614.0     94.0     25.0    119.0   -495.0  26753.4      0.0   9463.0   6637.0  16100.0  16100.0
33  29473.5  59870.2  50696.3  43224.0  -1453.9  41770.1  -8926.1   1952.8    514.4    425.0     16.1    441.1    -73.3   2078.0    614.0    164.0     20.0    184.0   -430.0  28646.7      0.0   9465.0   6615.0  16080.0  16080.0
34  28653.5  60291.2  50542.3  44369.5    662.3  45031.8  -5510.5   1956.4    514.4    425.0    106.1    531.1     16.7   2089.0    614.0    164.0    294.0    458.0   -156.0  28747.7      0.0   7070.0   4570.8  11640.8  11640.8
35  27245.5  60908.4  50365.3  46835.0   3721.8  50556.8    191.5   2021.9    514.4    286.0    207.0    493.0    -21.3   2106.0    614.0    164.0    478.0    642.0     28.0  31778.9      0.0   4952.0   3436.5   8388.5   8388.5
36  27020.5  61433.5  50205.3  47692.0   4126.0  51818.0   1612.8   2035.7    514.4    391.0    224.3    615.3    100.9   2141.0    614.0    259.0    513.0    772.0    158.0  31954.0      0.0   4952.0   3447.4   8399.4   8399.4
37  27155.5  61382.5  49700.3  47492.0   2396.0  49888.0    187.7   2052.4    514.4    479.0    132.8    611.8     97.5   2196.0    614.0    349.0    407.0    756.0    142.0  33273.0      0.0   5072.0   5360.2  10432.2  10432.2
38  27505.5  61793.4  50880.3  47974.0   3132.1  51106.1    225.8   2052.4    515.4    407.0    159.6    566.6     51.2   2196.0    614.0    369.0    407.8    776.8    162.9  33277.9      0.0   5072.0   4740.2   9812.2   9812.2
39  27162.5  61475.4  50532.3  47526.0   1061.8  48587.8  -1944.5   2052.4    515.1    407.0     91.7    498.7    -16.4   2196.0    614.0    369.0    248.9    617.9      3.9  33302.9      0.0   5107.0   5955.5  11062.5  11062.5
40  27512.5  61825.4  51153.3  47379.0   4086.1  51465.1    311.8   2052.4    515.1    410.0    221.2    631.2    116.1   2196.0    767.7    349.0    568.0    917.0    149.3  33302.9      0.0   5473.0   3851.2   9324.2   9324.2
41  27168.5  61608.4  51277.9  47062.0   -647.0  46415.0  -4862.8   2052.4    515.4    398.0     27.0    425.0    -90.4   2196.0    767.7    349.0     90.0    439.0   -328.7  33487.9      0.0   5648.0   7664.3  13312.3  13312.3
42  26998.5  61524.4  51369.9  46892.0  -1126.0  45766.0  -5603.9   2061.4    515.4    398.0     13.7    411.7   -103.7   2211.0    614.0    349.0     20.0    369.0   -245.0  33487.9      0.0   5643.0   8150.4  13793.4  13793.4
43  27030.5  61556.4  50573.9  47704.0   4432.7  52136.7   1562.8   2061.4    514.4    434.0    232.3    666.3    151.9   2211.0    614.0    484.0    545.3   1029.3    415.3  33487.9      0.0   4725.0   3536.3   8261.3   8261.3
44  27030.5  61556.4  48948.2  47902.0   5144.2  53046.2   4098.0   2061.4    514.4    454.0    267.3    721.3    206.9   2211.0    614.0    534.0    571.0   1105.0    491.0  33487.9      0.0   4607.0   2837.1   7444.1   7444.1
45  27220.5  61746.4  48277.6  48065.0   1445.0  49510.0   1232.5   2061.4    526.0    496.0    110.9    606.9     80.9   2211.0    614.0    639.0    217.0    856.0    242.0  33487.9      0.0   4582.0   5596.3  10178.3  10178.3
46  27377.5  61903.4  50284.6  48312.0   6879.9  55191.9   4907.3   2061.4    522.0    386.0    292.2    678.2    156.2   2211.0    716.5    659.0    582.0   1241.0    524.5  33487.9      0.0   4582.0   1146.4   5728.4   5728.4
47  26489.5  61015.4  47739.3  47267.0   6372.8  53639.8   5900.5   2049.4    524.1    386.0    275.9    661.9    137.8   2137.0    717.5    635.0    562.0   1197.0    479.5  33487.9      0.0   4657.0   1632.5   6289.5   6289.5
48  26646.5  61172.4  46638.3  47414.0   1957.5  49371.5   2733.2   2049.4    523.0    366.0    121.8    487.8    -35.3   2137.0    615.0    645.0    197.0    842.0    227.0  33487.9      0.0   4657.0   5359.5  10016.5  10016.5
49  25313.0  62353.9  48250.1  48606.0   6154.9  54760.9   6510.8   2055.6    539.7    353.0    267.1    620.1     80.3   2211.0    871.2    649.0    611.0   1260.0    388.8  34630.9      0.0   4655.0   1831.0   6486.0   6486.0
50  25313.0  62353.9  45861.1  48473.0   5818.7  54291.7   8430.6   2055.6    544.7    448.0    259.8    707.8    163.1   2211.0    563.8    649.0    611.0   1260.0    696.2  35494.9      0.0   4693.0   2163.3   6856.3   6856.3
51  25330.0  62370.9  46313.1  48525.0   6456.2  54981.2   8668.1   2055.6    545.7    468.0    271.8    739.8    194.0   2211.0    563.8    659.0    582.0   1241.0    677.2  35494.9      0.0   4668.0   1525.6   6193.6   6193.6
52  25330.0  62370.9  45686.1  48525.0   4812.0  53337.0   7651.0   2055.6    545.7    468.0    249.1    717.1    171.3   2211.0    563.8    659.0    551.0   1210.0    646.2  35494.9      0.0   4668.0   3169.9   7837.9   7837.9
53  25346.0  62271.9  46175.1  48541.0   6687.9  55228.9   9053.8   2049.9    547.7    468.0    274.7    742.7    195.0   2211.0    563.8    659.0    522.0   1181.0    617.2  35379.9      0.0   4668.0   1207.0   5875.0   5875.0
54  25346.0  62214.9  44757.1  48416.0   1117.5  49533.5   4776.5   2047.0    546.6    488.0     99.8    587.8     41.2   2211.0    563.8    699.0    197.0    896.0    332.2  35322.9      0.0   4693.0   5728.4  10421.4  10421.4
55  25347.0  62181.9  45400.1  48453.0    666.0  49119.0   3719.0   2045.3    548.4    488.0     80.1    568.1     19.8   2211.0    563.8    699.0    197.0    896.0    332.2  35288.9      0.0   4657.0   5985.8  10642.8  10642.8
56  25347.0  62181.9  44692.1  48453.0    743.3  49196.3   4504.2   2045.3    548.4    488.0     79.5    567.5     19.1   2211.0    563.8    699.0    197.0    896.0    332.2  35288.9      0.0   4657.0   6068.7  10725.7  10725.7
57  25348.0  62182.9  44636.1  48454.0    123.5  48577.5   3941.4   2045.3    548.4    488.0     71.4    559.4     11.0   2211.0    563.8    699.0    184.0    883.0    319.2  35288.9      0.0   4657.0   6208.3  10865.3  10865.3
58  25348.0  62182.9  44938.1  48454.0   2628.6  51082.6   6144.6   2045.3    548.4    488.0    171.7    659.7    111.4   2211.0    563.8    699.0    448.6   1147.6    583.8  35288.9      0.0   4657.0   4498.1   9155.1   9155.1
59  25348.0  62286.9  45196.5  48489.0   3963.4  52452.4   7256.0   2047.0    547.3    508.0    207.5    715.5    168.2   2211.0    563.8    709.0    495.6   1204.6    640.9  35392.9      0.0   4632.0   3909.9   8541.9   8541.9
60  25348.0  62343.9  46307.5  48789.0   6476.8  55265.8   8958.4   2049.9    548.4    408.0    265.0    673.0    124.6   2211.0    563.8    524.0    542.0   1066.0    502.2  35449.9      0.0   4617.0   1460.0   6077.0   6077.0
61  25352.0  62378.9  46653.5  48793.0   1069.8  49862.8   3209.3   2055.6    532.7    408.0    101.8    509.8    -22.9   2211.0    615.0    524.0    217.0    741.0    126.0  35564.9      0.0   4617.0   5858.0  10475.0  10475.0
62  25352.0  62378.9  48923.5  49009.0   6984.5  55993.5   7070.1   2055.6    533.0    346.0    289.6    635.6    102.5   2211.0    768.8    405.0    532.0    937.0    168.3  35564.9      0.0   4582.0   1028.3   5610.3   5610.3
63  26427.0  62121.9  49440.9  48907.0   6232.9  55139.9   5699.0   2055.6    531.7    326.0    262.3    588.3     56.7   2211.0    768.8    405.0    482.4    887.4    118.7  34174.9      0.0   4582.0   1508.2   6090.2   6090.2
64  28120.0  62372.9  51165.9  48751.0   4894.5  53645.5   2479.7   1965.4    530.6    237.0    245.1    482.1    -48.5   2156.0    614.0    160.0    562.8    722.8    108.8  33430.9      0.0   4607.0   2773.0   7380.0   7380.0
65  28224.0  62292.4  52016.9  47867.5   2846.8  50714.3  -1302.5   1957.1    517.8    197.0    177.3    374.3   -143.5   2144.0    614.0     40.0    460.7    500.7   -113.2  33246.4      0.0   4582.0   4271.2   8853.2   8853.2
66  28224.0  62221.4  53029.6  42620.0   -510.1  42109.9 -10919.6   1858.6    517.8    254.0     40.7    294.7   -223.1   2063.0    614.0     20.0     60.0     80.0   -534.0  33175.4      0.0   5524.0   7184.6  12708.6  12708.6
67  28483.0  62077.4  53063.6  40828.0   -567.7  40260.3 -12803.2   1853.4    514.3    254.0     36.8    290.8   -223.5   2043.0    614.0     20.0     60.0     80.0   -534.0  32772.4      0.0   8852.0   7057.0  15909.0  15909.0
68  29173.0  62077.4  53676.6  40896.0   -418.2  40477.8 -13198.7   1785.4    514.3    194.0     42.2    236.2   -278.1   1993.0    614.0     20.0     91.0    111.0   -503.0  32082.4      0.0  13659.0   6919.5  20578.5  20578.5
69  29230.7  62134.4  54280.7  40980.7     53.5  41034.2 -13246.5   1785.4    513.3    167.0     60.9    227.9   -285.4   1993.0    614.0     20.0    127.9    147.9   -466.1  32081.7      0.0  13659.0   6448.1  20107.1  20107.1
70  29247.4  62161.1  54427.0  40997.4   -305.5  40691.9 -13735.0   1785.9    513.3    167.0     39.6    206.6   -306.6   1993.0    614.0     20.0     60.0     80.0   -534.0  32091.7      0.0  13659.0   6817.1  20476.1  20476.1
71  29627.1  62634.8  55300.7  42264.1   2408.2  44672.3 -10628.4   1790.6    513.0    167.0    123.2    290.2   -222.7   1993.0    614.0     20.0    289.0    309.0   -305.0  32155.7      0.0  12759.0   4921.5  17680.5  17680.5
72  29643.8  62651.5  55916.7  42280.8    799.8  43080.6 -12836.1   1790.6    508.0    167.0     74.3    241.3   -266.7   1993.0    614.0     20.0    215.0    235.0   -379.0  32155.7      0.0  12759.0   6513.1  19272.1  19272.1
73  29894.5  62970.2  55123.1  42599.5    -59.8  42539.7 -12583.4   1850.6    495.5    167.0     48.7    215.7   -279.8   2043.0    614.0     20.0    110.3    130.3   -483.7  32163.7      0.0  12759.0   6892.7  19651.7  19651.7
74  29911.2  62986.9  55919.1  42616.2   -409.6  42206.5 -13712.6   1850.6    496.5    167.0     48.7    215.7   -280.8   2043.0    614.0     20.0     93.3    113.3   -500.6  32163.7      0.0  12759.0   7014.3  19773.3  19773.3
75  30007.8  63015.6  55293.8  42674.8    178.3  42853.1 -12440.6   1790.6    512.0    167.0     66.6    233.6   -278.4   1993.0    614.0     20.0    130.0    150.0   -464.0  32185.7      0.0  12759.0   6667.3  19426.3  19426.3
76  30024.5  63032.3  55635.6  42137.5    415.2  42552.7 -13082.9   1790.6    512.0     70.0     73.5    143.5   -368.4   1993.0    614.0     20.0    135.0    155.0   -459.0  32185.7      0.0  12759.0   6430.4  19189.4  19189.4
77  30948.2  63381.0  55533.6  41771.2    913.3  42684.5 -12849.1   1793.4    512.0     70.0     84.7    154.7   -357.3   1893.0    614.0     20.0     72.8     92.8   -521.2  31610.7      0.0  12759.0   5724.2  18483.2  18483.2
78  30321.9  63269.6  54702.6  41759.9   -650.2  41109.7 -13592.8   1787.6    512.0     70.0     22.5     92.5   -419.5   1993.0    614.0     20.0     60.0     80.0   -534.0  32125.7      0.0  14085.0   7174.8  21259.8  21259.8
79  30400.6  63348.3  54864.6  41838.6   -737.0  41101.6 -13763.0   1787.6    513.7     70.0     24.2     94.2   -419.5   1993.0    614.0     20.0     60.0     80.0   -534.0  32125.7      0.0  14085.0   7253.7  21338.7  21338.7
80  30417.3  63317.0  54304.1  41855.3   -894.5  40960.8 -13343.3   1785.2    514.4     70.0     19.5     89.5   -424.8   1993.0    614.0     20.0     60.0     80.0   -534.0  32077.7      0.0  14085.0   7363.2  21448.2  21448.2
81  29395.0  62902.7  53688.1  41228.0  -1295.3  39932.7 -13755.4   1885.4    514.4    165.0     21.3    186.3   -328.1   2063.0    614.0     20.0     60.0     80.0   -534.0  32205.7      0.0  14087.0   7400.0  21487.0  21487.0
82  30169.7  63832.4  53186.1  42002.7  -1330.1  40672.6 -12513.4   1888.9    514.9    165.0     18.8    183.8   -331.1   2074.0    614.0     20.0     60.0     80.0   -534.0  32276.7      0.0  14087.0   7513.8  21600.8  21600.8
83  28262.4  64429.3  52899.1  42045.4   3092.2  45137.6  -7761.5   2171.7    514.9    165.0    160.9    325.9   -189.0   2281.0    614.0     20.0    389.0    409.0   -205.0  34215.9      0.0  14122.0   4385.5  18507.5  18507.5
84  27777.1  64446.0  52605.1  42062.1   2756.3  44818.4  -7786.6   2171.7    514.9    165.0    149.5    314.5   -200.4   2281.0    614.0     20.0    349.0    369.0   -245.0  34215.9      0.0  14122.0   4691.6  18813.6  18813.6
85  28344.4  64811.4  52739.1  42149.4   1290.3  43439.7  -9299.3   2177.8    514.9    165.0     83.1    248.1   -266.8   2301.0    614.0     20.0    249.0    269.0   -345.0  35303.9      0.0  14122.0   6666.7  20788.7  20788.7
86  28368.8  64835.7  53591.1  42208.8  -1098.9  41109.9 -12481.2   2177.8    515.4    165.0     14.0    179.0   -336.4   2301.0    614.0     20.0     20.0     40.0   -574.0  35303.9      0.0  14087.0   8400.6  22487.6  22487.6
87  27896.2  64950.1  53525.1  42323.2  -1094.9  41228.2 -12296.8   2177.8    515.4    165.0     15.3    180.3   -335.1   2301.0    614.0     20.0     60.0     80.0   -534.0  35497.9      0.0  14087.0   8387.8  22474.8  22474.8
88  26555.5  64981.4  53764.2  41657.5  -1008.4  40649.1 -13115.0   2245.8    515.1     95.0     20.1    115.1   -400.0   2351.0    767.7     90.0     60.0    150.0   -617.7  36194.9      0.0  14784.0   8301.2  23085.2  23085.2
89  26437.9  65068.8  54364.8  41744.9  -1094.9  40649.9 -13714.8   2245.8    515.4     95.0     15.3    110.3   -405.1   2351.0    767.7     90.0     60.0    150.0   -617.7  37379.9      0.0  14784.0   8407.8  23191.8  23191.8
90  25942.2  64573.2  54333.6  41249.2  -1005.8  40243.5 -14090.1   2245.8    515.4     95.0     17.7    112.7   -402.7   2351.0    614.0     90.0     60.0    150.0   -464.0  37584.9      0.0  14784.0   8326.6  23110.6  23110.6
91  25975.6  64606.5  53109.6  41221.6   3569.2  44790.8  -8318.8   2245.8    514.4    122.0    161.2    283.2   -231.2   2351.0    614.0    160.0    376.8    536.8    -77.2  37584.9      0.0  14748.0   4691.3  19439.3  19439.3
92  25999.9  64630.9  51390.8  41313.9   2561.5  43875.5  -7515.3   2245.8    514.4    140.0    116.9    256.9   -257.5   2351.0    614.0    210.0    276.5    486.5   -127.5  37584.9      0.0  14612.0   5655.4  20267.4  20267.4
93  26032.3  64663.2  51138.2  41907.3   1051.5  42958.8  -8179.4   2245.8    526.0    132.0     77.9    209.9   -316.1   2351.0    614.0    210.0    241.7    451.7   -162.3  37584.9      0.0  14059.0   6910.0  20969.0  20969.0
94  26056.7  64687.6  52892.4  41931.7   3207.3  45139.0  -7753.4   2245.8    522.0    132.0    154.6    286.6   -235.4   2351.0    716.5    210.0    349.3    559.3   -157.2  37584.9      0.0  14051.0   4991.7  19042.7  19042.7
95  26074.3  64705.3  49709.1  41528.3   -911.9  40616.4  -9092.6   2245.8    524.1    213.0     39.3    252.3   -271.7   2351.0    717.5    470.0    151.4    621.4    -96.1  37584.9      0.0  14111.0   8225.7  22336.7  22336.7
96  26097.0  64727.9  48616.4  41541.0   -229.2  41311.8  -7304.5   2245.8    523.0    193.0     49.3    242.3   -280.8   2351.0    615.0    480.0    157.6    637.6     22.6  37584.9      0.0  14111.0   7891.0  22002.0  22002.0
 
********************************************************************************


ENERGIE THERMIQUE  : 2127570.25 ENERGIE HYDRAULIQUE:   68245.09 (MWH) ENERGIE TOTALE:      2195815.34 (MWH)

 VALLEE DORDOGNE RESERVE BORT R   COUT DESTOCKE    5365.44006479976     
 VALLEE DORDOGNE RESERVE MAREFR   COUT DESTOCKE   0.000000000000000E+000
 VALLEE DORDOGNE RESERVE AIGLER   COUT DESTOCKE   0.000000000000000E+000
 VALLEE DORDOGNE RESERVE CHASTR   COUT DESTOCKE   0.000000000000000E+000
 VALLEE DORDOGNE RESERVE ARGE5R   COUT DESTOCKE   0.000000000000000E+000
 VALLEE TRUY-SUP RESERVE GRANDR   COUT DESTOCKE   0.000000000000000E+000
 VALLEE TRUY-SUP RESERVE LANAUR   COUT DESTOCKE   0.000000000000000E+000
 VALLEE TRUY-INF RESERVE SARRAR   COUT DESTOCKE    18538.0650066980     
 VALLEE TRUY-INF RESERVE LABARR   COUT DESTOCKE   0.000000000000000E+000
 VALLEE TRUY-INF RESERVE COUESR   COUT DESTOCKE   0.000000000000000E+000
 VALLEE TRUY-INF RESERVE MTEZIR   COUT DESTOCKE    39113.6745459600     
 VALLEE TRUY-INF RESERVE CAMBER   COUT DESTOCKE   0.000000000000000E+000
 VALLEE AIN      RESERVE VOUGLR   COUT DESTOCKE    10251.6798451785     
 VALLEE AIN      RESERVE S.MORR   COUT DESTOCKE   0.000000000000000E+000
 VALLEE AIN      RESERVE COISER   COUT DESTOCKE   0.000000000000000E+000
 VALLEE AIN      RESERVE BOLOZR   COUT DESTOCKE   0.000000000000000E+000
 VALLEE AIN      RESERVE MOUX R   COUT DESTOCKE   -39.8460003480137     
 VALLEE AIN      RESERVE ALLEMR   COUT DESTOCKE   0.000000000000000E+000
 VALLEE AIN      RESERVE CUSSER   COUT DESTOCKE   0.000000000000000E+000
 VALLEE ARC      RESERVE P.AVAR   COUT DESTOCKE    263.928719490220     
 VALLEE ARC      RESERVE FRENER   COUT DESTOCKE   0.000000000000000E+000
 VALLEE ARC      RESERVE MTCENR   COUT DESTOCKE   0.000000000000000E+000
 VALLEE ARC      RESERVE P.CHER   COUT DESTOCKE   0.000000000000000E+000
 VALLEE ARC      RESERVE BISSOR   COUT DESTOCKE    16067.8759151948     
 VALLEE ARC      RESERVE SSMARR   COUT DESTOCKE   0.000000000000000E+000
 VALLEE ARC      RESERVE LONGER   COUT DESTOCKE   0.000000000000000E+000
 VALLEE ARC      RESERVE V.ARCR   COUT DESTOCKE   0.000000000000000E+000
 VALLEE ARC      RESERVE FLUMER   COUT DESTOCKE   0.000000000000000E+000
 VALLEE ARC      RESERVE B.CHER   COUT DESTOCKE   0.000000000000000E+000
 VALLEE ROMANCHE RESERVE G.MARR   COUT DESTOCKE    4439.28620425254     
 VALLEE ROMANCHE RESERVE VERN7R   COUT DESTOCKE   0.000000000000000E+000
 VALLEE ROMANCHE RESERVE B.ROMR   COUT DESTOCKE   0.000000000000000E+000
 VALLEE ROMANCHE RESERVE CBON R   COUT DESTOCKE    20168.3804585292     
 VALLEE ROMANCHE RESERVE CLAPIR   COUT DESTOCKE   0.000000000000000E+000
 VALLEE DRAC1    RESERVE SAUTER   COUT DESTOCKE    188.891996436028     
 VALLEE DRAC1    RESERVE SSCOGR   COUT DESTOCKE   0.000000000000000E+000
 VALLEE DRAC2    RESERVE MTEYNR   COUT DESTOCKE    510.012027900027     
 VALLEE DRAC2    RESERVE SSCOMR   COUT DESTOCKE   0.000000000000000E+000
 VALLEE DRAC2    RESERVE CHAMPR   COUT DESTOCKE   0.000000000000000E+000
 VALLEE DRAC2    RESERVE P.CLAR   COUT DESTOCKE   0.000000000000000E+000
 VALLEE DRAC2    RESERVE D.INFR   COUT DESTOCKE   0.000000000000000E+000
 VALLEE ROSELEND RESERVE ROSELR   COUT DESTOCKE    21447.1282697257     
 VALLEE H-ISERE  RESERVE TIGNER   COUT DESTOCKE    33348.7857222491     
 VALLEE H-ISERE  RESERVE MTRIGR   COUT DESTOCKE   0.000000000000000E+000
 VALLEE H-ISERE  RESERVE POMMOR   COUT DESTOCKE   0.000000000000000E+000
 VALLEE H-ISERE  RESERVE AIGUER   COUT DESTOCKE   0.000000000000000E+000
 VALLEE H-ISERE  RESERVE COCHER   COUT DESTOCKE   0.000000000000000E+000
 VALLEE H-ISERE  RESERVE SSEG5R   COUT DESTOCKE   0.000000000000000E+000
 VALLEE H-ISERE  RESERVE BXVOIR   COUT DESTOCKE   0.000000000000000E+000
 VALLEE H-ISERE  RESERVE SSHILR   COUT DESTOCKE   0.000000000000000E+000
 VALLEE H-ISERE  RESERVE PIZANR   COUT DESTOCKE   0.000000000000000E+000
 VALLEE H-ISERE  RESERVE VANELR   COUT DESTOCKE   0.000000000000000E+000
 VALLEE H-ISERE  RESERVE B.MONR   COUT DESTOCKE   0.000000000000000E+000
 VALLEE PRAGNERE RESERVE C.LONR   COUT DESTOCKE   0.000000000000000E+000
 VALLEE PRAGNERE RESERVE PRAGFR   COUT DESTOCKE   0.000000000000000E+000
 VALLEE PRAGNERE RESERVE OSSOUR   COUT DESTOCKE   0.000000000000000E+000
 VALLEE PRAGNERE RESERVE LUZ 2R   COUT DESTOCKE   0.000000000000000E+000
 VALLEE PRAGNERE RESERVE P.REIR   COUT DESTOCKE   0.000000000000000E+000
 VALLEE PRAGNERE RESERVE GEDRER   COUT DESTOCKE   -132.408052282952     
 VALLEE PRAGNERE RESERVE LUZ 1R   COUT DESTOCKE   0.000000000000000E+000
 VALLEE PRAGNERE RESERVE SOULOR   COUT DESTOCKE   0.000000000000000E+000
 VALLEE ARIEGE   RESERVE LANOUR   COUT DESTOCKE    14350.0036878659     
 VALLEE ARIEGE   RESERVE HOSPFR   COUT DESTOCKE   0.000000000000000E+000
 VALLEE ARIEGE   RESERVE BALDAR   COUT DESTOCKE   0.000000000000000E+000
 VALLEE ARIEGE   RESERVE MERENR   COUT DESTOCKE   0.000000000000000E+000
 VALLEE ARIEGE   RESERVE ASTONR   COUT DESTOCKE   0.000000000000000E+000
 VALLEE ARIEGE   RESERVE LAPARR   COUT DESTOCKE    17966.4940198801     
 VALLEE ARIEGE   RESERVE RIETER   COUT DESTOCKE   0.000000000000000E+000
 VALLEE ARIEGE   RESERVE GARRAR   COUT DESTOCKE   0.000000000000000E+000
 VALLEE ORLU     RESERVE NAGUIR   COUT DESTOCKE   0.000000000000000E+000
 VALLEE MONTAHUT RESERVE LAOUZR   COUT DESTOCKE    4908.98190592808     
 VALLEE DURANCE  RESERVE S.PONR   COUT DESTOCKE    124717.701859582     
 VALLEE DURANCE  RESERVE ESPINR   COUT DESTOCKE   0.000000000000000E+000
 VALLEE DURANCE  RESERVE SISTER   COUT DESTOCKE   0.000000000000000E+000
 VALLEE DURANCE  RESERVE LAZERR   COUT DESTOCKE   0.000000000000000E+000
 VALLEE DURANCE  RESERVE SSLAZR   COUT DESTOCKE   0.000000000000000E+000
 VALLEE DURANCE  RESERVE ESCALR   COUT DESTOCKE   0.000000000000000E+000
 VALLEE DURANCE  RESERVE MANOSR   COUT DESTOCKE   0.000000000000000E+000
 VALLEE DURANCE  RESERVE SSTULR   COUT DESTOCKE   0.000000000000000E+000
 VALLEE DURANCE  RESERVE LARGUR   COUT DESTOCKE   0.000000000000000E+000
 VALLEE DURANCE  RESERVE BXMONR   COUT DESTOCKE   0.000000000000000E+000
 VALLEE DURANCE  RESERVE CADARR   COUT DESTOCKE   0.000000000000000E+000
 VALLEE DURANCE  RESERVE SSCROR   COUT DESTOCKE    19103.4654362721     
 VALLEE DURANCE  RESERVE QUINSR   COUT DESTOCKE   0.000000000000000E+000
 VALLEE DURANCE  RESERVE GREOUR   COUT DESTOCKE   0.000000000000000E+000
 VALLEE DURANCE  RESERVE SSESTR   COUT DESTOCKE   0.000000000000000E+000
 VALLEE DURANCE  RESERVE MALLER   COUT DESTOCKE   0.000000000000000E+000
 VALLEE DURANCE  RESERVE SALONR   COUT DESTOCKE   0.000000000000000E+000
 VALLEE DURANCE  RESERVE SSCHAR   COUT DESTOCKE   0.000000000000000E+000
 VALLEE DURANCE  RESERVE BERRER   COUT DESTOCKE   0.000000000000000E+000
 VALLEE DURANCE  RESERVE MEDITR   COUT DESTOCKE   0.000000000000000E+000
 VALLEE CHASSEZA RESERVE P.BORR   COUT DESTOCKE    3772.40877000001     
 VALLEE CHASSEZA RESERVE LAFIGR   COUT DESTOCKE   0.000000000000000E+000
 VALLEE CHASSEZA RESERVE SALELR   COUT DESTOCKE   0.000000000000000E+000
 VALLEE MAULDE   RESERVE P.CHAR   COUT DESTOCKE    11597.8808113775     
 VALLEE MAULDE   RESERVE M.LARR   COUT DESTOCKE   0.000000000000000E+000
 VALLEE MAULDE   RESERVE MRNEIR   COUT DESTOCKE   0.000000000000000E+000
 VALLEE MAULDE   RESERVE FLEIXR   COUT DESTOCKE   0.000000000000000E+000
 VALLEE MAULDE   RESERVE BUJALR   COUT DESTOCKE   0.000000000000000E+000
 VALLEE MAULDE   RESERVE LANGLR   COUT DESTOCKE   0.000000000000000E+000
 VALLEE MAULDE   RESERVE VLEJOR   COUT DESTOCKE   0.000000000000000E+000
 VALLEE MAULDE   RESERVE LARTIR   COUT DESTOCKE   0.000000000000000E+000
 VALLEE TAURION  RESERVE CTLUSR   COUT DESTOCKE   0.108000107640012     
 VALLEE TAURION  RESERVE CHATRR   COUT DESTOCKE   0.000000000000000E+000
 VALLEE TAURION  RESERVE SSMC R   COUT DESTOCKE   0.000000000000000E+000
 VALLEE TAURION  RESERVE CXVANR   COUT DESTOCKE   0.000000000000000E+000
 VALLEE CREUSE   RESERVE EGUZOR   COUT DESTOCKE    42.2505893599180     
 VALLEE CREUSE   RESERVE R.MOIR   COUT DESTOCKE   0.000000000000000E+000
 VALLEE CREUSE   RESERVE R.AIGR   COUT DESTOCKE   0.000000000000000E+000
 VALLEE MARONNE  RESERVE ENCHAR   COUT DESTOCKE    289.800010800000     
 VALLEE MARONNE  RESERVE GOURNR   COUT DESTOCKE   0.000000000000000E+000
 VALLEE MARONNE  RESERVE HAUTER   COUT DESTOCKE   0.000000000000000E+000
 VALLEE CERE     RESERVE SSCANR   COUT DESTOCKE    7473.07246998332     
 VALLEE CERE     RESERVE NEPESR   COUT DESTOCKE   0.000000000000000E+000
 VALLEE CERE     RESERVE MTVERR   COUT DESTOCKE   0.000000000000000E+000
 VALLEE CERE     RESERVE CAMPSR   COUT DESTOCKE   0.000000000000000E+000
 VALLEE CERE     RESERVE BRUG1R   COUT DESTOCKE   0.000000000000000E+000
 VALLEE CERE     RESERVE CANDER   COUT DESTOCKE   0.000000000000000E+000
 VALLEE DORDREG  RESERVE AUZERR   COUT DESTOCKE   0.000000000000000E+000
 VALLEE DORDREG  RESERVE VAUSSR   COUT DESTOCKE   0.000000000000000E+000
 VALLEE V.BEN    RESERVE V.BENR   COUT DESTOCKE    450.302210393372     
 VALLEE NEUVIC   RESERVE N.USSR   COUT DESTOCKE   0.000000000000000E+000
 VALLEE MARCIL   RESERVE MARC5R   COUT DESTOCKE    1418.61598663386     
 VALLEE LARDIT   RESERVE LARDIR   COUT DESTOCKE    1179.71642596692     
 VALLEE LOT      RESERVE CSLNAR   COUT DESTOCKE    1125.30021488500     
 VALLEE LOT      RESERVE GOLINR   COUT DESTOCKE   0.000000000000000E+000
 VALLEE ARRENS   RESERVE MIGOER   COUT DESTOCKE    1547.07851567058     
 VALLEE ARRENS   RESERVE TUCOYR   COUT DESTOCKE   0.000000000000000E+000
 VALLEE ARRENS   RESERVE TECH R   COUT DESTOCKE   0.000000000000000E+000
 VALLEE ARRENS   RESERVE AUCUNR   COUT DESTOCKE   0.000000000000000E+000
 VALLEE ARRENS   RESERVE NOUAUR   COUT DESTOCKE   0.000000000000000E+000
 VALLEE ARRENS   RESERVE L.BALR   COUT DESTOCKE   0.000000000000000E+000
 VALLEE PIQUES   RESERVE PORTIR   COUT DESTOCKE   0.000000000000000E+000
 VALLEE PIQUES   RESERVE PORTFR   COUT DESTOCKE   0.000000000000000E+000
 VALLEE PIQUES   RESERVE BLEU R   COUT DESTOCKE   0.000000000000000E+000
 VALLEE PIQUES   RESERVE P.SUPR   COUT DESTOCKE   0.000000000000000E+000
 VALLEE PIQUES   RESERVE P.INFR   COUT DESTOCKE   0.000000000000000E+000
 VALLEE PIQUES   RESERVE CIERPR   COUT DESTOCKE   0.000000000000000E+000
 VALLEE PIQUES   RESERVE L.OO R   COUT DESTOCKE    342.014367461830     
 VALLEE ARAING   RESERVE ARAINR   COUT DESTOCKE    1228.15433737253     
 VALLEE ARAING   RESERVE BORD5R   COUT DESTOCKE   0.000000000000000E+000
 VALLEE VICDESSO RESERVE GNIOUR   COUT DESTOCKE   0.000000000000000E+000
 VALLEE VICDESSO RESERVE AUZATR   COUT DESTOCKE   0.000000000000000E+000
 VALLEE VICDESSO RESERVE IZOURR   COUT DESTOCKE   0.000000000000000E+000
 VALLEE VICDESSO RESERVE SOULCR   COUT DESTOCKE   0.000000000000000E+000
 VALLEE VICDESSO RESERVE SABARR   COUT DESTOCKE   0.000000000000000E+000
 VALLEE AUDE     RESERVE PUYVAR   COUT DESTOCKE   0.000000000000000E+000
 VALLEE AUDE     RESERVE NENTIR   COUT DESTOCKE   0.000000000000000E+000
 VALLEE HTVERDON RESERVE CASTIR   COUT DESTOCKE    2542.17582964800     
 VALLEE HTVERDON RESERVE CXDANR   COUT DESTOCKE   0.000000000000000E+000
 VALLEE BEYSSAC  RESERVE BEYSSR   COUT DESTOCKE   -60.2905112885922     
COUT_DES_PLANNINGS_THERMIQUES               52488.5481 kUM
COUT_DES_DESTOCKES                           3835.2613 kUM
COUT_TOTAL_DES_PLANNINGS                    56323.8094 kUM
------- SUR LA PERIODE OPTIMISEE -------------
COUT_DES_PLANNINGS_THERMIQUES               52488.5481 kUM
COUT_DES_DESTOCKES                           3835.2613 kUM
COUT_TOTAL_DES_PLANNINGS                    56323.8094 kUM
PENALISATION_ECARTS_CONSOMMATION           148240.0308 kUM
PENALISATION_ECARTS_RESERVE_PRIM             7112.2921 kUM
PENALISATION_ECARTS_TELEREGLAGE             12182.2143 kUM
PENALISATION_ECARTS_RESERVE                     0.0000 kUM
  COUT TOTAL PENALISE:    223861.648866238     
  COUT TOTAL DES PLANNING (TH et HYD):    56327.1116286195     
  COUT TOTAL DE LA DEFAILLANCE:    167534.537237618     
FONCTION_OBJECTIF_MINIMISEE                223858.3467 kUM
VALEUR_BORNE_INFERIEURE                -100000000.0000 kUM
ECART_CRITERE_BORNE_INFERIEURE                100.2239 % 
 
SOLUTION_RETENUE_ITERATION                    494

 COUTS MARGINAUX (EN CTS/KWH)
    0.000    0.000    0.000    0.000    0.000    0.000    0.000    0.000    0.000    0.000    0.000    0.000
    0.000    0.000    0.000    0.000    0.000    0.000    0.000    0.000    0.000    0.000    0.000    0.000
    0.000    0.000    0.000    0.000    0.000    0.000    0.000    0.000    0.000    0.000    0.000    0.000
    0.000    0.000    0.000    0.000    0.000    0.000    0.000    0.000    0.000    0.000    0.000    0.000
    0.000    0.000    0.000    0.000    0.000    0.000    0.000    0.000    0.000    0.000    0.000    0.000
    0.000    0.000    0.000    0.000    0.000    0.000    0.000    0.000    0.000    0.000    0.000    0.000
    0.000    0.000    0.000    0.000    0.000    0.000    0.000    0.000    0.000    0.000    0.000    0.000
    0.000    0.000    0.000    0.000    0.000    0.000    0.000    0.000    0.000    0.000    0.000    0.000

 PRIX RESERVE PRIM (EN CTS/KWH)
    0.000    0.000    0.000    0.000    0.000    0.000    0.000    0.000    0.000    0.000    0.000    0.000
    0.000    0.000    0.000    0.000    0.000    0.000    0.000    0.000    0.000    0.000    0.000    0.000
    0.000    0.000    0.000    0.000    0.000    0.000    0.000    0.000    0.000    0.000    0.000    0.000
    0.000    0.000    0.000    0.000    0.000    0.000    0.000    0.000    0.000    0.000    0.000    0.000
    0.000    0.000    0.000    0.000    0.000    0.000    0.000    0.000    0.000    0.000    0.000    0.000
    0.000    0.000    0.000    0.000    0.000    0.000    0.000    0.000    0.000    0.000    0.000    0.000
    0.000    0.000    0.000    0.000    0.000    0.000    0.000    0.000    0.000    0.000    0.000    0.000
    0.000    0.000    0.000    0.000    0.000    0.000    0.000    0.000    0.000    0.000    0.000    0.000

 PRIX DU TELEREGLAGE (EN CTS/KWH)
    0.000    0.000    0.000    0.000    0.000    0.000    0.000    0.000    0.000    0.000    0.000    0.000
    0.000    0.000    0.000    0.000    0.000    0.000    0.000    0.000    0.000    0.000    0.000    0.000
    0.000    0.000    0.000    0.000    0.000    0.000    0.000    0.000    0.000    0.000    0.000    0.000
    0.000    0.000    0.000    0.000    0.000    0.000    0.000    0.000    0.000    0.000    0.000    0.000
    0.000    0.000    0.000    0.000    0.000    0.000    0.000    0.000    0.000    0.000    0.000    0.000
    0.000    0.000    0.000    0.000    0.000    0.000    0.000    0.000    0.000    0.000    0.000    0.000
    0.000    0.000    0.000    0.000    0.000    0.000    0.000    0.000    0.000    0.000    0.000    0.000
    0.000    0.000    0.000    0.000    0.000    0.000    0.000    0.000    0.000    0.000    0.000    0.000

 PRIX DE LA RESERVE (EN CTS/KWH)
    0.000    0.000    0.000    0.000    0.000    0.000    0.000    0.000    0.000    0.000    0.000    0.000
    0.000    0.000    0.000    0.000    0.000    0.000    0.000    0.000    0.000    0.000    0.000    0.000
    0.000    0.000    0.000    0.000    0.000    0.000    0.000    0.000    0.000    0.000    0.000    0.000
    0.000    0.000    0.000    0.000    0.000    0.000    0.000    0.000    0.000    0.000    0.000    0.000
    0.000    0.000    0.000    0.000    0.000    0.000    0.000    0.000    0.000    0.000    0.000    0.000
    0.000    0.000    0.000    0.000    0.000    0.000    0.000    0.000    0.000    0.000    0.000    0.000
    0.000    0.000    0.000    0.000    0.000    0.000    0.000    0.000    0.000    0.000    0.000    0.000
    0.000    0.000    0.000    0.000    0.000    0.000    0.000    0.000    0.000    0.000    0.000    0.000

********************************************************************************


 ____________________________________________________________________________________________________________________________________________________________________
 ____________________________________________________________________________________________________________________________________________________________________
   
   
                                         LEGENDE:
   
 C.FIXE : COUT FIXE (EN 10UM/MWH)
 C.DIFF : COUT DIFFERENTIEL (EN 10UM/MWH)
 C.MOY  : COUT MOYEN (EN 10UM/MWH)
 PMAX   : PUISSANCE MAX. DE LA PERIODE
 TMF    : TEMPS MINIMUM DE MARCHE (EN NB DE POINTS)
 TMA    : TEMPS MINIMUM D'ARRET (EN NB DE POINTS)
 TEXT   : TEMPS D'EXTINCTION (EN NB DE POINTS)
 TDEM   : TEMPS DE DEMARRAGE (EN NB DE POINTS)
   
 POUR LES GROUPES THERMIQUES ET NUCLEAIRES:
   
 M : GR. IMPOSE
 I : GR. INDISPONIBLE
 < : GR. EN MONTEE
 > : GR. EN BAISSE
 + : GR. MARGINAL
 ! : PERIODE NON OPTIMISEE
 R : EN PRIMAIRE+TELEREGLAGE A PMAX
 S : EN PRIMAIRE+TELEREGLAGE A PMIN
 X : EN PRIMAIRE SEUL A PMAX
 N : EN PRIMAIRE SEUL A PMIN
 Z : EN PRIMAIRE SEUL A RPMAX
   
 POUR LES GROUPES THERMIQUES CLASSIQUES:
   
 L : GR. LIBRE A PMAX
 - : GR. LIBRE A PMIN
 t : GR. LIBRE SUR PALIER INTERMEDIAIRE
 P : GR. A PMAX, EN PRESENCE IMPOSEE A CAUSE DES DONNEES OU DES CONTRAINTES
     DE FONCTIONNEMENT
 . : GR. A PMIN, EN PRESENCE IMPOSEE A CAUSE DES DONNEES OU DES CONTRAINTES
     DE FONCTIONNEMENT
 i : GR. A PUISSANCE INTERMEDIAIRE EN PRESENCE IMPOSEE A CAUSE DES DONNEES
     OU DES CONTRAINTES DE FONCTIONNEMENT
   : GR. ARRETE PAR DECISION DU PROGRAMME
   
 POUR LES GROUPES NUCLEAIRES:
   
 =    : GR. A PMAX
 _    : GR. A PMIN
 1..9 : PUISSANCE EN CENTAINES DE MW, EX: CODE 2 SI 150 MW <= P < 250 MW
 A..D : PUISSANCE COMPRISE ENTRE 950 MW ET 1350 MW, EX: CODE B SI
        1050 MW <= P < 1150 MW
 ____________________________________________________________________________________________________________________________________________________________________
   
                    000000000111111111122222222223333333333444444444455555555556666666666777777777788888888889999999 C.FIXE   C.DIFF C.MOY   PMAX  TMF TMA TEXT TDEM 
 ____________________________________________________________________________________________________________________________________________________________________
   
 PROVET 4 T.A.   48 IIIIIIIIIIIIIIIIIIIIIIIIIIIIIIIIIIIIIIIIIIIIIIIIIIIIIIIIIIIIIIIIIIIIIIIIIIIIIIIIIIIIIIIIIIIIIIII    0.000 95.000 95.000    0.0  31  48   2    7  
 CGDPBT 1 T.A.   48 IIIIIIIIIIIIIIIIIIIIIIIIIIIIIIIIIIIIIIIIIIIIIIIIIIIIIIIIIIIIIIIIIIIIIIIIIIIIIIIIIIIIIIIIIIIIIIII    0.000 32.100 32.100    0.0  48  48   2    2  
 CGDPAT 1 T.A.   48 IIIIIIIIIIIIIIIIIIIIIIIIIIIIIIIIIIIIIIIIIIIIIIIIIIIIIIIIIIIIIIIIIIIIIIIIIIIIIIIIIIIIIIIIIIIIIIII    0.000 32.000 32.000    0.0  48  48   2    2  
 CGPTFT 1 T.A.   48 IIIIIIIIIIIIIIIIIIIIIIIIIIIIIIIIIIIIIIIIIIIIIIIIIIIIIIIIIIIIIIIIIIIIIIIIIIIIIIIIIIIIIIIIIIIIIIII    0.000 29.000 29.000    0.0  48  48   2    2  
 CGPTFT 2 T.A.   48 IIIIIIIIIIIIIIIIIIIIIIIIIIIIIIIIIIIIIIIIIIIIIIIIIIIIIIIIIIIIIIIIIIIIIIIIIIIIIIIIIIIIIIIIIIIIIIII    0.000 29.000 29.000    0.0  48  48   2    2  
 CGPTXT 1 T.M.  960 MMMMMMMMMMMMMMMMMMMMMMMMMMMMMMMMMMMMMMMMMMMMMMMMMMMMMMMMMMMMMMMMMMMMMMMMMMMMMMMMMMMMMMMMMMMMMMMM    0.000 29.000 29.000    7.0  48  48   2    2  
 CGPTXT 2 T.A.   48 IIIIIIIIIIIIIIIIIIIIIIIIIIIIIIIIIIIIIIIIIIIIIIIIIIIIIIIIIIIIIIIIIIIIIIIIIIIIIIIIIIIIIIIIIIIIIIII    0.000 29.000 29.000    0.0  48  48   2    2  
 CGRPDT 1 T.M.  239 MMMMMMMMMMMMMMMMMMMMMMMMMMMMMMMMMMMMMMMMMMMMMMMMMMMMMMMMMMMMMMMMMMMMMMMMMMMMMMMMMMMMMMMMMMMMMMMM    0.000 29.000 29.000    7.0  48  48   2    2  
 CGRPDT 2 T.A.   48 IIIIIIIIIIIIIIIIIIIIIIIIIIIIIIIIIIIIIIIIIIIIIIIIIIIIIIIIIIIIIIIIIIIIIIIIIIIIIIIIIIIIIIIIIIIIIIII    0.000 29.000 29.000    0.0  48  48   2    2  
 THPTFT 1 T.A.   48 IIIIIIIIIIIIIIIIIIIIIIIIIIIIIIIIIIIIIIIIIIIIIIIIIIIIIIIIIIIIIIIIIIIIIIIIIIIIIIIIIIIIIIIIIIIIIIII    0.000 29.000 29.000    0.0  48  48   2    2  
 THPTXT 1 T.M.  960 MMMMMMMMMMMMMMMMMMMMMMMMMMMMMMMMMMMMMMMMMMMMMMMMMMMMMMMMMMMMMMMMMMMMMMMMMMMMMMMMMMMMMMMMMMMMMMMM    0.000 29.000 29.000  101.0  48  48   2    2  
 THRPDT 1 T.M.  960 MMMMMMMMMMMMMMMMMMMMMMMMMMMMMMMMMMMMMMMMMMMMMMMMMMMMMMMMMMMMMMMMMMMMMMMMMMMMMMMMMMMMMMMMMMMMMMMM    0.000 29.000 29.000  208.0  48  48   2    2  
 EOPTFT 1 T.A.   48 IIIIIIIIIIIIIIIIIIIIIIIIIIIIIIIIIIIIIIIIIIIIIIIIIIIIIIIIIIIIIIIIIIIIIIIIIIIIIIIIIIIIIIIIIIIIIIII    0.000 29.000 29.000    0.0  48  48   2    2  
 EOPTXT 1 T.M.  960 MMMMMMMMMMMMMMMMMMMMMMMMMMMMMMMMMMMMMMMMMMMMMMMMMMMMMMMMMMMMMMMMMMMMMMMMMMMMMMMMMMMMMMMMMMMMMMMM    0.000 29.000 29.000   61.0  48  48   2    2  
 EOPTXT 2 T.A.   48 IIIIIIIIIIIIIIIIIIIIIIIIIIIIIIIIIIIIIIIIIIIIIIIIIIIIIIIIIIIIIIIIIIIIIIIIIIIIIIIIIIIIIIIIIIIIIIII    0.000 29.000 29.000    0.0  48  48   2    2  
 EORPDT 1 T.M.  960 MMMMMMMMMMMMMMMMMMMMMMMMMMMMMMMMMMMMMMMMMMMMMMMMMMMMMMMMMMMMMMMMMMMMMMMMMMMMMMMMMMMMMMMMMMMMMMMM    0.000 29.000 29.000 1041.0  48  48   2    2  
 EORPDT 2 T.A.   48 IIIIIIIIIIIIIIIIIIIIIIIIIIIIIIIIIIIIIIIIIIIIIIIIIIIIIIIIIIIIIIIIIIIIIIIIIIIIIIIIIIIIIIIIIIIIIIII    0.000 29.000 29.000    0.0  48  48   2    2  
 EORPDT 3 T.A.   48 IIIIIIIIIIIIIIIIIIIIIIIIIIIIIIIIIIIIIIIIIIIIIIIIIIIIIIIIIIIIIIIIIIIIIIIIIIIIIIIIIIIIIIIIIIIIIIII    0.000 29.000 29.000    0.0  48  48   2    2  
 HYPTLT 1 T.A.   48 IIIIIIIIIIIIIIIIIIIIIIIIIIIIIIIIIIIIIIIIIIIIIIIIIIIIIIIIIIIIIIIIIIIIIIIIIIIIIIIIIIIIIIIIIIIIIIII    0.000 29.000 29.000    0.0  48  48   2    2  
 HYPTET 1 T.A.   48 IIIIIIIIIIIIIIIIIIIIIIIIIIIIIIIIIIIIIIIIIIIIIIIIIIIIIIIIIIIIIIIIIIIIIIIIIIIIIIIIIIIIIIIIIIIIIIII    0.000 29.000 29.000    0.0  48  48   2    2  
 HYPTFT 1 T.A.   48 IIIIIIIIIIIIIIIIIIIIIIIIIIIIIIIIIIIIIIIIIIIIIIIIIIIIIIIIIIIIIIIIIIIIIIIIIIIIIIIIIIIIIIIIIIIIIIII    0.000 29.000 29.000    0.0  48  48   2    2  
 HYPTXT 1 T.M.  960 MMMMMMMMMMMMMMMMMMMMMMMMMMMMMMMMMMMMMMMMMMMMMMMMMMMMMMMMMMMMMMMMMMMMMMMMMMMMMMMMMMMMMMMMMMMMMMMM    0.000 29.000 29.000   33.0  48  48   2    2  
 HYRPDT 1 T.M.  960 MMMMMMMMMMMMMMMMMMMMMMMMMMMMMMMMMMMMMMMMMMMMMMMMMMMMMMMMMMMMMMMMMMMMMMMMMMMMMMMMMMMMMMMMMMMMMMMM    0.000 29.000 29.000  256.0  48  48   2    2  
 AUPTFT 1 T.A.   48 IIIIIIIIIIIIIIIIIIIIIIIIIIIIIIIIIIIIIIIIIIIIIIIIIIIIIIIIIIIIIIIIIIIIIIIIIIIIIIIIIIIIIIIIIIIIIIII    0.000 29.000 29.000    0.0  48  48   2    2  
 AUPTXT 1 T.M.  960 MMMMMMMMMMMMMMMMMMMMMMMMMMMMMMMMMMMMMMMMMMMMMMMMMMMMMMMMMMMMMMMMMMMMMMMMMMMMMMMMMMMMMMMMMMMMMMMM    0.000 29.000 29.000   38.0  48  48   2    2  
 AURPDT 1 T.M.  960 MMMMMMMMMMMMMMMMMMMMMMMMMMMMMMMMMMMMMMMMMMMMMMMMMMMMMMMMMMMMMMMMMMMMMMMMMMMMMMMMMMMMMMMMMMMMMMMM    0.000 29.000 29.000  106.0  48  48   2    2  
 CGPTPT 1 T.A.   48 IIIIIIIIIIIIIIIIIIIIIIIIIIIIIIIIIIIIIIIIIIIIIIIIIIIIIIIIIIIIIIIIIIIIIIIIIIIIIIIIIIIIIIIIIIIIIIII    0.000 28.900 28.900    0.0  48  48   2    2  
 CGPTPT 2 T.A.   48 IIIIIIIIIIIIIIIIIIIIIIIIIIIIIIIIIIIIIIIIIIIIIIIIIIIIIIIIIIIIIIIIIIIIIIIIIIIIIIIIIIIIIIIIIIIIIIII    0.000 28.900 28.900    0.0  48  48   2    2  
 THPTPT 1 T.A.   48 IIIIIIIIIIIIIIIIIIIIIIIIIIIIIIIIIIIIIIIIIIIIIIIIIIIIIIIIIIIIIIIIIIIIIIIIIIIIIIIIIIIIIIIIIIIIIIII    0.000 28.900 28.900    0.0  48  48   2    2  
 AUPTPT 1 T.A.   48 IIIIIIIIIIIIIIIIIIIIIIIIIIIIIIIIIIIIIIIIIIIIIIIIIIIIIIIIIIIIIIIIIIIIIIIIIIIIIIIIIIIIIIIIIIIIIIII    0.000 28.900 28.900    0.0  48  48   2    2  
 CGDTPT 1 T.A.   48 IIIIIIIIIIIIIIIIIIIIIIIIIIIIIIIIIIIIIIIIIIIIIIIIIIIIIIIIIIIIIIIIIIIIIIIIIIIIIIIIIIIIIIIIIIIIIIII    0.000 28.900 28.900    0.0  48  48   2    2  
 CGDTXT 1 T.A.   48 IIIIIIIIIIIIIIIIIIIIIIIIIIIIIIIIIIIIIIIIIIIIIIIIIIIIIIIIIIIIIIIIIIIIIIIIIIIIIIIIIIIIIIIIIIIIIIII    0.000 28.900 28.900    0.0  48  48   2    2  
 CGDRPT 1 T.A.   48 IIIIIIIIIIIIIIIIIIIIIIIIIIIIIIIIIIIIIIIIIIIIIIIIIIIIIIIIIIIIIIIIIIIIIIIIIIIIIIIIIIIIIIIIIIIIIIII    0.000 28.900 28.900    0.0  48  48   2    2  
 M.PONT 3 T.A.   48 IIIIIIIIIIIIIIIIIIIIIIIIIIIIIIIIIIIIIIIIIIIIIIIIIIIIIIIIIIIIIIIIIIIIIIIIIIIIIIIIIIIIIIIIIIIIIIII  371.822 28.347 29.835    0.0  10   8   2    5  
 CGHTAT 1 T.M.  960 MMMMMMMMMMMMMMMMMMMMMMMMMMMMMMMMMMMMMMMMMMMMMMMMMMMMMMMMMMMMMMMMMMMMMMMMMMMMMMMMMMMMMMMMMMMMMMMM    0.000 28.300 28.300  243.0  48  48   2    2  
 CGHTAT 2 T.A.   48 IIIIIIIIIIIIIIIIIIIIIIIIIIIIIIIIIIIIIIIIIIIIIIIIIIIIIIIIIIIIIIIIIIIIIIIIIIIIIIIIIIIIIIIIIIIIIIII    0.000 28.200 28.200    0.0  48  48   2    2  
 CGHTBT 1 T.M.  960 MMMMMMMMMMMMMMMMMMMMMMMMMMMMMMMMMMMMMMMMMMMMMMMMMMMMMMMMMMMMMMMMMMMMMMMMMMMMMMMMMMMMMMMMMMMMMMMM    0.000 28.100 28.100  731.0  48  48   2    2  
 CGHTBT 2 T.A.   48 IIIIIIIIIIIIIIIIIIIIIIIIIIIIIIIIIIIIIIIIIIIIIIIIIIIIIIIIIIIIIIIIIIIIIIIIIIIIIIIIIIIIIIIIIIIIIIII    0.000 28.000 28.000    0.0  48  48   2    2  
 VLEJUT 1 T.A.   48 IIIIIIIIIIIIIIIIIIIIIIIIIIIIIIIIIIIIIIIIIIIIIIIIIIIIIIIIIIIIIIIIIIIIIIIIIIIIIIIIIIIIIIIIIIIIIIII    0.000 24.623 24.623    0.0   1   1   2    2  
 DIRINT 2 T.A.   48 IIIIIIIIIIIIIIIIIIIIIIIIIIIIIIIIIIIIIIIIIIIIIIIIIIIIIIIIIIIIIIIIIIIIIIIIIIIIIIIIIIIIIIIIIIIIIIII  448.312 14.199 20.603    0.0   1   1   2    2  
 DIRINT 1 T.A.   48 IIIIIIIIIIIIIIIIIIIIIIIIIIIIIIIIIIIIIIIIIIIIIIIIIIIIIIIIIIIIIIIIIIIIIIIIIIIIIIIIIIIIIIIIIIIIIIII  429.294 13.596 19.729    0.0   1   1   2    2  
 ARRI5T 1 T.A.   48 IIIIIIIIIIIIIIIIIIIIIIIIIIIIIIIIIIIIIIIIIIIIIIIIIIIIIIIIIIIIIIIIIIIIIIIIIIIIIIIIIIIIIIIIIIIIIIII  520.581 13.464 17.629    0.0   1   1   2    2  
 ARRI5T 2 T.A.   48 IIIIIIIIIIIIIIIIIIIIIIIIIIIIIIIIIIIIIIIIIIIIIIIIIIIIIIIIIIIIIIIIIIIIIIIIIIIIIIIIIIIIIIIIIIIIIIII  485.881 13.454 17.220    0.0   1   1   2    2  
 BRENNT 2 T.A.   48 IIIIIIIIIIIIIIIIIIIIIIIIIIIIIIIIIIIIIIIIIIIIIIIIIIIIIIIIIIIIIIIIIIIIIIIIIIIIIIIIIIIIIIIIIIIIIIII  414.230 13.371 19.289    0.0   1   1   4    4  
 BRENNT 1 T.A.   48 IIIIIIIIIIIIIIIIIIIIIIIIIIIIIIIIIIIIIIIIIIIIIIIIIIIIIIIIIIIIIIIIIIIIIIIIIIIIIIIIIIIIIIIIIIIIIIII  410.107 13.238 19.097    0.0   1   1   4    4  
 BRENNT 3 T.A.   48 IIIIIIIIIIIIIIIIIIIIIIIIIIIIIIIIIIIIIIIIIIIIIIIIIIIIIIIIIIIIIIIIIIIIIIIIIIIIIIIIIIIIIIIIIIIIIIII  463.020 13.173 16.877    0.0   1   1   4    4  
 DFEGST 1 T.A.   48 IIIIIIIIIIIIIIIIIIIIIIIIIIIIIIIIIIIIIIIIIIIIIIIIIIIIIIIIIIIIIIIIIIIIIIIIIIIIIIIIIIIIIIIIIIIIIIII    0.000 11.946 11.946    0.0  48  48   2    2  
 DSEGST 1 T.A.   48 IIIIIIIIIIIIIIIIIIIIIIIIIIIIIIIIIIIIIIIIIIIIIIIIIIIIIIIIIIIIIIIIIIIIIIIIIIIIIIIIIIIIIIIIIIIIIIII    0.000 11.946 11.946    0.0  48  48   2    2  
 DWEGST 1 T.A.   48 IIIIIIIIIIIIIIIIIIIIIIIIIIIIIIIIIIIIIIIIIIIIIIIIIIIIIIIIIIIIIIIIIIIIIIIIIIIIIIIIIIIIIIIIIIIIIIII    0.000 11.946 11.946    0.0  48  48   2    2  
 DWELDT 1 T.A.   48 IIIIIIIIIIIIIIIIIIIIIIIIIIIIIIIIIIIIIIIIIIIIIIIIIIIIIIIIIIIIIIIIIIIIIIIIIIIIIIIIIIIIIIIIIIIIIIII    0.000 11.946 11.946    0.0  48  48   2    2  
 DFELDT 1 T.A.   48 IIIIIIIIIIIIIIIIIIIIIIIIIIIIIIIIIIIIIIIIIIIIIIIIIIIIIIIIIIIIIIIIIIIIIIIIIIIIIIIIIIIIIIIIIIIIIIII    0.000 11.946 11.946    0.0  48  48   2    2  
 VAIR6T 1 T.A.   48 IIIIIIIIIIIIIIIIIIIIIIIIIIIIIIIIIIIIIIII                                                          703.331 11.785 15.410    0.0   2   1   2    2  
 VAIR6T 3 T.A.   13 IIIIIIIIIIIIIIIIIIIIIIIIIIIIIIIIIIIIIIIIIIIIIIIIIIIIIIIIIIIIIIIIIIIIIIIIIIIIIIIIIIIIIIIIIIIIIIII  691.523 11.587 15.152    0.0   2   1   2    2  
 VAIR6T 2 T.A.   48                                                                                                   656.008 10.992 14.538    0.0   2   1   2    2  
 CORD5T 2 T.M.   32 MMMMMMMMMMMMMMMMMMMMMMMMMMMMMMMMMMMMMMMMMMMMMMMMMMMMMMMMMMMMMMMMMMMMMMMMMMMMMMMMMMMMMMMMMMMMMMMM  388.119  9.405 10.012  700.0  16   8   3    2  
 CORD5T 3 T.A.   48                                                                                                   388.043  9.403  9.970    0.0  16   8   3    5  
 ARAMOT 1 T.A.   48                                                                                                   404.583  9.251  9.842    0.0   8   5   3    4  
 ARAMOT 2 T.A.   48 IIIIIIIIIIIIIIIIIIIIIIIIIIIIIIIIIIIIIIIIIIIIIIIIIIIIIIIIIIIIIIIIIIIIIIIIIIIIIIIIIIIIIIIIIIIIIIII  404.583  9.251  9.842    0.0   8   6   3    4  
 PORC2T 3 T.A.   48                                                                                                   301.665  8.542  9.058    0.0  12  12   3   10  
 PORC2T 4 T.A.   48                                                                                                   301.599  8.541  9.056    0.0  12  12   3   10  
 PORC2T 1 T.A.   48                                                                                                   302.948  8.271  8.789    0.0  12  12   3   10  
 PORC2T 2 T.A.   48                                                                                                   302.948  8.271  8.789    0.0  18  12   3   10  
 M.PONT 1 T.A.   48 IIIIIIIIIIIIIIIIIIIIIIII                                                                          102.140  7.787  8.196    0.0  10   8   2    5  
 M.PONT 2 T.A.   48                                                                                                   102.140  7.787  8.196    0.0  10   8   2    5  
 RICHET 0 T.A.   48 IIIIIIIIIIIIIIIIIIIIIIIIIIIIIIIIIIIIIIIIIIIIIIIIIIIIIIIIIIIIIIIIIIIIIIIIIIIIIIIIIIIIIIIIIIIIIIII   61.333  7.367  7.900    0.0  12  12   3    4  
 GENN3T 1 T.A.   48 IIIIIIIIIIIIIIIIIIIIIIIIIIIIIIIIIIIIIIIIIIIIIIIIIIIIIIIIIIIIIIIIIIIIIIIIIIIIIIIIIIIIIIIIIIIIIIII  380.686  6.599  8.345    0.0   2   4   2    2  
 PS60.T 1 T.A.   48 IIIIIIIIIIIIIIIIIIIIIIIIIIIIIIIIIIIIIIIIIIIIIIIIIIIIIIIIIIIIIIIIIIIIIIIIIIIIIIIIIIIIIIIIIIIIIIII    0.000  4.477  4.477    0.0  10   6   2    2  
 PSMA.T 1 T.A.    2 IIIIIIIIIIIIIIIIIIIIIIIIIIIIIIIIIIIIIIIIIIIIIIIIIIIIIIIIIIIIIIIIIIIIIIIIIIIIIIIIIIIIIIIIIIIIIIII    0.000  4.460  4.460    0.0  10   4   2    2  
 PSMA.T 2 T.A.   48 IIIIIIIIIIIIIIIIIIIIIIIIIIIIIIIIIIIIIIIIIIIIIIIIIIIIIIIIIIIIIIIIIIIIIIIIIIIIIIIIIIIIIIIIIIIIIIII    0.000  4.460  4.460    0.0  10   6   2    2  
 PSMA.T 3 T.A.   48 IIIIIIIIIIIIIIIIIIIIIIIIIIIIIIIIIIIIIIIIIIIIIIIIIIIIIIIIIIIIIIIIIIIIIIIIIIIIIIIIIIIIIIIIIIIIIIII    0.000  4.460  4.460    0.0  10   6   2    2  
 PCMA.T 9 T.M.    1 MMMMMMMMMMMMMMMMMMMMMMMMMMMMMMMMMMMMMMMMMMMMMMMMRRRRRRRRRRRRRLLLL                                   0.000  4.460  4.460 1163.0  10   6   2    2  
 PSAP.T 1 T.A.    2 IIII                                      RRRRRRRRRRRRRRRRRRRRRRR                                   0.000  4.419  4.419  265.0  10   6   2    2  
 PS25.T 1 T.A.   48 IIIIIIIIIIIIIIIIIIIIIIIIIIIIIIIIIIIIIIIIIIIIIIIIIIIIIIIIIIIIIIIIIIIIIIIIIIIIIIIIIIIIIIIIIIIIIIII    0.000  4.393  4.393    0.0  10   6   2    2  
 VITRYT 3 T.A.   48                               <<<<<<<tttttRRRRRRRRRRRRRRRRRRRLL>>>                                 65.147  4.362  4.623  250.0   8   8   3    8  
 VITRYT 4 T.A.   48        <<<<<<<tttRRRRRRRRRRRRRRRRRRRRRRRRRRRRR>SSStttSSSSttttRRRRRRRRRRRRRRRRRRRRRtttRRRRRRRRR>S   65.063  4.357  4.617  205.0   8   8   3    8  
 MAXE T 2 T.M.   35 >>                               <<RRRRSSSRRRRRRRRRRRRRRRRRRRLL>>                                  67.719  4.334  4.605  250.0   8   8   3    3  
 BOUCHT 1 T.M.   36 >                                         <<RRRRRRRRRRRRRRRRRRR>>                                 110.565  4.234  4.676  200.0  16  16   3    3  
 MAXE T 1 T.M.   36 >>                               <<RRRRSSSRRRRRRRRRRRRRRRRRLLLL>>                                  65.893  4.217  4.481  250.0   8  20   3    3  
 BLENOT 2 T.M.   31                                  <<tttttttRRRRRRRRRRRRRRRRRRRRR>>>                                 63.048  4.110  4.362  195.0   8   8   4    4  
 BLENOT 3 T.M.   32                                  <<<RRRtttRRRRRRRRRRRRRRRRRRRRR>>>                                 69.351  4.065  4.342  195.0   8   8   4    4  
 HAVRET 2 T.M.   41 >>                               <<ttt>SSS<<RRRRRRRRRRRRRRRXXX>>>>                                155.713  4.013  4.280  565.0   8   8   3    2  
 BLENOT 4 T.A.   48 IIIIIIIIIIIIIIIIIIIIIIIIIIIIIIIIIIIIIIIIIIIIIIIIIIIIIIIIIIIIIIIIIIIIIIIIIIIIIIIIIIIIIIIIIIIIIIII   68.368  4.007  4.281    0.0   8   8   4    7  
 HAVRET 1 T.M.   32 >                                <<<RRRtttRRRRRRRRRRRRRRRRRLLLL>>                                  55.236  4.006  4.246  230.0   8   8   2    3  
 CORD5T 5 T.M.   34 >>                               <<<RRRSSS<RRLLLLLLLLRRRRRRLLLLR>>                                158.774  3.684  3.958  580.0  16  16   3    3  
 HAVRET 4 T.A.   48 IIIIIIIIIIIIIIIIIIIIIIIIIIIIIIIIIIIIIIIIIIIIIIIIIIIIIIIIIIIIIIIIIIIIIIIIIIIIIIIIIIIIIIIIIIIIIIII  156.103  3.650  3.919    0.0   8   8   3    9  
 CORD5T 4 T.A.   48 IIIIIIIIIIIIIIIIIIIIIIIIIIIIIIIIIIIIIIIIIIIIIIIIIIIIIIIIIIIIIIIIIIIIIIIIIIIIIIIIIIIIIIIIIIIIIIII  155.940  3.618  3.878    0.0  16  16   3    6  
 PI25.T 1 T.A.    4 IIIIIIIIIIIIIIIIIIIIIIIIIIIIIIIIIIIIIIIIIIIIIIIIIIIIIIIIIIIIIIIIIIIIIIIIIIIIIIIIIIIIIIIIIIIIIIII   43.687  2.835  3.017    0.0  10   4   2    2  
 PIMP.T 1 T.A.    4 IIIIIIIIIIIIIIIIIIIIIIIIIIIIIIIIIIIIIIIIIIIIIIIIIIIIIIIIIIIIIIIIIIIIIIIIIIIIIIIIIIIIIIIIIIIIIIII   43.687  2.835 90.210    0.0  10   4   2    2  
 PSSA.T 1 T.A.    4 IIIIIIIIIIIIIIIIIIIIIIIIIIIIIIIIIIIIIIIIIIIIIIIIIIIIIIIIIIIIIIIIIIIIIIIIIIIIIIIIIIIIIIIIIIIIIIII   43.687  2.835 90.210    0.0  10   4   2    2  
 PMAR.T 1 T.A.    4 IIIIIIIIIIIIIIIIIIIIIIIIIIIIIIIIIIIIIIIIIIIIIIIIIIIIIIIIIIIIIIIIIIIIIIIIIIIIIIIIIIIIIIIIIIIIIIII   43.687  2.835 90.210    0.0  10   4   2    2  
 GOLF5T 2 PUIS 1171 RRRRRRRRRRRRRRZZZZZZ============RRRRRRRRRZZZZZZZ=ZZZZZZZZZZZZZZZZZZZZZZZZZZZZZZZZZZZZZZRRRRRRRRZ    0.000  2.010  2.010 1268.0  48  96   2    2  
 BUGEYT 2 PUIS  857 N_===============================================_____==========================================    0.000  1.320  1.320  875.0  48  48   2    2  
 CHOO2T 2 PUIS 1420 X>NNNN_____<=MMMMMMMMMMMMMMMMMMMMM===============================>                                  0.000  0.888  0.888 1450.0  48  48   2    2  
 CIVAUT 2 PUIS  -25 IIIIIIIIIIIIIIIIIIIIIIIIIIIIIMMMMMMMMMMMMMMMMMMMMMMMMMMMMMMMMMMMMMMMMMMMMMMMMMMMMMMMMMMMMMMMMMMM    0.000  0.886  0.886 1181.0  48  48   2    2  
 SSEA2T 2 PUIS  890 MMMMMMMMMMMMMMMMMMMMMMMMMMMMMMMMMMMMMMMMMMMMMMMMMMMMMMMMMMMMMMMMMMMMMMMMMMMMMMMMMMMMMMMMMMMMMMMM    0.000  0.884  0.884  890.0  48  48   2    2  
 SSEA2T 1 PUIS  890 MMMMMMMMMMMMMMMMMMMMMMMMMMMMMMMMMMMMMMMMMMMMMMMMMMMMMMMMMMMMMMMMMMMMMMMMMMMMMMMMMMMMMMMMMMMMMMMM    0.000  0.882  0.882  890.0  48  48   2    2  
 D.BURT 1 PUIS  802 RNNNNNNNNNNNXXXXXXXXXXXXXXXXXNNNNN===============================ZZMMMMM==MMMMMMMMMMMMM____SRRRR    0.000  0.880  0.880  870.0  48  48   2    2  
 TRICAT 2 PUIS  853 MMMMMMMMMMMMMMMMMMMMMMMMMMMMMMMMMMMMMMMMMMMMMMMMMMMMMMMMMMMMMMMMMMMMMMMMMMMMMMMMMMMMMMMMMMMMMMMM    0.000  0.878  0.878  853.0  72  48   2    2  
 D.BURT 2 PUIS  852 XNNNN_______=MMMMMMMMMMMMMM=====================================>                                   0.000  0.876  0.876  870.0  48  48   2    2  
 CATTET 4 PUIS 1290 MMMMMMMMMMMMMM=============MMMMM==========RRRRRRRRRRRRRRRRRRRRR===============================RR    0.000  0.874  0.874 1290.0  48  48   2    2  
 FLAMAT 2 PUIS 1237 S_RRRRRRRRRRRRRMMMMMMMMMMMMMMMMMMMMMMMMMMMMMMMMMMMMMMMMMMMMMMMMMMMMMMMMMMMMMMMMMMM========RRRRRR    0.000  0.872  0.872 1334.0  98  48   2    2  
 PALUET 4 PUIS 1187 S_RRRRRRRRRRRRR=============================RRRRRRRRRRRRRRRRRRR================XXXXXXXXXXX++++RR    0.000  0.870  0.870 1284.0  98  48   2    2  
 PALUET 3 PUIS 1253 RRRRRRRRRRRRRRRMMMMMMMMMMMMMMM============++RRRRRRRRRRRRRRRRRRR++=============================RR    0.000  0.868  0.868 1280.0  98  48   2    2  
 CATTET 2 PUIS 1250 =X=========MMMMMMMMMMMMMMM======================================================================    0.000  0.866  0.866 1250.0  48  48   2    2  
 PENLYT 2 PUIS 1190 MMMMMMMMMMMMMMMMMMMMMMMMMMMMMMMMMMMMMMMMMMMMMMMMMMMMMMMMMMMMMMMMMMMMMMMMMMMMMMMMMMMMMMMMMMMMMMMM    0.000  0.864  0.864 1190.0  98  48   2    2  
 PALUET 2 PUIS 1230 MMMMMMMMMMMMMMMMMMMMMMMMMMMMMMMMMMMMMMMMMMMMMMMMMMMMMMMMMMMMMMMMMMMMMMMMMMMMMMMMMMMMMMMMMMMMMMMM    0.000  0.862  0.862 1230.0  98  47   2    2  
 CATTET 1 PUIS 1196 =ZZZZZZZZZZZZR=================ZZZZZZZZZ======RRRRRRRRRRRRR==================ZZZ===RR===========    0.000  0.860  0.860 1293.0  48  48   2    2  
 BUGEYT 5 PUIS  817 XXXXXXXXXXXX=====================================================___________++++++++++++++======    0.000  0.841  0.841  817.0  48  48   2    2  
 GRAV5T 5 PUIS  910 =X=============MMMMMMMMMMMMMMMMMMMMMMMMMMMMMMMMMMMMMMMMMMMMMMMMMMMMMMMMMMMMMMMMMMM==============    0.000  0.822  0.822  910.0  48  48   2    2  
 TRICAT 3 PUIS  880 XXXXXXXXXXXX===================================================MMMMMMMMMMMMMMMMMMMMMMMMMMMMMMMMM    0.000  0.820  0.820  898.0  72  48   2    2  
 TRICAT 1 PUIS  859 MMMMMMMMMMMMMMMMMMMMMMMMMMMMMMMMMMMMMMMMMMMMMMMMMMMMMMMMMMMMMMMMMMMMMMMMMMMMMMMMMMMMMMMMMMMMMMMM    0.000  0.818  0.818  859.0  72  48   2    2  
 GRAV5T 2 PUIS  869 XXXXXXXXXXXX===MMMMMMMMM========================================================================    0.000  0.816  0.816  887.0  48  48   2    2  
 CRUA5T 4 PUIS  890 MMMMMMMMMMMMMMMMMMMMMMMMMMMMMMMMMMMMMMMMMMMMMMMMMMMMMMMMMMMMMMMMMMMMMMMMMMMMMMMMMMMMMMMMMMMMMMMM    0.000  0.814  0.814  890.0  72  48   2    2  
 GRAV5T 4 PUIS  814 RNNNNNNNNNNNXXXXXXXXXXXXXXXXXNNNNN=============================MMMMMMMMMMMMMMMMMMMMMMMMMMMMMMMMM    0.000  0.812  0.812  882.0  48  48   2    2  
 CRUA5T 1 PUIS  880 MMMMMMMMMMMMMMMMMMMMMMMMMMMMMMMMMMMMMMMMMMMMMMMMMMMMMMMMMMMMMMMMMMMMMMMMMMMMMMMMMMMMMMMMMMMMMMMM    0.000  0.810  0.810  880.0  72  48   2    2  
 N.SE5T 2 PUIS  -25 IIIIIIIIIIIIIIIIIIIIIIIIIIIIIIIIIIIIIIIIIIIIIIIIIIIIIIIIIIIIIIIIIIIIIIIIIIIIIIIIIIIIIIIIIIIIIIII    0.000  0.749  0.749  -25.0  48  48   2    2  
 PALUET 1 PUIS 1173 RRRRRRRRRRRRRR===MMMMMMMMMMMMMMMMMMMMMMMMMMMMMMMMMMMMMMMMMMMMMMMMMMMMMMMMMMMMMMMMM============++    0.000  0.747  0.747 1270.0  98  47   2    2  
 GOLF5T 1 PUIS 1268 MMMMMMMMMMMMMMMMMMMMMMMMMMMMMMMMMMMMMMMMMMMMMMMMMMMMMMMMMMMMMMMMMMMMMMMMMMMMMMMMMMMMMMMMMMMMMMMM    0.000  0.745  0.745 1268.0  48  48   2    2  
 SSAL7T 1 PUIS 1280 MMMMMMMMMMMMMMMMMMMMMMMMMMMMMMMMMMMMMMMMMMMMMMMMMMMMMMMMMMMMMMMMMMMMMMMMMMMMMMMMMMMMMMMMMMMMMMMM    0.000  0.743  0.743 1280.0  48  48   2    2  
 BVIL7T 1 PUIS 1163 S_SSSSSSSSSSSSS=============================+++++++++++++++++++=================================    0.000  0.741  0.741 1260.0  48  48   2    2  
 PENLYT 1 PUIS 1204 RRRRXNNNNNNN++++++++++++++++++++NN++++++++=======================Z++++++++++                        0.000  0.739  0.739 1301.0  98  48   2    2  
 CHOO2T 1 PUIS 1370 ++++++++++++=================MMM++===============================+                                  0.000  0.728  0.728 1400.0  48  48   2    2  
 CIVAUT 1 PUIS 1420 ===========================MMMMMMMMMMMMMMMMMMMMMMMMMMMMMMMMMMMMMMMMMMMMMMMMMMMMMMMMMMMMMMMMMMMMM    0.000  0.726  0.726 1420.0  48  48   2    2  
 BLAYAT 1 PUIS  879 MMMMMMMMMMMMMMMMMMMMMMMMMMMMMMMMMMMMMMMMMMMMMMMMMMMMMMMMMMMMMMMMMMMMMMMMMMMMMMMMMMMMMMMMMMMMMMMM    0.000  0.710  0.710  879.0  48  48   2    2  
 BLAYAT 2 PUIS    0 MMMMMMMMMMMMMMMMMMMMMMMMMMMMMMMMMMMMMMMMMMMMMMMMMMMMMMMMMMMMMMMMMMMMMMMMMMMMMMMMMMMMMMMMMMMMMMMM    0.000  0.710  0.710  534.0  48  48   2    2  
 BLAYAT 3 PUIS  715 MMMMMMMMMMMMMMMMMMMMMMMMMMMMMMMMMMMMMMMMMMMMMMMMMMMMMMMMMMMMMMMMMMMMMMMMMMMMMMMMMMMMMMMMMMMMMMMM    0.000  0.710  0.710  715.0  48  48   2    2  
 BLAYAT 4 PUIS  -25 IIIIIIIIIIIIIIIIIIIIIIIIIIIIIIIIIIIIIIIIIIIIIIIIIIIIIIIIIIIIIIIIIIIIIIIIIIIIIIIIIIIIIIIIIIIIIIII    0.000  0.710  0.710  -25.0  48  48   2    2  
 BUGEYT 3 PUIS  -25 IIIIIIIIIIIIIIIIIIIIIIIIIIIIIIIIIIIIIIIIIIIIIIIIIIIIIIIIIIIIIIIIIIIIIIIIIIIIIIIIIIIIIIIIIIIIIIII    0.000  0.710  0.710  -25.0  48  48   2    2  
 BUGEYT 4 PUIS  -25 IIIIIIIIIIIIIIIIIIIIIIIIIIIIIIIIIIIIIIIIIIIIIIIIIIIIIIIIIIIIIIIIIIIIIIIIIIIIIIIIIIIIIIIIIIIIIIII    0.000  0.710  0.710  -25.0  48  48   2    2  
 BVIL7T 2 PUIS  -25 IIIIIIIIIIIIIIIIIIIIIIIIIIIIIIIIIIIIIIIIIIIIIIIIIIIIIIIIIIIIIIIIIIIIIIIIIIIIIIIIIIIIIIIIIIIIIIII    0.000  0.710  0.710  -25.0  48  48   2    2  
 CATTET 3 PUIS  -25 IIIIIIIIIIIIIIIIIIIIIIIIIIIIIIIIIIIIIIIIIIIIIIIIIIIIIIIIIIIIIIIIIIIIIIIIIIIIIIIIIIIIIIIIIIIIIIII    0.000  0.710  0.710  -25.0  48  48   2    2  
 CHIN2T 1 PUIS  -25 IIIIIIIIIIIIIIIIIIIIIIIIIIIIIIIIIIIIIIIIIIIIIIIIIIIIIIIIIIIIIIIIIIIIIIIIIIIIIIIIIIIIIIIIIIIIIIII    0.000  0.710  0.710  -25.0  48  48   2    2  
 CHIN2T 2 PUIS  890 MMMMMMMMMMMMMMMMMMMMMMMMMMMMMMMMMMMMMMMMMMMMMMMMMMMMMMMMMMMMMMMMMMMMMMMMMMMMMMMMMMMMMMMMMMMMMMMM    0.000  0.710  0.710  890.0  48  48   2    2  
 CHIN2T 3 PUIS    0 IIIIIIIIIIIIIIIIIIIIIIIIIIIIIIIIIIIIIIIIIIIIIIIIIIIIIIIIIIIIIIIIIIIIIIIIIIIIIIIIIIIIIIIIIIIIIIII    0.000  0.710  0.710    0.0  48  48   2    2  
 CHIN2T 4 PUIS  888 MMMMMMMMMMMMMMMMMMMMMMMMMMMMMMMMMMMMMMMMMMMMMMMMMMMMMMMMMMMMMMMMMMMMMMMMMMMMMMMMMMMMMMMMMMMMMMMM    0.000  0.710  0.710  888.0  48  48   2    2  
 CRUA5T 2 PUIS  900 MMMMMMMMMMMMMMMMMMMMMMMMMMMMMMMMMMMMMMMMMMMMMMMMMMMMMMMMMMMMMMMMMMMMMMMMMMMMMMMMMMMMMMMMMMMMMMMM    0.000  0.710  0.710  900.0  72  48   2    2  
 CRUA5T 3 PUIS  -25 IIIIIIIIIIIIIIIIIIIIIIIIIIIIIIIIIIIIIIIIIIIIIIIIIIIIIIIIIIIIIIIIIIIIIIIIIIIIIIIIIIIIIIIIIIIIIIII    0.000  0.710  0.710  -25.0  72  48   2    2  
 D.BURT 3 PUIS    0 IIIIIIIIIIIIIIIIIIIIIIIIIIIIIIIIIIIIIIIIIIIIIIIIIIIIIIIIIIIIIIIIIIIIIIIIIIIIIIIIIIIIIIIIIIIIIIII    0.000  0.710  0.710  -25.0  48  48   2    2  
 D.BURT 4 PUIS  905 MMMMMMMMMMMMMMMMMMMMMMMMMMMMMMMMMMMMMMMMMMMMMMMMMMMMMMMMMMMMMMMMMMMMMMMMMMMMMMMMMMMMMMMMMMMMMMMM    0.000  0.710  0.710  905.0  48  96   2    2  
 FESS5T 1 PUIS  838 MMMMMMMMMMMMMMMMMMMMMMMMMMMMMMMMMMMMMMMMMMMMMMMMMMMMMMMMMMMMMMMMMMMMMMMMMMMMMMMMMMMMMMMMMMMMMMMM    0.000  0.710  0.710  838.0  48  48   2    2  
 FESS5T 2 PUIS  -25 IIIIIIIIIIIIIIIIIIIIIIIIIIIIIIIIIIIIIIIIIIIIIIIIIIIIIIIIIIIIIIIIIIIIIIIIIIIIIIIIIIIIIIIIIIIIIIII    0.000  0.710  0.710  -25.0  48  48   2    2  
 FLAMAT 1 PUIS  -25 IIIIIIIIIIIIIIIIIIIIIIIIIIIIIIIIIIIIIIIIIIIIIIIIIIIIIIIIIIIIIIIIIIIIIIIIIIIIIIIIIIIIIIIIIIIIIIII    0.000  0.710  0.710  -25.0  98  48   2    2  
 GRAV5T 1 PUIS  -25 IIIIIIIIIIIIIIIIIIIIIIIIIIIIIIIIIIIIIIIIIIIIIIIIIIIIIIIIIIIIIIIIIIIIIIIIIIIIIIIIIIIIIIIIIIIIIIII    0.000  0.710  0.710  -25.0  48  48   2    2  
 GRAV5T 3 PUIS  878 MMMMMMMMMMMMMMMMMMMMMMMMMMMMMMMMMMMMMMMMMMMMMMMMMMMMMMMMMMMMMMMMMMMMMMMMMMMMMMMMMMMMMMMMMMMMMMMM    0.000  0.710  0.710  878.0  48  48   2    2  
 GRAV5T 6 PUIS  915 MMMMMMMMMMMMMMMMMMMMMMMMMMMMMMMMMMMMMMMMMMMMMMMMMMMMMMMMMMMMMMMMMMMMMMMMMMMMMMMMMMMMMMMMMMMMMMMM    0.000  0.710  0.710  915.0  48  48   2    2  
 N.SE5T 1 PUIS  -25 IIIIIIIIIIIIIIIIIIIIIIIIIIIIIIIIIIIIIIIIIIIIIIIIIIIIIIIIIIIIIIIIIIIIIIIIIIIIIIIIIIIIIIIIIIIIIIII    0.000  0.710  0.710  -25.0  48  48   2    2  
 SSAL7T 2 PUIS  -25 IIIIIIIIIIIIIIIIIIIIIIIIIIIIIIIIIIIIIIIIIIIIIIIIIIIIIIIIIIIIIIIMMMMMMMMMMMMMMMMMMMMMMMMMMMMMMMMM    0.000  0.710  0.710  665.0  95  48   2    2  
 TRICAT 4 PUIS  -25 IIIIIIIIIIIIIIIIIIIIIIIIIIIIIIIIIIIIIIIIIIIIIIIIIIIIIIIIIIIIIIIIIIIIIIIIIIIIIIIIIIIIIIIIIIIIIIII    0.000  0.710  0.710  -25.0  72  48   2    2  
 PHENIT 1 T.A.   48 IIIIIIIIIIIIIIIIIIIIIIIIIIIIIIIIIIIIIIIIIIIIIIIIIIIIIIIIIIIIIIIIIIIIIIIIIIIIIIIIIIIIIIIIIIIIIIII   11.650  0.450  0.500    0.0  72  47   4    9  
   
 ____________________________________________________________________________________________________________________________________________________________________
 ____________________________________________________________________________________________________________________________________________________________________
   

 BILANS DES PRODUCTIONS PAR VALLEES
 
 DORDOGNE   E    2229.0 MWh

            W
      44.0000       2.3286       2.3286      44.0000      44.0000       2.3286
       2.3286       2.3286       2.3286       2.3286       4.0000       2.3286
      44.0000     188.8211      44.0000     345.0000      44.0000       2.3286
       3.6898       2.3286      44.0000       2.3286       2.3286      44.0000
      44.0000       4.0000      44.0000       2.3286      44.0000       2.3286
      35.4667       2.3286       2.3286      44.0000      44.0000      44.0000
      44.0000      44.0000      44.0000      44.0000       4.0000       2.3286
      44.0000      44.0000      44.0000     345.0000     270.0000      44.0000
      44.0000      44.0000     115.0000      44.0000     345.0000      44.0000
      44.0000      44.0000      44.0000      44.0000      44.0000     142.0463
      44.0000     345.0000     345.0000      44.0000      44.0000       2.3286
       2.3286       2.3286       2.3286       2.3286      44.0000       3.5000
       2.3286       2.3286       2.3286       2.3286       2.3286       2.3286
       2.3286       2.3286       2.3286       2.3286      44.0000      44.0000
      44.0000       2.3286       2.3286       2.3286       2.3286       2.3286
      44.0000      44.0000      44.0000      44.0000       2.3286      25.9421
 
            B
       4.0000       0.0000       0.0000       4.0000       4.0000       0.0000
       0.0000       0.0000       0.0000       0.0000       0.0000       0.0000
       4.0000       4.0000       4.0000      15.0000       4.0000       0.0000
       0.0000       0.0000       4.0000       0.0000       0.0000       4.0000
       4.0000       0.0000       4.0000       0.0000       4.0000       0.0000
       3.1467       0.0000       0.0000       4.0000       4.0000       4.0000
       4.0000       4.0000       4.0000       4.0000       0.0000       0.0000
       4.0000       4.0000       4.0000      15.0000      15.0000       4.0000
       4.0000       4.0000      15.0000       4.0000      15.0000       4.0000
       4.0000       4.0000       4.0000       4.0000       4.0000      15.0000
       4.0000      15.0000      15.0000       4.0000       4.0000       0.0000
       0.0000       0.0000       0.0000       0.0000       4.0000       0.0000
       0.0000       0.0000       0.0000       0.0000       0.0000       0.0000
       0.0000       0.0000       0.0000       0.0000       4.0000       4.0000
       4.0000       0.0000       0.0000       0.0000       0.0000       0.0000
       4.0000       4.0000       4.0000       4.0000       0.0000       2.3379
 
            R
     331.0000     372.6714     372.6714     331.0000     331.0000     372.6714
     372.6714     372.6714     372.6714     372.6714     371.0000     372.6714
     331.0000     186.1789     331.0000      30.0000     331.0000     301.6714
     300.3102     301.6714     260.0000     301.6714     301.6714     260.0000
     260.0000     300.0000     260.0000     301.6714     260.0000     301.6714
     268.5333     301.6714     301.6714     331.0000     331.0000     331.0000
     331.0000     331.0000     331.0000     331.0000     371.0000     372.6714
     331.0000     331.0000     331.0000      30.0000     105.0000     331.0000
     331.0000     331.0000     260.0000     331.0000      30.0000     331.0000
     331.0000     331.0000     331.0000     331.0000     331.0000     232.9537
     331.0000      30.0000      30.0000     331.0000     331.0000     301.6714
     301.6714     301.6714     301.6714     301.6714     260.0000     300.5000
     301.6714     301.6714     301.6714     301.6714     301.6714     301.6714
     301.6714     301.6714     301.6714     372.6714     331.0000     331.0000
     331.0000     372.6714     372.6714     372.6714     372.6714     372.6714
     331.0000     331.0000     331.0000     331.0000     372.6714     349.0579
 
 TRUY-SUP   E       0.0 MWh

            W
       0.0000       0.0000       0.0000       0.0000       0.0000       0.0000
       0.0000       0.0000       0.0000       0.0000       0.0000       0.0000
       0.0000       0.0000       0.0000       0.0000       0.0000       0.0000
       0.0000       0.0000       0.0000       0.0000       0.0000       0.0000
       0.0000       0.0000       0.0000       0.0000       0.0000       0.0000
       0.0000       0.0000       0.0000       0.0000       0.0000       0.0000
       0.0000       0.0000       0.0000       0.0000       0.0000       0.0000
       0.0000       0.0000       0.0000       0.0000       0.0000       0.0000
       0.0000       0.0000       0.0000       0.0000       0.0000       0.0000
       0.0000       0.0000       0.0000       0.0000       0.0000       0.0000
       0.0000       0.0000       0.0000       0.0000       0.0000       0.0000
       0.0000       0.0000       0.0000       0.0000       0.0000       0.0000
       0.0000       0.0000       0.0000       0.0000       0.0000       0.0000
       0.0000       0.0000       0.0000       0.0000       0.0000       0.0000
       0.0000       0.0000       0.0000       0.0000       0.0000       0.0000
       0.0000       0.0000       0.0000       0.0000       0.0000       0.0000
 
            B
       0.0000       0.0000       0.0000       0.0000       0.0000       0.0000
       0.0000       0.0000       0.0000       0.0000       0.0000       0.0000
       0.0000       0.0000       0.0000       0.0000       0.0000       0.0000
       0.0000       0.0000       0.0000       0.0000       0.0000       0.0000
       0.0000       0.0000       0.0000       0.0000       0.0000       0.0000
       0.0000       0.0000       0.0000       0.0000       0.0000       0.0000
       0.0000       0.0000       0.0000       0.0000       0.0000       0.0000
       0.0000       0.0000       0.0000       0.0000       0.0000       0.0000
       0.0000       0.0000       0.0000       0.0000       0.0000       0.0000
       0.0000       0.0000       0.0000       0.0000       0.0000       0.0000
       0.0000       0.0000       0.0000       0.0000       0.0000       0.0000
       0.0000       0.0000       0.0000       0.0000       0.0000       0.0000
       0.0000       0.0000       0.0000       0.0000       0.0000       0.0000
       0.0000       0.0000       0.0000       0.0000       0.0000       0.0000
       0.0000       0.0000       0.0000       0.0000       0.0000       0.0000
       0.0000       0.0000       0.0000       0.0000       0.0000       0.0000
 
            R
      20.5000      20.5000      20.5000      20.5000      20.5000      20.5000
      20.5000      20.5000      20.5000      20.5000      20.5000      20.5000
      20.5000      20.5000      20.5000      20.5000      20.5000      20.5000
      20.5000      20.5000      20.5000      20.5000      20.5000      20.5000
      20.5000      20.5000      20.5000      20.5000      20.5000      20.5000
      20.5000      20.5000      20.5000      20.5000      20.5000      20.5000
      20.5000      20.5000      20.5000      20.5000      20.5000      20.5000
      20.5000      20.5000      20.5000      20.5000      20.5000      20.5000
      20.5000      20.5000      20.5000      20.5000      20.5000      20.5000
      20.5000      20.5000      20.5000      20.5000      20.5000      20.5000
      20.5000      20.5000      20.5000      20.5000      20.5000      20.5000
      20.5000      20.5000      20.5000      20.5000      20.5000      20.5000
      20.5000      20.5000      20.5000      20.5000      20.5000      20.5000
      20.5000      20.5000      20.5000      20.5000      20.5000      20.5000
      20.5000      20.5000      20.5000      20.5000      20.5000      20.5000
      20.5000      20.5000      20.5000      20.5000      20.5000      20.5000
 
 TRUY-INF   E    5751.3 MWh

            W
     601.1265    -614.5455    -614.5455     760.4545     601.9670    -614.5455
    -614.5455    -614.5455    -614.5455    -614.5455    -614.5455    -614.5455
     810.4545    1021.4000     760.4545    1044.0723    -455.2175    -614.5455
    -614.5455    -614.5455     601.1265    -614.5455    -614.5455     760.4545
     760.4545    -455.2175     601.1265    -614.5455     601.1265    -614.5455
    -614.5455    -614.5455    -614.5455     760.4545     810.4545     815.0000
     765.0000     770.9138     760.4545     810.4545    -455.2175    -614.5455
     891.8088    1020.4545     760.4545    1064.0723    1021.4000     760.4545
    1021.4000    1021.6021    1064.9851    1021.4000    1064.7850     760.4545
     760.4545     760.4545     760.4545     970.4545    1018.6158    1064.0723
     760.4545    1064.0723    1067.9000    1001.4000     775.9265    -614.5455
    -614.5455    -614.5455    -614.5455    -566.5455    -158.8735    -614.5455
    -614.5455    -614.5455    -614.5455    -614.5455     860.4545    -455.2175
    -614.5455    -614.5455    -614.5455    -614.5455     760.4545     760.4545
    -455.2175    -614.5455    -614.5455    -614.5455    -614.5455    -614.5455
     771.5184      49.8643    -614.5455     602.4031    -614.5455    -613.6944
 
            B
     100.0000       0.0000       0.0000     100.0000     100.0672       0.0000
       0.0000       0.0000       0.0000       0.0000       0.0000       0.0000
     104.0000     147.0000     100.0000     142.0000       0.0000       0.0000
       0.0000       0.0000     100.0000       0.0000       0.0000     100.0000
     100.0000       0.0000     100.0000       0.0000     100.0000       0.0000
       0.0000       0.0000       0.0000     100.0000     104.0000     104.0000
     100.0000     100.8367     100.0000     104.0000       0.0000       0.0000
     121.2709     147.0000     100.0000     147.0000     147.0000     100.0000
     147.0000     147.0000     147.0000     147.0000     147.0000     100.0000
     100.0000     100.0000     100.0000     143.0000     146.8529     147.0000
     100.0000     147.0000     147.0000     142.0000     134.9600       0.0000
       0.0000       0.0000       0.0000       0.0000       0.0000       0.0000
       0.0000       0.0000       0.0000       0.0000       0.0000       0.0000
       0.0000       0.0000       0.0000       0.0000     100.0000     100.0000
       0.0000       0.0000       0.0000       0.0000       0.0000       0.0000
     102.7660      27.4655       0.0000     100.3191       0.0000       0.2128
 
            R
     466.7735    1682.4455    1682.4455     307.4455     465.9330    1682.4455
    1682.4455    1682.4455    1682.4455    1682.4455    1682.4455    1682.4455
     257.4455      46.5000     307.4455       3.8277    1478.1175    1637.4455
    1637.4455    1637.4455     421.7735    1637.4455    1637.4455     262.4455
     262.4455    1478.1175     421.7735    1637.4455     421.7735    1637.4455
    1637.4455    1637.4455    1637.4455     262.4455     257.4455     248.0000
     298.0000     296.9862     307.4455     257.4455    1523.1175    1682.4455
     176.0912      47.4455     307.4455       3.8277      46.5000     307.4455
      46.5000      46.2979       2.9149      46.5000       3.1150     307.4455
     307.4455     307.4455     307.4455      97.4455      49.2842       3.8277
     307.4455       3.8277       0.0000      46.5000     246.9735    1637.4455
    1637.4455    1637.4455    1637.4455    1599.4455    1181.7735    1637.4455
    1637.4455    1637.4455    1637.4455    1637.4455     262.4455    1478.1175
    1637.4455    1637.4455    1637.4455    1637.4455     307.4455     307.4455
    1523.1175    1682.4455    1682.4455    1682.4455    1682.4455    1682.4455
     296.3816    1018.0357    1682.4455     465.4969    1682.4455    1681.5944
 
 AIN        E    3597.5 MWh

            W
      45.7512      45.7512       1.9512      45.7512      75.1964       1.9512
       1.9512       1.9512       1.9512       1.9512      45.7512       1.9512
      92.8961     249.8000      60.8951     259.8000      62.5939      44.7512
      40.4512      40.4512      60.4504      40.4512      41.4011      41.3584
      76.5000      48.7676      48.7676       3.2957      76.7676       2.1457
      53.4721       2.1457       3.2957      54.2676     214.3272     137.4117
      67.4627      76.7676      67.4721      88.7676      41.6620       3.2957
     151.6221     237.0000      77.9654     260.0000     251.9444      84.3905
     250.0000     245.2954     260.0000     237.0000     260.0000      76.8395
      60.0000      59.9512      60.0000      93.1416     176.8768     260.0000
      75.0951     260.0000     260.0000     250.0000      90.7939       1.9512
       1.9512       1.9512      45.9512      45.9512      52.1385      45.1858
      40.4812       1.9512      40.4812      45.1858       1.9512       1.9512
       1.9512       1.9512       1.9512       1.9512      73.1558      54.4512
      40.4512       1.9512       1.9512       1.9512       1.9512       1.9512
      68.4512      40.4512      40.4512      40.4512      40.4512      40.4512
 
            B
       0.0000       0.0000       0.0000       0.0000       0.0000       0.0000
       0.0000       0.0000       0.0000       0.0000       0.0000       0.0000
       0.0000       0.0000       0.0000       0.0000       0.0000       0.0000
       0.0000       0.0000       0.0000       0.0000       0.0000       0.0000
       0.0000       0.0000       0.0000       0.0000       0.0000       0.0000
       0.0000       0.0000       0.0000       0.0000       0.0000       0.0000
       0.0000       0.0000       0.0000       0.0000       0.0000       0.0000
       0.0000       0.0000       0.0000       0.0000       0.0000       0.0000
       0.0000       0.0000       0.0000       0.0000       0.0000       0.0000
       0.0000       0.0000       0.0000       0.0000       0.0000       0.0000
       0.0000       0.0000       0.0000       0.0000       0.0000       0.0000
       0.0000       0.0000       0.0000       0.0000       0.0000       0.0000
       0.0000       0.0000       0.0000       0.0000       0.0000       0.0000
       0.0000       0.0000       0.0000       0.0000       0.0000       0.0000
       0.0000       0.0000       0.0000       0.0000       0.0000       0.0000
       0.0000       0.0000       0.0000       0.0000       0.0000       0.0000
 
            R
     218.2488     218.2488     262.0488     218.2488     188.8036     262.0488
     262.0488     262.0488     262.0488     262.0488     218.2488     262.0488
     171.1039      14.2000     203.1049       0.2000     197.4061     215.2488
     219.5488     219.5488     199.5496     219.5488     218.5989     218.6416
     183.5000     211.2324     211.2324     256.7043     183.2324     257.8543
     206.5279     257.8543     256.7043     205.7324      45.6728     122.5883
     192.5373     183.2324     192.5279     171.2324     218.3380     256.7043
     108.3779      23.0000     182.0346       0.0000       8.0556     175.6095
      10.0000      14.7046       0.0000      23.0000       0.0000     183.1605
     200.0000     200.0488     200.0000     166.8584      83.1232       0.0000
     184.9049       0.0000       0.0000      10.0000     169.2061     258.0488
     258.0488     258.0488     214.0488     214.0488     207.8615     214.8142
     219.5188     258.0488     219.5188     214.8142     258.0488     258.0488
     258.0488     258.0488     258.0488     258.0488     186.8442     205.5488
     219.5488     258.0488     258.0488     258.0488     258.0488     258.0488
     191.5488     219.5488     219.5488     219.5488     219.5488     219.5488
 
 ARC        E    6116.6 MWh

            W
     285.2142    -718.0000    -718.0000     515.8889     834.5268    -718.0000
    -718.0000    -718.0000    -718.0000    -718.0000    -657.6000    -718.0000
     537.1889    1096.4675     -79.0754    1000.1039      63.4766       2.0000
       2.0000       2.0000      26.5675       0.0000       0.0000       0.0000
      48.0000    -240.0000      98.4443    -240.0000      36.4800     145.0000
     210.0000     210.0000    -720.0000    -720.0000     281.8832     710.5112
       7.5359     233.9619    -150.0000     903.8832    -240.0000    -240.0000
    1033.5026    1125.8500      25.3452    1194.4660    1183.4232     372.6082
    1333.4233    1316.8542    1333.8507    1247.5395    1232.8438      35.5485
    -202.1219     -39.2204    -578.4480     491.0689     600.7429    1232.6983
    -172.6752    1231.6984    1027.0700     923.4830     382.5649    -239.7385
    -240.0000     -80.5814     112.1602    -233.9929     426.6242       2.1384
      -7.6886     -64.5069     363.0104     381.0381    -173.1874    -240.0000
    -240.0000    -240.0000    -720.0000    -720.0000     -68.9964     -87.9931
     121.0035    -240.0000    -240.0000    -240.0000    -240.0000    -240.0000
     419.7147     366.0071      91.5857     399.8116    -231.1919    -214.5483
 
            B
     106.2718       0.0000       0.0000     120.0000     120.0000       0.0000
       0.0000       0.0000       0.0000       0.0000       0.0000       0.0000
      67.2496     120.0000      50.0000     120.0000       0.0000       0.0000
       0.0000       0.0000       0.0000       0.0000       0.0000       0.0000
       0.0000       0.0000      19.1419       0.0000       0.0000       0.0000
       5.0000       5.0000       0.0000       0.0000      50.0000      85.0000
      50.0000      50.0000      50.0000     120.0000       0.0000       0.0000
     120.0000     120.0000      50.0000     120.0000     120.0000      50.0000
     120.0000     120.0000     120.0000     120.0000     120.0000      50.0000
      50.0000      50.0000      50.0000      50.0000      64.7842     120.0000
      50.0000     120.0000      80.4062      76.7771      76.7771       0.0000
       0.0000      30.9981      67.8916       0.0000      70.0000       0.0000
       0.0000      33.3432      70.0000      70.0000      12.7962       0.0000
       0.0000       0.0000       0.0000       0.0000      70.0000      70.0000
      70.0000       0.0000       0.0000       0.0000       0.0000       0.0000
      70.0000      70.0000      62.7229      70.0000       0.0000       0.0000
 
            R
     661.6024    1156.0000    1156.0000     642.1111     264.4732    1041.0000
    1041.0000    1041.0000    1041.0000    1041.0000     980.6000    1041.0000
     660.8110     117.5325     997.0754      83.8961     784.5234     846.0000
     846.0000     846.0000     821.4325     848.0000     848.0000     848.0000
     980.0000    1028.0000     929.5557     731.0000     694.5200     766.0000
     701.0000     701.0000     551.0000     551.0000     276.1168     267.4888
    1039.2646     924.0381    1068.0000     294.1168    1158.0000    1158.0000
     174.4974      88.1500     892.6548      19.5340      30.5768     820.9474
      28.5767      45.1458      28.1493     114.4605      14.1562     887.4515
     965.1219     962.2204    1021.4480     746.9311     639.7779      14.3017
    1050.6752      46.3016     250.9300     354.5170     895.4351    1277.7385
    1278.0000    1118.5814     925.8398    1271.9929     851.3758    1263.1557
    1272.9827    1102.5069     914.9896     896.9619    1211.1874    1278.0000
    1278.0000    1278.0000    1278.0000    1278.0000     866.9964     885.9931
     916.9965    1278.0000    1278.0000    1278.0000    1278.0000    1278.0000
     858.2853     911.9929     946.4143     878.1884    1269.1919    1252.5483
 
 ROMANCHE   E    1751.8 MWh

            W
    -252.0000    -555.4650    -639.0000    -221.3563     716.4007    -639.0000
    -612.0000    -639.0000    -639.0000    -607.5759    -501.0175    -598.0000
    1064.0000    1064.1775     388.0000     816.0000    -298.0351    -308.0702
    -288.0000    -339.3333     204.0000    -311.6405    -276.0000    -276.0000
     864.0000    -276.0000     204.0000    -390.0000     864.0000    -390.0000
    -276.0000    -438.0000    -438.0000     -54.5082     426.0000     426.0000
     426.0000     426.0000    -440.0075     426.0000    -598.0000    -598.0000
     414.4242     416.4242    -496.0000    1069.1713    1066.4242    -493.5758
     927.7576     806.4242    1078.4242     416.4242    1078.4242    -493.5758
    -519.5758    -519.5758    -519.5758    -274.7825     416.4242    1078.4242
    -520.6667    1077.3333     816.0000     414.0000      92.9334    -390.0000
    -400.3605    -390.0000    -276.0000    -276.0000     864.0000     474.0000
    -194.5342    -390.0000    -276.0000    -276.0000    -390.0000    -479.0000
    -479.0000    -479.0000    -479.0000    -479.0000    1076.0000    1076.0000
    1067.2605    -639.0000    -639.0000    -639.0000    -639.0000    -639.0000
    1076.0000    1064.0000    1064.0000    1064.0000    -328.0000     107.9915
 
            B
     150.0000       0.0000       0.0000     150.0000     150.0000       0.0000
       0.0000       0.0000       0.0000       0.0000       0.0000       0.0000
     150.0000     150.0000     150.0000     150.0000       0.0000       0.0000
       0.0000       0.0000       0.0000       0.0000       0.0000       0.0000
     150.0000       0.0000       0.0000       0.0000     150.0000       0.0000
       0.0000       0.0000       0.0000     150.0000     150.0000     150.0000
     150.0000     150.0000      28.4483     150.0000       0.0000       0.0000
     150.0000     150.0000       0.0000     150.0000     150.0000       0.0000
     150.0000     150.0000     150.0000     150.0000     150.0000       0.0000
       0.0000       0.0000       0.0000     121.5518     150.0000     150.0000
       0.0000     150.0000     150.0000     150.0000     150.0000       0.0000
       0.0000       0.0000       0.0000       0.0000     150.0000     150.0000
      45.2588       0.0000       0.0000       0.0000       0.0000       0.0000
       0.0000       0.0000       0.0000       0.0000     150.0000     150.0000
     150.0000       0.0000       0.0000       0.0000       0.0000       0.0000
     150.0000     150.0000     150.0000     150.0000     150.0000     150.0000
 
            R
     690.4242     993.8893    1077.4242     659.7806     362.0235    1077.4242
    1050.4242    1077.4242    1077.4242    1046.0002     939.4418    1036.4242
      14.4242      14.2467     430.4242       2.4242     684.4593     694.4944
     674.4242     725.7576     662.4242     698.0647     662.4242     662.4242
       2.4242     662.4242     662.4242     776.4242       2.4242     776.4242
     662.4242     776.4242     776.4242     392.9325     652.4242     652.4242
     652.4242     652.4242     878.4317     652.4242    1036.4242    1036.4242
     664.0000     662.0000     934.4242       9.2529      12.0000     932.0000
     150.6666     272.0000       0.0000     662.0000       0.0000     932.0000
     958.0000     958.0000     958.0000     713.2068     662.0000       0.0000
     959.0909       1.0909       2.4242     404.4242     404.4242     776.4242
     786.7847     776.4242     662.4242     662.4242       2.4242     392.4242
     580.9585     776.4242     662.4242     662.4242     776.4242     865.4242
     865.4242     817.4242     817.4242     817.4242       2.4242       2.4242
      11.1638    1077.4242    1077.4242    1077.4242    1077.4242    1077.4242
       2.4242      14.4242      14.4242      14.4242     766.4242     678.4533
 
 DRAC1      E     714.0 MWh

            W
       0.0000       0.0000       0.0000       0.0000       0.0000       0.0000
       0.0000       0.0000       0.0000       0.0000       0.0000       0.0000
       0.0000      78.0000       0.0000      78.0000       0.0000       0.0000
       0.0000       0.0000       0.0000       0.0000       0.0000       0.0000
       0.0000       0.0000       0.0000       0.0000       0.0000       0.0000
       0.0000       0.0000       0.0000       0.0000      42.0000      42.0000
       0.0000       0.0000       0.0000       0.0000       0.0000       0.0000
      78.0000      78.0000       0.0000      78.0000      78.0000       0.0000
      78.0000      78.0000      78.0000      78.0000      78.0000       0.0000
       0.0000       0.0000       0.0000      60.9166      78.0000      78.0000
       0.0000     113.0000      78.0000      78.0000       0.0000       0.0000
       0.0000       0.0000       0.0000       0.0000       0.0000       0.0000
       0.0000       0.0000       0.0000       0.0000       0.0000       0.0000
       0.0000       0.0000       0.0000       0.0000       0.0000       0.0000
       0.0000       0.0000       0.0000       0.0000       0.0000       0.0000
       0.0000       0.0000       0.0000       0.0000       0.0000       0.0000
 
            B
       0.0000       0.0000       0.0000       0.0000       0.0000       0.0000
       0.0000       0.0000       0.0000       0.0000       0.0000       0.0000
       0.0000       0.0000       0.0000       0.0000       0.0000       0.0000
       0.0000       0.0000       0.0000       0.0000       0.0000       0.0000
       0.0000       0.0000       0.0000       0.0000       0.0000       0.0000
       0.0000       0.0000       0.0000       0.0000       0.0000       0.0000
       0.0000       0.0000       0.0000       0.0000       0.0000       0.0000
       0.0000       0.0000       0.0000       0.0000       0.0000       0.0000
       0.0000       0.0000       0.0000       0.0000       0.0000       0.0000
       0.0000       0.0000       0.0000       0.0000       0.0000       0.0000
       0.0000       0.0000       0.0000       0.0000       0.0000       0.0000
       0.0000       0.0000       0.0000       0.0000       0.0000       0.0000
       0.0000       0.0000       0.0000       0.0000       0.0000       0.0000
       0.0000       0.0000       0.0000       0.0000       0.0000       0.0000
       0.0000       0.0000       0.0000       0.0000       0.0000       0.0000
       0.0000       0.0000       0.0000       0.0000       0.0000       0.0000
 
            R
     158.0000     158.0000     158.0000     158.0000     158.0000     158.0000
     158.0000     158.0000     158.0000     158.0000     158.0000     158.0000
     158.0000      80.0000     158.0000      80.0000     158.0000     158.0000
     158.0000     158.0000     158.0000     158.0000     158.0000     158.0000
     158.0000     158.0000     158.0000     158.0000     158.0000     158.0000
     158.0000     158.0000     158.0000     158.0000     116.0000     116.0000
     158.0000     158.0000     158.0000     158.0000     158.0000     158.0000
      80.0000      80.0000     158.0000      80.0000      80.0000     158.0000
      80.0000      80.0000      80.0000      80.0000      80.0000     158.0000
     158.0000     158.0000     158.0000      97.0834      80.0000      80.0000
     158.0000      45.0000      80.0000      80.0000     158.0000     158.0000
     158.0000     158.0000     158.0000     158.0000     158.0000     158.0000
     158.0000     158.0000     158.0000     158.0000     158.0000     158.0000
     158.0000     158.0000     158.0000     158.0000     158.0000     158.0000
     158.0000     158.0000     158.0000     158.0000     158.0000     158.0000
     158.0000     158.0000     158.0000     158.0000     158.0000     158.0000
 
 DRAC2      E     609.1 MWh

            W
      15.5966      15.5966       0.0000      15.5966      15.5966       0.0000
       0.0000       0.0000       0.0000       0.0000      13.1436       0.0000
      11.9171      11.9171      11.9171      11.9171      11.9171      11.9171
      11.9171      13.1436      15.5966      15.5966      15.5966      15.5966
      15.5966      15.5966      18.0448       0.0000      18.0448       0.0000
      18.0448       0.0000       0.0000      18.0448      18.0448      18.0448
      18.0448      18.0448      18.0448      18.0448      18.0448       0.0000
      17.5627      17.2138      14.3701      36.6683      14.3701      14.3701
      14.3701      20.0000      13.1436      13.1436      35.4418      13.1436
      13.1436      13.1436      20.0000      13.1436      13.1436      35.4418
      13.1436     104.4236      18.7182      20.0000      13.1436       0.0000
       0.0000       0.0000      14.8607      14.8607      14.8607      14.8607
      15.5966       0.0000      18.0448      18.0448       0.0000       0.0000
       0.0000       0.0000       0.0000       0.0000      18.0448      18.0448
      16.8228       0.0000       0.0000       0.0000       0.0000       0.0000
      16.8228      14.3701      14.3701      14.3701      14.3701      14.3701
 
            B
       0.0000       0.0000       0.0000       0.0000       0.0000       0.0000
       0.0000       0.0000       0.0000       0.0000       0.0000       0.0000
       0.0000       0.0000       0.0000       0.0000       0.0000       0.0000
       0.0000       0.0000       0.0000       0.0000       0.0000       0.0000
       0.0000       0.0000       0.0000       0.0000       0.0000       0.0000
       0.0000       0.0000       0.0000       0.0000       0.0000       0.0000
       0.0000       0.0000       0.0000       0.0000       0.0000       0.0000
       0.0000       0.0000       0.0000       0.0000       0.0000       0.0000
       0.0000       0.0000       0.0000       0.0000       0.0000       0.0000
       0.0000       0.0000       0.0000       0.0000       0.0000       0.0000
       0.0000      10.0000       0.0000       0.0000       0.0000       0.0000
       0.0000       0.0000       0.0000       0.0000       0.0000       0.0000
       0.0000       0.0000       0.0000       0.0000       0.0000       0.0000
       0.0000       0.0000       0.0000       0.0000       0.0000       0.0000
       0.0000       0.0000       0.0000       0.0000       0.0000       0.0000
       0.0000       0.0000       0.0000       0.0000       0.0000       0.0000
 
            R
     135.4034     135.4034     151.0000     135.4034     135.4034     151.0000
     151.0000     151.0000     151.0000     151.0000     137.8564     151.0000
     139.0829     139.0829     139.0829     139.0829     139.0829     139.0829
     139.0829     137.8564     135.4034     135.4034     135.4034     135.4034
     135.4034     135.4034     132.9552     151.0000     132.9552     151.0000
     132.9552     151.0000     151.0000     132.9552     132.9552     132.9552
     132.9552     132.9552     132.9552     132.9552     132.9552     151.0000
     133.4373     133.7862     136.6299     114.3317     136.6299     136.6299
     136.6299     131.0000     137.8564     137.8564     115.5582     137.8564
     137.8564     137.8564     131.0000     137.8564     137.8564     115.5582
     137.8564      46.5764     132.2818     131.0000     137.8564     151.0000
     151.0000     151.0000     136.1393     136.1393     136.1393     136.1393
     135.4034     151.0000     132.9552     132.9552     151.0000     151.0000
     151.0000     151.0000     151.0000     151.0000     132.9552     132.9552
     134.1772     151.0000     151.0000     151.0000     151.0000     151.0000
     134.1772     136.6299     136.6299     136.6299     136.6299     136.6299
 
 ROSELEND   E    3140.0 MWh

            W
       0.0000       0.0000       0.0000       0.0000       0.0000       0.0000
       0.0000       0.0000       0.0000       0.0000       0.0000       0.0000
     240.0000     320.0000       0.0000     360.0000       0.0000       0.0000
       0.0000       0.0000       0.0000       0.0000       0.0000       0.0000
       0.0000       0.0000       0.0000       0.0000       0.0000       0.0000
       0.0000       0.0000       0.0000       0.0000     240.0000     240.0000
       0.0000       0.0000       0.0000     240.0000       0.0000       0.0000
     240.0000     240.0000       0.0000     320.0000     320.0000       0.0000
     320.0000     320.0000     320.0000     320.0000     360.0000       0.0000
       0.0000       0.0000       0.0000     240.0000     240.0000     360.0000
       0.0000     360.0000     360.0000     320.0000       0.0000       0.0000
       0.0000       0.0000       0.0000       0.0000       0.0000       0.0000
       0.0000       0.0000       0.0000       0.0000       0.0000       0.0000
       0.0000       0.0000       0.0000       0.0000       0.0000       0.0000
       0.0000       0.0000       0.0000       0.0000       0.0000       0.0000
       0.0000       0.0000       0.0000       0.0000       0.0000       0.0000
 
            B
       0.0000       0.0000       0.0000       0.0000       0.0000       0.0000
       0.0000       0.0000       0.0000       0.0000       0.0000       0.0000
      80.0000      80.0000       0.0000      40.0000       0.0000       0.0000
       0.0000       0.0000       0.0000       0.0000       0.0000       0.0000
       0.0000       0.0000       0.0000       0.0000       0.0000       0.0000
       0.0000       0.0000       0.0000       0.0000      80.0000      80.0000
       0.0000       0.0000       0.0000      80.0000       0.0000       0.0000
      80.0000      80.0000       0.0000      80.0000      80.0000       0.0000
      80.0000      80.0000      80.0000      80.0000      40.0000       0.0000
       0.0000       0.0000       0.0000      80.0000      80.0000      40.0000
       0.0000      40.0000      40.0000      80.0000       0.0000       0.0000
       0.0000       0.0000       0.0000       0.0000       0.0000       0.0000
       0.0000       0.0000       0.0000       0.0000       0.0000       0.0000
       0.0000       0.0000       0.0000       0.0000       0.0000       0.0000
       0.0000       0.0000       0.0000       0.0000       0.0000       0.0000
       0.0000       0.0000       0.0000       0.0000       0.0000       0.0000
 
            R
     360.0000     360.0000     360.0000     360.0000     360.0000     360.0000
     360.0000     360.0000     360.0000     360.0000     360.0000     360.0000
     120.0000      40.0000     360.0000       0.0000     360.0000     360.0000
     360.0000     360.0000     360.0000     360.0000     360.0000     360.0000
     360.0000     360.0000     360.0000     360.0000     360.0000     360.0000
     360.0000     360.0000     360.0000     360.0000     120.0000     120.0000
     360.0000     360.0000     360.0000     120.0000     360.0000     360.0000
     120.0000     120.0000     360.0000      40.0000      40.0000     360.0000
      40.0000      40.0000      40.0000      40.0000       0.0000     360.0000
     360.0000     360.0000     360.0000     120.0000     120.0000       0.0000
     360.0000       0.0000       0.0000      40.0000     360.0000     360.0000
     360.0000     360.0000     360.0000     360.0000     360.0000     360.0000
     360.0000     360.0000     360.0000     360.0000     360.0000     360.0000
     360.0000     360.0000     360.0000     360.0000     360.0000     360.0000
     544.0000     544.0000     544.0000     544.0000     544.0000     544.0000
     544.0000     544.0000     544.0000     544.0000     544.0000     544.0000
 
 H-ISERE    E    8246.6 MWh

            W
     239.9028     131.6829     155.5471      12.2490     131.1415      15.6574
     131.1415      -0.0926      -0.0926      15.9990      24.8451     102.5995
      42.3917     185.7050      82.2490     168.8495     159.7276     245.7050
     142.2490     228.8495     244.4517     258.8495     172.2490     245.7050
     141.9074     315.7050     212.2490     172.2490     244.0691     258.8495
     142.2490     168.8495      82.2490      82.2490     228.8495     228.8495
     142.2490     228.8495     228.8495     228.8495     228.8495     168.8495
     168.8495     141.4347      69.9074     197.3915      12.2490      -0.0926
     257.3915     129.9074     197.3915      -0.0926     127.3915      -0.0926
     115.7050      11.9074      12.2490      78.7568      62.2490     247.3915
     108.2490     141.7050      64.2047     238.2913     236.5602     317.8495
     317.8495     267.2613     277.7050     347.7050     330.8495     347.7050
     204.2490     307.7050     204.2490     307.7050     235.0034     168.2490
     260.8495     174.2490     260.8495     254.8156     254.8495     108.2490
     114.2490     200.8495     260.8495     249.1112     254.8495     287.8495
     150.6874     217.7050     113.9074     229.3915      45.0355     159.3915
 
            B
      60.0000      60.0000      20.0000       0.0000       0.0000       0.0000
       0.0000       0.0000       0.0000       0.0000       0.0000       0.0000
       0.0000      20.0000      20.0000      20.0000      60.0000      60.0000
      60.0000      60.0000      60.0000      60.0000      60.0000      60.0000
      60.0000      60.0000      60.0000      60.0000      60.0000      60.0000
      60.0000      20.0000      20.0000      20.0000      60.0000      60.0000
      60.0000      60.0000      60.0000      60.0000      60.0000      20.0000
      20.0000      20.0000      20.0000      20.0000       0.0000       0.0000
      60.0000      60.0000      20.0000       0.0000       0.0000       0.0000
       0.0000       0.0000       0.0000       0.0000       0.0000      20.0000
      20.0000       0.0000       0.0000      60.0000      60.0000      60.0000
      60.0000      60.0000      60.0000      60.0000      60.0000      60.0000
      60.0000      60.0000      60.0000      60.0000      60.0000      60.0000
      60.0000      60.0000      60.0000      60.0000      60.0000      20.0000
      20.0000      20.0000      60.0000      60.0000      60.0000      60.0000
      20.0000      20.0000      20.0000      20.0000       0.0000       0.0000
 
            R
     233.0972     341.3171     317.4529     460.7510     341.8585     457.3426
     341.8585     473.0926     473.0926     457.0010     448.1549     370.4005
     430.6083     287.2950     390.7510     304.1505     193.2724     107.2950
     198.7510     112.1505      96.5483      82.1505     168.7510      95.2950
     199.0926      25.2950     128.7510     168.7510      96.9309      82.1505
     198.7510     172.1505     270.7510     270.7510     244.1505     244.1505
     330.7510     244.1505     244.1505     244.1505     244.1505     304.1505
     304.1505     331.5653     403.0926     275.6085     460.7510     473.0926
     215.6085     343.0926     275.6085     473.0926     345.6085     473.0926
     357.2950     461.0926     460.7510     394.2432     480.7510     295.6085
     434.7510     401.2950     478.7953     304.7087     186.4398     105.1505
      93.1505     143.7387     133.2950      63.2950      80.1505      63.2950
     206.7510     103.2950     206.7510     103.2950     175.9966     242.7510
     150.1505     236.7510     162.1505     168.1844     338.1505     484.7510
     478.7510     392.1505     332.1505     343.8888     338.1505     305.1505
     442.3126     375.2950     479.0926     363.6085     547.9645     433.6085
 
 PRAGNERE   E     359.9 MWh

            W
       3.2433       2.9196       0.0000       2.9196       3.2433       0.0000
       0.0000       0.0000       0.0000       0.0000       3.2433       0.0000
       2.9196       3.2433       2.5959      38.1814       2.9196       2.5959
       3.2433       2.5959       3.2433       2.5959       2.9196       2.9196
       3.2433       2.5959       3.2433       0.0000       1.7544       0.0000
       1.7544       0.0000       0.0000       2.9196       3.2433       2.9196
       2.5959       3.2433       2.5959       3.2433       2.9196       0.0000
       2.9196       3.2433       2.5959      64.2647      33.0997       2.5959
       3.2433       2.5959       3.2433       2.5959      34.7217       2.9196
       2.5959       3.2433       2.5959       2.9196       2.9196       3.2433
       2.5959      64.2647      41.4845       7.8381       7.8381       0.0000
       0.0000       0.0000       3.2433       2.5959      37.4099      32.9196
      32.9196      30.0000       2.9196       3.2433       0.0000       0.0000
       0.0000       0.0000       0.0000       0.0000      57.7856       7.0863
       2.9196       0.0000       0.0000       0.0000       0.0000       0.0000
      64.2647       2.9196       2.5959      10.1292       2.5959       2.9196
 
            B
       0.0000       0.0000       0.0000       0.0000       0.0000       0.0000
       0.0000       0.0000       0.0000       0.0000       0.0000       0.0000
       0.0000       0.0000       0.0000       0.0000       0.0000       0.0000
       0.0000       0.0000       0.0000       0.0000       0.0000       0.0000
       0.0000       0.0000       0.0000       0.0000       0.0000       0.0000
       0.0000       0.0000       0.0000       0.0000       0.0000       0.0000
       0.0000       0.0000       0.0000       0.0000       0.0000       0.0000
       0.0000       0.0000       0.0000       0.0000       0.0000       0.0000
       0.0000       0.0000       0.0000       0.0000       0.0000       0.0000
       0.0000       0.0000       0.0000       0.0000       0.0000       0.0000
       0.0000       0.0000       0.0000       0.0000       0.0000       0.0000
       0.0000       0.0000       0.0000       0.0000       0.0000       0.0000
       0.0000       0.0000       0.0000       0.0000       0.0000       0.0000
       0.0000       0.0000       0.0000       0.0000       0.0000       0.0000
       0.0000       0.0000       0.0000       0.0000       0.0000       0.0000
       0.0000       0.0000       0.0000       0.0000       0.0000       0.0000
 
            R
      80.1567      80.4804      83.4000      80.4804      80.1567      83.4000
      83.4000      83.4000      83.4000      83.4000      80.1567      83.4000
      80.4804      80.1567      80.8041      72.7562      73.7804      74.1041
      73.4567      74.1041      73.4567      74.1041      73.7804      73.7804
      73.4567      74.1041      73.4567      76.7000      68.2456      70.0000
      68.2456      70.0000      76.7000      73.7804      80.1567      80.4804
      80.8041      80.1567      80.8041      80.1567      80.4804      83.4000
      80.4804      80.1567      80.8041      64.1353      74.3003      80.8041
      80.1567      80.8041      80.1567      80.8041      72.6783      80.4804
      80.8041      80.1567      80.8041      80.4804      80.4804      80.1567
      80.8041      64.1353      71.1844      79.3119      79.3119      83.4000
      83.4000      83.4000      80.1567      80.8041      50.1567      50.4804
      50.4804      53.4000      80.4804      80.1567      83.4000      83.4000
      83.4000      83.4000      83.4000      83.4000      65.7972      80.4804
      80.4804      83.4000      83.4000      83.4000      83.4000      83.4000
      64.1353      80.4804      80.8041      78.5208      80.8041      80.4804
 
 ARIEGE     E    4727.6 MWh

            W
      74.6250      44.0833      44.1767      64.2750      70.1230      30.5767
      30.5767      30.5767      30.5767      30.5767     149.4500      28.9050
     149.4167     185.7500     146.3611     189.3611      99.0250      64.8028
     101.2472      29.0250     119.6292      33.7750      53.0409      99.1136
      69.5332      66.9556      71.6083      29.0250      67.0054      28.9050
      61.0250      31.8277      28.9050     121.0875     149.8333     147.7500
     174.0278     187.9722     102.6507     187.1389     184.3611      28.9050
     189.3611     183.5278     149.6111     194.3889     190.5000     188.2778
     191.3333     187.1389     190.7778     186.6111     189.3611     189.3889
     188.2778     192.4444     189.9444     189.1111     190.5000     193.8333
     187.1667     191.8889     192.4444     187.1667     133.8569      71.5758
      69.3536      46.2490      33.4972      33.7750      66.0528      65.4972
      66.0528      33.5758      33.4972      62.5750      28.9050      28.9050
      28.9050      28.9050      28.9050      28.9050      61.0250      61.0250
      61.0250      28.9050      28.9050      28.9050      28.9050      28.9050
     147.7500      61.0250      61.0250      99.0250      38.1942      61.0250
 
            B
       5.0000       0.0000       0.0000       5.0000       6.4620       0.0000
       0.0000       0.0000       0.0000       0.0000      30.0000       0.0000
      30.0000      30.0000      30.0000      30.0000       5.0000       0.0000
       5.0000       0.0000      20.0000       0.0000       3.7525       6.2255
       5.8170       5.0000       5.0000       0.0000       5.8170       0.0000
       5.0000       0.0000       0.0000      20.0000      30.0000      30.0000
      30.0000      30.0000       6.4620      30.0000      30.0000       0.0000
      30.0000      30.0000      30.0000      30.0000      30.0000      30.0000
      30.0000      30.0000      30.0000      30.0000      30.0000      30.0000
      30.0000      30.0000      30.0000      30.0000      30.0000      30.0000
      30.0000      30.0000      30.0000      30.0000      15.0000       0.0000
       0.0000       0.0000       0.0000       0.0000       5.0000       5.0000
       5.0000       0.0000       0.0000       5.0000       0.0000       0.0000
       0.0000       0.0000       0.0000       0.0000       5.0000       5.0000
       5.0000       0.0000       0.0000       0.0000       0.0000       0.0000
      30.0000       5.0000       5.0000       5.0000       1.4327       5.0000
 
            R
     199.9750     230.5167     230.4233     210.3250     204.4770     244.0233
     244.0233     244.0233     244.0233     244.0233     125.1500     245.6950
     125.1833      88.8500     128.2389      85.2389     156.5750     190.7972
     154.3528     226.5750     135.9708     221.8250     202.5591     156.4864
     186.0668     188.6444     183.9917     226.5750     188.5946     226.6950
     194.5750     223.7723     226.6950     134.5125     124.7667     126.8500
     100.5722      86.6278     171.9493      87.4611      90.2389     245.6950
      85.2389      91.0722     124.9889      80.2111      84.1000      86.3222
      83.2667      87.4611      83.8222      87.9889      85.2389      85.2111
      86.3222      82.1556      84.6556      85.4889      84.1000      80.7667
      87.4333      82.7111      82.1556      87.4333     121.7431     184.0242
     186.2464     209.3510     222.1028     221.8250     189.5472     190.1028
     189.5472     222.0242     222.1028     193.0250     226.6950     226.6950
     226.6950     226.6950     226.6950     226.6950     213.5750     213.5750
     213.5750     245.6950     245.6950     245.6950     245.6950     245.6950
     126.8500     213.5750     213.5750     175.5750     236.4058     213.5750
 
 ORLU       E       0.0 MWh

            W
       0.0000       0.0000       0.0000       0.0000       0.0000       0.0000
       0.0000       0.0000       0.0000       0.0000       0.0000       0.0000
       0.0000       0.0000       0.0000       0.0000       0.0000       0.0000
       0.0000       0.0000       0.0000       0.0000       0.0000       0.0000
       0.0000       0.0000       0.0000       0.0000       0.0000       0.0000
       0.0000       0.0000       0.0000       0.0000       0.0000       0.0000
       0.0000       0.0000       0.0000       0.0000       0.0000       0.0000
       0.0000       0.0000       0.0000       0.0000       0.0000       0.0000
       0.0000       0.0000       0.0000       0.0000       0.0000       0.0000
       0.0000       0.0000       0.0000       0.0000       0.0000       0.0000
       0.0000       0.0000       0.0000       0.0000       0.0000       0.0000
       0.0000       0.0000       0.0000       0.0000       0.0000       0.0000
       0.0000       0.0000       0.0000       0.0000       0.0000       0.0000
       0.0000       0.0000       0.0000       0.0000       0.0000       0.0000
       0.0000       0.0000       0.0000       0.0000       0.0000       0.0000
       0.0000       0.0000       0.0000       0.0000       0.0000       0.0000
 
            B
       0.0000       0.0000       0.0000       0.0000       0.0000       0.0000
       0.0000       0.0000       0.0000       0.0000       0.0000       0.0000
       0.0000       0.0000       0.0000       0.0000       0.0000       0.0000
       0.0000       0.0000       0.0000       0.0000       0.0000       0.0000
       0.0000       0.0000       0.0000       0.0000       0.0000       0.0000
       0.0000       0.0000       0.0000       0.0000       0.0000       0.0000
       0.0000       0.0000       0.0000       0.0000       0.0000       0.0000
       0.0000       0.0000       0.0000       0.0000       0.0000       0.0000
       0.0000       0.0000       0.0000       0.0000       0.0000       0.0000
       0.0000       0.0000       0.0000       0.0000       0.0000       0.0000
       0.0000       0.0000       0.0000       0.0000       0.0000       0.0000
       0.0000       0.0000       0.0000       0.0000       0.0000       0.0000
       0.0000       0.0000       0.0000       0.0000       0.0000       0.0000
       0.0000       0.0000       0.0000       0.0000       0.0000       0.0000
       0.0000       0.0000       0.0000       0.0000       0.0000       0.0000
       0.0000       0.0000       0.0000       0.0000       0.0000       0.0000
 
            R
       0.0000       0.0000       0.0000       0.0000       0.0000       0.0000
       0.0000       0.0000       0.0000       0.0000       0.0000       0.0000
       0.0000       0.0000       0.0000       0.0000       0.0000       0.0000
       0.0000       0.0000       0.0000       0.0000       0.0000       0.0000
       0.0000       0.0000       0.0000       0.0000       0.0000       0.0000
       0.0000       0.0000       0.0000       0.0000       0.0000       0.0000
       0.0000       0.0000       0.0000       0.0000       0.0000       0.0000
       0.0000       0.0000       0.0000       0.0000       0.0000       0.0000
       0.0000       0.0000       0.0000       0.0000       0.0000       0.0000
       0.0000       0.0000       0.0000       0.0000       0.0000       0.0000
       0.0000       0.0000       0.0000       0.0000       0.0000       0.0000
       0.0000       0.0000       0.0000       0.0000       0.0000       0.0000
       0.0000       0.0000       0.0000       0.0000       0.0000       0.0000
       0.0000       0.0000       0.0000       0.0000       0.0000       0.0000
       0.0000       0.0000       0.0000       0.0000       0.0000       0.0000
       0.0000       0.0000       0.0000       0.0000       0.0000       0.0000
 
 MONTAHUT   E     857.5 MWh

            W
       0.0000       0.0000       0.0000       0.0000      35.0000       0.0000
       0.0000       0.0000       0.0000       0.0000       0.0000       0.0000
      70.0000      70.0000       0.0000      70.0000       0.0000       0.0000
       0.0000       0.0000       0.0000       0.0000       0.0000       0.0000
       0.0000       0.0000       0.0000       0.0000       0.0000       0.0000
       0.0000       0.0000       0.0000       0.0000       0.0000       0.0000
      35.0000      35.0000       0.0000      70.0000       0.0000       0.0000
      70.0000      70.0000      35.0000      70.0000      70.0000      35.0000
      70.0000      70.0000      70.0000      70.0000      70.0000      35.0000
      35.0000      35.0000       0.0000      70.0000      70.0000      70.0000
      35.0000      70.0000      70.0000      70.0000      70.0000       0.0000
       0.0000       0.0000       0.0000       0.0000       0.0000       0.0000
       0.0000       0.0000       0.0000       0.0000       0.0000       0.0000
       0.0000       0.0000       0.0000       0.0000       0.0000       0.0000
       0.0000       0.0000       0.0000       0.0000       0.0000       0.0000
       0.0000       0.0000       0.0000       0.0000       0.0000       0.0000
 
            B
       0.0000       0.0000       0.0000       0.0000      13.0000       0.0000
       0.0000       0.0000       0.0000       0.0000       0.0000       0.0000
      20.0000      20.0000       0.0000      20.0000       0.0000       0.0000
       0.0000       0.0000       0.0000       0.0000       0.0000       0.0000
       0.0000       0.0000       0.0000       0.0000       0.0000       0.0000
       0.0000       0.0000       0.0000       0.0000       0.0000       0.0000
      13.0000      13.0000       0.0000      20.0000       0.0000       0.0000
      20.0000      20.0000      13.0000      20.0000      20.0000      13.0000
      20.0000      20.0000      20.0000      20.0000      20.0000      13.0000
      13.0000      13.0000       0.0000      20.0000      20.0000      20.0000
      13.0000      20.0000      20.0000      20.0000      20.0000       0.0000
       0.0000       0.0000       0.0000       0.0000       0.0000       0.0000
       0.0000       0.0000       0.0000       0.0000       0.0000       0.0000
       0.0000       0.0000       0.0000       0.0000       0.0000       0.0000
       0.0000       0.0000       0.0000       0.0000       0.0000       0.0000
       0.0000       0.0000       0.0000       0.0000       0.0000       0.0000
 
            R
      70.0000      70.0000      70.0000      70.0000      35.0000      70.0000
      70.0000      70.0000      70.0000      70.0000      70.0000      70.0000
       0.0000       0.0000      70.0000       0.0000      70.0000      70.0000
       0.0000       0.0000       0.0000       0.0000       0.0000       0.0000
       0.0000       0.0000       0.0000       0.0000       0.0000       0.0000
       0.0000       0.0000       0.0000       0.0000       0.0000       0.0000
      35.0000      35.0000      70.0000       0.0000      70.0000      70.0000
       0.0000       0.0000      35.0000       0.0000       0.0000      35.0000
       0.0000       0.0000       0.0000       0.0000       0.0000      35.0000
      35.0000      35.0000      70.0000       0.0000       0.0000       0.0000
      35.0000       0.0000       0.0000       0.0000       0.0000      70.0000
       0.0000       0.0000       0.0000       0.0000       0.0000       0.0000
       0.0000       0.0000       0.0000       0.0000       0.0000       0.0000
       0.0000       0.0000       0.0000       0.0000       0.0000       0.0000
      70.0000      70.0000      70.0000      70.0000      70.0000      70.0000
      70.0000      70.0000      70.0000      70.0000      70.0000      70.0000
 
 DURANCE    E   22987.4 MWh

            W
     221.4494     146.4053     102.4000     180.6374     774.1522      92.4889
     118.3030      36.2963      20.0000      66.2879     202.9274     117.5578
     729.8467    1301.1683     517.2572    1277.3843     432.6552     287.8170
     325.7717     227.3358     654.3719     227.3358     298.5794     378.9148
     940.0660     251.9728     384.6832     175.7651     615.7490     168.2333
     301.0054     168.2333     184.5296     278.7643     991.6228    1070.2983
     494.2025     841.0392     306.3890     764.9943     145.6376     104.5932
     800.2996    1171.6407     559.0987    1408.0580    1348.9344     710.1065
    1207.8957    1144.7106    1254.1628     811.1376    1184.1366     339.6350
      79.5000     103.4872      60.0000     331.3278     726.9915    1162.1123
     449.3756    1260.8236    1238.4251     947.4976     778.9047     316.0194
     247.3329     322.8802     410.5580     282.4490     629.6425     386.0535
     353.9436     244.7296     357.2524     434.1149     328.1520     302.9456
     282.8262     221.9038     214.4993     185.7927     666.0933     626.2106
     199.7524     150.4398      94.4000     192.7030      94.4000     150.3611
     630.7801     611.9565     160.1894     614.9191     100.6833     157.3761
 
            B
       0.0000       0.0000       0.0000       0.0000       0.0000       0.0000
       0.0000       0.0000       0.0000       0.0000       0.0000       0.0000
       0.0000       0.0000       0.0000       0.0000       0.0000       0.0000
       0.0000       0.0000       0.0000       0.0000       0.0000       0.0000
       0.0000       0.0000       0.0000       0.0000       0.0000       0.0000
       0.0000       0.0000       0.0000       0.0000       0.0000       0.0000
       0.0000       0.0000       0.0000       0.0000       0.0000       0.0000
       0.0000       0.0000       0.0000       0.0000       0.0000       0.0000
       0.0000       0.0000       0.0000       0.0000       0.0000       0.0000
       0.0000       0.0000       0.0000       0.0000       0.0000       0.0000
       0.0000       0.0000       0.0000       0.0000       0.0000       0.0000
       0.0000       0.0000       0.0000       0.0000       0.0000       0.0000
       0.0000       0.0000       0.0000       0.0000       0.0000       0.0000
       0.0000       0.0000       0.0000       0.0000       0.0000       0.0000
       0.0000       0.0000       0.0000       0.0000       0.0000       0.0000
       0.0000       0.0000       0.0000       0.0000       0.0000       0.0000
 
            R
    1295.5684    1365.5086    1395.1000    1330.5549     733.8196    1345.1000
    1280.1970    1362.2037    1378.5000    1332.2121    1240.4316    1391.9991
     787.6533     216.3317     995.4038     223.6962     917.3448    1062.1830
    1024.2283    1122.6642     695.6281    1122.6642    1051.4206     971.0852
     409.9340    1098.0272     860.3168    1069.2349     629.2510    1076.7667
     943.9946    1076.7667    1060.4704     966.2357     497.8772     419.2017
     995.2975     648.4608    1183.1111     724.5057    1343.8624    1392.9352
     710.9184     345.8593     958.4013     109.4420     168.5657     807.3935
     169.6043     232.7894     123.3372     566.3624     193.3634     980.8650
    1207.0000    1183.0128    1226.5000     955.1722     593.5085     215.3877
     928.1244     116.6765     139.0749     430.0024     583.0953    1033.1530
     998.6387     935.1198     847.4420     975.5510     732.3575     975.9465
    1008.0564    1117.2704    1004.7476     927.8851     922.6756     935.0544
     947.1738    1008.0962    1119.5007    1156.2357     705.1247     751.2894
    1172.9086    1207.8879    1255.1000    1156.7970    1255.1000    1207.1673
     740.4379     760.7045    1200.8911     734.5809    1248.8167    1192.1239
 
 CHASSEZA   E     813.6 MWh

            W
       0.0000       0.0000       0.0000       0.0000      39.8824       0.0000
       0.0000       0.0000       0.0000       0.0000       0.0000       0.0000
      69.3000      69.3000       0.0000      10.5000       0.0000       0.0000
       0.0000       0.0000       0.0000       0.0000       0.0000       0.0000
       0.0000       0.0000       0.0000       0.0000       0.0000       0.0000
       0.0000       0.0000       0.0000       0.0000      10.5000      10.5000
      39.8824      60.6768       0.0000      69.3000       0.0000       0.0000
      69.3000      69.3000      39.8824      69.3000      69.3000      69.3000
      69.3000      69.3000      69.3000      69.3000      72.8000      18.8815
       0.0000       0.0000       0.0000      69.3000      69.3000      69.3000
       0.0000      72.8000      72.8000      69.3000      69.3000       0.0000
       0.0000       0.0000       0.0000       0.0000       0.0000       0.0000
       0.0000       0.0000       0.0000       0.0000       0.0000       0.0000
       0.0000       0.0000       0.0000       0.0000       0.0000       0.0000
       0.0000       0.0000       0.0000       0.0000       0.0000       0.0000
       0.0000       0.0000       0.0000       0.0000       0.0000       0.0000
 
            B
       0.0000       0.0000       0.0000       0.0000       0.0000       0.0000
       0.0000       0.0000       0.0000       0.0000       0.0000       0.0000
       0.0000       0.0000       0.0000       0.0000       0.0000       0.0000
       0.0000       0.0000       0.0000       0.0000       0.0000       0.0000
       0.0000       0.0000       0.0000       0.0000       0.0000       0.0000
       0.0000       0.0000       0.0000       0.0000       0.0000       0.0000
       0.0000       0.0000       0.0000       0.0000       0.0000       0.0000
       0.0000       0.0000       0.0000       0.0000       0.0000       0.0000
       0.0000       0.0000       0.0000       0.0000       0.0000       0.0000
       0.0000       0.0000       0.0000       0.0000       0.0000       0.0000
       0.0000       0.0000       0.0000       0.0000       0.0000       0.0000
       0.0000       0.0000       0.0000       0.0000       0.0000       0.0000
       0.0000       0.0000       0.0000       0.0000       0.0000       0.0000
       0.0000       0.0000       0.0000       0.0000       0.0000       0.0000
       0.0000       0.0000       0.0000       0.0000       0.0000       0.0000
       0.0000       0.0000       0.0000       0.0000       0.0000       0.0000
 
            R
      76.0000      76.0000      76.0000      76.0000      36.1176      76.0000
      76.0000      76.0000      76.0000      76.0000      76.0000      76.0000
       6.7000       6.7000      76.0000      21.5000      32.0000      32.0000
      32.0000      32.0000      32.0000      32.0000      32.0000      32.0000
      32.0000      32.0000      32.0000      32.0000      32.0000      32.0000
      32.0000      32.0000      32.0000      32.0000      21.5000      21.5000
      36.1176      15.3232      76.0000       6.7000      76.0000      76.0000
       6.7000       6.7000      36.1176       6.7000       6.7000       6.7000
       6.7000       6.7000       6.7000       6.7000       3.2000      57.1185
      76.0000      76.0000      76.0000       6.7000       6.7000       6.7000
      76.0000       3.2000       3.2000       6.7000       6.7000      76.0000
      76.0000      76.0000      76.0000      76.0000      76.0000      76.0000
      76.0000      76.0000      76.0000      76.0000      76.0000      76.0000
      76.0000      76.0000      76.0000      76.0000      76.0000      76.0000
      76.0000      76.0000      76.0000      76.0000      76.0000      76.0000
      76.0000      76.0000      76.0000      76.0000      76.0000      76.0000
 
 MAULDE     E    1925.2 MWh

            W
      30.7594       1.3755       1.2133      61.7594      76.8973       1.2133
       1.2133       1.2133       1.2133       1.2133       1.3755       1.2133
      78.0133      78.0133      76.8973      78.0133      13.6910       1.3755
       1.3755       1.3755      76.8973       1.3755       1.3755      65.8505
      77.3583       1.3755      76.8973       1.2133      76.8973       1.2133
       7.5892       1.2133       1.2133      55.7836      78.0133      78.0133
      76.8973      78.0133      76.8973      78.0133       1.3755       1.2133
      78.0133      78.0133      76.8973      78.0133      78.0133      78.0133
      76.8973      76.8973      76.8973      73.1677      78.0133      66.5892
      60.3755      66.5892      60.3755      72.7594      72.7594      76.8973
      60.3755      78.0133      78.0133      76.8505      72.6910       1.2133
       1.2133       1.2133      13.7594      11.4721      78.0133      19.0133
      17.8973       1.2133       7.0782      19.0133       1.2133       1.2133
       1.2133       1.2133       1.2133       1.2133      78.0133      78.0133
      67.0133       1.2133       1.2133       1.2133       1.2133       1.2133
      78.0133      78.0133      67.0133      78.0133       7.5892      19.0133
 
            B
       0.0000       0.0000       0.0000       0.0000       0.0000       0.0000
       0.0000       0.0000       0.0000       0.0000       0.0000       0.0000
       0.0000       0.0000       0.0000       0.0000       0.0000       0.0000
       0.0000       0.0000       0.0000       0.0000       0.0000       0.0000
       0.0000       0.0000       0.0000       0.0000       0.0000       0.0000
       0.0000       0.0000       0.0000       0.0000       0.0000       0.0000
       0.0000       0.0000       0.0000       0.0000       0.0000       0.0000
       0.0000       0.0000       0.0000       0.0000       0.0000       0.0000
       0.0000       0.0000       0.0000       0.0000       0.0000       0.0000
       0.0000       0.0000       0.0000       0.0000       0.0000       0.0000
       0.0000       0.0000       0.0000       0.0000       0.0000       0.0000
       0.0000       0.0000       0.0000       0.0000       0.0000       0.0000
       0.0000       0.0000       0.0000       0.0000       0.0000       0.0000
       0.0000       0.0000       0.0000       0.0000       0.0000       0.0000
       0.0000       0.0000       0.0000       0.0000       0.0000       0.0000
       0.0000       0.0000       0.0000       0.0000       0.0000       0.0000
 
            R
      47.4406      76.8245      76.9867      16.4406       1.3027      76.9867
      76.9867      76.9867      76.9867      76.9867      76.8245      76.9867
       0.1867       0.1867       1.3027       0.1867      64.5090      76.8245
      76.8245      76.8245       1.3027      76.8245      76.8245      12.3495
       0.8417      76.8245       1.3027      76.9867       1.3027      76.9867
      70.6108      76.9867      76.9867      22.4164       0.1867       0.1867
       1.3027       0.1867       1.3027       0.1867      76.8245      76.9867
       0.1867       0.1867       1.3027       0.1867       0.1867       0.1867
       1.3027       1.3027       1.3027       5.0323       0.1867      11.6108
      17.8245      11.6108      17.8245       5.4406       5.4406       1.3027
      17.8245       0.1867       0.1867       1.3495       5.5090      76.9867
      76.9867      76.9867      64.4406      66.7279       0.1867      59.1867
      60.3027      76.9867      71.1218      59.1867      76.9867      76.9867
      76.9867      76.9867      76.9867      76.9867       0.1867       0.1867
      11.1867      76.9867      76.9867      76.9867      76.9867      76.9867
       0.1867       0.1867      11.1867       0.1867      70.6108      59.1867
 
 TAURION    E      92.2 MWh

            W
       6.8688       4.1600       0.6600       0.6600       0.6600       0.6600
       0.6600       0.6600       0.6600       0.6600       0.6600       0.6600
       0.6600       0.6600       0.6600       0.6600       0.6600       0.8600
       0.8600       0.8600       0.8600       0.8600       0.8600       0.8600
       0.8600       4.0000       4.0000       0.8600       6.8688       6.8688
       6.8688       0.6600       0.6600       0.6600       0.8600       0.8600
       0.6600       0.6600       0.8600       0.8600       0.8600       0.8600
       0.8600       0.8600       0.6600       0.6600       0.6600       0.6600
       1.0600       1.0600       1.0600       0.8600       0.8600       0.6600
       0.6600       0.6600       0.8600       0.8600       0.8600       0.8600
       0.8600       1.2600       1.2600       1.2600       1.2600       1.2600
       4.2000       4.2000       7.0000       7.0000       0.5600       0.5600
       0.5600      17.0088      17.0088       9.5088       0.5600       0.5600
       0.5600       0.5600       0.5600       0.5600       0.8600       0.8600
       1.0600       1.0600       1.0600       1.0600       7.0688       7.2688
       1.2600       1.2600       0.8600       0.8600       0.6600       0.6600
 
            B
       0.0000       0.0000       0.0000       0.0000       0.0000       0.0000
       0.0000       0.0000       0.0000       0.0000       0.0000       0.0000
       0.0000       0.0000       0.0000       0.0000       0.0000       0.0000
       0.0000       0.0000       0.0000       0.0000       0.0000       0.0000
       0.0000       0.0000       0.0000       0.0000       0.0000       0.0000
       0.0000       0.0000       0.0000       0.0000       0.0000       0.0000
       0.0000       0.0000       0.0000       0.0000       0.0000       0.0000
       0.0000       0.0000       0.0000       0.0000       0.0000       0.0000
       0.0000       0.0000       0.0000       0.0000       0.0000       0.0000
       0.0000       0.0000       0.0000       0.0000       0.0000       0.0000
       0.0000       0.0000       0.0000       0.0000       0.0000       0.0000
       0.0000       0.0000       0.0000       0.0000       0.0000       0.0000
       0.0000       0.0000       0.0000       0.0000       0.0000       0.0000
       0.0000       0.0000       0.0000       0.0000       0.0000       0.0000
       0.0000       0.0000       0.0000       0.0000       0.0000       0.0000
       0.0000       0.0000       0.0000       0.0000       0.0000       0.0000
 
            R
      18.2312      20.9400      24.4400      24.4400      24.4400      24.4400
      24.4400      24.4400      24.4400      24.4400      24.4400      24.4400
      24.4400      24.4400      24.4400      24.4400      24.4400      24.2400
      24.2400      24.2400      24.2400      24.2400      24.2400      24.2400
      24.2400      21.1000      21.1000      24.2400      18.2312      18.2312
      18.2312      24.4400      24.4400      24.4400      24.2400      24.2400
      24.4400      24.4400      24.2400      24.2400      24.2400      24.2400
      24.2400      24.2400      24.4400      24.4400      24.4400      24.4400
      24.0400      24.0400      24.0400      24.2400      24.2400      24.4400
      24.4400      24.4400      24.2400      24.2400      24.2400      24.2400
      24.2400      23.8400      23.8400      23.8400      23.8400      23.8400
      20.9000      20.9000      17.4000      17.4000      23.8400      23.8400
      23.8400       7.3912       7.3912      14.8912      23.8400      23.8400
      23.8400      23.8400      23.8400      23.8400      24.2400      24.2400
      24.0400      24.0400      24.0400      24.0400      18.0312      17.8312
      23.8400      23.8400      24.2400      24.2400      24.4400      24.4400
 
 CREUSE     E      49.7 MWh

            W
       0.4000       0.4000       0.2000       0.4000       0.4000       0.2000
       0.2000       0.2000       0.2000       0.2000       0.4000       0.2000
       0.4000       0.4000       0.4000       0.4000       0.4000       0.4000
       0.4000       0.4000       0.4000       0.4000       0.4000       0.4000
       0.4000       0.4000       0.4000       0.2000       0.4000       0.2000
       0.4000       0.2000       0.2000       0.4000       0.4000       0.4000
       0.4000       0.4000       0.4000       0.4000       0.4000       0.2000
       0.4000       0.4000       0.4000      16.6798       0.4000       0.4000
       0.4000       0.4000       0.4000       0.4000       0.4000       0.4000
       0.4000       0.4000       0.4000       0.4000       0.4000       0.4000
       0.4000      33.3000      17.5904       0.4000       0.4000       0.2000
       0.2000       0.2000       0.4000       0.4000       0.4000       0.4000
       0.4000       0.2000       0.4000       0.4000       0.2000       0.2000
       0.2000       0.2000       0.2000       0.2000       0.4000       0.4000
       0.4000       0.2000       0.2000       0.2000       0.2000       0.2000
       0.4000       0.4000       0.4000       0.4000       0.4000       0.4000
 
            B
       0.0000       0.0000       0.0000       0.0000       0.0000       0.0000
       0.0000       0.0000       0.0000       0.0000       0.0000       0.0000
       0.0000       0.0000       0.0000       0.0000       0.0000       0.0000
       0.0000       0.0000       0.0000       0.0000       0.0000       0.0000
       0.0000       0.0000       0.0000       0.0000       0.0000       0.0000
       0.0000       0.0000       0.0000       0.0000       0.0000       0.0000
       0.0000       0.0000       0.0000       0.0000       0.0000       0.0000
       0.0000       0.0000       0.0000       0.0000       0.0000       0.0000
       0.0000       0.0000       0.0000       0.0000       0.0000       0.0000
       0.0000       0.0000       0.0000       0.0000       0.0000       0.0000
       0.0000       0.0000       0.0000       0.0000       0.0000       0.0000
       0.0000       0.0000       0.0000       0.0000       0.0000       0.0000
       0.0000       0.0000       0.0000       0.0000       0.0000       0.0000
       0.0000       0.0000       0.0000       0.0000       0.0000       0.0000
       0.0000       0.0000       0.0000       0.0000       0.0000       0.0000
       0.0000       0.0000       0.0000       0.0000       0.0000       0.0000
 
            R
      47.9000      47.9000      48.1000      47.9000      47.9000      48.1000
      48.1000      48.1000      48.1000      48.1000      47.9000      48.1000
      47.9000      47.9000      47.9000      47.9000      47.9000      47.9000
      47.9000      47.9000      47.9000      47.9000      47.9000      47.9000
      47.9000      47.9000      47.9000      48.1000      47.9000      48.1000
      47.9000      48.1000      48.1000      47.9000      47.9000      47.9000
      47.9000      47.9000      47.9000      47.9000      47.9000      48.1000
      47.9000      47.9000      47.9000      31.6202      47.9000      47.9000
      47.9000      47.9000      47.9000      47.9000      47.9000      47.9000
      47.9000      47.9000      47.9000      47.9000      47.9000      47.9000
      47.9000      15.0000      30.7096      47.9000      47.9000      48.1000
      48.1000      48.1000      47.9000      47.9000      47.9000      47.9000
      47.9000      48.1000      47.9000      47.9000      48.1000      48.1000
      48.1000      48.1000      48.1000      48.1000      47.9000      47.9000
      47.9000      48.1000      48.1000      48.1000      48.1000      48.1000
      47.9000      47.9000      47.9000      47.9000      47.9000      47.9000
 
 MARONNE    E      57.2 MWh

            W
       0.0000       0.0000       0.0000       0.0000       0.0000       0.0000
       0.0000       0.0000       0.0000       0.0000       0.0000       0.0000
       0.0000       0.0000       0.0000       0.0000       0.0000       0.0000
       0.0000       0.0000       0.0000       0.0000       0.0000       0.0000
       0.0000       0.0000       0.0000       0.0000       0.0000       0.0000
       0.0000       0.0000       0.0000       0.0000       0.0000       0.0000
       0.0000       0.0000       0.0000       0.0000       0.0000       0.0000
       0.0000       0.0000       0.0000       0.0000       0.0000       0.0000
       0.0000       0.0000       0.0000       0.0000      26.0000       0.0000
       0.0000       0.0000       0.0000       0.0000       0.0000      13.3646
       0.0000      49.0000      26.0000       0.0000       0.0000       0.0000
       0.0000       0.0000       0.0000       0.0000       0.0000       0.0000
       0.0000       0.0000       0.0000       0.0000       0.0000       0.0000
       0.0000       0.0000       0.0000       0.0000       0.0000       0.0000
       0.0000       0.0000       0.0000       0.0000       0.0000       0.0000
       0.0000       0.0000       0.0000       0.0000       0.0000       0.0000
 
            B
       0.0000       0.0000       0.0000       0.0000       0.0000       0.0000
       0.0000       0.0000       0.0000       0.0000       0.0000       0.0000
       0.0000       0.0000       0.0000       0.0000       0.0000       0.0000
       0.0000       0.0000       0.0000       0.0000       0.0000       0.0000
       0.0000       0.0000       0.0000       0.0000       0.0000       0.0000
       0.0000       0.0000       0.0000       0.0000       0.0000       0.0000
       0.0000       0.0000       0.0000       0.0000       0.0000       0.0000
       0.0000       0.0000       0.0000       0.0000       0.0000       0.0000
       0.0000       0.0000       0.0000       0.0000       0.0000       0.0000
       0.0000       0.0000       0.0000       0.0000       0.0000       0.0000
       0.0000       0.0000       0.0000       0.0000       0.0000       0.0000
       0.0000       0.0000       0.0000       0.0000       0.0000       0.0000
       0.0000       0.0000       0.0000       0.0000       0.0000       0.0000
       0.0000       0.0000       0.0000       0.0000       0.0000       0.0000
       0.0000       0.0000       0.0000       0.0000       0.0000       0.0000
       0.0000       0.0000       0.0000       0.0000       0.0000       0.0000
 
            R
      57.0000      57.0000      57.0000      57.0000      57.0000      57.0000
      57.0000      57.0000      57.0000      57.0000      57.0000      57.0000
      57.0000      57.0000      57.0000      57.0000      57.0000      57.0000
      57.0000      57.0000      57.0000      57.0000      57.0000      57.0000
      57.0000      57.0000      57.0000      43.0000      43.0000      43.0000
      43.0000      43.0000      43.0000      43.0000      57.0000      57.0000
      57.0000      57.0000      57.0000      57.0000      57.0000      57.0000
      57.0000      57.0000      57.0000      57.0000      57.0000      57.0000
      57.0000      57.0000      57.0000      57.0000      31.0000      57.0000
      57.0000      57.0000      57.0000      57.0000      57.0000      43.6354
      57.0000       8.0000      31.0000      57.0000      57.0000      57.0000
      57.0000      57.0000      57.0000      57.0000      57.0000      57.0000
      57.0000      57.0000      57.0000      57.0000      57.0000      57.0000
      57.0000      57.0000      57.0000      57.0000      57.0000      57.0000
      57.0000      57.0000      57.0000      57.0000      57.0000      57.0000
      57.0000      57.0000      57.0000      57.0000      57.0000      57.0000
 
 CERE       E    1742.0 MWh

            W
       1.9800       0.9765       0.8800       1.8835      91.8835       0.8800
       0.8800       0.8800       0.8800       0.8800       1.8835       0.9765
      91.9800     165.9800      46.9800     139.5484       1.9800       1.9800
       1.9800       1.9800      75.9800       1.8357       1.9800       1.9800
      91.9800       1.9800      46.9800       0.9765      91.9800       0.9765
       1.8835       0.8800       0.9765       1.9800      91.9800      91.9800
      75.9800      75.9800      26.9798      91.9800       1.9800       1.9800
      91.9800     110.8221      46.9800     165.9800     164.1712       1.9800
      91.9800      91.9800     107.1621      91.9800     165.9800       1.9800
       1.9800       1.9800       1.9800      86.8574      91.9800     165.9800
       1.9800     165.9800     165.9800     101.4011      46.9800       1.9800
       0.9765       0.8800       0.8800       0.8800       0.8800       0.8800
       0.8800       0.8800       0.8800       0.8800       0.8800       0.8800
       0.8800       0.8800       0.8800       0.8800      61.8635       0.8800
       0.8800       0.8800       0.8800       0.8800       0.8800       0.8800
      90.8800       0.8800       0.8800       0.8800       0.8800       0.8800
 
            B
       0.0000       0.0000       0.0000       0.0000       0.0000       0.0000
       0.0000       0.0000       0.0000       0.0000       0.0000       0.0000
       0.0000       0.0000       0.0000       0.0000       0.0000       0.0000
       0.0000       0.0000       0.0000       0.0000       0.0000       0.0000
       0.0000       0.0000       0.0000       0.0000       0.0000       0.0000
       0.0000       0.0000       0.0000       0.0000       0.0000       0.0000
       0.0000       0.0000       0.0000       0.0000       0.0000       0.0000
       0.0000       0.0000       0.0000       0.0000       0.0000       0.0000
       0.0000       0.0000       0.0000       0.0000       0.0000       0.0000
       0.0000       0.0000       0.0000       0.0000       0.0000       0.0000
       0.0000       0.0000       0.0000       0.0000       0.0000       0.0000
       0.0000       0.0000       0.0000       0.0000       0.0000       0.0000
       0.0000       0.0000       0.0000       0.0000       0.0000       0.0000
       0.0000       0.0000       0.0000       0.0000       0.0000       0.0000
       0.0000       0.0000       0.0000       0.0000       0.0000       0.0000
       0.0000       0.0000       0.0000       0.0000       0.0000       0.0000
 
            R
     194.0200     195.0235     195.1200     194.1165     104.1165     195.1200
     195.1200     195.1200     195.1200     195.1200     194.1165     195.0235
     104.0200      30.0200     119.0200      26.4516     164.0200     164.0200
     164.0200     164.0200      90.0200     164.1643     164.0200     164.0200
      74.0200     164.0200     119.0200     165.0235      74.0200     165.0235
     164.1165     170.1200     170.0235     169.0200      79.0200      79.0200
      95.0200      95.0200     169.0202     104.0200     194.0200     194.0200
     104.0200      85.1779     149.0200      30.0200      31.8288     194.0200
     104.0200     104.0200      88.8379     104.0200      30.0200     194.0200
     194.0200     194.0200     194.0200     109.1426     104.0200      30.0200
     194.0200      30.0200      30.0200      94.5989     149.0200     194.0200
     195.0235     195.1200     195.1200     195.1200     195.1200     195.1200
     195.1200     195.1200     195.1200     195.1200     195.1200     195.1200
     195.1200     195.1200     195.1200     195.1200     134.1365     195.1200
     195.1200     195.1200     195.1200     195.1200     195.1200     195.1200
     105.1200     195.1200     195.1200     195.1200     195.1200     195.1200
 
 DORDREG    E       0.0 MWh

            W
       0.0000       0.0000       0.0000       0.0000       0.0000       0.0000
       0.0000       0.0000       0.0000       0.0000       0.0000       0.0000
       0.0000       0.0000       0.0000       0.0000       0.0000       0.0000
       0.0000       0.0000       0.0000       0.0000       0.0000       0.0000
       0.0000       0.0000       0.0000       0.0000       0.0000       0.0000
       0.0000       0.0000       0.0000       0.0000       0.0000       0.0000
       0.0000       0.0000       0.0000       0.0000       0.0000       0.0000
       0.0000       0.0000       0.0000       0.0000       0.0000       0.0000
       0.0000       0.0000       0.0000       0.0000       0.0000       0.0000
       0.0000       0.0000       0.0000       0.0000       0.0000       0.0000
       0.0000       0.0000       0.0000       0.0000       0.0000       0.0000
       0.0000       0.0000       0.0000       0.0000       0.0000       0.0000
       0.0000       0.0000       0.0000       0.0000       0.0000       0.0000
       0.0000       0.0000       0.0000       0.0000       0.0000       0.0000
       0.0000       0.0000       0.0000       0.0000       0.0000       0.0000
       0.0000       0.0000       0.0000       0.0000       0.0000       0.0000
 
            B
       0.0000       0.0000       0.0000       0.0000       0.0000       0.0000
       0.0000       0.0000       0.0000       0.0000       0.0000       0.0000
       0.0000       0.0000       0.0000       0.0000       0.0000       0.0000
       0.0000       0.0000       0.0000       0.0000       0.0000       0.0000
       0.0000       0.0000       0.0000       0.0000       0.0000       0.0000
       0.0000       0.0000       0.0000       0.0000       0.0000       0.0000
       0.0000       0.0000       0.0000       0.0000       0.0000       0.0000
       0.0000       0.0000       0.0000       0.0000       0.0000       0.0000
       0.0000       0.0000       0.0000       0.0000       0.0000       0.0000
       0.0000       0.0000       0.0000       0.0000       0.0000       0.0000
       0.0000       0.0000       0.0000       0.0000       0.0000       0.0000
       0.0000       0.0000       0.0000       0.0000       0.0000       0.0000
       0.0000       0.0000       0.0000       0.0000       0.0000       0.0000
       0.0000       0.0000       0.0000       0.0000       0.0000       0.0000
       0.0000       0.0000       0.0000       0.0000       0.0000       0.0000
       0.0000       0.0000       0.0000       0.0000       0.0000       0.0000
 
            R
       0.0000       0.0000       0.0000       0.0000       0.0000       0.0000
       0.0000       0.0000       0.0000       0.0000       0.0000       0.0000
       0.0000       0.0000       0.0000       0.0000       0.0000       0.0000
       0.0000       0.0000       0.0000       0.0000       0.0000       0.0000
       0.0000       0.0000       0.0000       0.0000       0.0000       0.0000
       0.0000       0.0000       0.0000       0.0000       0.0000       0.0000
       0.0000       0.0000       0.0000       0.0000       0.0000       0.0000
       0.0000       0.0000       0.0000       0.0000       0.0000       0.0000
       0.0000       0.0000       0.0000       0.0000       0.0000       0.0000
       0.0000       0.0000       0.0000       0.0000       0.0000       0.0000
       0.0000       0.0000       0.0000       0.0000       0.0000       0.0000
       0.0000       0.0000       0.0000       0.0000       0.0000       0.0000
       0.0000       0.0000       0.0000       0.0000       0.0000       0.0000
       0.0000       0.0000       0.0000       0.0000       0.0000       0.0000
       0.0000       0.0000       0.0000       0.0000       0.0000       0.0000
       0.0000       0.0000       0.0000       0.0000       0.0000       0.0000
 
 V.BEN      E     172.6 MWh

            W
       0.0000       0.0000       0.0000       0.0000       0.0000       0.0000
       0.0000       0.0000       0.0000       0.0000       0.0000       0.0000
       0.0000      26.0000       0.0000      26.0000       0.0000       0.0000
       0.0000       0.0000       0.0000       0.0000       0.0000       0.0000
       0.0000       0.0000       0.0000       0.0000       0.0000       0.0000
       0.0000       0.0000       0.0000       0.0000       0.0000       0.0000
       0.0000       0.0000       0.0000       0.0000       0.0000       0.0000
       0.0000      25.1039       0.0000      26.0000      26.0000       0.0000
      26.0000      26.0000      26.0000       8.0577      26.0000       0.0000
       0.0000       0.0000       0.0000       0.0000       0.0000      26.0000
       0.0000      26.0000      26.0000      26.0000       0.0000       0.0000
       0.0000       0.0000       0.0000       0.0000       0.0000       0.0000
       0.0000       0.0000       0.0000       0.0000       0.0000       0.0000
       0.0000       0.0000       0.0000       0.0000       0.0000       0.0000
       0.0000       0.0000       0.0000       0.0000       0.0000       0.0000
       0.0000       0.0000       0.0000       0.0000       0.0000       0.0000
 
            B
       0.0000       0.0000       0.0000       0.0000       0.0000       0.0000
       0.0000       0.0000       0.0000       0.0000       0.0000       0.0000
       0.0000       0.0000       0.0000       0.0000       0.0000       0.0000
       0.0000       0.0000       0.0000       0.0000       0.0000       0.0000
       0.0000       0.0000       0.0000       0.0000       0.0000       0.0000
       0.0000       0.0000       0.0000       0.0000       0.0000       0.0000
       0.0000       0.0000       0.0000       0.0000       0.0000       0.0000
       0.0000       0.0000       0.0000       0.0000       0.0000       0.0000
       0.0000       0.0000       0.0000       0.0000       0.0000       0.0000
       0.0000       0.0000       0.0000       0.0000       0.0000       0.0000
       0.0000       0.0000       0.0000       0.0000       0.0000       0.0000
       0.0000       0.0000       0.0000       0.0000       0.0000       0.0000
       0.0000       0.0000       0.0000       0.0000       0.0000       0.0000
       0.0000       0.0000       0.0000       0.0000       0.0000       0.0000
       0.0000       0.0000       0.0000       0.0000       0.0000       0.0000
       0.0000       0.0000       0.0000       0.0000       0.0000       0.0000
 
            R
      26.0000      26.0000      26.0000      26.0000      26.0000      26.0000
      26.0000      26.0000      26.0000      26.0000      26.0000      26.0000
      26.0000       0.0000      26.0000       0.0000      26.0000      26.0000
      26.0000      26.0000      26.0000      26.0000      26.0000      26.0000
      26.0000      26.0000      26.0000      26.0000      26.0000      26.0000
      26.0000      26.0000      26.0000      26.0000      26.0000      26.0000
      26.0000      26.0000      26.0000      26.0000      26.0000      26.0000
      26.0000       0.8961      26.0000       0.0000       0.0000      26.0000
       0.0000       0.0000       0.0000      17.9423       0.0000      26.0000
      26.0000      26.0000      26.0000      26.0000      26.0000       0.0000
      26.0000       0.0000       0.0000       0.0000      26.0000      26.0000
      26.0000      26.0000      26.0000      26.0000      26.0000      26.0000
      26.0000      26.0000      26.0000      26.0000      26.0000      26.0000
      26.0000      26.0000      26.0000      26.0000      26.0000      26.0000
      26.0000      26.0000      26.0000      26.0000      26.0000      26.0000
      26.0000      26.0000      26.0000      26.0000      26.0000      26.0000
 
 NEUVIC     E       0.0 MWh

            W
       0.0000       0.0000       0.0000       0.0000       0.0000       0.0000
       0.0000       0.0000       0.0000       0.0000       0.0000       0.0000
       0.0000       0.0000       0.0000       0.0000       0.0000       0.0000
       0.0000       0.0000       0.0000       0.0000       0.0000       0.0000
       0.0000       0.0000       0.0000       0.0000       0.0000       0.0000
       0.0000       0.0000       0.0000       0.0000       0.0000       0.0000
       0.0000       0.0000       0.0000       0.0000       0.0000       0.0000
       0.0000       0.0000       0.0000       0.0000       0.0000       0.0000
       0.0000       0.0000       0.0000       0.0000       0.0000       0.0000
       0.0000       0.0000       0.0000       0.0000       0.0000       0.0000
       0.0000       0.0000       0.0000       0.0000       0.0000       0.0000
       0.0000       0.0000       0.0000       0.0000       0.0000       0.0000
       0.0000       0.0000       0.0000       0.0000       0.0000       0.0000
       0.0000       0.0000       0.0000       0.0000       0.0000       0.0000
       0.0000       0.0000       0.0000       0.0000       0.0000       0.0000
       0.0000       0.0000       0.0000       0.0000       0.0000       0.0000
 
            B
       0.0000       0.0000       0.0000       0.0000       0.0000       0.0000
       0.0000       0.0000       0.0000       0.0000       0.0000       0.0000
       0.0000       0.0000       0.0000       0.0000       0.0000       0.0000
       0.0000       0.0000       0.0000       0.0000       0.0000       0.0000
       0.0000       0.0000       0.0000       0.0000       0.0000       0.0000
       0.0000       0.0000       0.0000       0.0000       0.0000       0.0000
       0.0000       0.0000       0.0000       0.0000       0.0000       0.0000
       0.0000       0.0000       0.0000       0.0000       0.0000       0.0000
       0.0000       0.0000       0.0000       0.0000       0.0000       0.0000
       0.0000       0.0000       0.0000       0.0000       0.0000       0.0000
       0.0000       0.0000       0.0000       0.0000       0.0000       0.0000
       0.0000       0.0000       0.0000       0.0000       0.0000       0.0000
       0.0000       0.0000       0.0000       0.0000       0.0000       0.0000
       0.0000       0.0000       0.0000       0.0000       0.0000       0.0000
       0.0000       0.0000       0.0000       0.0000       0.0000       0.0000
       0.0000       0.0000       0.0000       0.0000       0.0000       0.0000
 
            R
       0.0000       0.0000       0.0000       0.0000       0.0000       0.0000
       0.0000       0.0000       0.0000       0.0000       0.0000       0.0000
       0.0000       0.0000       0.0000       0.0000       0.0000       0.0000
       0.0000       0.0000       0.0000       0.0000       0.0000       0.0000
       0.0000       0.0000       0.0000       0.0000       0.0000       0.0000
       0.0000       0.0000       0.0000       0.0000       0.0000       0.0000
       0.0000       0.0000       0.0000       0.0000       0.0000       0.0000
       0.0000       0.0000       0.0000       0.0000       0.0000       0.0000
       0.0000       0.0000       0.0000       0.0000       0.0000       0.0000
       0.0000       0.0000       0.0000       0.0000       0.0000       0.0000
       0.0000       0.0000       0.0000       0.0000       0.0000       0.0000
       0.0000       0.0000       0.0000       0.0000       0.0000       0.0000
       0.0000       0.0000       0.0000       0.0000       0.0000       0.0000
       0.0000       0.0000       0.0000       0.0000       0.0000       0.0000
       0.0000       0.0000       0.0000       0.0000       0.0000       0.0000
       0.0000       0.0000       0.0000       0.0000       0.0000       0.0000
 
 MARCIL     E     212.5 MWh

            W
       0.0000       0.0000       0.0000       0.0000       0.0000       0.0000
       0.0000       0.0000       0.0000       0.0000       0.0000       0.0000
       0.0000      32.0000       0.0000      32.0000       0.0000       0.0000
       0.0000       0.0000       0.0000       0.0000       0.0000       0.0000
       0.0000       0.0000       0.0000       0.0000       0.0000       0.0000
       0.0000       0.0000       0.0000       0.0000       0.0000       0.0000
       0.0000       0.0000       0.0000       0.0000       0.0000       0.0000
       0.0000      15.0000       0.0000      32.0000      32.0000       0.0000
      32.0000      32.0000      32.0000      15.0000      32.0000       0.0000
       0.0000       0.0000       0.0000       0.0000      15.0000      32.0000
       0.0000      32.0000      32.0000      28.0000       0.0000       0.0000
       0.0000       0.0000       0.0000       0.0000       0.0000       0.0000
       0.0000       0.0000       0.0000       0.0000       0.0000       0.0000
       0.0000       0.0000       0.0000       0.0000       0.0000       0.0000
       0.0000       0.0000       0.0000       0.0000       0.0000       0.0000
       0.0000       0.0000       0.0000       0.0000       0.0000       0.0000
 
            B
       0.0000       0.0000       0.0000       0.0000       0.0000       0.0000
       0.0000       0.0000       0.0000       0.0000       0.0000       0.0000
       0.0000       0.0000       0.0000       0.0000       0.0000       0.0000
       0.0000       0.0000       0.0000       0.0000       0.0000       0.0000
       0.0000       0.0000       0.0000       0.0000       0.0000       0.0000
       0.0000       0.0000       0.0000       0.0000       0.0000       0.0000
       0.0000       0.0000       0.0000       0.0000       0.0000       0.0000
       0.0000       0.0000       0.0000       0.0000       0.0000       0.0000
       0.0000       0.0000       0.0000       0.0000       0.0000       0.0000
       0.0000       0.0000       0.0000       0.0000       0.0000       0.0000
       0.0000       0.0000       0.0000       0.0000       0.0000       0.0000
       0.0000       0.0000       0.0000       0.0000       0.0000       0.0000
       0.0000       0.0000       0.0000       0.0000       0.0000       0.0000
       0.0000       0.0000       0.0000       0.0000       0.0000       0.0000
       0.0000       0.0000       0.0000       0.0000       0.0000       0.0000
       0.0000       0.0000       0.0000       0.0000       0.0000       0.0000
 
            R
      32.0000      32.0000      32.0000      32.0000      32.0000      32.0000
      32.0000      32.0000      32.0000      32.0000      32.0000      32.0000
      32.0000       0.0000      32.0000       0.0000      32.0000      32.0000
      32.0000      32.0000      32.0000      32.0000      32.0000      32.0000
      32.0000      32.0000      32.0000      32.0000      32.0000      32.0000
      32.0000      32.0000      32.0000      32.0000      32.0000      32.0000
      32.0000      32.0000      32.0000      32.0000      32.0000      32.0000
      32.0000      17.0000      32.0000       0.0000       0.0000      32.0000
       0.0000       0.0000       0.0000      17.0000       0.0000      32.0000
      32.0000      32.0000      32.0000      32.0000      17.0000       0.0000
      32.0000       0.0000       0.0000       4.0000      32.0000      32.0000
      32.0000      32.0000      32.0000      32.0000      32.0000      32.0000
      32.0000      32.0000      32.0000      32.0000      32.0000      32.0000
      32.0000      32.0000      32.0000      32.0000      32.0000      32.0000
      32.0000      32.0000      32.0000      32.0000      32.0000      32.0000
      32.0000      32.0000      32.0000      32.0000      32.0000      32.0000
 
 LARDIT     E     202.0 MWh

            W
       0.0000       0.0000       0.0000       0.0000       0.0000       0.0000
       0.0000       0.0000       0.0000       0.0000       0.0000       0.0000
       0.0000      22.0000       0.0000      22.0000       0.0000       0.0000
       0.0000       0.0000       0.0000       0.0000       0.0000       0.0000
       0.0000       0.0000       0.0000       0.0000       0.0000       0.0000
       0.0000       0.0000       0.0000       0.0000      20.0000       0.0000
       0.0000       0.0000       0.0000       0.0000       0.0000       0.0000
      20.0000      20.0000       0.0000      22.0000      22.0000       0.0000
      22.0000      22.0000      22.0000      20.0000      22.0000       0.0000
       0.0000       0.0000       0.0000      20.0000      20.0000      22.0000
       0.0000      22.0000      22.0000      20.0000       0.0000       0.0000
      22.0000       0.0000       0.0000       0.0000       0.0000       0.0000
       0.0000       0.0000       0.0000       0.0000       0.0000       0.0000
       0.0000       0.0000       0.0000       0.0000       0.0000       0.0000
       0.0000       0.0000       0.0000       0.0000       0.0000       0.0000
       0.0000       0.0000       0.0000       0.0000       0.0000       0.0000
 
            B
       0.0000       0.0000       0.0000       0.0000       0.0000       0.0000
       0.0000       0.0000       0.0000       0.0000       0.0000       0.0000
       0.0000       0.0000       0.0000       0.0000       0.0000       0.0000
       0.0000       0.0000       0.0000       0.0000       0.0000       0.0000
       0.0000       0.0000       0.0000       0.0000       0.0000       0.0000
       0.0000       0.0000       0.0000       0.0000       0.0000       0.0000
       0.0000       0.0000       0.0000       0.0000       0.0000       0.0000
       0.0000       0.0000       0.0000       0.0000       0.0000       0.0000
       0.0000       0.0000       0.0000       0.0000       0.0000       0.0000
       0.0000       0.0000       0.0000       0.0000       0.0000       0.0000
       0.0000       0.0000       0.0000       0.0000       0.0000       0.0000
       0.0000       0.0000       0.0000       0.0000       0.0000       0.0000
       0.0000       0.0000       0.0000       0.0000       0.0000       0.0000
       0.0000       0.0000       0.0000       0.0000       0.0000       0.0000
       0.0000       0.0000       0.0000       0.0000       0.0000       0.0000
       0.0000       0.0000       0.0000       0.0000       0.0000       0.0000
 
            R
      22.0000      22.0000      22.0000      22.0000      22.0000      22.0000
      22.0000      22.0000      22.0000      22.0000      22.0000      22.0000
      22.0000       0.0000      22.0000       0.0000      22.0000      22.0000
      22.0000      22.0000      22.0000      22.0000      22.0000      22.0000
      22.0000      22.0000      22.0000      22.0000      22.0000      22.0000
      22.0000      22.0000      22.0000      22.0000       2.0000      22.0000
      22.0000      22.0000      22.0000      22.0000      22.0000      22.0000
       2.0000       2.0000      22.0000       0.0000       0.0000      22.0000
       0.0000       0.0000       0.0000       2.0000       0.0000      22.0000
      22.0000      22.0000      22.0000       2.0000       2.0000       0.0000
      22.0000       0.0000       0.0000       2.0000      22.0000      22.0000
       0.0000      22.0000      22.0000      22.0000      22.0000      22.0000
      22.0000      22.0000      22.0000      22.0000      22.0000      22.0000
      22.0000      22.0000      22.0000      22.0000      22.0000      22.0000
      22.0000      22.0000      22.0000      22.0000      22.0000      22.0000
      22.0000      22.0000      22.0000      22.0000      22.0000      22.0000
 
 LOT        E     194.1 MWh

            W
       1.4000       1.4000       1.4000       1.4000       1.4000       1.4000
       1.4000       1.4000       1.4000       1.4000       1.4000       1.4000
       1.4000       1.4000       1.4000       1.4000       1.4000       1.4000
       1.4000       1.4000       1.4000       1.4000       1.4000       1.4000
       1.4000       9.0392      28.7000      28.7000       1.4000      21.0636
      21.0636      21.0636       1.4000       1.4000       1.4000       1.4000
       1.4000       1.4000       1.4000       1.4000       1.4000       1.4000
       1.4000       1.4000       1.4000       1.4000       1.4000       1.4000
       1.4000       1.4000       1.4000       1.4000      38.3966       1.4000
       1.4000       1.4000       1.4000       1.4000       1.4000       1.7972
       1.4000      55.0000      42.9762       1.4000       1.4000       1.4000
       1.4000       1.4000       1.4000       1.4000       1.4000       1.4000
       1.4000       1.4000       1.4000       1.4000       1.4000       1.4000
       1.4000       1.4000       1.4000       1.4000       1.4000       1.4000
       1.4000       1.4000       1.4000       1.4000       1.4000       1.4000
       1.4000       1.4000       1.4000       1.4000       1.4000       1.4000
 
            B
       0.0000       0.0000       0.0000       0.0000       0.0000       0.0000
       0.0000       0.0000       0.0000       0.0000       0.0000       0.0000
       0.0000       0.0000       0.0000       0.0000       0.0000       0.0000
       0.0000       0.0000       0.0000       0.0000       0.0000       0.0000
       0.0000       0.0000       0.0000       0.0000       0.0000       0.0000
       0.0000       0.0000       0.0000       0.0000       0.0000       0.0000
       0.0000       0.0000       0.0000       0.0000       0.0000       0.0000
       0.0000       0.0000       0.0000       0.0000       0.0000       0.0000
       0.0000       0.0000       0.0000       0.0000       0.0000       0.0000
       0.0000       0.0000       0.0000       0.0000       0.0000       0.0000
       0.0000       0.0000       0.0000       0.0000       0.0000       0.0000
       0.0000       0.0000       0.0000       0.0000       0.0000       0.0000
       0.0000       0.0000       0.0000       0.0000       0.0000       0.0000
       0.0000       0.0000       0.0000       0.0000       0.0000       0.0000
       0.0000       0.0000       0.0000       0.0000       0.0000       0.0000
       0.0000       0.0000       0.0000       0.0000       0.0000       0.0000
 
            R
      56.6000      56.6000      56.6000      56.6000      56.6000      56.6000
      56.6000      56.6000      56.6000      56.6000      56.6000      56.6000
      56.6000      56.6000      56.6000      56.6000      56.6000      56.6000
      56.6000      56.6000      56.6000      56.6000      56.6000      56.6000
      56.6000      48.9608      37.3000      37.3000      56.6000      19.3000
      19.3000      19.3000      56.6000      56.6000      56.6000      56.6000
      56.6000      56.6000      56.6000      56.6000      56.6000      56.6000
      56.6000      56.6000      56.6000      56.6000      56.6000      56.6000
      56.6000      56.6000      56.6000      56.6000      19.6034      56.6000
      56.6000      56.6000      56.6000      56.6000      56.6000      56.2028
      56.6000       3.0000      15.0238      56.6000      56.6000      56.6000
      56.6000      56.6000      56.6000      56.6000      56.6000      56.6000
      56.6000      56.6000      56.6000      56.6000      56.6000      56.6000
      56.6000      56.6000      56.6000      56.6000      56.6000      56.6000
      56.6000      56.6000      56.6000      56.6000      56.6000      56.6000
      56.6000      56.6000      56.6000      56.6000      56.6000      56.6000
 
 ARRENS     E     500.0 MWh

            W
       2.3917       2.3917       1.5000       2.3917       2.3917       1.5000
       1.5000       1.5000       1.5000       1.5000       2.3917       1.5000
       2.3917      18.1417       2.3917      58.9500       2.3917      12.2583
       2.3917       2.3917       2.3917       2.3917       2.3917       2.3917
       2.3917       2.3917       2.3917       1.5000       2.3917       1.5000
       2.3917       1.5000       1.5000       2.3917      11.9917       3.7250
      12.2583       3.7621       2.3917       2.3917       2.3917       1.5000
      11.9917      18.1417      28.0083      65.1000      35.1000      35.1000
      35.1000      35.1000      65.1000      35.1000      65.1000      19.3500
      19.3500       2.3917       2.3917      18.1417       2.3917      65.1000
      18.1417      65.1000      65.1000      19.3500      19.3500       1.5000
       1.5000       1.5000       2.3917       2.3917       2.3917       2.3917
       2.3917       1.5000       2.3917       2.3917       1.5000       1.5000
       1.5000       1.5000       1.5000       1.5000       2.3917       2.3917
       2.3917       1.5000       1.5000       1.5000       1.5000       1.5000
       2.3917       2.3917       2.3917       2.3917       2.3917       2.3917
 
            B
       0.0000       0.0000       0.0000       0.0000       0.0000       0.0000
       0.0000       0.0000       0.0000       0.0000       0.0000       0.0000
       0.0000       0.0000       0.0000       0.0000       0.0000       0.0000
       0.0000       0.0000       0.0000       0.0000       0.0000       0.0000
       0.0000       0.0000       0.0000       0.0000       0.0000       0.0000
       0.0000       0.0000       0.0000       0.0000       0.0000       0.0000
       0.0000       0.0000       0.0000       0.0000       0.0000       0.0000
       0.0000       0.0000       0.0000       0.0000       0.0000       0.0000
       0.0000       0.0000       0.0000       0.0000       0.0000       0.0000
       0.0000       0.0000       0.0000       0.0000       0.0000       0.0000
       0.0000       0.0000       0.0000       0.0000       0.0000       0.0000
       0.0000       0.0000       0.0000       0.0000       0.0000       0.0000
       0.0000       0.0000       0.0000       0.0000       0.0000       0.0000
       0.0000       0.0000       0.0000       0.0000       0.0000       0.0000
       0.0000       0.0000       0.0000       0.0000       0.0000       0.0000
       0.0000       0.0000       0.0000       0.0000       0.0000       0.0000
 
            R
      86.6083      86.6083      87.5000      86.6083      86.6083      87.5000
      87.5000      87.5000      87.5000      87.5000      86.6083      87.5000
      86.6083      70.8583      86.6083      30.0500      77.6083      67.7417
      77.6083      77.6083      77.6083      77.6083      77.6083      77.6083
      77.6083      77.6083      77.6083      78.5000      77.6083      78.5000
      77.6083      78.5000      78.5000      77.6083      77.0083      85.2750
      76.7417      85.2379      86.6083      86.6083      86.6083      87.5000
      77.0083      70.8583      60.9917      23.9000      53.9000      53.9000
      53.9000      53.9000      23.9000      53.9000      23.9000      69.6500
      69.6500      86.6083      86.6083      70.8583      86.6083      23.9000
      70.8583      23.9000      23.9000      69.6500      60.6500      78.5000
      78.5000      78.5000      77.6083      77.6083      77.6083      77.6083
      77.6083      78.5000      77.6083      77.6083      78.5000      78.5000
      78.5000      78.5000      78.5000      78.5000      86.6083      86.6083
      86.6083      87.5000      87.5000      87.5000      87.5000      87.5000
      86.6083      86.6083      86.6083      86.6083      86.6083      86.6083
 
 PIQUES     E     270.3 MWh

            W
       3.9108       0.0000       3.9108       3.9108       3.9108       0.0000
       3.9108       0.0000       0.0000       3.9108       3.9108       3.9108
       3.9108       3.9108       3.9108       3.9108       3.9108       3.9108
       3.9108       3.9108       3.9108       3.9108       3.9108      16.9108
      13.0000      16.9108       3.9108       3.9108       3.9108       3.9108
       3.9108       3.9108       3.9108       3.9108       3.9108       3.9108
       3.9108       3.9108       3.9108       3.9108       3.9108       3.9108
       3.9108       3.9108       0.0000       3.9108       3.9108       0.0000
       3.9108       0.0000       3.9108       0.0000       3.9108       0.0000
       3.9108       0.0000       3.9108       3.9108       3.9108       3.9108
       3.9108       3.9108       3.9108       3.9108       3.9108      16.9108
      16.9108      16.9108      16.9108      16.9108      16.9108      16.9108
      16.9108      16.9108      16.9108      16.9108      13.9108      13.9108
      13.9108       3.9108       3.9108       3.9108       3.9108       3.9108
       3.9108       3.9108       3.9108       3.9108       3.9108       3.9108
       3.9108       3.9108       0.0000       3.9108       3.9108       3.9108
 
            B
       0.0000       0.0000       0.0000       0.0000       0.0000       0.0000
       0.0000       0.0000       0.0000       0.0000       0.0000       0.0000
       0.0000       0.0000       0.0000       0.0000       0.0000       0.0000
       0.0000       0.0000       0.0000       0.0000       0.0000       0.0000
       0.0000       0.0000       0.0000       0.0000       0.0000       0.0000
       0.0000       0.0000       0.0000       0.0000       0.0000       0.0000
       0.0000       0.0000       0.0000       0.0000       0.0000       0.0000
       0.0000       0.0000       0.0000       0.0000       0.0000       0.0000
       0.0000       0.0000       0.0000       0.0000       0.0000       0.0000
       0.0000       0.0000       0.0000       0.0000       0.0000       0.0000
       0.0000       0.0000       0.0000       0.0000       0.0000       0.0000
       0.0000       0.0000       0.0000       0.0000       0.0000       0.0000
       0.0000       0.0000       0.0000       0.0000       0.0000       0.0000
       0.0000       0.0000       0.0000       0.0000       0.0000       0.0000
       0.0000       0.0000       0.0000       0.0000       0.0000       0.0000
       0.0000       0.0000       0.0000       0.0000       0.0000       0.0000
 
            R
      13.0000      13.0000      13.0000      13.0000      13.0000      13.0000
      13.0000      13.0000      13.0000      13.0000      13.0000      13.0000
      13.0000      13.0000      13.0000      13.0000      13.0000      13.0000
      13.0000      13.0000      13.0000      13.0000      13.0000       0.0000
       0.0000       0.0000      13.0000      13.0000      13.0000      13.0000
      13.0000      13.0000      13.0000      13.0000      13.0000      13.0000
      13.0000      13.0000      13.0000      13.0000      13.0000      13.0000
      13.0000      13.0000      13.0000      13.0000      13.0000      13.0000
      13.0000      13.0000      13.0000      13.0000      13.0000      13.0000
      13.0000      13.0000      13.0000      13.0000      13.0000      13.0000
      13.0000      13.0000      13.0000      13.0000      13.0000       0.0000
       0.0000       0.0000       0.0000       0.0000       0.0000       0.0000
       0.0000       0.0000       0.0000       0.0000       3.0000       3.0000
       3.0000      13.0000      13.0000      13.0000      13.0000      13.0000
      13.0000      13.0000      13.0000      13.0000      13.0000      13.0000
      13.0000      13.0000      13.0000      13.0000      13.0000      13.0000
 
 ARAING     E     188.2 MWh

            W
       0.5625       0.5625       0.0000       0.5625       0.5625       0.0000
       0.0000       0.0000       0.0000       0.0000       0.5625       0.0000
       0.5625      27.5625       0.5625      27.5625       4.6125       0.5625
       4.6125       0.5625       0.5625       0.5625       0.5625       0.5625
       0.5625       0.5625       0.5625       0.0000       0.5625       0.0000
       0.5625       0.0000       0.0000       0.5625       0.5625       0.5625
       0.5625       0.5625       0.5625       0.5625       0.5625       0.0000
       0.5625       0.5625       0.5625      27.5625      27.5625       0.5625
      31.6125      31.6125      27.5625       4.6125      31.6125       4.6125
       0.5625       4.6125       0.5625       0.5625       0.5625      27.5625
       0.5625      27.5625      31.6125       0.5625       4.6125       0.0000
       0.0000       0.0000       0.5625       0.5625       0.5625       0.5625
       0.5625       0.0000       0.5625       0.5625       0.0000       0.0000
       0.0000       0.0000       0.0000       0.0000       0.5625       0.5625
       0.5625       0.0000       0.0000       0.0000       0.0000       0.0000
       0.5625       0.5625       0.5625       0.5625       0.5625       0.5625
 
            B
       0.0000       0.0000       0.0000       0.0000       0.0000       0.0000
       0.0000       0.0000       0.0000       0.0000       0.0000       0.0000
       0.0000       0.0000       0.0000       0.0000       0.0000       0.0000
       0.0000       0.0000       0.0000       0.0000       0.0000       0.0000
       0.0000       0.0000       0.0000       0.0000       0.0000       0.0000
       0.0000       0.0000       0.0000       0.0000       0.0000       0.0000
       0.0000       0.0000       0.0000       0.0000       0.0000       0.0000
       0.0000       0.0000       0.0000       0.0000       0.0000       0.0000
       0.0000       0.0000       0.0000       0.0000       0.0000       0.0000
       0.0000       0.0000       0.0000       0.0000       0.0000       0.0000
       0.0000       0.0000       0.0000       0.0000       0.0000       0.0000
       0.0000       0.0000       0.0000       0.0000       0.0000       0.0000
       0.0000       0.0000       0.0000       0.0000       0.0000       0.0000
       0.0000       0.0000       0.0000       0.0000       0.0000       0.0000
       0.0000       0.0000       0.0000       0.0000       0.0000       0.0000
       0.0000       0.0000       0.0000       0.0000       0.0000       0.0000
 
            R
      27.0000      27.0000      27.0000      27.0000      27.0000      27.0000
      27.0000      27.0000      27.0000      27.0000      27.0000      27.0000
      27.0000       0.0000      27.0000       0.0000      27.0000      27.0000
      27.0000      27.0000      27.0000      27.0000      27.0000      27.0000
      27.0000      27.0000      27.0000      27.0000      27.0000      27.0000
      27.0000      27.0000      27.0000      27.0000      27.0000      27.0000
      27.0000      27.0000      27.0000      27.0000      27.0000      27.0000
      27.0000      27.0000      27.0000       0.0000       0.0000      27.0000
       0.0000       0.0000       0.0000      27.0000       0.0000      27.0000
      27.0000      27.0000      27.0000      27.0000      27.0000       0.0000
      27.0000       0.0000       0.0000      27.0000      27.0000      27.0000
      27.0000      27.0000      27.0000      27.0000      27.0000      27.0000
      27.0000      27.0000      27.0000      27.0000      27.0000      27.0000
      27.0000      27.0000      27.0000      27.0000      27.0000      27.0000
      27.0000      27.0000      27.0000      27.0000      27.0000      27.0000
      27.0000      27.0000      27.0000      27.0000      27.0000      27.0000
 
 VICDESSO   E      13.8 MWh

            W
       0.4000       0.4000       0.0000       0.4000       0.4000       0.0000
       0.0000       0.0000       0.0000       0.0000       0.4000       0.0000
       0.4000       0.4000       0.4000       0.4000       0.4000       0.4000
       0.4000       0.4000       0.4000       0.4000       0.4000       0.4000
       0.4000       0.4000       0.4000       0.0000       0.4000       0.0000
       0.4000       0.0000       0.0000       0.4000       0.4000       0.4000
       0.4000       0.4000       0.4000       0.4000       0.4000       0.0000
       0.4000       0.4000       0.4000       0.4000       0.4000       0.4000
       0.4000       0.4000       0.4000       0.4000       0.4000       0.4000
       0.4000       0.4000       0.4000       0.4000       0.4000       0.4000
       0.4000       0.4000       0.4000       0.4000       0.4000       0.0000
       0.0000       0.0000       0.4000       0.4000       0.4000       0.4000
       0.4000       0.0000       0.4000       0.4000       0.0000       0.0000
       0.0000       0.0000       0.0000       0.0000       0.4000       0.4000
       0.4000       0.0000       0.0000       0.0000       0.0000       0.0000
       0.4000       0.4000       0.4000       0.4000       0.4000       0.4000
 
            B
       0.0000       0.0000       0.0000       0.0000       0.0000       0.0000
       0.0000       0.0000       0.0000       0.0000       0.0000       0.0000
       0.0000       0.0000       0.0000       0.0000       0.0000       0.0000
       0.0000       0.0000       0.0000       0.0000       0.0000       0.0000
       0.0000       0.0000       0.0000       0.0000       0.0000       0.0000
       0.0000       0.0000       0.0000       0.0000       0.0000       0.0000
       0.0000       0.0000       0.0000       0.0000       0.0000       0.0000
       0.0000       0.0000       0.0000       0.0000       0.0000       0.0000
       0.0000       0.0000       0.0000       0.0000       0.0000       0.0000
       0.0000       0.0000       0.0000       0.0000       0.0000       0.0000
       0.0000       0.0000       0.0000       0.0000       0.0000       0.0000
       0.0000       0.0000       0.0000       0.0000       0.0000       0.0000
       0.0000       0.0000       0.0000       0.0000       0.0000       0.0000
       0.0000       0.0000       0.0000       0.0000       0.0000       0.0000
       0.0000       0.0000       0.0000       0.0000       0.0000       0.0000
       0.0000       0.0000       0.0000       0.0000       0.0000       0.0000
 
            R
      16.0000      16.0000      16.0000      16.0000      16.0000      16.0000
      16.0000      16.0000      16.0000      16.0000      16.0000      16.0000
      16.0000      16.0000      16.0000      16.0000      16.0000      16.0000
      16.0000      16.0000      16.0000      16.0000      16.0000      16.0000
      16.0000      16.0000      16.0000      16.0000      16.0000      16.0000
      16.0000      16.0000      16.0000      16.0000      16.0000      16.0000
      16.0000      16.0000      16.0000      16.0000      16.0000      16.0000
      16.0000      16.0000      16.0000      16.0000      16.0000      16.0000
      16.0000      16.0000      16.0000      16.0000      16.0000      16.0000
      16.0000      16.0000      16.0000      16.0000      16.0000      16.0000
      16.0000      16.0000      16.0000      16.0000      16.0000      16.0000
      16.0000      16.0000      16.0000      16.0000      16.0000      16.0000
      16.0000      16.0000      16.0000      16.0000      16.0000      16.0000
      16.0000      16.0000      16.0000      16.0000      16.0000      16.0000
      16.0000      16.0000      16.0000      16.0000      16.0000      16.0000
      16.0000      16.0000      16.0000      16.0000      16.0000      16.0000
 
 AUDE       E       0.0 MWh

            W
       0.0000       0.0000       0.0000       0.0000       0.0000       0.0000
       0.0000       0.0000       0.0000       0.0000       0.0000       0.0000
       0.0000       0.0000       0.0000       0.0000       0.0000       0.0000
       0.0000       0.0000       0.0000       0.0000       0.0000       0.0000
       0.0000       0.0000       0.0000       0.0000       0.0000       0.0000
       0.0000       0.0000       0.0000       0.0000       0.0000       0.0000
       0.0000       0.0000       0.0000       0.0000       0.0000       0.0000
       0.0000       0.0000       0.0000       0.0000       0.0000       0.0000
       0.0000       0.0000       0.0000       0.0000       0.0000       0.0000
       0.0000       0.0000       0.0000       0.0000       0.0000       0.0000
       0.0000       0.0000       0.0000       0.0000       0.0000       0.0000
       0.0000       0.0000       0.0000       0.0000       0.0000       0.0000
       0.0000       0.0000       0.0000       0.0000       0.0000       0.0000
       0.0000       0.0000       0.0000       0.0000       0.0000       0.0000
       0.0000       0.0000       0.0000       0.0000       0.0000       0.0000
       0.0000       0.0000       0.0000       0.0000       0.0000       0.0000
 
            B
       0.0000       0.0000       0.0000       0.0000       0.0000       0.0000
       0.0000       0.0000       0.0000       0.0000       0.0000       0.0000
       0.0000       0.0000       0.0000       0.0000       0.0000       0.0000
       0.0000       0.0000       0.0000       0.0000       0.0000       0.0000
       0.0000       0.0000       0.0000       0.0000       0.0000       0.0000
       0.0000       0.0000       0.0000       0.0000       0.0000       0.0000
       0.0000       0.0000       0.0000       0.0000       0.0000       0.0000
       0.0000       0.0000       0.0000       0.0000       0.0000       0.0000
       0.0000       0.0000       0.0000       0.0000       0.0000       0.0000
       0.0000       0.0000       0.0000       0.0000       0.0000       0.0000
       0.0000       0.0000       0.0000       0.0000       0.0000       0.0000
       0.0000       0.0000       0.0000       0.0000       0.0000       0.0000
       0.0000       0.0000       0.0000       0.0000       0.0000       0.0000
       0.0000       0.0000       0.0000       0.0000       0.0000       0.0000
       0.0000       0.0000       0.0000       0.0000       0.0000       0.0000
       0.0000       0.0000       0.0000       0.0000       0.0000       0.0000
 
            R
      34.0000      34.0000      34.0000      34.0000      34.0000      34.0000
      34.0000      34.0000      34.0000      34.0000      34.0000      34.0000
      34.0000      34.0000      34.0000      34.0000      34.0000      34.0000
      34.0000      34.0000      34.0000      34.0000      34.0000      34.0000
      34.0000      34.0000      34.0000      34.0000      34.0000      34.0000
      34.0000      34.0000      34.0000      34.0000      34.0000      34.0000
      34.0000      34.0000      34.0000      34.0000      34.0000      34.0000
      34.0000      34.0000      34.0000      34.0000      34.0000      34.0000
      34.0000      34.0000      34.0000      34.0000      34.0000      34.0000
      34.0000      34.0000      34.0000      34.0000      34.0000      34.0000
      34.0000      34.0000      34.0000      34.0000      34.0000      34.0000
      34.0000      34.0000      34.0000      34.0000      34.0000      34.0000
      34.0000      34.0000      34.0000      34.0000      34.0000      34.0000
      34.0000      34.0000      34.0000      34.0000      34.0000      34.0000
      34.0000      34.0000      34.0000      34.0000      34.0000      34.0000
      34.0000      34.0000      34.0000      34.0000      34.0000      34.0000
 
 HTVERDON   E     680.5 MWh

            W
       7.5000       7.5000       7.5000       7.5000       7.5000       7.5000
       7.5000       7.5000       7.5000       7.5000       7.5000       7.5000
      51.5000      51.5000       7.5000      51.5000       7.5000       7.5000
       7.5000       7.5000       7.5000       7.5000       7.5000       7.5000
       7.5000       7.5000       7.5000       7.5000       7.5000       7.5000
       7.5000       7.5000       7.5000       7.5000      51.5000      51.5000
       7.5000      40.5000       7.5000      51.5000       7.5000       7.5000
      51.5000      51.5000       7.5000      51.5000      51.5000      51.5000
      44.0000      44.0000      44.0000      44.0000      44.0000       0.0000
       0.0000       0.0000       0.0000      44.0000      44.0000      44.0000
       0.0000      44.0000      44.0000      44.0000       0.0000       0.0000
       0.0000       0.0000       0.0000       0.0000       0.0000       0.0000
       0.0000       0.0000       0.0000       0.0000       0.0000       0.0000
       0.0000       0.0000       0.0000       0.0000       0.0000       0.0000
       0.0000       0.0000       0.0000       0.0000       0.0000       0.0000
       0.0000       0.0000       0.0000       0.0000       0.0000       0.0000
 
            B
       0.0000       0.0000       0.0000       0.0000       0.0000       0.0000
       0.0000       0.0000       0.0000       0.0000       0.0000       0.0000
       0.0000       0.0000       0.0000       0.0000       0.0000       0.0000
       0.0000       0.0000       0.0000       0.0000       0.0000       0.0000
       0.0000       0.0000       0.0000       0.0000       0.0000       0.0000
       0.0000       0.0000       0.0000       0.0000       0.0000       0.0000
       0.0000       0.0000       0.0000       0.0000       0.0000       0.0000
       0.0000       0.0000       0.0000       0.0000       0.0000       0.0000
       0.0000       0.0000       0.0000       0.0000       0.0000       0.0000
       0.0000       0.0000       0.0000       0.0000       0.0000       0.0000
       0.0000       0.0000       0.0000       0.0000       0.0000       0.0000
       0.0000       0.0000       0.0000       0.0000       0.0000       0.0000
       0.0000       0.0000       0.0000       0.0000       0.0000       0.0000
       0.0000       0.0000       0.0000       0.0000       0.0000       0.0000
       0.0000       0.0000       0.0000       0.0000       0.0000       0.0000
       0.0000       0.0000       0.0000       0.0000       0.0000       0.0000
 
            R
      44.0000      44.0000      44.0000      44.0000      44.0000      44.0000
      44.0000      44.0000      44.0000      44.0000      44.0000      44.0000
       0.0000       0.0000      44.0000       0.0000       0.0000       0.0000
       0.0000       0.0000       0.0000       0.0000       0.0000       0.0000
       0.0000       0.0000       0.0000       0.0000      44.0000      44.0000
      44.0000      44.0000      44.0000      44.0000       0.0000       0.0000
      44.0000      11.0000      44.0000       0.0000      44.0000      44.0000
       0.0000       0.0000      44.0000       0.0000       0.0000       0.0000
       0.0000       0.0000       0.0000       0.0000       0.0000      44.0000
      44.0000      44.0000      44.0000       0.0000       0.0000       0.0000
      44.0000       0.0000       0.0000       0.0000       0.0000       0.0000
       0.0000       0.0000       0.0000       0.0000       0.0000       0.0000
       0.0000       0.0000       0.0000       0.0000      44.0000      44.0000
      44.0000      44.0000      44.0000      44.0000      44.0000      44.0000
      44.0000      44.0000      44.0000      44.0000      64.0000      64.0000
      64.0000      64.0000      64.0000      64.0000      64.0000      64.0000
 
 BEYSSAC    E      43.1 MWh

            W
       0.0000       0.0000       0.0000       0.0000       0.0000       0.0000
       0.0000       0.0000       0.0000       0.0000       0.0000       0.0000
       0.0000       0.0000       0.0000       0.0000       0.0000       0.0000
       0.0000       0.0000       0.0000       0.0000       0.0000       0.0000
       0.0000       0.0000       0.0000       0.0000       0.0000       0.0000
       0.0000       0.0000       0.0000       0.0000       0.0000       0.0000
       0.0000       0.0000       0.0000       0.0000       0.0000       0.0000
       0.0000       0.0000       0.0000      17.8845       0.0000       0.0000
       0.0000       0.0000       0.0000       0.0000      20.3118       0.0000
       0.0000       0.0000       0.0000       0.0000       0.0000       0.0000
       0.0000      24.0000      24.0000       0.0000       0.0000       0.0000
       0.0000       0.0000       0.0000       0.0000       0.0000       0.0000
       0.0000       0.0000       0.0000       0.0000       0.0000       0.0000
       0.0000       0.0000       0.0000       0.0000       0.0000       0.0000
       0.0000       0.0000       0.0000       0.0000       0.0000       0.0000
       0.0000       0.0000       0.0000       0.0000       0.0000       0.0000
 
            B
       0.0000       0.0000       0.0000       0.0000       0.0000       0.0000
       0.0000       0.0000       0.0000       0.0000       0.0000       0.0000
       0.0000       0.0000       0.0000       0.0000       0.0000       0.0000
       0.0000       0.0000       0.0000       0.0000       0.0000       0.0000
       0.0000       0.0000       0.0000       0.0000       0.0000       0.0000
       0.0000       0.0000       0.0000       0.0000       0.0000       0.0000
       0.0000       0.0000       0.0000       0.0000       0.0000       0.0000
       0.0000       0.0000       0.0000       0.0000       0.0000       0.0000
       0.0000       0.0000       0.0000       0.0000       0.0000       0.0000
       0.0000       0.0000       0.0000       0.0000       0.0000       0.0000
       0.0000       0.0000       0.0000       0.0000       0.0000       0.0000
       0.0000       0.0000       0.0000       0.0000       0.0000       0.0000
       0.0000       0.0000       0.0000       0.0000       0.0000       0.0000
       0.0000       0.0000       0.0000       0.0000       0.0000       0.0000
       0.0000       0.0000       0.0000       0.0000       0.0000       0.0000
       0.0000       0.0000       0.0000       0.0000       0.0000       0.0000
 
            R
      24.0000      24.0000      24.0000      24.0000      24.0000      24.0000
      24.0000      24.0000      24.0000      24.0000      24.0000      24.0000
      24.0000      24.0000      24.0000      24.0000      24.0000      24.0000
      24.0000      24.0000      24.0000      24.0000      24.0000      24.0000
      24.0000      24.0000      24.0000      24.0000      24.0000      24.0000
      24.0000      24.0000      24.0000      24.0000      24.0000      24.0000
      24.0000      24.0000      24.0000      24.0000      24.0000      24.0000
      24.0000      24.0000      24.0000       6.1155      24.0000      24.0000
      24.0000      24.0000      24.0000      24.0000       3.6882      24.0000
      24.0000      24.0000      24.0000      24.0000      24.0000      24.0000
      24.0000       0.0000       0.0000       0.0000       0.0000       0.0000
       0.0000       0.0000       0.0000       0.0000       0.0000       0.0000
       0.0000       0.0000       0.0000       0.0000       0.0000       0.0000
       0.0000       0.0000       0.0000       0.0000       0.0000       0.0000
      24.0000      24.0000      24.0000      24.0000      24.0000      24.0000
      24.0000      24.0000      24.0000      24.0000      24.0000      24.0000
 
  
********************************************************************************
  
ENERGIES SUR LA PREMIERE JOURNEE:
  
ENERGIE THERMIQUE:                     1066700.0 MWH
  
ENERGIE HYDRAULIQUE:                     30069.1 MWH
  
COUTS SUR LA PREMIERE JOURNEE:
  
COUT_DES_PLANNINGS_THERMIQUES:           25060.5 kUM
  
PENALISATION_ECARTS_CONSOMMATION:        58129.5 kUM
  
PENALISATION_ECARTS_RESERVE_PRIM:         3697.0 kUM
  
PENALISATION_ECARTS_TELEREGLAGE:          7075.0 kUM
  
PENALISATION_ECARTS_RESERVE:                 0.0 kUM
  
COUT_DES_DESTOCKES:                       1713.5 kUM
